index,cluster
0,1
1,2
2,2
3,1
4,2
5,1
6,1
7,1
8,2
9,1
10,2
11,2
12,1
13,2
14,1
15,1
16,2
17,1
18,2
19,2
20,2
21,1
22,2
23,2
24,2
25,1
26,1
27,1
28,1
29,1
30,1
31,2
32,2
33,2
34,2
35,2
36,2
37,2
38,2
39,1
40,2
41,1
42,0
43,2
44,2
45,1
46,2
47,2
48,2
49,0
50,2
51,1
52,2
53,1
54,2
55,2
56,1
57,2
58,2
59,2
60,2
61,2
62,1
63,2
64,2
65,2
66,2
67,1
68,1
69,2
70,2
71,2
72,2
73,2
74,2
75,2
76,2
77,2
78,1
79,2
80,1
81,2
82,1
83,2
84,2
85,2
86,2
87,2
88,2
89,2
90,2
91,1
92,2
93,1
94,2
95,1
96,0
97,2
98,2
99,2
100,1
101,2
102,1
103,2
104,1
105,2
106,2
107,2
108,2
109,1
110,2
111,1
112,2
113,2
114,2
115,2
116,1
117,1
118,2
119,1
120,2
121,1
122,2
123,2
124,2
125,1
126,2
127,2
128,1
129,1
130,1
131,2
132,1
133,2
134,2
135,2
136,2
137,1
138,2
139,1
140,1
141,1
142,2
143,1
144,1
145,2
146,2
147,1
148,2
149,2
150,1
151,1
152,1
153,0
154,2
155,2
156,2
157,2
158,2
159,1
160,2
161,1
162,2
163,1
164,2
165,2
166,1
167,2
168,1
169,2
170,0
171,2
172,1
173,1
174,2
175,2
176,2
177,2
178,2
179,1
180,0
181,1
182,1
183,1
184,2
185,2
186,2
187,2
188,1
189,1
190,1
191,1
192,1
193,1
194,2
195,2
196,2
197,2
198,2
199,1
200,1
201,1
202,1
203,1
204,1
205,2
206,2
207,2
208,2
209,1
210,2
211,2
212,2
213,2
214,1
215,2
216,1
217,1
218,2
219,1
220,2
221,1
222,2
223,1
224,1
225,1
226,2
227,1
228,2
229,1
230,2
231,1
232,1
233,2
234,1
235,2
236,1
237,2
238,1
239,2
240,2
241,1
242,1
243,2
244,1
245,2
246,2
247,2
248,1
249,2
250,0
251,1
252,2
253,1
254,1
255,1
256,1
257,2
258,2
259,1
260,1
261,2
262,2
263,1
264,2
265,2
266,2
267,2
268,1
269,2
270,2
271,1
272,2
273,1
274,2
275,2
276,2
277,2
278,1
279,0
280,2
281,2
282,2
283,1
284,1
285,2
286,1
287,2
288,0
289,2
290,2
291,1
292,1
293,1
294,2
295,1
296,2
297,1
298,2
299,2
300,1
301,1
302,1
303,2
304,2
305,2
306,2
307,2
308,1
309,2
310,2
311,0
312,2
313,1
314,1
315,2
316,1
317,1
318,2
319,2
320,2
321,2
322,1
323,2
324,2
325,2
326,1
327,2
328,1
329,1
330,1
331,1
332,0
333,1
334,1
335,1
336,1
337,2
338,2
339,2
340,1
341,1
342,2
343,2
344,1
345,1
346,1
347,1
348,2
349,2
350,2
351,2
352,1
353,1
354,1
355,2
356,2
357,1
358,1
359,1
360,2
361,2
362,1
363,1
364,2
365,1
366,1
367,1
368,1
369,2
370,1
371,1
372,2
373,1
374,1
375,2
376,2
377,1
378,2
379,1
380,2
381,0
382,2
383,1
384,2
385,1
386,2
387,1
388,2
389,1
390,2
391,1
392,2
393,2
394,1
395,1
396,2
397,1
398,1
399,1
400,2
401,2
402,1
403,2
404,1
405,2
406,1
407,1
408,2
409,2
410,2
411,1
412,2
413,1
414,1
415,2
416,2
417,2
418,1
419,2
420,2
421,1
422,1
423,1
424,2
425,2
426,2
427,1
428,1
429,2
430,1
431,1
432,1
433,2
434,1
435,2
436,2
437,2
438,1
439,0
440,1
441,2
442,2
443,2
444,1
445,1
446,2
447,2
448,2
449,2
450,1
451,1
452,1
453,2
454,2
455,2
456,0
457,2
458,2
459,1
460,2
461,1
462,1
463,2
464,1
465,2
466,1
467,2
468,2
469,1
470,2
471,0
472,1
473,1
474,0
475,1
476,2
477,1
478,1
479,2
480,1
481,1
482,1
483,2
484,2
485,2
486,2
487,0
488,1
489,2
490,1
491,1
492,2
493,2
494,2
495,1
496,1
497,2
498,1
499,1
500,1
501,1
502,1
503,2
504,2
505,2
506,1
507,1
508,2
509,1
510,1
511,2
512,1
513,1
514,1
515,1
516,1
517,2
518,1
519,2
520,2
521,2
522,1
523,1
524,1
525,1
526,2
527,1
528,1
529,1
530,2
531,2
532,2
533,2
534,1
535,2
536,1
537,2
538,1
539,2
540,1
541,2
542,2
543,1
544,0
545,1
546,1
547,1
548,2
549,1
550,2
551,2
552,2
553,2
554,2
555,1
556,2
557,2
558,1
559,1
560,2
561,2
562,2
563,1
564,1
565,1
566,1
567,2
568,2
569,2
570,2
571,2
572,1
573,0
574,2
575,1
576,2
577,1
578,2
579,1
580,1
581,1
582,2
583,2
584,1
585,1
586,2
587,1
588,2
589,2
590,2
591,1
592,2
593,2
594,1
595,2
596,1
597,1
598,1
599,2
600,0
601,2
602,2
603,1
604,1
605,1
606,1
607,2
608,1
609,0
610,1
611,1
612,2
613,2
614,1
615,2
616,2
617,1
618,2
619,2
620,2
621,1
622,1
623,2
624,1
625,2
626,0
627,2
628,2
629,0
630,2
631,1
632,1
633,1
634,1
635,1
636,2
637,2
638,1
639,1
640,2
641,1
642,2
643,1
644,2
645,0
646,2
647,1
648,2
649,2
650,2
651,2
652,1
653,1
654,1
655,1
656,1
657,1
658,2
659,1
660,1
661,2
662,1
663,1
664,1
665,2
666,1
667,2
668,1
669,1
670,2
671,2
672,2
673,2
674,2
675,2
676,1
677,0
678,1
679,2
680,1
681,1
682,2
683,2
684,2
685,1
686,2
687,1
688,1
689,2
690,2
691,0
692,1
693,1
694,2
695,2
696,2
697,1
698,2
699,2
700,2
701,1
702,2
703,0
704,2
705,2
706,2
707,2
708,2
709,1
710,0
711,2
712,1
713,2
714,2
715,1
716,2
717,0
718,0
719,1
720,2
721,1
722,1
723,2
724,1
725,1
726,1
727,2
728,0
729,2
730,1
731,2
732,1
733,1
734,1
735,0
736,0
737,1
738,2
739,1
740,2
741,2
742,2
743,1
744,1
745,2
746,2
747,1
748,2
749,2
750,2
751,1
752,2
753,1
754,1
755,2
756,2
757,2
758,2
759,2
760,0
761,1
762,1
763,0
764,1
765,2
766,1
767,1
768,2
769,1
770,2
771,1
772,2
773,1
774,0
775,2
776,0
777,1
778,2
779,2
780,2
781,1
782,0
783,1
784,2
785,2
786,2
787,2
788,2
789,1
790,2
791,1
792,2
793,2
794,1
795,2
796,0
797,1
798,2
799,1
800,1
801,0
802,2
803,2
804,1
805,1
806,2
807,0
808,2
809,0
810,0
811,2
812,1
813,2
814,2
815,2
816,1
817,2
818,1
819,2
820,1
821,2
822,1
823,2
824,1
825,1
826,2
827,1
828,1
829,1
830,0
831,2
832,1
833,2
834,1
835,1
836,1
837,1
838,2
839,1
840,1
841,2
842,0
843,2
844,2
845,2
846,1
847,1
848,1
849,1
850,1
851,2
852,1
853,2
854,2
855,1
856,2
857,2
858,2
859,1
860,2
861,2
862,2
863,0
864,2
865,1
866,1
867,2
868,2
869,2
870,1
871,1
872,1
873,1
874,2
875,2
876,1
877,2
878,1
879,1
880,1
881,1
882,1
883,2
884,1
885,1
886,1
887,2
888,0
889,2
890,2
891,1
892,1
893,1
894,1
895,0
896,1
897,1
898,1
899,1
900,2
901,1
902,2
903,2
904,1
905,2
906,2
907,1
908,1
909,1
910,2
911,2
912,1
913,1
914,1
915,1
916,2
917,2
918,2
919,1
920,1
921,2
922,1
923,1
924,1
925,2
926,2
927,2
928,1
929,2
930,1
931,2
932,2
933,2
934,2
935,1
936,0
937,2
938,2
939,1
940,1
941,1
942,2
943,1
944,1
945,1
946,2
947,1
948,2
949,1
950,1
951,1
952,0
953,1
954,1
955,1
956,1
957,1
958,1
959,1
960,2
961,2
962,1
963,0
964,2
965,2
966,0
967,1
968,1
969,1
970,1
971,2
972,1
973,0
974,2
975,0
976,0
977,2
978,1
979,2
980,1
981,1
982,2
983,1
984,1
985,2
986,2
987,1
988,1
989,1
990,1
991,2
992,1
993,0
994,2
995,1
996,1
997,2
998,1
999,1
1000,2
1001,1
1002,1
1003,2
1004,1
1005,2
1006,1
1007,2
1008,2
1009,2
1010,1
1011,2
1012,2
1013,1
1014,1
1015,1
1016,1
1017,2
1018,1
1019,1
1020,1
1021,2
1022,1
1023,1
1024,1
1025,2
1026,2
1027,1
1028,1
1029,2
1030,0
1031,2
1032,2
1033,2
1034,1
1035,1
1036,2
1037,1
1038,2
1039,0
1040,2
1041,2
1042,2
1043,2
1044,1
1045,1
1046,1
1047,2
1048,2
1049,2
1050,2
1051,2
1052,2
1053,1
1054,2
1055,1
1056,1
1057,0
1058,1
1059,2
1060,0
1061,1
1062,2
1063,2
1064,2
1065,1
1066,1
1067,1
1068,2
1069,2
1070,2
1071,1
1072,1
1073,1
1074,0
1075,2
1076,1
1077,1
1078,2
1079,1
1080,1
1081,2
1082,2
1083,2
1084,2
1085,1
1086,1
1087,2
1088,2
1089,2
1090,2
1091,1
1092,0
1093,2
1094,1
1095,2
1096,1
1097,1
1098,1
1099,1
1100,1
1101,1
1102,1
1103,1
1104,2
1105,2
1106,1
1107,2
1108,1
1109,1
1110,1
1111,2
1112,1
1113,2
1114,2
1115,1
1116,1
1117,1
1118,1
1119,1
1120,2
1121,2
1122,1
1123,2
1124,2
1125,2
1126,1
1127,2
1128,1
1129,1
1130,1
1131,1
1132,1
1133,1
1134,1
1135,2
1136,1
1137,1
1138,2
1139,2
1140,1
1141,2
1142,2
1143,1
1144,1
1145,1
1146,1
1147,2
1148,1
1149,1
1150,1
1151,2
1152,1
1153,2
1154,2
1155,0
1156,1
1157,0
1158,1
1159,0
1160,1
1161,1
1162,2
1163,1
1164,1
1165,2
1166,2
1167,1
1168,2
1169,2
1170,2
1171,2
1172,1
1173,0
1174,1
1175,1
1176,1
1177,2
1178,2
1179,2
1180,2
1181,1
1182,1
1183,1
1184,2
1185,0
1186,1
1187,1
1188,2
1189,2
1190,2
1191,2
1192,1
1193,1
1194,2
1195,0
1196,2
1197,2
1198,1
1199,2
1200,1
1201,2
1202,2
1203,1
1204,1
1205,2
1206,1
1207,1
1208,2
1209,1
1210,1
1211,2
1212,2
1213,2
1214,1
1215,2
1216,2
1217,1
1218,2
1219,2
1220,1
1221,1
1222,1
1223,1
1224,2
1225,0
1226,1
1227,2
1228,1
1229,1
1230,1
1231,1
1232,2
1233,2
1234,2
1235,1
1236,1
1237,0
1238,1
1239,1
1240,2
1241,2
1242,1
1243,2
1244,1
1245,1
1246,1
1247,2
1248,0
1249,2
1250,2
1251,1
1252,2
1253,0
1254,2
1255,2
1256,1
1257,0
1258,1
1259,2
1260,1
1261,2
1262,0
1263,1
1264,1
1265,1
1266,2
1267,2
1268,2
1269,1
1270,2
1271,1
1272,2
1273,2
1274,2
1275,0
1276,2
1277,1
1278,2
1279,1
1280,2
1281,1
1282,2
1283,2
1284,0
1285,0
1286,1
1287,2
1288,1
1289,2
1290,1
1291,2
1292,0
1293,1
1294,1
1295,1
1296,1
1297,1
1298,1
1299,1
1300,1
1301,1
1302,1
1303,0
1304,2
1305,1
1306,2
1307,2
1308,2
1309,1
1310,1
1311,1
1312,2
1313,2
1314,2
1315,1
1316,2
1317,2
1318,2
1319,2
1320,1
1321,1
1322,1
1323,2
1324,1
1325,1
1326,2
1327,2
1328,2
1329,2
1330,1
1331,1
1332,1
1333,2
1334,1
1335,1
1336,2
1337,0
1338,1
1339,2
1340,2
1341,2
1342,2
1343,1
1344,2
1345,2
1346,1
1347,1
1348,1
1349,1
1350,2
1351,1
1352,1
1353,2
1354,0
1355,0
1356,1
1357,0
1358,1
1359,2
1360,1
1361,1
1362,2
1363,2
1364,1
1365,1
1366,2
1367,1
1368,1
1369,1
1370,1
1371,1
1372,2
1373,2
1374,1
1375,1
1376,1
1377,2
1378,2
1379,2
1380,2
1381,1
1382,2
1383,2
1384,1
1385,2
1386,1
1387,2
1388,1
1389,2
1390,1
1391,2
1392,1
1393,2
1394,0
1395,2
1396,1
1397,1
1398,1
1399,1
1400,2
1401,1
1402,1
1403,1
1404,1
1405,1
1406,2
1407,2
1408,1
1409,0
1410,2
1411,1
1412,1
1413,0
1414,2
1415,1
1416,1
1417,1
1418,2
1419,1
1420,1
1421,0
1422,1
1423,1
1424,2
1425,2
1426,1
1427,0
1428,2
1429,1
1430,1
1431,1
1432,1
1433,1
1434,1
1435,1
1436,2
1437,1
1438,1
1439,2
1440,1
1441,1
1442,1
1443,1
1444,2
1445,1
1446,1
1447,2
1448,1
1449,1
1450,1
1451,1
1452,2
1453,2
1454,2
1455,2
1456,1
1457,2
1458,1
1459,2
1460,1
1461,1
1462,0
1463,2
1464,2
1465,2
1466,2
1467,2
1468,2
1469,2
1470,1
1471,1
1472,2
1473,2
1474,2
1475,1
1476,0
1477,2
1478,2
1479,2
1480,2
1481,2
1482,1
1483,0
1484,1
1485,1
1486,2
1487,1
1488,2
1489,1
1490,2
1491,1
1492,2
1493,2
1494,2
1495,2
1496,1
1497,2
1498,2
1499,2
1500,2
1501,2
1502,2
1503,1
1504,1
1505,0
1506,1
1507,2
1508,2
1509,1
1510,2
1511,1
1512,1
1513,2
1514,2
1515,1
1516,1
1517,1
1518,1
1519,2
1520,2
1521,1
1522,1
1523,2
1524,2
1525,0
1526,1
1527,1
1528,2
1529,2
1530,1
1531,1
1532,1
1533,2
1534,2
1535,2
1536,2
1537,2
1538,2
1539,1
1540,1
1541,1
1542,1
1543,2
1544,2
1545,1
1546,2
1547,0
1548,2
1549,1
1550,2
1551,2
1552,2
1553,1
1554,0
1555,1
1556,1
1557,1
1558,2
1559,1
1560,1
1561,0
1562,2
1563,2
1564,2
1565,2
1566,1
1567,2
1568,1
1569,1
1570,1
1571,2
1572,2
1573,1
1574,1
1575,1
1576,2
1577,1
1578,1
1579,2
1580,2
1581,1
1582,2
1583,1
1584,2
1585,1
1586,1
1587,1
1588,1
1589,2
1590,1
1591,2
1592,1
1593,2
1594,2
1595,1
1596,0
1597,2
1598,1
1599,1
1600,1
1601,1
1602,1
1603,1
1604,2
1605,1
1606,1
1607,1
1608,2
1609,2
1610,1
1611,0
1612,1
1613,1
1614,1
1615,2
1616,2
1617,2
1618,1
1619,2
1620,0
1621,1
1622,2
1623,1
1624,0
1625,2
1626,0
1627,1
1628,1
1629,1
1630,0
1631,1
1632,2
1633,2
1634,1
1635,2
1636,0
1637,2
1638,1
1639,2
1640,2
1641,2
1642,1
1643,1
1644,1
1645,1
1646,1
1647,2
1648,1
1649,2
1650,2
1651,1
1652,2
1653,1
1654,1
1655,1
1656,2
1657,2
1658,1
1659,2
1660,1
1661,2
1662,1
1663,1
1664,2
1665,1
1666,1
1667,2
1668,1
1669,1
1670,1
1671,1
1672,1
1673,2
1674,1
1675,1
1676,1
1677,1
1678,1
1679,0
1680,1
1681,0
1682,2
1683,1
1684,2
1685,2
1686,1
1687,2
1688,2
1689,2
1690,0
1691,2
1692,1
1693,1
1694,2
1695,1
1696,1
1697,1
1698,0
1699,1
1700,1
1701,2
1702,2
1703,1
1704,2
1705,0
1706,2
1707,2
1708,2
1709,2
1710,1
1711,1
1712,2
1713,0
1714,2
1715,2
1716,1
1717,2
1718,1
1719,1
1720,2
1721,1
1722,2
1723,2
1724,1
1725,1
1726,2
1727,2
1728,0
1729,1
1730,1
1731,2
1732,2
1733,2
1734,1
1735,1
1736,1
1737,2
1738,1
1739,1
1740,1
1741,2
1742,1
1743,2
1744,2
1745,2
1746,2
1747,0
1748,2
1749,2
1750,1
1751,2
1752,1
1753,1
1754,1
1755,1
1756,2
1757,1
1758,1
1759,2
1760,2
1761,1
1762,1
1763,2
1764,2
1765,2
1766,1
1767,2
1768,1
1769,2
1770,2
1771,2
1772,2
1773,2
1774,2
1775,2
1776,1
1777,1
1778,1
1779,2
1780,1
1781,2
1782,1
1783,2
1784,1
1785,2
1786,1
1787,1
1788,0
1789,2
1790,2
1791,1
1792,2
1793,2
1794,1
1795,2
1796,0
1797,2
1798,1
1799,1
1800,2
1801,1
1802,2
1803,2
1804,1
1805,1
1806,1
1807,2
1808,1
1809,2
1810,2
1811,2
1812,2
1813,2
1814,1
1815,1
1816,1
1817,1
1818,1
1819,1
1820,1
1821,2
1822,1
1823,1
1824,2
1825,1
1826,1
1827,0
1828,1
1829,1
1830,1
1831,2
1832,1
1833,2
1834,1
1835,1
1836,2
1837,2
1838,2
1839,1
1840,2
1841,2
1842,2
1843,1
1844,1
1845,2
1846,2
1847,2
1848,2
1849,1
1850,1
1851,2
1852,1
1853,1
1854,1
1855,2
1856,2
1857,2
1858,2
1859,1
1860,1
1861,2
1862,2
1863,2
1864,1
1865,1
1866,0
1867,2
1868,1
1869,2
1870,0
1871,1
1872,2
1873,2
1874,2
1875,0
1876,2
1877,1
1878,1
1879,1
1880,1
1881,1
1882,2
1883,2
1884,1
1885,2
1886,0
1887,0
1888,2
1889,1
1890,0
1891,1
1892,1
1893,1
1894,2
1895,1
1896,2
1897,1
1898,1
1899,1
1900,2
1901,0
1902,1
1903,1
1904,1
1905,2
1906,2
1907,0
1908,1
1909,2
1910,2
1911,2
1912,2
1913,2
1914,2
1915,2
1916,2
1917,1
1918,1
1919,2
1920,2
1921,2
1922,1
1923,2
1924,2
1925,1
1926,2
1927,1
1928,2
1929,2
1930,1
1931,1
1932,2
1933,2
1934,1
1935,1
1936,1
1937,2
1938,2
1939,2
1940,1
1941,2
1942,1
1943,1
1944,1
1945,2
1946,1
1947,1
1948,2
1949,1
1950,0
1951,1
1952,1
1953,2
1954,2
1955,2
1956,2
1957,1
1958,2
1959,1
1960,2
1961,2
1962,2
1963,1
1964,1
1965,1
1966,2
1967,0
1968,2
1969,0
1970,1
1971,2
1972,2
1973,2
1974,1
1975,1
1976,1
1977,2
1978,2
1979,2
1980,2
1981,1
1982,2
1983,1
1984,1
1985,0
1986,2
1987,2
1988,2
1989,1
1990,1
1991,2
1992,1
1993,2
1994,2
1995,1
1996,2
1997,1
1998,1
1999,2
2000,1
2001,1
2002,1
2003,1
2004,2
2005,2
2006,2
2007,1
2008,2
2009,0
2010,1
2011,0
2012,2
2013,1
2014,1
2015,1
2016,2
2017,1
2018,1
2019,1
2020,2
2021,2
2022,2
2023,2
2024,1
2025,1
2026,0
2027,2
2028,1
2029,1
2030,1
2031,2
2032,2
2033,2
2034,2
2035,0
2036,1
2037,1
2038,2
2039,1
2040,2
2041,0
2042,2
2043,1
2044,1
2045,1
2046,1
2047,1
2048,1
2049,2
2050,2
2051,1
2052,1
2053,1
2054,1
2055,1
2056,1
2057,2
2058,1
2059,0
2060,2
2061,2
2062,2
2063,1
2064,2
2065,1
2066,1
2067,2
2068,2
2069,0
2070,1
2071,2
2072,1
2073,0
2074,2
2075,2
2076,2
2077,2
2078,1
2079,1
2080,1
2081,1
2082,1
2083,2
2084,1
2085,1
2086,1
2087,1
2088,2
2089,1
2090,2
2091,1
2092,2
2093,1
2094,2
2095,1
2096,1
2097,1
2098,0
2099,1
2100,1
2101,0
2102,1
2103,1
2104,2
2105,2
2106,1
2107,0
2108,1
2109,1
2110,1
2111,1
2112,2
2113,2
2114,1
2115,2
2116,1
2117,1
2118,2
2119,1
2120,1
2121,1
2122,2
2123,2
2124,1
2125,1
2126,2
2127,1
2128,1
2129,1
2130,1
2131,2
2132,2
2133,2
2134,1
2135,1
2136,1
2137,1
2138,1
2139,1
2140,2
2141,2
2142,1
2143,0
2144,0
2145,2
2146,1
2147,2
2148,2
2149,2
2150,1
2151,1
2152,1
2153,2
2154,1
2155,2
2156,0
2157,1
2158,2
2159,2
2160,2
2161,1
2162,2
2163,1
2164,2
2165,2
2166,1
2167,2
2168,1
2169,2
2170,1
2171,1
2172,1
2173,2
2174,1
2175,0
2176,2
2177,2
2178,2
2179,1
2180,1
2181,1
2182,2
2183,1
2184,1
2185,0
2186,0
2187,1
2188,2
2189,2
2190,1
2191,2
2192,2
2193,1
2194,1
2195,1
2196,1
2197,2
2198,1
2199,2
2200,1
2201,1
2202,2
2203,2
2204,1
2205,1
2206,1
2207,2
2208,1
2209,2
2210,1
2211,1
2212,2
2213,1
2214,1
2215,1
2216,1
2217,1
2218,2
2219,1
2220,1
2221,1
2222,2
2223,1
2224,2
2225,1
2226,1
2227,2
2228,1
2229,2
2230,1
2231,2
2232,1
2233,1
2234,1
2235,1
2236,1
2237,2
2238,2
2239,2
2240,1
2241,1
2242,2
2243,1
2244,2
2245,1
2246,2
2247,1
2248,2
2249,1
2250,2
2251,2
2252,2
2253,1
2254,2
2255,1
2256,2
2257,0
2258,1
2259,2
2260,2
2261,2
2262,1
2263,1
2264,2
2265,1
2266,1
2267,2
2268,1
2269,2
2270,1
2271,1
2272,2
2273,2
2274,1
2275,1
2276,1
2277,2
2278,2
2279,1
2280,1
2281,2
2282,2
2283,2
2284,2
2285,2
2286,2
2287,1
2288,2
2289,1
2290,0
2291,2
2292,2
2293,1
2294,1
2295,1
2296,1
2297,1
2298,0
2299,1
2300,1
2301,2
2302,2
2303,1
2304,1
2305,1
2306,1
2307,0
2308,1
2309,0
2310,1
2311,2
2312,2
2313,1
2314,1
2315,2
2316,2
2317,1
2318,2
2319,1
2320,1
2321,1
2322,2
2323,2
2324,1
2325,1
2326,0
2327,2
2328,2
2329,1
2330,2
2331,1
2332,2
2333,2
2334,1
2335,1
2336,2
2337,2
2338,0
2339,1
2340,1
2341,1
2342,2
2343,1
2344,1
2345,1
2346,1
2347,0
2348,1
2349,1
2350,2
2351,1
2352,2
2353,0
2354,1
2355,2
2356,1
2357,2
2358,1
2359,2
2360,1
2361,1
2362,1
2363,2
2364,1
2365,1
2366,2
2367,2
2368,2
2369,2
2370,1
2371,1
2372,2
2373,1
2374,2
2375,1
2376,2
2377,2
2378,1
2379,1
2380,2
2381,1
2382,1
2383,0
2384,2
2385,2
2386,1
2387,1
2388,1
2389,2
2390,1
2391,2
2392,1
2393,2
2394,0
2395,1
2396,1
2397,1
2398,2
2399,2
2400,1
2401,2
2402,1
2403,1
2404,1
2405,2
2406,2
2407,2
2408,2
2409,2
2410,1
2411,1
2412,1
2413,1
2414,2
2415,2
2416,2
2417,2
2418,1
2419,2
2420,0
2421,1
2422,1
2423,1
2424,1
2425,2
2426,1
2427,1
2428,2
2429,0
2430,2
2431,1
2432,2
2433,2
2434,2
2435,1
2436,1
2437,2
2438,2
2439,2
2440,1
2441,1
2442,2
2443,2
2444,2
2445,1
2446,1
2447,1
2448,1
2449,1
2450,1
2451,1
2452,1
2453,1
2454,2
2455,1
2456,2
2457,1
2458,1
2459,2
2460,1
2461,2
2462,2
2463,1
2464,2
2465,2
2466,2
2467,1
2468,1
2469,2
2470,1
2471,1
2472,1
2473,2
2474,2
2475,1
2476,1
2477,2
2478,1
2479,2
2480,1
2481,2
2482,2
2483,1
2484,2
2485,1
2486,2
2487,1
2488,1
2489,2
2490,2
2491,2
2492,2
2493,2
2494,0
2495,1
2496,1
2497,2
2498,2
2499,2
2500,1
2501,2
2502,1
2503,1
2504,1
2505,1
2506,2
2507,2
2508,2
2509,2
2510,2
2511,2
2512,1
2513,2
2514,2
2515,1
2516,2
2517,1
2518,1
2519,2
2520,1
2521,2
2522,2
2523,2
2524,1
2525,1
2526,1
2527,2
2528,1
2529,1
2530,1
2531,2
2532,1
2533,2
2534,2
2535,2
2536,0
2537,2
2538,2
2539,1
2540,1
2541,1
2542,2
2543,2
2544,2
2545,1
2546,1
2547,2
2548,2
2549,2
2550,2
2551,2
2552,2
2553,2
2554,2
2555,1
2556,2
2557,2
2558,2
2559,1
2560,1
2561,2
2562,2
2563,1
2564,1
2565,1
2566,2
2567,1
2568,1
2569,1
2570,1
2571,2
2572,1
2573,0
2574,2
2575,2
2576,2
2577,1
2578,2
2579,1
2580,2
2581,0
2582,1
2583,2
2584,1
2585,2
2586,1
2587,1
2588,2
2589,1
2590,2
2591,0
2592,2
2593,1
2594,1
2595,2
2596,2
2597,2
2598,1
2599,2
2600,1
2601,1
2602,2
2603,2
2604,2
2605,2
2606,1
2607,2
2608,2
2609,1
2610,1
2611,2
2612,1
2613,1
2614,1
2615,1
2616,1
2617,1
2618,1
2619,1
2620,1
2621,1
2622,2
2623,1
2624,1
2625,2
2626,0
2627,1
2628,2
2629,2
2630,1
2631,1
2632,0
2633,1
2634,2
2635,0
2636,2
2637,2
2638,1
2639,1
2640,2
2641,1
2642,1
2643,2
2644,1
2645,2
2646,1
2647,2
2648,1
2649,1
2650,1
2651,2
2652,1
2653,2
2654,0
2655,2
2656,1
2657,2
2658,1
2659,1
2660,1
2661,2
2662,1
2663,0
2664,1
2665,1
2666,1
2667,2
2668,1
2669,2
2670,1
2671,2
2672,0
2673,2
2674,1
2675,2
2676,2
2677,1
2678,1
2679,2
2680,2
2681,1
2682,2
2683,2
2684,1
2685,1
2686,1
2687,1
2688,1
2689,2
2690,2
2691,2
2692,0
2693,1
2694,1
2695,1
2696,1
2697,1
2698,1
2699,1
2700,0
2701,1
2702,1
2703,1
2704,1
2705,1
2706,2
2707,1
2708,2
2709,2
2710,2
2711,1
2712,2
2713,2
2714,1
2715,2
2716,2
2717,1
2718,1
2719,2
2720,1
2721,2
2722,2
2723,2
2724,1
2725,2
2726,2
2727,1
2728,2
2729,2
2730,1
2731,1
2732,1
2733,2
2734,1
2735,1
2736,2
2737,1
2738,2
2739,0
2740,0
2741,2
2742,2
2743,1
2744,2
2745,2
2746,1
2747,2
2748,2
2749,1
2750,1
2751,1
2752,2
2753,2
2754,1
2755,1
2756,2
2757,2
2758,2
2759,1
2760,2
2761,1
2762,2
2763,2
2764,1
2765,1
2766,1
2767,1
2768,0
2769,1
2770,1
2771,1
2772,2
2773,1
2774,1
2775,2
2776,1
2777,1
2778,2
2779,2
2780,1
2781,1
2782,2
2783,2
2784,1
2785,1
2786,2
2787,1
2788,0
2789,1
2790,2
2791,2
2792,1
2793,2
2794,2
2795,1
2796,2
2797,1
2798,1
2799,2
2800,2
2801,1
2802,2
2803,2
2804,1
2805,1
2806,2
2807,2
2808,2
2809,1
2810,2
2811,2
2812,1
2813,2
2814,2
2815,2
2816,0
2817,1
2818,2
2819,2
2820,1
2821,1
2822,1
2823,2
2824,1
2825,2
2826,2
2827,1
2828,1
2829,2
2830,2
2831,2
2832,1
2833,1
2834,1
2835,2
2836,1
2837,1
2838,1
2839,1
2840,0
2841,1
2842,0
2843,2
2844,2
2845,1
2846,2
2847,1
2848,1
2849,1
2850,2
2851,1
2852,1
2853,2
2854,2
2855,2
2856,2
2857,2
2858,1
2859,2
2860,2
2861,1
2862,2
2863,0
2864,2
2865,1
2866,1
2867,1
2868,2
2869,1
2870,1
2871,1
2872,2
2873,1
2874,0
2875,2
2876,1
2877,1
2878,2
2879,2
2880,2
2881,0
2882,2
2883,2
2884,2
2885,2
2886,2
2887,2
2888,1
2889,1
2890,2
2891,1
2892,2
2893,2
2894,2
2895,2
2896,2
2897,1
2898,1
2899,1
2900,1
2901,2
2902,2
2903,2
2904,1
2905,1
2906,2
2907,1
2908,1
2909,2
2910,1
2911,2
2912,2
2913,1
2914,2
2915,2
2916,1
2917,1
2918,0
2919,1
2920,0
2921,1
2922,2
2923,1
2924,1
2925,1
2926,1
2927,1
2928,1
2929,1
2930,1
2931,1
2932,2
2933,0
2934,2
2935,1
2936,2
2937,2
2938,1
2939,1
2940,2
2941,2
2942,1
2943,1
2944,0
2945,1
2946,1
2947,1
2948,1
2949,1
2950,2
2951,2
2952,2
2953,2
2954,0
2955,1
2956,1
2957,2
2958,2
2959,2
2960,1
2961,2
2962,1
2963,0
2964,2
2965,2
2966,2
2967,2
2968,2
2969,1
2970,1
2971,2
2972,2
2973,2
2974,1
2975,2
2976,1
2977,1
2978,1
2979,1
2980,1
2981,1
2982,1
2983,1
2984,1
2985,2
2986,2
2987,2
2988,2
2989,2
2990,1
2991,2
2992,1
2993,1
2994,2
2995,1
2996,2
2997,2
2998,1
2999,1
3000,1
3001,1
3002,2
3003,1
3004,1
3005,1
3006,2
3007,1
3008,1
3009,2
3010,1
3011,2
3012,2
3013,2
3014,1
3015,2
3016,2
3017,1
3018,2
3019,1
3020,2
3021,2
3022,1
3023,1
3024,2
3025,1
3026,1
3027,1
3028,1
3029,1
3030,1
3031,2
3032,2
3033,2
3034,2
3035,1
3036,0
3037,1
3038,1
3039,2
3040,1
3041,1
3042,1
3043,2
3044,2
3045,2
3046,2
3047,1
3048,2
3049,0
3050,1
3051,2
3052,1
3053,1
3054,2
3055,1
3056,2
3057,1
3058,1
3059,1
3060,1
3061,2
3062,2
3063,2
3064,2
3065,2
3066,2
3067,1
3068,1
3069,2
3070,1
3071,1
3072,2
3073,0
3074,2
3075,1
3076,2
3077,2
3078,2
3079,1
3080,2
3081,2
3082,1
3083,1
3084,2
3085,2
3086,2
3087,1
3088,2
3089,1
3090,1
3091,1
3092,1
3093,1
3094,1
3095,1
3096,2
3097,1
3098,1
3099,2
3100,0
3101,1
3102,1
3103,1
3104,2
3105,2
3106,2
3107,1
3108,1
3109,1
3110,2
3111,2
3112,1
3113,1
3114,1
3115,1
3116,2
3117,1
3118,2
3119,1
3120,1
3121,2
3122,1
3123,2
3124,2
3125,1
3126,2
3127,2
3128,1
3129,1
3130,1
3131,2
3132,1
3133,2
3134,2
3135,2
3136,1
3137,1
3138,0
3139,1
3140,0
3141,1
3142,2
3143,0
3144,1
3145,1
3146,1
3147,2
3148,2
3149,1
3150,2
3151,1
3152,1
3153,2
3154,0
3155,2
3156,2
3157,1
3158,1
3159,2
3160,1
3161,1
3162,1
3163,1
3164,2
3165,2
3166,2
3167,2
3168,2
3169,2
3170,1
3171,2
3172,1
3173,1
3174,0
3175,2
3176,2
3177,2
3178,2
3179,2
3180,1
3181,2
3182,2
3183,2
3184,1
3185,1
3186,1
3187,1
3188,1
3189,0
3190,2
3191,1
3192,1
3193,0
3194,2
3195,2
3196,1
3197,2
3198,1
3199,2
3200,1
3201,1
3202,2
3203,2
3204,1
3205,2
3206,1
3207,1
3208,2
3209,1
3210,1
3211,2
3212,1
3213,1
3214,2
3215,1
3216,2
3217,1
3218,1
3219,2
3220,1
3221,2
3222,1
3223,1
3224,2
3225,1
3226,1
3227,1
3228,2
3229,0
3230,2
3231,1
3232,2
3233,0
3234,1
3235,2
3236,0
3237,2
3238,2
3239,2
3240,2
3241,1
3242,2
3243,2
3244,1
3245,1
3246,1
3247,2
3248,1
3249,2
3250,2
3251,2
3252,1
3253,2
3254,1
3255,1
3256,1
3257,0
3258,1
3259,1
3260,2
3261,2
3262,1
3263,2
3264,1
3265,1
3266,1
3267,0
3268,1
3269,2
3270,1
3271,1
3272,2
3273,2
3274,1
3275,1
3276,2
3277,2
3278,2
3279,2
3280,1
3281,1
3282,1
3283,2
3284,1
3285,1
3286,1
3287,1
3288,2
3289,2
3290,2
3291,1
3292,2
3293,2
3294,2
3295,1
3296,2
3297,2
3298,1
3299,1
3300,2
3301,2
3302,2
3303,1
3304,2
3305,2
3306,1
3307,1
3308,2
3309,2
3310,2
3311,2
3312,1
3313,1
3314,1
3315,0
3316,1
3317,2
3318,2
3319,2
3320,1
3321,2
3322,2
3323,1
3324,2
3325,1
3326,2
3327,1
3328,2
3329,2
3330,1
3331,1
3332,1
3333,2
3334,1
3335,2
3336,2
3337,1
3338,1
3339,1
3340,2
3341,1
3342,1
3343,2
3344,1
3345,2
3346,1
3347,1
3348,2
3349,2
3350,1
3351,1
3352,0
3353,1
3354,2
3355,2
3356,1
3357,2
3358,2
3359,1
3360,2
3361,1
3362,2
3363,1
3364,2
3365,1
3366,2
3367,2
3368,2
3369,2
3370,1
3371,2
3372,1
3373,2
3374,1
3375,1
3376,2
3377,1
3378,2
3379,1
3380,1
3381,2
3382,1
3383,2
3384,1
3385,1
3386,2
3387,1
3388,1
3389,1
3390,2
3391,1
3392,0
3393,1
3394,1
3395,1
3396,1
3397,2
3398,2
3399,1
3400,0
3401,1
3402,0
3403,1
3404,1
3405,0
3406,1
3407,2
3408,2
3409,1
3410,1
3411,1
3412,1
3413,1
3414,2
3415,1
3416,1
3417,0
3418,1
3419,2
3420,2
3421,1
3422,2
3423,1
3424,2
3425,1
3426,2
3427,2
3428,2
3429,2
3430,2
3431,2
3432,1
3433,2
3434,1
3435,1
3436,1
3437,1
3438,1
3439,1
3440,1
3441,2
3442,2
3443,0
3444,2
3445,2
3446,1
3447,1
3448,1
3449,1
3450,1
3451,1
3452,1
3453,0
3454,1
3455,2
3456,1
3457,2
3458,2
3459,2
3460,1
3461,1
3462,2
3463,1
3464,1
3465,2
3466,2
3467,0
3468,1
3469,0
3470,1
3471,2
3472,2
3473,1
3474,2
3475,2
3476,1
3477,2
3478,1
3479,2
3480,2
3481,1
3482,1
3483,1
3484,2
3485,2
3486,2
3487,1
3488,2
3489,2
3490,1
3491,2
3492,1
3493,1
3494,2
3495,2
3496,2
3497,2
3498,2
3499,1
3500,1
3501,1
3502,2
3503,1
3504,1
3505,2
3506,0
3507,1
3508,2
3509,2
3510,1
3511,1
3512,1
3513,2
3514,1
3515,1
3516,1
3517,1
3518,1
3519,2
3520,2
3521,2
3522,2
3523,2
3524,1
3525,1
3526,2
3527,2
3528,1
3529,1
3530,2
3531,1
3532,2
3533,1
3534,2
3535,1
3536,1
3537,2
3538,1
3539,2
3540,1
3541,2
3542,1
3543,2
3544,2
3545,2
3546,2
3547,1
3548,2
3549,0
3550,1
3551,2
3552,2
3553,2
3554,1
3555,0
3556,1
3557,1
3558,2
3559,2
3560,2
3561,2
3562,0
3563,1
3564,1
3565,1
3566,2
3567,1
3568,1
3569,1
3570,1
3571,1
3572,2
3573,1
3574,1
3575,1
3576,2
3577,2
3578,2
3579,1
3580,1
3581,1
3582,2
3583,2
3584,2
3585,1
3586,1
3587,2
3588,1
3589,1
3590,1
3591,2
3592,0
3593,2
3594,2
3595,2
3596,2
3597,1
3598,2
3599,2
3600,1
3601,1
3602,1
3603,2
3604,1
3605,1
3606,1
3607,1
3608,1
3609,2
3610,1
3611,0
3612,0
3613,1
3614,2
3615,0
3616,2
3617,0
3618,1
3619,1
3620,1
3621,2
3622,1
3623,1
3624,0
3625,2
3626,1
3627,2
3628,1
3629,1
3630,1
3631,2
3632,0
3633,1
3634,1
3635,2
3636,1
3637,2
3638,2
3639,2
3640,2
3641,2
3642,2
3643,2
3644,1
3645,1
3646,1
3647,2
3648,0
3649,1
3650,2
3651,1
3652,1
3653,1
3654,1
3655,2
3656,1
3657,0
3658,1
3659,1
3660,2
3661,2
3662,2
3663,0
3664,2
3665,2
3666,1
3667,2
3668,2
3669,2
3670,1
3671,1
3672,2
3673,1
3674,2
3675,1
3676,2
3677,2
3678,2
3679,2
3680,2
3681,2
3682,2
3683,2
3684,1
3685,1
3686,2
3687,2
3688,1
3689,1
3690,1
3691,1
3692,2
3693,1
3694,2
3695,2
3696,1
3697,1
3698,1
3699,2
3700,2
3701,2
3702,1
3703,1
3704,2
3705,2
3706,1
3707,2
3708,1
3709,0
3710,2
3711,2
3712,2
3713,2
3714,1
3715,0
3716,1
3717,1
3718,2
3719,2
3720,1
3721,2
3722,2
3723,2
3724,2
3725,2
3726,1
3727,1
3728,1
3729,1
3730,0
3731,1
3732,2
3733,2
3734,1
3735,1
3736,0
3737,2
3738,2
3739,2
3740,2
3741,2
3742,1
3743,2
3744,1
3745,2
3746,2
3747,2
3748,2
3749,2
3750,1
3751,1
3752,2
3753,2
3754,1
3755,1
3756,0
3757,1
3758,2
3759,1
3760,2
3761,2
3762,1
3763,1
3764,1
3765,2
3766,2
3767,2
3768,1
3769,2
3770,1
3771,1
3772,0
3773,1
3774,2
3775,0
3776,1
3777,1
3778,2
3779,2
3780,1
3781,1
3782,1
3783,2
3784,2
3785,1
3786,2
3787,2
3788,1
3789,1
3790,2
3791,2
3792,1
3793,2
3794,1
3795,2
3796,0
3797,1
3798,1
3799,2
3800,2
3801,1
3802,1
3803,1
3804,0
3805,1
3806,1
3807,1
3808,1
3809,1
3810,1
3811,2
3812,1
3813,1
3814,2
3815,1
3816,2
3817,1
3818,1
3819,1
3820,2
3821,1
3822,2
3823,2
3824,2
3825,1
3826,1
3827,1
3828,1
3829,1
3830,1
3831,2
3832,1
3833,2
3834,1
3835,0
3836,1
3837,2
3838,2
3839,2
3840,1
3841,1
3842,2
3843,2
3844,1
3845,2
3846,1
3847,2
3848,1
3849,1
3850,1
3851,0
3852,2
3853,2
3854,0
3855,2
3856,2
3857,1
3858,2
3859,2
3860,1
3861,2
3862,2
3863,2
3864,1
3865,2
3866,2
3867,2
3868,1
3869,1
3870,1
3871,1
3872,2
3873,1
3874,1
3875,1
3876,1
3877,1
3878,2
3879,1
3880,1
3881,1
3882,0
3883,0
3884,1
3885,2
3886,2
3887,2
3888,2
3889,2
3890,2
3891,2
3892,1
3893,1
3894,2
3895,2
3896,1
3897,1
3898,2
3899,1
3900,1
3901,1
3902,2
3903,2
3904,2
3905,1
3906,2
3907,1
3908,1
3909,1
3910,2
3911,1
3912,2
3913,2
3914,2
3915,0
3916,2
3917,2
3918,1
3919,0
3920,2
3921,2
3922,2
3923,1
3924,1
3925,2
3926,1
3927,1
3928,1
3929,1
3930,2
3931,0
3932,2
3933,2
3934,1
3935,0
3936,2
3937,2
3938,2
3939,2
3940,2
3941,2
3942,2
3943,2
3944,1
3945,1
3946,2
3947,1
3948,1
3949,2
3950,2
3951,1
3952,1
3953,1
3954,2
3955,2
3956,1
3957,1
3958,2
3959,1
3960,1
3961,2
3962,2
3963,2
3964,1
3965,2
3966,2
3967,1
3968,1
3969,2
3970,2
3971,2
3972,2
3973,2
3974,1
3975,1
3976,1
3977,1
3978,2
3979,1
3980,1
3981,2
3982,1
3983,1
3984,2
3985,1
3986,1
3987,2
3988,2
3989,1
3990,2
3991,2
3992,2
3993,2
3994,2
3995,1
3996,2
3997,1
3998,2
3999,1
4000,2
4001,2
4002,1
4003,0
4004,2
4005,0
4006,1
4007,1
4008,2
4009,2
4010,2
4011,1
4012,2
4013,2
4014,0
4015,1
4016,1
4017,2
4018,1
4019,0
4020,0
4021,1
4022,1
4023,2
4024,0
4025,1
4026,2
4027,1
4028,2
4029,1
4030,2
4031,1
4032,2
4033,1
4034,2
4035,0
4036,2
4037,1
4038,2
4039,1
4040,2
4041,2
4042,2
4043,2
4044,2
4045,1
4046,1
4047,1
4048,2
4049,2
4050,2
4051,1
4052,1
4053,0
4054,1
4055,2
4056,1
4057,2
4058,0
4059,1
4060,2
4061,2
4062,2
4063,1
4064,1
4065,1
4066,1
4067,2
4068,0
4069,2
4070,1
4071,1
4072,1
4073,2
4074,1
4075,1
4076,2
4077,2
4078,1
4079,2
4080,1
4081,1
4082,0
4083,1
4084,0
4085,1
4086,1
4087,1
4088,2
4089,2
4090,1
4091,1
4092,1
4093,2
4094,1
4095,0
4096,2
4097,2
4098,1
4099,1
4100,1
4101,2
4102,1
4103,2
4104,2
4105,1
4106,1
4107,1
4108,1
4109,1
4110,1
4111,2
4112,1
4113,1
4114,2
4115,1
4116,1
4117,2
4118,1
4119,1
4120,1
4121,2
4122,2
4123,1
4124,2
4125,1
4126,2
4127,0
4128,1
4129,2
4130,1
4131,1
4132,1
4133,2
4134,1
4135,2
4136,2
4137,2
4138,1
4139,2
4140,1
4141,2
4142,1
4143,2
4144,1
4145,2
4146,2
4147,1
4148,1
4149,1
4150,2
4151,2
4152,1
4153,1
4154,2
4155,1
4156,1
4157,2
4158,1
4159,2
4160,1
4161,0
4162,0
4163,2
4164,1
4165,2
4166,1
4167,1
4168,1
4169,1
4170,2
4171,0
4172,2
4173,2
4174,1
4175,1
4176,2
4177,1
4178,2
4179,2
4180,1
4181,1
4182,1
4183,1
4184,2
4185,2
4186,2
4187,1
4188,2
4189,1
4190,2
4191,2
4192,2
4193,1
4194,1
4195,1
4196,2
4197,1
4198,2
4199,2
4200,1
4201,0
4202,1
4203,1
4204,1
4205,1
4206,2
4207,2
4208,2
4209,2
4210,2
4211,2
4212,1
4213,1
4214,1
4215,1
4216,1
4217,1
4218,1
4219,1
4220,2
4221,2
4222,2
4223,2
4224,1
4225,1
4226,0
4227,1
4228,1
4229,2
4230,2
4231,2
4232,2
4233,1
4234,1
4235,2
4236,1
4237,2
4238,1
4239,2
4240,1
4241,2
4242,0
4243,2
4244,1
4245,2
4246,0
4247,2
4248,2
4249,1
4250,2
4251,1
4252,2
4253,1
4254,1
4255,1
4256,2
4257,2
4258,1
4259,2
4260,2
4261,1
4262,1
4263,1
4264,2
4265,1
4266,2
4267,2
4268,1
4269,1
4270,2
4271,1
4272,2
4273,2
4274,2
4275,1
4276,1
4277,1
4278,1
4279,1
4280,1
4281,2
4282,2
4283,2
4284,1
4285,2
4286,2
4287,1
4288,2
4289,1
4290,1
4291,1
4292,2
4293,2
4294,2
4295,1
4296,2
4297,2
4298,1
4299,2
4300,1
4301,2
4302,2
4303,1
4304,1
4305,1
4306,2
4307,2
4308,1
4309,1
4310,2
4311,2
4312,1
4313,1
4314,1
4315,1
4316,1
4317,2
4318,2
4319,2
4320,2
4321,0
4322,2
4323,2
4324,2
4325,2
4326,1
4327,1
4328,2
4329,2
4330,1
4331,1
4332,1
4333,1
4334,2
4335,2
4336,1
4337,2
4338,1
4339,1
4340,1
4341,2
4342,2
4343,2
4344,2
4345,1
4346,2
4347,1
4348,1
4349,1
4350,0
4351,1
4352,2
4353,1
4354,0
4355,1
4356,1
4357,1
4358,1
4359,1
4360,1
4361,2
4362,1
4363,1
4364,1
4365,2
4366,0
4367,1
4368,2
4369,2
4370,1
4371,2
4372,2
4373,1
4374,2
4375,1
4376,2
4377,2
4378,2
4379,1
4380,1
4381,1
4382,2
4383,1
4384,2
4385,0
4386,2
4387,0
4388,0
4389,2
4390,1
4391,1
4392,2
4393,1
4394,1
4395,1
4396,1
4397,1
4398,2
4399,0
4400,1
4401,2
4402,2
4403,2
4404,0
4405,1
4406,0
4407,2
4408,1
4409,1
4410,1
4411,2
4412,1
4413,1
4414,1
4415,2
4416,1
4417,1
4418,1
4419,0
4420,2
4421,2
4422,2
4423,1
4424,2
4425,2
4426,2
4427,2
4428,1
4429,1
4430,1
4431,1
4432,1
4433,2
4434,1
4435,2
4436,1
4437,1
4438,1
4439,2
4440,2
4441,1
4442,2
4443,1
4444,2
4445,2
4446,2
4447,1
4448,2
4449,1
4450,0
4451,2
4452,2
4453,2
4454,1
4455,2
4456,1
4457,1
4458,1
4459,1
4460,0
4461,1
4462,2
4463,2
4464,1
4465,2
4466,1
4467,1
4468,2
4469,2
4470,1
4471,2
4472,1
4473,1
4474,1
4475,2
4476,2
4477,1
4478,1
4479,1
4480,1
4481,1
4482,2
4483,2
4484,1
4485,2
4486,2
4487,2
4488,1
4489,1
4490,2
4491,0
4492,2
4493,2
4494,0
4495,2
4496,2
4497,1
4498,1
4499,1
4500,0
4501,1
4502,1
4503,1
4504,2
4505,2
4506,1
4507,2
4508,1
4509,1
4510,2
4511,1
4512,1
4513,0
4514,2
4515,1
4516,1
4517,1
4518,1
4519,1
4520,2
4521,1
4522,1
4523,1
4524,1
4525,1
4526,2
4527,0
4528,1
4529,2
4530,1
4531,1
4532,1
4533,1
4534,1
4535,2
4536,1
4537,2
4538,0
4539,2
4540,2
4541,2
4542,2
4543,1
4544,1
4545,1
4546,1
4547,2
4548,2
4549,2
4550,1
4551,1
4552,2
4553,1
4554,1
4555,0
4556,2
4557,1
4558,2
4559,2
4560,1
4561,1
4562,1
4563,2
4564,1
4565,2
4566,1
4567,1
4568,2
4569,1
4570,1
4571,1
4572,2
4573,2
4574,2
4575,2
4576,2
4577,2
4578,2
4579,0
4580,2
4581,1
4582,2
4583,1
4584,2
4585,1
4586,2
4587,2
4588,1
4589,1
4590,1
4591,1
4592,2
4593,1
4594,1
4595,1
4596,1
4597,1
4598,2
4599,1
4600,1
4601,1
4602,2
4603,1
4604,1
4605,1
4606,1
4607,1
4608,1
4609,2
4610,1
4611,1
4612,1
4613,1
4614,1
4615,1
4616,0
4617,1
4618,1
4619,1
4620,1
4621,1
4622,2
4623,2
4624,1
4625,1
4626,1
4627,2
4628,2
4629,1
4630,1
4631,2
4632,2
4633,2
4634,1
4635,1
4636,1
4637,2
4638,2
4639,1
4640,1
4641,1
4642,1
4643,2
4644,1
4645,2
4646,2
4647,1
4648,1
4649,1
4650,2
4651,2
4652,1
4653,0
4654,2
4655,2
4656,1
4657,1
4658,2
4659,1
4660,2
4661,1
4662,1
4663,1
4664,1
4665,1
4666,1
4667,1
4668,2
4669,2
4670,1
4671,1
4672,2
4673,1
4674,2
4675,0
4676,1
4677,2
4678,1
4679,1
4680,2
4681,1
4682,2
4683,2
4684,1
4685,2
4686,1
4687,0
4688,1
4689,0
4690,2
4691,2
4692,2
4693,2
4694,2
4695,2
4696,2
4697,2
4698,2
4699,0
4700,2
4701,2
4702,2
4703,2
4704,2
4705,0
4706,1
4707,2
4708,1
4709,1
4710,1
4711,0
4712,2
4713,1
4714,2
4715,2
4716,2
4717,2
4718,1
4719,2
4720,2
4721,2
4722,2
4723,2
4724,1
4725,0
4726,1
4727,2
4728,2
4729,1
4730,1
4731,2
4732,2
4733,1
4734,0
4735,2
4736,1
4737,2
4738,2
4739,2
4740,0
4741,2
4742,2
4743,2
4744,2
4745,1
4746,2
4747,1
4748,1
4749,1
4750,0
4751,2
4752,2
4753,2
4754,2
4755,1
4756,2
4757,1
4758,2
4759,2
4760,1
4761,2
4762,1
4763,1
4764,1
4765,1
4766,1
4767,2
4768,1
4769,1
4770,2
4771,1
4772,1
4773,2
4774,1
4775,1
4776,1
4777,1
4778,2
4779,2
4780,1
4781,2
4782,1
4783,1
4784,2
4785,2
4786,0
4787,2
4788,1
4789,2
4790,1
4791,1
4792,2
4793,1
4794,1
4795,1
4796,2
4797,2
4798,1
4799,1
4800,0
4801,2
4802,1
4803,2
4804,0
4805,2
4806,0
4807,2
4808,1
4809,1
4810,0
4811,1
4812,1
4813,2
4814,2
4815,1
4816,1
4817,2
4818,1
4819,2
4820,1
4821,1
4822,1
4823,1
4824,2
4825,2
4826,1
4827,2
4828,2
4829,1
4830,1
4831,1
4832,1
4833,2
4834,2
4835,2
4836,1
4837,2
4838,2
4839,2
4840,1
4841,1
4842,1
4843,1
4844,1
4845,2
4846,2
4847,2
4848,2
4849,1
4850,1
4851,1
4852,2
4853,0
4854,2
4855,0
4856,2
4857,1
4858,2
4859,2
4860,2
4861,2
4862,0
4863,1
4864,1
4865,2
4866,2
4867,1
4868,1
4869,1
4870,1
4871,0
4872,1
4873,2
4874,1
4875,2
4876,0
4877,1
4878,2
4879,2
4880,2
4881,2
4882,2
4883,2
4884,2
4885,1
4886,1
4887,2
4888,1
4889,0
4890,0
4891,1
4892,2
4893,2
4894,1
4895,1
4896,2
4897,1
4898,1
4899,2
4900,2
4901,0
4902,2
4903,1
4904,1
4905,2
4906,1
4907,1
4908,2
4909,2
4910,2
4911,2
4912,1
4913,2
4914,2
4915,1
4916,2
4917,1
4918,1
4919,2
4920,0
4921,1
4922,1
4923,0
4924,1
4925,2
4926,1
4927,2
4928,1
4929,0
4930,2
4931,2
4932,1
4933,2
4934,2
4935,1
4936,2
4937,1
4938,1
4939,1
4940,2
4941,1
4942,2
4943,2
4944,1
4945,2
4946,1
4947,1
4948,0
4949,2
4950,1
4951,2
4952,2
4953,1
4954,2
4955,2
4956,1
4957,1
4958,2
4959,1
4960,2
4961,2
4962,2
4963,2
4964,1
4965,1
4966,1
4967,2
4968,1
4969,1
4970,2
4971,0
4972,1
4973,1
4974,1
4975,2
4976,2
4977,1
4978,1
4979,2
4980,2
4981,1
4982,1
4983,2
4984,1
4985,0
4986,1
4987,0
4988,0
4989,2
4990,2
4991,2
4992,2
4993,1
4994,1
4995,1
4996,1
4997,2
4998,1
4999,1
5000,1
5001,1
5002,2
5003,1
5004,0
5005,1
5006,1
5007,1
5008,1
5009,2
5010,1
5011,1
5012,1
5013,2
5014,1
5015,2
5016,2
5017,2
5018,2
5019,0
5020,1
5021,2
5022,2
5023,2
5024,1
5025,2
5026,2
5027,1
5028,1
5029,2
5030,1
5031,1
5032,1
5033,1
5034,2
5035,2
5036,1
5037,1
5038,0
5039,2
5040,1
5041,2
5042,2
5043,2
5044,1
5045,2
5046,1
5047,2
5048,1
5049,1
5050,1
5051,2
5052,1
5053,1
5054,2
5055,1
5056,2
5057,2
5058,1
5059,1
5060,1
5061,1
5062,1
5063,2
5064,2
5065,1
5066,0
5067,1
5068,1
5069,2
5070,0
5071,2
5072,1
5073,1
5074,2
5075,1
5076,2
5077,0
5078,1
5079,1
5080,1
5081,2
5082,2
5083,2
5084,1
5085,2
5086,2
5087,1
5088,2
5089,1
5090,0
5091,1
5092,2
5093,1
5094,1
5095,2
5096,2
5097,2
5098,2
5099,2
5100,2
5101,1
5102,1
5103,1
5104,1
5105,1
5106,1
5107,1
5108,1
5109,1
5110,2
5111,0
5112,1
5113,0
5114,0
5115,2
5116,2
5117,2
5118,0
5119,0
5120,0
5121,1
5122,2
5123,2
5124,1
5125,2
5126,1
5127,1
5128,2
5129,2
5130,1
5131,1
5132,1
5133,0
5134,2
5135,1
5136,2
5137,2
5138,2
5139,1
5140,2
5141,1
5142,1
5143,0
5144,2
5145,1
5146,1
5147,1
5148,2
5149,2
5150,2
5151,1
5152,1
5153,1
5154,1
5155,1
5156,1
5157,1
5158,2
5159,1
5160,2
5161,0
5162,1
5163,1
5164,2
5165,2
5166,2
5167,2
5168,1
5169,1
5170,1
5171,1
5172,2
5173,2
5174,2
5175,2
5176,1
5177,1
5178,1
5179,1
5180,2
5181,2
5182,1
5183,1
5184,2
5185,0
5186,2
5187,2
5188,2
5189,1
5190,2
5191,2
5192,2
5193,1
5194,2
5195,2
5196,1
5197,2
5198,1
5199,2
5200,1
5201,2
5202,2
5203,0
5204,2
5205,2
5206,1
5207,2
5208,1
5209,1
5210,2
5211,2
5212,2
5213,1
5214,2
5215,1
5216,2
5217,2
5218,1
5219,1
5220,2
5221,1
5222,2
5223,1
5224,1
5225,2
5226,1
5227,1
5228,1
5229,1
5230,0
5231,1
5232,1
5233,2
5234,2
5235,1
5236,2
5237,1
5238,2
5239,0
5240,2
5241,2
5242,2
5243,2
5244,1
5245,2
5246,1
5247,1
5248,1
5249,1
5250,2
5251,2
5252,1
5253,0
5254,1
5255,2
5256,1
5257,2
5258,2
5259,1
5260,1
5261,2
5262,2
5263,1
5264,2
5265,1
5266,1
5267,1
5268,2
5269,2
5270,1
5271,2
5272,1
5273,1
5274,1
5275,1
5276,2
5277,2
5278,1
5279,2
5280,1
5281,2
5282,2
5283,1
5284,1
5285,2
5286,2
5287,2
5288,2
5289,2
5290,2
5291,2
5292,2
5293,2
5294,1
5295,1
5296,1
5297,2
5298,1
5299,2
5300,2
5301,1
5302,2
5303,2
5304,1
5305,2
5306,1
5307,1
5308,1
5309,1
5310,1
5311,1
5312,1
5313,2
5314,1
5315,1
5316,2
5317,0
5318,2
5319,2
5320,1
5321,2
5322,2
5323,1
5324,1
5325,2
5326,2
5327,2
5328,1
5329,1
5330,1
5331,1
5332,2
5333,1
5334,2
5335,1
5336,1
5337,1
5338,2
5339,2
5340,1
5341,2
5342,1
5343,2
5344,2
5345,2
5346,1
5347,1
5348,1
5349,0
5350,1
5351,2
5352,2
5353,1
5354,2
5355,2
5356,2
5357,0
5358,2
5359,1
5360,1
5361,2
5362,1
5363,1
5364,2
5365,2
5366,1
5367,2
5368,2
5369,2
5370,2
5371,1
5372,1
5373,1
5374,2
5375,2
5376,2
5377,1
5378,1
5379,1
5380,2
5381,2
5382,2
5383,1
5384,2
5385,2
5386,1
5387,1
5388,1
5389,1
5390,0
5391,1
5392,1
5393,1
5394,2
5395,2
5396,1
5397,0
5398,1
5399,2
5400,1
5401,1
5402,1
5403,1
5404,1
5405,2
5406,1
5407,1
5408,2
5409,0
5410,1
5411,1
5412,2
5413,0
5414,1
5415,0
5416,2
5417,1
5418,1
5419,2
5420,1
5421,2
5422,2
5423,1
5424,2
5425,1
5426,1
5427,1
5428,1
5429,1
5430,2
5431,2
5432,1
5433,1
5434,1
5435,2
5436,1
5437,1
5438,2
5439,2
5440,2
5441,1
5442,1
5443,1
5444,2
5445,1
5446,1
5447,1
5448,2
5449,2
5450,1
5451,1
5452,2
5453,2
5454,1
5455,1
5456,1
5457,1
5458,1
5459,1
5460,2
5461,2
5462,2
5463,2
5464,2
5465,1
5466,2
5467,1
5468,1
5469,0
5470,1
5471,2
5472,2
5473,2
5474,2
5475,1
5476,2
5477,2
5478,2
5479,2
5480,1
5481,0
5482,2
5483,2
5484,2
5485,2
5486,1
5487,1
5488,1
5489,1
5490,1
5491,2
5492,1
5493,1
5494,2
5495,2
5496,2
5497,2
5498,2
5499,2
5500,2
5501,1
5502,1
5503,2
5504,2
5505,2
5506,2
5507,1
5508,2
5509,1
5510,2
5511,2
5512,1
5513,1
5514,1
5515,1
5516,1
5517,1
5518,1
5519,2
5520,2
5521,2
5522,2
5523,2
5524,2
5525,2
5526,2
5527,2
5528,2
5529,2
5530,1
5531,1
5532,1
5533,1
5534,1
5535,2
5536,1
5537,1
5538,1
5539,2
5540,2
5541,1
5542,2
5543,1
5544,1
5545,2
5546,1
5547,2
5548,2
5549,2
5550,2
5551,2
5552,1
5553,1
5554,2
5555,1
5556,2
5557,1
5558,2
5559,0
5560,2
5561,1
5562,1
5563,2
5564,2
5565,1
5566,1
5567,2
5568,2
5569,1
5570,1
5571,2
5572,1
5573,1
5574,1
5575,2
5576,2
5577,1
5578,1
5579,2
5580,1
5581,2
5582,2
5583,0
5584,2
5585,0
5586,1
5587,2
5588,2
5589,1
5590,2
5591,2
5592,1
5593,2
5594,1
5595,1
5596,2
5597,0
5598,2
5599,2
5600,0
5601,2
5602,1
5603,1
5604,2
5605,1
5606,1
5607,2
5608,2
5609,1
5610,1
5611,2
5612,2
5613,1
5614,2
5615,1
5616,2
5617,2
5618,2
5619,1
5620,2
5621,1
5622,1
5623,1
5624,2
5625,1
5626,1
5627,1
5628,2
5629,2
5630,1
5631,2
5632,2
5633,1
5634,2
5635,2
5636,2
5637,1
5638,1
5639,2
5640,1
5641,2
5642,1
5643,2
5644,2
5645,2
5646,1
5647,2
5648,1
5649,2
5650,2
5651,1
5652,1
5653,1
5654,2
5655,1
5656,1
5657,2
5658,1
5659,1
5660,2
5661,2
5662,1
5663,2
5664,1
5665,2
5666,1
5667,0
5668,1
5669,1
5670,2
5671,2
5672,1
5673,1
5674,2
5675,2
5676,1
5677,1
5678,1
5679,2
5680,1
5681,1
5682,1
5683,2
5684,1
5685,1
5686,1
5687,2
5688,1
5689,1
5690,2
5691,1
5692,1
5693,1
5694,2
5695,1
5696,1
5697,0
5698,1
5699,2
5700,0
5701,0
5702,2
5703,1
5704,1
5705,1
5706,1
5707,1
5708,1
5709,2
5710,2
5711,2
5712,2
5713,1
5714,0
5715,2
5716,1
5717,1
5718,2
5719,0
5720,1
5721,2
5722,1
5723,1
5724,1
5725,2
5726,1
5727,2
5728,2
5729,1
5730,1
5731,1
5732,1
5733,1
5734,2
5735,0
5736,2
5737,2
5738,2
5739,2
5740,1
5741,2
5742,2
5743,2
5744,1
5745,2
5746,1
5747,2
5748,2
5749,2
5750,1
5751,2
5752,1
5753,0
5754,2
5755,1
5756,2
5757,2
5758,2
5759,1
5760,2
5761,2
5762,2
5763,2
5764,1
5765,2
5766,2
5767,1
5768,1
5769,1
5770,2
5771,1
5772,1
5773,2
5774,2
5775,1
5776,2
5777,2
5778,1
5779,1
5780,1
5781,2
5782,1
5783,1
5784,1
5785,1
5786,1
5787,0
5788,2
5789,2
5790,1
5791,2
5792,2
5793,2
5794,1
5795,2
5796,2
5797,0
5798,1
5799,1
5800,2
5801,0
5802,0
5803,0
5804,1
5805,1
5806,1
5807,2
5808,0
5809,2
5810,0
5811,1
5812,1
5813,2
5814,2
5815,2
5816,1
5817,2
5818,2
5819,2
5820,2
5821,1
5822,1
5823,2
5824,1
5825,1
5826,2
5827,1
5828,2
5829,1
5830,1
5831,2
5832,2
5833,1
5834,2
5835,1
5836,2
5837,1
5838,1
5839,1
5840,2
5841,2
5842,1
5843,2
5844,2
5845,1
5846,2
5847,1
5848,1
5849,1
5850,1
5851,1
5852,1
5853,2
5854,2
5855,2
5856,1
5857,1
5858,1
5859,2
5860,0
5861,1
5862,1
5863,2
5864,2
5865,1
5866,2
5867,2
5868,2
5869,1
5870,0
5871,2
5872,1
5873,2
5874,2
5875,1
5876,2
5877,1
5878,2
5879,1
5880,0
5881,1
5882,2
5883,1
5884,1
5885,1
5886,1
5887,1
5888,2
5889,2
5890,1
5891,1
5892,1
5893,1
5894,2
5895,1
5896,1
5897,2
5898,2
5899,2
5900,2
5901,1
5902,1
5903,0
5904,2
5905,1
5906,2
5907,2
5908,2
5909,2
5910,1
5911,1
5912,1
5913,2
5914,2
5915,1
5916,0
5917,2
5918,1
5919,1
5920,1
5921,1
5922,2
5923,2
5924,2
5925,2
5926,1
5927,2
5928,1
5929,2
5930,1
5931,2
5932,1
5933,1
5934,2
5935,2
5936,1
5937,1
5938,2
5939,2
5940,2
5941,2
5942,2
5943,2
5944,1
5945,1
5946,1
5947,2
5948,2
5949,1
5950,1
5951,2
5952,2
5953,1
5954,1
5955,2
5956,2
5957,2
5958,1
5959,2
5960,1
5961,2
5962,2
5963,2
5964,2
5965,1
5966,1
5967,2
5968,0
5969,1
5970,2
5971,1
5972,1
5973,1
5974,2
5975,2
5976,2
5977,0
5978,1
5979,2
5980,1
5981,1
5982,2
5983,2
5984,2
5985,2
5986,1
5987,1
5988,1
5989,2
5990,2
5991,1
5992,1
5993,1
5994,1
5995,2
5996,2
5997,1
5998,1
5999,0
6000,2
6001,2
6002,1
6003,2
6004,2
6005,1
6006,2
6007,1
6008,2
6009,2
6010,2
6011,2
6012,0
6013,2
6014,1
6015,1
6016,2
6017,0
6018,1
6019,1
6020,1
6021,2
6022,2
6023,1
6024,2
6025,2
6026,2
6027,1
6028,2
6029,1
6030,0
6031,2
6032,1
6033,2
6034,2
6035,1
6036,1
6037,2
6038,1
6039,0
6040,2
6041,2
6042,1
6043,1
6044,1
6045,1
6046,1
6047,2
6048,2
6049,2
6050,1
6051,2
6052,1
6053,2
6054,0
6055,2
6056,1
6057,1
6058,1
6059,1
6060,2
6061,2
6062,1
6063,2
6064,2
6065,1
6066,1
6067,2
6068,2
6069,2
6070,2
6071,2
6072,1
6073,2
6074,1
6075,2
6076,2
6077,1
6078,2
6079,2
6080,1
6081,0
6082,1
6083,1
6084,2
6085,2
6086,2
6087,1
6088,0
6089,0
6090,2
6091,1
6092,1
6093,2
6094,2
6095,2
6096,1
6097,1
6098,1
6099,2
6100,1
6101,2
6102,1
6103,1
6104,1
6105,1
6106,2
6107,2
6108,2
6109,1
6110,0
6111,2
6112,1
6113,2
6114,1
6115,1
6116,2
6117,2
6118,1
6119,0
6120,1
6121,1
6122,1
6123,1
6124,1
6125,1
6126,2
6127,2
6128,2
6129,2
6130,2
6131,1
6132,1
6133,1
6134,1
6135,2
6136,2
6137,2
6138,1
6139,2
6140,2
6141,2
6142,0
6143,1
6144,2
6145,2
6146,2
6147,1
6148,1
6149,1
6150,1
6151,2
6152,0
6153,2
6154,2
6155,1
6156,1
6157,2
6158,1
6159,2
6160,1
6161,1
6162,1
6163,2
6164,1
6165,2
6166,1
6167,1
6168,2
6169,2
6170,1
6171,1
6172,2
6173,2
6174,1
6175,2
6176,2
6177,2
6178,1
6179,1
6180,0
6181,1
6182,1
6183,0
6184,2
6185,1
6186,2
6187,1
6188,1
6189,1
6190,2
6191,2
6192,2
6193,1
6194,2
6195,0
6196,1
6197,0
6198,1
6199,1
6200,2
6201,2
6202,1
6203,2
6204,0
6205,1
6206,2
6207,2
6208,1
6209,2
6210,1
6211,1
6212,1
6213,1
6214,2
6215,0
6216,1
6217,2
6218,1
6219,1
6220,2
6221,1
6222,2
6223,1
6224,1
6225,2
6226,1
6227,2
6228,2
6229,0
6230,2
6231,2
6232,2
6233,2
6234,2
6235,1
6236,2
6237,1
6238,2
6239,2
6240,1
6241,2
6242,1
6243,1
6244,1
6245,2
6246,1
6247,1
6248,1
6249,2
6250,2
6251,2
6252,2
6253,1
6254,1
6255,2
6256,2
6257,2
6258,0
6259,2
6260,2
6261,1
6262,2
6263,1
6264,2
6265,1
6266,1
6267,2
6268,1
6269,2
6270,2
6271,2
6272,2
6273,1
6274,1
6275,1
6276,1
6277,1
6278,1
6279,1
6280,1
6281,2
6282,1
6283,1
6284,1
6285,2
6286,1
6287,1
6288,2
6289,0
6290,2
6291,1
6292,1
6293,2
6294,1
6295,2
6296,1
6297,1
6298,2
6299,2
6300,1
6301,1
6302,0
6303,1
6304,2
6305,1
6306,1
6307,1
6308,1
6309,1
6310,1
6311,2
6312,2
6313,1
6314,1
6315,0
6316,1
6317,2
6318,0
6319,0
6320,1
6321,0
6322,2
6323,1
6324,2
6325,2
6326,2
6327,2
6328,2
6329,0
6330,2
6331,1
6332,2
6333,1
6334,1
6335,1
6336,1
6337,2
6338,2
6339,1
6340,2
6341,1
6342,1
6343,1
6344,2
6345,2
6346,2
6347,1
6348,2
6349,1
6350,1
6351,1
6352,2
6353,1
6354,2
6355,2
6356,2
6357,1
6358,1
6359,1
6360,2
6361,1
6362,2
6363,1
6364,1
6365,0
6366,1
6367,1
6368,1
6369,1
6370,2
6371,2
6372,2
6373,2
6374,2
6375,1
6376,2
6377,1
6378,1
6379,1
6380,1
6381,1
6382,1
6383,2
6384,2
6385,0
6386,1
6387,2
6388,2
6389,2
6390,2
6391,2
6392,2
6393,1
6394,2
6395,1
6396,1
6397,1
6398,2
6399,2
6400,1
6401,2
6402,1
6403,2
6404,2
6405,1
6406,1
6407,1
6408,0
6409,1
6410,2
6411,1
6412,2
6413,2
6414,2
6415,2
6416,1
6417,2
6418,1
6419,2
6420,2
6421,1
6422,1
6423,1
6424,2
6425,1
6426,1
6427,2
6428,1
6429,2
6430,1
6431,1
6432,2
6433,1
6434,2
6435,2
6436,2
6437,1
6438,1
6439,2
6440,2
6441,1
6442,2
6443,2
6444,2
6445,1
6446,0
6447,1
6448,2
6449,2
6450,1
6451,1
6452,1
6453,1
6454,2
6455,1
6456,1
6457,1
6458,2
6459,1
6460,2
6461,1
6462,2
6463,2
6464,1
6465,2
6466,1
6467,2
6468,2
6469,2
6470,2
6471,2
6472,2
6473,2
6474,2
6475,1
6476,1
6477,1
6478,2
6479,2
6480,1
6481,1
6482,2
6483,1
6484,1
6485,2
6486,2
6487,1
6488,1
6489,2
6490,1
6491,1
6492,1
6493,0
6494,1
6495,1
6496,1
6497,1
6498,1
6499,2
6500,1
6501,1
6502,1
6503,2
6504,2
6505,1
6506,2
6507,2
6508,2
6509,1
6510,1
6511,1
6512,1
6513,1
6514,2
6515,2
6516,1
6517,2
6518,1
6519,0
6520,1
6521,2
6522,2
6523,1
6524,1
6525,1
6526,2
6527,1
6528,1
6529,2
6530,1
6531,2
6532,1
6533,1
6534,1
6535,2
6536,1
6537,1
6538,1
6539,0
6540,2
6541,1
6542,2
6543,1
6544,2
6545,1
6546,1
6547,1
6548,1
6549,2
6550,1
6551,1
6552,1
6553,2
6554,2
6555,1
6556,2
6557,2
6558,2
6559,1
6560,2
6561,1
6562,2
6563,1
6564,2
6565,2
6566,2
6567,1
6568,1
6569,2
6570,2
6571,1
6572,2
6573,1
6574,1
6575,1
6576,2
6577,2
6578,1
6579,2
6580,2
6581,2
6582,1
6583,2
6584,2
6585,1
6586,2
6587,1
6588,2
6589,1
6590,2
6591,2
6592,1
6593,0
6594,2
6595,1
6596,1
6597,2
6598,1
6599,2
6600,2
6601,2
6602,0
6603,1
6604,1
6605,1
6606,1
6607,1
6608,2
6609,1
6610,1
6611,0
6612,2
6613,2
6614,1
6615,1
6616,1
6617,1
6618,1
6619,2
6620,0
6621,2
6622,0
6623,2
6624,1
6625,2
6626,2
6627,0
6628,1
6629,2
6630,1
6631,0
6632,1
6633,1
6634,2
6635,1
6636,2
6637,2
6638,2
6639,1
6640,2
6641,2
6642,1
6643,1
6644,1
6645,2
6646,2
6647,1
6648,2
6649,2
6650,1
6651,2
6652,1
6653,1
6654,1
6655,2
6656,2
6657,1
6658,2
6659,1
6660,2
6661,2
6662,1
6663,1
6664,1
6665,1
6666,1
6667,2
6668,2
6669,1
6670,1
6671,2
6672,1
6673,1
6674,2
6675,1
6676,2
6677,1
6678,2
6679,2
6680,1
6681,2
6682,2
6683,2
6684,1
6685,0
6686,2
6687,2
6688,2
6689,0
6690,1
6691,2
6692,2
6693,1
6694,2
6695,2
6696,2
6697,1
6698,1
6699,1
6700,1
6701,1
6702,2
6703,2
6704,1
6705,1
6706,1
6707,1
6708,2
6709,1
6710,1
6711,2
6712,2
6713,1
6714,2
6715,1
6716,1
6717,2
6718,2
6719,2
6720,1
6721,1
6722,2
6723,1
6724,2
6725,1
6726,1
6727,2
6728,2
6729,1
6730,1
6731,2
6732,2
6733,2
6734,2
6735,1
6736,1
6737,2
6738,1
6739,1
6740,1
6741,0
6742,2
6743,2
6744,2
6745,2
6746,1
6747,2
6748,1
6749,1
6750,2
6751,1
6752,1
6753,0
6754,2
6755,2
6756,1
6757,2
6758,1
6759,0
6760,1
6761,1
6762,1
6763,1
6764,1
6765,2
6766,2
6767,2
6768,2
6769,1
6770,1
6771,1
6772,2
6773,2
6774,1
6775,1
6776,0
6777,2
6778,1
6779,1
6780,1
6781,2
6782,2
6783,1
6784,2
6785,2
6786,1
6787,2
6788,1
6789,2
6790,1
6791,2
6792,0
6793,1
6794,1
6795,1
6796,1
6797,2
6798,1
6799,2
6800,2
6801,2
6802,2
6803,1
6804,1
6805,1
6806,2
6807,1
6808,2
6809,2
6810,1
6811,2
6812,2
6813,2
6814,1
6815,1
6816,2
6817,2
6818,1
6819,2
6820,0
6821,2
6822,2
6823,2
6824,1
6825,1
6826,1
6827,1
6828,2
6829,2
6830,1
6831,1
6832,2
6833,2
6834,0
6835,2
6836,1
6837,2
6838,2
6839,2
6840,1
6841,1
6842,2
6843,2
6844,2
6845,2
6846,1
6847,1
6848,1
6849,1
6850,2
6851,2
6852,2
6853,2
6854,2
6855,2
6856,2
6857,1
6858,1
6859,1
6860,2
6861,2
6862,2
6863,2
6864,2
6865,2
6866,2
6867,2
6868,2
6869,1
6870,2
6871,1
6872,2
6873,1
6874,2
6875,2
6876,2
6877,1
6878,2
6879,2
6880,2
6881,1
6882,1
6883,2
6884,1
6885,2
6886,2
6887,1
6888,2
6889,1
6890,1
6891,2
6892,1
6893,1
6894,1
6895,1
6896,1
6897,2
6898,1
6899,2
6900,0
6901,2
6902,1
6903,1
6904,1
6905,2
6906,2
6907,1
6908,1
6909,2
6910,1
6911,1
6912,1
6913,2
6914,2
6915,1
6916,1
6917,1
6918,1
6919,2
6920,1
6921,2
6922,1
6923,2
6924,1
6925,1
6926,2
6927,2
6928,2
6929,1
6930,2
6931,1
6932,2
6933,2
6934,2
6935,1
6936,1
6937,1
6938,1
6939,1
6940,1
6941,1
6942,2
6943,1
6944,2
6945,1
6946,1
6947,1
6948,1
6949,2
6950,2
6951,2
6952,2
6953,1
6954,2
6955,2
6956,0
6957,2
6958,2
6959,2
6960,0
6961,2
6962,1
6963,2
6964,2
6965,1
6966,1
6967,1
6968,2
6969,1
6970,1
6971,2
6972,2
6973,1
6974,1
6975,2
6976,2
6977,1
6978,2
6979,2
6980,2
6981,1
6982,1
6983,2
6984,2
6985,2
6986,2
6987,2
6988,1
6989,2
6990,2
6991,1
6992,1
6993,2
6994,2
6995,2
6996,2
6997,2
6998,1
6999,2
7000,2
7001,1
7002,1
7003,1
7004,1
7005,1
7006,2
7007,2
7008,1
7009,1
7010,2
7011,1
7012,2
7013,1
7014,1
7015,2
7016,2
7017,2
7018,1
7019,2
7020,2
7021,2
7022,2
7023,2
7024,2
7025,2
7026,1
7027,1
7028,1
7029,1
7030,1
7031,1
7032,1
7033,1
7034,2
7035,1
7036,1
7037,2
7038,1
7039,2
7040,1
7041,1
7042,2
7043,2
7044,1
7045,2
7046,2
7047,2
7048,2
7049,1
7050,0
7051,2
7052,1
7053,2
7054,1
7055,2
7056,2
7057,2
7058,1
7059,1
7060,2
7061,1
7062,1
7063,1
7064,1
7065,1
7066,1
7067,1
7068,2
7069,1
7070,1
7071,2
7072,2
7073,2
7074,2
7075,1
7076,2
7077,2
7078,1
7079,1
7080,2
7081,2
7082,2
7083,2
7084,2
7085,1
7086,1
7087,0
7088,0
7089,1
7090,2
7091,2
7092,0
7093,2
7094,2
7095,2
7096,1
7097,1
7098,1
7099,0
7100,2
7101,2
7102,2
7103,1
7104,2
7105,1
7106,2
7107,2
7108,1
7109,2
7110,1
7111,1
7112,1
7113,1
7114,2
7115,1
7116,2
7117,2
7118,2
7119,1
7120,2
7121,2
7122,1
7123,1
7124,1
7125,2
7126,2
7127,1
7128,0
7129,2
7130,2
7131,1
7132,2
7133,1
7134,1
7135,2
7136,1
7137,2
7138,2
7139,0
7140,2
7141,1
7142,1
7143,2
7144,2
7145,2
7146,2
7147,2
7148,2
7149,1
7150,0
7151,1
7152,1
7153,1
7154,1
7155,2
7156,2
7157,1
7158,2
7159,2
7160,1
7161,2
7162,1
7163,2
7164,2
7165,0
7166,1
7167,0
7168,1
7169,2
7170,2
7171,1
7172,2
7173,2
7174,1
7175,2
7176,1
7177,2
7178,2
7179,2
7180,2
7181,2
7182,2
7183,1
7184,2
7185,1
7186,2
7187,2
7188,2
7189,1
7190,1
7191,1
7192,1
7193,1
7194,1
7195,2
7196,2
7197,2
7198,1
7199,2
7200,1
7201,2
7202,2
7203,1
7204,2
7205,1
7206,1
7207,1
7208,2
7209,1
7210,2
7211,1
7212,2
7213,2
7214,1
7215,2
7216,2
7217,2
7218,2
7219,2
7220,1
7221,2
7222,1
7223,2
7224,2
7225,2
7226,2
7227,1
7228,0
7229,2
7230,2
7231,1
7232,2
7233,1
7234,1
7235,1
7236,1
7237,2
7238,1
7239,2
7240,1
7241,1
7242,1
7243,1
7244,1
7245,1
7246,1
7247,1
7248,1
7249,1
7250,2
7251,2
7252,1
7253,2
7254,2
7255,1
7256,1
7257,2
7258,1
7259,1
7260,2
7261,2
7262,0
7263,1
7264,1
7265,1
7266,1
7267,1
7268,2
7269,1
7270,1
7271,2
7272,2
7273,2
7274,1
7275,1
7276,2
7277,2
7278,1
7279,2
7280,2
7281,2
7282,1
7283,1
7284,1
7285,1
7286,1
7287,2
7288,1
7289,2
7290,2
7291,2
7292,1
7293,1
7294,2
7295,2
7296,2
7297,2
7298,1
7299,0
7300,1
7301,2
7302,1
7303,1
7304,2
7305,2
7306,1
7307,2
7308,1
7309,2
7310,0
7311,1
7312,1
7313,2
7314,1
7315,2
7316,1
7317,2
7318,1
7319,2
7320,2
7321,1
7322,0
7323,1
7324,1
7325,2
7326,2
7327,2
7328,1
7329,2
7330,2
7331,1
7332,1
7333,2
7334,1
7335,2
7336,1
7337,2
7338,2
7339,2
7340,2
7341,2
7342,2
7343,1
7344,2
7345,0
7346,1
7347,2
7348,1
7349,1
7350,2
7351,1
7352,1
7353,2
7354,1
7355,1
7356,1
7357,1
7358,2
7359,1
7360,2
7361,1
7362,1
7363,1
7364,1
7365,2
7366,1
7367,1
7368,1
7369,2
7370,2
7371,2
7372,1
7373,1
7374,2
7375,0
7376,1
7377,1
7378,2
7379,1
7380,2
7381,1
7382,2
7383,1
7384,1
7385,2
7386,2
7387,1
7388,2
7389,2
7390,2
7391,1
7392,2
7393,1
7394,1
7395,2
7396,2
7397,1
7398,2
7399,1
7400,2
7401,1
7402,2
7403,2
7404,2
7405,2
7406,2
7407,1
7408,1
7409,1
7410,1
7411,1
7412,1
7413,0
7414,2
7415,1
7416,2
7417,2
7418,1
7419,1
7420,1
7421,1
7422,2
7423,2
7424,1
7425,2
7426,1
7427,1
7428,1
7429,2
7430,1
7431,1
7432,1
7433,2
7434,2
7435,2
7436,2
7437,2
7438,1
7439,1
7440,2
7441,2
7442,1
7443,2
7444,1
7445,1
7446,1
7447,2
7448,1
7449,2
7450,2
7451,1
7452,1
7453,1
7454,1
7455,2
7456,1
7457,2
7458,2
7459,1
7460,1
7461,2
7462,2
7463,1
7464,1
7465,1
7466,2
7467,2
7468,2
7469,1
7470,2
7471,1
7472,2
7473,2
7474,2
7475,2
7476,2
7477,2
7478,1
7479,2
7480,2
7481,2
7482,2
7483,2
7484,1
7485,2
7486,2
7487,2
7488,1
7489,2
7490,2
7491,2
7492,1
7493,1
7494,1
7495,1
7496,2
7497,2
7498,1
7499,2
7500,1
7501,2
7502,2
7503,1
7504,0
7505,1
7506,1
7507,2
7508,2
7509,1
7510,2
7511,2
7512,1
7513,1
7514,2
7515,2
7516,1
7517,1
7518,2
7519,2
7520,1
7521,1
7522,1
7523,2
7524,2
7525,1
7526,2
7527,1
7528,1
7529,2
7530,1
7531,0
7532,2
7533,1
7534,2
7535,2
7536,1
7537,1
7538,1
7539,1
7540,2
7541,1
7542,1
7543,1
7544,2
7545,1
7546,2
7547,1
7548,2
7549,2
7550,1
7551,2
7552,1
7553,2
7554,1
7555,1
7556,2
7557,2
7558,1
7559,2
7560,1
7561,1
7562,2
7563,1
7564,1
7565,2
7566,2
7567,2
7568,2
7569,1
7570,1
7571,1
7572,2
7573,2
7574,2
7575,2
7576,1
7577,0
7578,1
7579,2
7580,1
7581,1
7582,2
7583,2
7584,1
7585,0
7586,1
7587,2
7588,2
7589,2
7590,2
7591,2
7592,1
7593,1
7594,2
7595,2
7596,0
7597,2
7598,2
7599,2
7600,1
7601,2
7602,1
7603,0
7604,2
7605,2
7606,2
7607,2
7608,2
7609,1
7610,1
7611,1
7612,1
7613,2
7614,1
7615,2
7616,1
7617,1
7618,2
7619,1
7620,2
7621,2
7622,1
7623,2
7624,0
7625,2
7626,2
7627,2
7628,2
7629,1
7630,1
7631,2
7632,2
7633,2
7634,2
7635,1
7636,0
7637,2
7638,1
7639,2
7640,1
7641,1
7642,1
7643,1
7644,2
7645,1
7646,1
7647,2
7648,2
7649,1
7650,2
7651,2
7652,1
7653,1
7654,2
7655,2
7656,1
7657,2
7658,2
7659,1
7660,1
7661,2
7662,1
7663,0
7664,1
7665,1
7666,2
7667,1
7668,1
7669,1
7670,1
7671,2
7672,1
7673,1
7674,1
7675,1
7676,0
7677,2
7678,0
7679,2
7680,2
7681,1
7682,2
7683,1
7684,2
7685,1
7686,1
7687,2
7688,1
7689,1
7690,1
7691,2
7692,1
7693,0
7694,2
7695,1
7696,2
7697,2
7698,1
7699,2
7700,2
7701,1
7702,1
7703,1
7704,1
7705,1
7706,1
7707,2
7708,2
7709,1
7710,1
7711,1
7712,2
7713,1
7714,2
7715,2
7716,1
7717,2
7718,1
7719,2
7720,0
7721,1
7722,1
7723,1
7724,1
7725,1
7726,2
7727,0
7728,2
7729,1
7730,2
7731,1
7732,2
7733,2
7734,1
7735,2
7736,1
7737,2
7738,1
7739,1
7740,1
7741,1
7742,1
7743,2
7744,2
7745,1
7746,1
7747,2
7748,0
7749,2
7750,0
7751,1
7752,1
7753,2
7754,2
7755,1
7756,1
7757,1
7758,1
7759,1
7760,1
7761,1
7762,1
7763,1
7764,2
7765,1
7766,1
7767,1
7768,1
7769,1
7770,2
7771,1
7772,1
7773,2
7774,1
7775,1
7776,1
7777,1
7778,0
7779,1
7780,2
7781,0
7782,1
7783,1
7784,1
7785,2
7786,1
7787,2
7788,1
7789,1
7790,1
7791,2
7792,1
7793,2
7794,1
7795,1
7796,2
7797,1
7798,2
7799,2
7800,1
7801,2
7802,1
7803,1
7804,2
7805,1
7806,1
7807,0
7808,1
7809,2
7810,2
7811,2
7812,1
7813,1
7814,2
7815,1
7816,2
7817,0
7818,2
7819,1
7820,1
7821,2
7822,2
7823,1
7824,1
7825,1
7826,2
7827,2
7828,2
7829,1
7830,2
7831,2
7832,1
7833,1
7834,1
7835,2
7836,1
7837,1
7838,2
7839,2
7840,2
7841,1
7842,2
7843,2
7844,1
7845,1
7846,1
7847,1
7848,2
7849,1
7850,2
7851,1
7852,2
7853,1
7854,1
7855,2
7856,2
7857,2
7858,1
7859,2
7860,1
7861,2
7862,2
7863,2
7864,1
7865,1
7866,2
7867,0
7868,2
7869,2
7870,1
7871,2
7872,1
7873,1
7874,1
7875,1
7876,0
7877,2
7878,2
7879,2
7880,2
7881,1
7882,2
7883,2
7884,2
7885,1
7886,2
7887,1
7888,1
7889,1
7890,1
7891,1
7892,2
7893,1
7894,2
7895,2
7896,1
7897,2
7898,1
7899,0
7900,2
7901,0
7902,2
7903,2
7904,2
7905,1
7906,2
7907,1
7908,2
7909,1
7910,1
7911,1
7912,1
7913,1
7914,1
7915,2
7916,1
7917,1
7918,0
7919,1
7920,2
7921,1
7922,1
7923,0
7924,1
7925,1
7926,2
7927,2
7928,2
7929,2
7930,2
7931,2
7932,1
7933,1
7934,1
7935,2
7936,1
7937,1
7938,1
7939,0
7940,2
7941,2
7942,1
7943,1
7944,1
7945,1
7946,1
7947,2
7948,2
7949,2
7950,1
7951,1
7952,1
7953,0
7954,2
7955,2
7956,2
7957,1
7958,1
7959,1
7960,1
7961,2
7962,2
7963,2
7964,1
7965,1
7966,1
7967,1
7968,2
7969,1
7970,1
7971,0
7972,1
7973,2
7974,1
7975,2
7976,1
7977,0
7978,1
7979,2
7980,1
7981,2
7982,1
7983,1
7984,2
7985,2
7986,1
7987,1
7988,2
7989,2
7990,1
7991,1
7992,1
7993,1
7994,2
7995,1
7996,1
7997,1
7998,1
7999,2
8000,2
8001,1
8002,2
8003,1
8004,2
8005,0
8006,1
8007,2
8008,2
8009,1
8010,2
8011,1
8012,1
8013,1
8014,1
8015,1
8016,1
8017,2
8018,1
8019,1
8020,1
8021,2
8022,1
8023,1
8024,2
8025,1
8026,2
8027,1
8028,1
8029,2
8030,2
8031,2
8032,2
8033,1
8034,2
8035,2
8036,1
8037,0
8038,1
8039,2
8040,1
8041,2
8042,2
8043,1
8044,2
8045,1
8046,0
8047,1
8048,1
8049,1
8050,1
8051,2
8052,2
8053,1
8054,1
8055,1
8056,1
8057,2
8058,2
8059,2
8060,1
8061,1
8062,1
8063,1
8064,1
8065,2
8066,2
8067,2
8068,1
8069,1
8070,2
8071,1
8072,2
8073,1
8074,1
8075,2
8076,2
8077,1
8078,2
8079,1
8080,1
8081,1
8082,2
8083,2
8084,2
8085,2
8086,2
8087,1
8088,1
8089,1
8090,1
8091,1
8092,2
8093,1
8094,2
8095,1
8096,1
8097,2
8098,2
8099,2
8100,2
8101,2
8102,1
8103,1
8104,1
8105,1
8106,2
8107,1
8108,1
8109,2
8110,1
8111,2
8112,2
8113,2
8114,2
8115,2
8116,1
8117,1
8118,1
8119,1
8120,1
8121,1
8122,1
8123,2
8124,1
8125,2
8126,1
8127,1
8128,1
8129,1
8130,2
8131,2
8132,2
8133,2
8134,2
8135,1
8136,1
8137,2
8138,1
8139,1
8140,1
8141,1
8142,2
8143,2
8144,1
8145,2
8146,2
8147,2
8148,1
8149,1
8150,1
8151,2
8152,1
8153,2
8154,1
8155,1
8156,1
8157,2
8158,1
8159,2
8160,2
8161,2
8162,0
8163,1
8164,2
8165,0
8166,1
8167,1
8168,1
8169,1
8170,1
8171,1
8172,2
8173,2
8174,1
8175,2
8176,1
8177,1
8178,1
8179,2
8180,2
8181,0
8182,2
8183,1
8184,2
8185,1
8186,1
8187,1
8188,2
8189,1
8190,1
8191,2
8192,1
8193,1
8194,2
8195,2
8196,1
8197,2
8198,0
8199,1
8200,0
8201,2
8202,2
8203,2
8204,2
8205,2
8206,2
8207,2
8208,2
8209,2
8210,2
8211,1
8212,2
8213,1
8214,2
8215,1
8216,1
8217,0
8218,2
8219,1
8220,1
8221,2
8222,1
8223,1
8224,1
8225,2
8226,1
8227,1
8228,1
8229,1
8230,2
8231,2
8232,2
8233,2
8234,2
8235,1
8236,2
8237,2
8238,1
8239,2
8240,0
8241,2
8242,1
8243,1
8244,1
8245,1
8246,2
8247,1
8248,1
8249,1
8250,1
8251,2
8252,2
8253,2
8254,2
8255,2
8256,2
8257,1
8258,0
8259,2
8260,1
8261,1
8262,1
8263,1
8264,2
8265,2
8266,1
8267,2
8268,1
8269,2
8270,1
8271,2
8272,2
8273,1
8274,2
8275,1
8276,0
8277,2
8278,2
8279,2
8280,2
8281,1
8282,1
8283,2
8284,1
8285,1
8286,1
8287,1
8288,1
8289,1
8290,2
8291,1
8292,0
8293,2
8294,1
8295,1
8296,2
8297,1
8298,1
8299,1
8300,1
8301,1
8302,1
8303,2
8304,1
8305,2
8306,1
8307,1
8308,1
8309,2
8310,2
8311,2
8312,2
8313,0
8314,2
8315,2
8316,2
8317,1
8318,1
8319,2
8320,2
8321,2
8322,2
8323,1
8324,1
8325,1
8326,1
8327,1
8328,1
8329,2
8330,1
8331,2
8332,2
8333,2
8334,1
8335,1
8336,2
8337,1
8338,1
8339,2
8340,1
8341,2
8342,1
8343,2
8344,2
8345,2
8346,1
8347,2
8348,1
8349,2
8350,1
8351,2
8352,1
8353,0
8354,2
8355,2
8356,2
8357,1
8358,1
8359,2
8360,1
8361,2
8362,1
8363,2
8364,2
8365,2
8366,1
8367,0
8368,2
8369,2
8370,1
8371,1
8372,1
8373,1
8374,2
8375,1
8376,0
8377,1
8378,2
8379,1
8380,1
8381,2
8382,2
8383,2
8384,1
8385,1
8386,1
8387,1
8388,2
8389,1
8390,1
8391,1
8392,2
8393,2
8394,2
8395,2
8396,0
8397,2
8398,2
8399,1
8400,2
8401,2
8402,1
8403,1
8404,2
8405,2
8406,1
8407,2
8408,1
8409,1
8410,2
8411,1
8412,1
8413,2
8414,1
8415,1
8416,1
8417,1
8418,1
8419,1
8420,2
8421,0
8422,2
8423,1
8424,1
8425,2
8426,1
8427,1
8428,0
8429,1
8430,2
8431,1
8432,2
8433,1
8434,1
8435,2
8436,2
8437,2
8438,1
8439,1
8440,2
8441,2
8442,1
8443,0
8444,2
8445,1
8446,1
8447,1
8448,2
8449,2
8450,1
8451,2
8452,2
8453,2
8454,1
8455,1
8456,2
8457,1
8458,1
8459,1
8460,2
8461,1
8462,2
8463,1
8464,1
8465,1
8466,2
8467,1
8468,2
8469,2
8470,2
8471,2
8472,2
8473,2
8474,0
8475,1
8476,2
8477,1
8478,2
8479,1
8480,1
8481,2
8482,2
8483,1
8484,0
8485,1
8486,2
8487,1
8488,2
8489,2
8490,1
8491,1
8492,2
8493,1
8494,1
8495,1
8496,0
8497,1
8498,1
8499,1
8500,1
8501,2
8502,2
8503,1
8504,1
8505,2
8506,1
8507,0
8508,1
8509,1
8510,1
8511,2
8512,1
8513,2
8514,1
8515,2
8516,2
8517,2
8518,2
8519,1
8520,2
8521,1
8522,2
8523,2
8524,0
8525,1
8526,2
8527,1
8528,2
8529,2
8530,1
8531,1
8532,1
8533,2
8534,1
8535,1
8536,1
8537,1
8538,2
8539,1
8540,2
8541,2
8542,1
8543,1
8544,1
8545,1
8546,2
8547,2
8548,2
8549,1
8550,1
8551,1
8552,2
8553,1
8554,2
8555,2
8556,2
8557,2
8558,0
8559,1
8560,1
8561,2
8562,2
8563,1
8564,2
8565,2
8566,2
8567,1
8568,2
8569,1
8570,2
8571,1
8572,2
8573,1
8574,1
8575,1
8576,1
8577,1
8578,2
8579,2
8580,2
8581,2
8582,2
8583,1
8584,0
8585,2
8586,1
8587,1
8588,2
8589,1
8590,2
8591,1
8592,2
8593,2
8594,2
8595,2
8596,1
8597,1
8598,1
8599,1
8600,1
8601,1
8602,2
8603,2
8604,1
8605,1
8606,1
8607,1
8608,0
8609,2
8610,2
8611,1
8612,1
8613,2
8614,2
8615,1
8616,2
8617,2
8618,2
8619,1
8620,2
8621,2
8622,2
8623,2
8624,2
8625,1
8626,2
8627,0
8628,1
8629,1
8630,0
8631,2
8632,2
8633,1
8634,1
8635,2
8636,1
8637,2
8638,2
8639,1
8640,1
8641,1
8642,2
8643,1
8644,1
8645,2
8646,1
8647,2
8648,1
8649,2
8650,0
8651,1
8652,0
8653,1
8654,1
8655,2
8656,2
8657,2
8658,1
8659,1
8660,2
8661,2
8662,1
8663,2
8664,0
8665,2
8666,1
8667,1
8668,1
8669,2
8670,1
8671,1
8672,2
8673,2
8674,2
8675,1
8676,0
8677,2
8678,2
8679,2
8680,2
8681,1
8682,2
8683,1
8684,2
8685,1
8686,1
8687,1
8688,1
8689,2
8690,1
8691,1
8692,1
8693,1
8694,2
8695,2
8696,1
8697,2
8698,2
8699,2
8700,2
8701,1
8702,0
8703,2
8704,1
8705,2
8706,1
8707,0
8708,1
8709,2
8710,1
8711,2
8712,1
8713,1
8714,2
8715,1
8716,1
8717,2
8718,2
8719,2
8720,1
8721,2
8722,2
8723,2
8724,2
8725,1
8726,1
8727,2
8728,2
8729,2
8730,2
8731,2
8732,1
8733,2
8734,1
8735,1
8736,1
8737,1
8738,2
8739,2
8740,2
8741,2
8742,1
8743,2
8744,2
8745,1
8746,2
8747,2
8748,1
8749,2
8750,2
8751,2
8752,1
8753,1
8754,2
8755,0
8756,1
8757,2
8758,1
8759,2
8760,1
8761,2
8762,0
8763,2
8764,1
8765,1
8766,1
8767,1
8768,1
8769,0
8770,1
8771,1
8772,2
8773,2
8774,2
8775,2
8776,2
8777,1
8778,2
8779,2
8780,1
8781,1
8782,1
8783,2
8784,1
8785,2
8786,0
8787,2
8788,1
8789,2
8790,2
8791,1
8792,2
8793,1
8794,2
8795,2
8796,2
8797,1
8798,2
8799,0
8800,1
8801,2
8802,1
8803,1
8804,2
8805,2
8806,1
8807,2
8808,2
8809,1
8810,1
8811,0
8812,2
8813,2
8814,2
8815,1
8816,2
8817,1
8818,2
8819,2
8820,2
8821,2
8822,2
8823,1
8824,1
8825,1
8826,2
8827,2
8828,1
8829,2
8830,2
8831,2
8832,1
8833,2
8834,1
8835,2
8836,2
8837,1
8838,2
8839,2
8840,2
8841,0
8842,2
8843,1
8844,2
8845,1
8846,1
8847,2
8848,1
8849,1
8850,1
8851,1
8852,1
8853,2
8854,2
8855,2
8856,2
8857,1
8858,1
8859,1
8860,1
8861,0
8862,2
8863,1
8864,1
8865,2
8866,1
8867,2
8868,1
8869,0
8870,1
8871,2
8872,2
8873,1
8874,1
8875,1
8876,1
8877,1
8878,1
8879,2
8880,1
8881,2
8882,2
8883,2
8884,2
8885,2
8886,1
8887,1
8888,2
8889,2
8890,1
8891,1
8892,2
8893,0
8894,1
8895,2
8896,1
8897,2
8898,2
8899,2
8900,1
8901,1
8902,1
8903,1
8904,0
8905,2
8906,2
8907,2
8908,2
8909,0
8910,2
8911,2
8912,2
8913,2
8914,2
8915,1
8916,2
8917,2
8918,1
8919,2
8920,1
8921,1
8922,1
8923,1
8924,1
8925,1
8926,1
8927,1
8928,1
8929,1
8930,2
8931,2
8932,2
8933,2
8934,1
8935,1
8936,2
8937,2
8938,1
8939,2
8940,2
8941,2
8942,1
8943,1
8944,1
8945,2
8946,1
8947,2
8948,1
8949,2
8950,1
8951,2
8952,1
8953,2
8954,1
8955,2
8956,1
8957,1
8958,2
8959,2
8960,1
8961,0
8962,2
8963,1
8964,2
8965,1
8966,2
8967,2
8968,1
8969,1
8970,1
8971,2
8972,2
8973,2
8974,1
8975,1
8976,2
8977,2
8978,1
8979,0
8980,1
8981,2
8982,2
8983,1
8984,1
8985,1
8986,1
8987,2
8988,1
8989,1
8990,0
8991,2
8992,2
8993,2
8994,1
8995,1
8996,2
8997,2
8998,2
8999,1
9000,0
9001,1
9002,2
9003,2
9004,1
9005,1
9006,0
9007,1
9008,1
9009,2
9010,1
9011,2
9012,2
9013,1
9014,1
9015,2
9016,1
9017,1
9018,1
9019,1
9020,1
9021,1
9022,2
9023,1
9024,1
9025,2
9026,1
9027,1
9028,1
9029,2
9030,0
9031,2
9032,0
9033,0
9034,2
9035,1
9036,2
9037,1
9038,2
9039,1
9040,1
9041,1
9042,1
9043,1
9044,2
9045,2
9046,0
9047,1
9048,1
9049,1
9050,2
9051,1
9052,2
9053,0
9054,2
9055,2
9056,1
9057,2
9058,2
9059,2
9060,1
9061,1
9062,2
9063,2
9064,2
9065,1
9066,2
9067,2
9068,2
9069,1
9070,1
9071,1
9072,1
9073,1
9074,2
9075,2
9076,2
9077,1
9078,1
9079,2
9080,2
9081,1
9082,2
9083,1
9084,1
9085,1
9086,0
9087,2
9088,1
9089,2
9090,2
9091,2
9092,2
9093,1
9094,2
9095,1
9096,1
9097,2
9098,2
9099,2
9100,2
9101,1
9102,2
9103,2
9104,2
9105,2
9106,2
9107,2
9108,0
9109,2
9110,2
9111,2
9112,1
9113,1
9114,1
9115,1
9116,1
9117,1
9118,1
9119,2
9120,0
9121,1
9122,2
9123,1
9124,1
9125,2
9126,2
9127,1
9128,1
9129,2
9130,2
9131,2
9132,1
9133,1
9134,2
9135,1
9136,2
9137,1
9138,2
9139,0
9140,2
9141,1
9142,2
9143,2
9144,1
9145,2
9146,1
9147,1
9148,1
9149,1
9150,1
9151,2
9152,2
9153,1
9154,2
9155,2
9156,2
9157,0
9158,1
9159,1
9160,2
9161,2
9162,2
9163,1
9164,1
9165,1
9166,2
9167,1
9168,1
9169,1
9170,2
9171,2
9172,1
9173,1
9174,2
9175,2
9176,2
9177,2
9178,2
9179,1
9180,2
9181,2
9182,1
9183,1
9184,2
9185,1
9186,1
9187,0
9188,1
9189,2
9190,2
9191,2
9192,1
9193,2
9194,1
9195,2
9196,1
9197,2
9198,1
9199,1
9200,1
9201,1
9202,2
9203,1
9204,0
9205,2
9206,2
9207,1
9208,2
9209,2
9210,0
9211,2
9212,1
9213,1
9214,2
9215,2
9216,1
9217,2
9218,1
9219,1
9220,2
9221,0
9222,0
9223,2
9224,2
9225,1
9226,2
9227,1
9228,0
9229,2
9230,1
9231,2
9232,1
9233,2
9234,1
9235,0
9236,2
9237,2
9238,1
9239,2
9240,2
9241,2
9242,1
9243,1
9244,1
9245,2
9246,1
9247,1
9248,1
9249,1
9250,1
9251,1
9252,2
9253,2
9254,1
9255,2
9256,0
9257,2
9258,2
9259,2
9260,1
9261,1
9262,1
9263,1
9264,2
9265,0
9266,2
9267,2
9268,1
9269,2
9270,1
9271,2
9272,1
9273,1
9274,1
9275,1
9276,2
9277,2
9278,1
9279,2
9280,2
9281,1
9282,2
9283,1
9284,2
9285,2
9286,1
9287,1
9288,2
9289,2
9290,2
9291,2
9292,2
9293,1
9294,2
9295,1
9296,2
9297,1
9298,2
9299,1
9300,1
9301,1
9302,1
9303,2
9304,2
9305,2
9306,2
9307,1
9308,1
9309,2
9310,2
9311,2
9312,1
9313,1
9314,2
9315,0
9316,1
9317,1
9318,2
9319,1
9320,1
9321,2
9322,1
9323,2
9324,2
9325,1
9326,1
9327,1
9328,2
9329,2
9330,2
9331,2
9332,1
9333,2
9334,1
9335,1
9336,1
9337,2
9338,1
9339,0
9340,1
9341,2
9342,1
9343,2
9344,2
9345,2
9346,1
9347,2
9348,2
9349,2
9350,2
9351,1
9352,1
9353,1
9354,2
9355,2
9356,1
9357,1
9358,1
9359,2
9360,2
9361,2
9362,2
9363,1
9364,1
9365,0
9366,1
9367,1
9368,2
9369,2
9370,1
9371,1
9372,2
9373,1
9374,2
9375,2
9376,0
9377,2
9378,2
9379,1
9380,1
9381,0
9382,2
9383,1
9384,1
9385,2
9386,1
9387,1
9388,1
9389,1
9390,2
9391,1
9392,1
9393,1
9394,1
9395,2
9396,1
9397,2
9398,2
9399,2
9400,1
9401,1
9402,1
9403,2
9404,1
9405,2
9406,1
9407,1
9408,2
9409,0
9410,1
9411,1
9412,1
9413,1
9414,1
9415,2
9416,1
9417,1
9418,2
9419,2
9420,1
9421,2
9422,1
9423,1
9424,2
9425,1
9426,1
9427,1
9428,0
9429,2
9430,0
9431,2
9432,2
9433,2
9434,1
9435,1
9436,0
9437,1
9438,1
9439,2
9440,1
9441,2
9442,2
9443,2
9444,1
9445,1
9446,1
9447,2
9448,2
9449,0
9450,1
9451,2
9452,2
9453,2
9454,1
9455,1
9456,2
9457,1
9458,1
9459,0
9460,1
9461,1
9462,1
9463,1
9464,1
9465,1
9466,2
9467,2
9468,2
9469,1
9470,2
9471,2
9472,1
9473,2
9474,1
9475,2
9476,2
9477,1
9478,0
9479,2
9480,2
9481,2
9482,0
9483,1
9484,2
9485,2
9486,2
9487,2
9488,2
9489,1
9490,2
9491,1
9492,2
9493,1
9494,2
9495,1
9496,1
9497,1
9498,1
9499,2
9500,1
9501,1
9502,2
9503,0
9504,1
9505,1
9506,1
9507,2
9508,1
9509,2
9510,1
9511,2
9512,1
9513,2
9514,2
9515,2
9516,1
9517,2
9518,2
9519,1
9520,2
9521,2
9522,0
9523,1
9524,0
9525,1
9526,0
9527,2
9528,2
9529,1
9530,1
9531,2
9532,1
9533,1
9534,1
9535,1
9536,1
9537,1
9538,0
9539,1
9540,2
9541,1
9542,1
9543,2
9544,2
9545,1
9546,1
9547,2
9548,1
9549,2
9550,1
9551,2
9552,2
9553,2
9554,0
9555,1
9556,2
9557,1
9558,1
9559,2
9560,2
9561,2
9562,2
9563,2
9564,1
9565,2
9566,1
9567,1
9568,1
9569,2
9570,1
9571,1
9572,2
9573,1
9574,1
9575,1
9576,1
9577,1
9578,1
9579,2
9580,1
9581,2
9582,2
9583,1
9584,2
9585,2
9586,2
9587,2
9588,1
9589,2
9590,1
9591,1
9592,1
9593,2
9594,1
9595,2
9596,0
9597,2
9598,2
9599,1
9600,1
9601,1
9602,1
9603,2
9604,2
9605,1
9606,2
9607,1
9608,1
9609,0
9610,2
9611,2
9612,1
9613,2
9614,2
9615,2
9616,2
9617,1
9618,1
9619,1
9620,2
9621,2
9622,1
9623,1
9624,2
9625,2
9626,1
9627,1
9628,1
9629,1
9630,0
9631,1
9632,1
9633,2
9634,1
9635,2
9636,1
9637,1
9638,2
9639,2
9640,1
9641,1
9642,2
9643,2
9644,1
9645,1
9646,2
9647,1
9648,2
9649,0
9650,2
9651,1
9652,2
9653,2
9654,1
9655,2
9656,0
9657,1
9658,2
9659,2
9660,1
9661,1
9662,2
9663,1
9664,2
9665,1
9666,1
9667,2
9668,2
9669,0
9670,2
9671,2
9672,2
9673,1
9674,1
9675,2
9676,1
9677,2
9678,1
9679,2
9680,2
9681,1
9682,2
9683,2
9684,2
9685,1
9686,1
9687,0
9688,2
9689,2
9690,2
9691,0
9692,0
9693,2
9694,2
9695,1
9696,2
9697,1
9698,1
9699,0
9700,1
9701,0
9702,2
9703,1
9704,2
9705,2
9706,2
9707,1
9708,0
9709,1
9710,2
9711,1
9712,2
9713,2
9714,2
9715,2
9716,2
9717,1
9718,2
9719,2
9720,1
9721,1
9722,1
9723,2
9724,1
9725,2
9726,2
9727,2
9728,2
9729,1
9730,1
9731,2
9732,2
9733,1
9734,1
9735,1
9736,2
9737,1
9738,2
9739,1
9740,2
9741,2
9742,1
9743,2
9744,2
9745,2
9746,2
9747,2
9748,1
9749,2
9750,1
9751,1
9752,1
9753,2
9754,2
9755,2
9756,1
9757,2
9758,1
9759,2
9760,0
9761,1
9762,1
9763,1
9764,1
9765,1
9766,2
9767,0
9768,2
9769,2
9770,1
9771,0
9772,1
9773,2
9774,2
9775,2
9776,1
9777,1
9778,2
9779,1
9780,2
9781,2
9782,1
9783,1
9784,2
9785,1
9786,1
9787,2
9788,2
9789,2
9790,2
9791,1
9792,2
9793,1
9794,2
9795,2
9796,1
9797,2
9798,1
9799,1
9800,1
9801,2
9802,0
9803,0
9804,1
9805,2
9806,2
9807,1
9808,2
9809,2
9810,2
9811,2
9812,2
9813,2
9814,2
9815,2
9816,2
9817,2
9818,2
9819,2
9820,1
9821,2
9822,2
9823,1
9824,2
9825,2
9826,1
9827,1
9828,2
9829,1
9830,1
9831,1
9832,2
9833,1
9834,2
9835,2
9836,1
9837,1
9838,0
9839,1
9840,1
9841,1
9842,1
9843,1
9844,2
9845,2
9846,2
9847,1
9848,1
9849,2
9850,2
9851,0
9852,1
9853,1
9854,2
9855,1
9856,2
9857,1
9858,2
9859,1
9860,1
9861,1
9862,1
9863,2
9864,2
9865,2
9866,1
9867,1
9868,1
9869,1
9870,0
9871,1
9872,2
9873,2
9874,1
9875,1
9876,1
9877,2
9878,2
9879,2
9880,0
9881,2
9882,1
9883,1
9884,1
9885,2
9886,2
9887,1
9888,1
9889,2
9890,1
9891,2
9892,2
9893,1
9894,1
9895,1
9896,0
9897,2
9898,1
9899,1
9900,1
9901,1
9902,1
9903,1
9904,2
9905,1
9906,1
9907,1
9908,2
9909,0
9910,2
9911,1
9912,1
9913,1
9914,1
9915,2
9916,1
9917,1
9918,2
9919,2
9920,2
9921,1
9922,1
9923,2
9924,1
9925,2
9926,1
9927,1
9928,1
9929,2
9930,1
9931,1
9932,1
9933,2
9934,1
9935,2
9936,1
9937,1
9938,2
9939,1
9940,2
9941,2
9942,1
9943,1
9944,2
9945,1
9946,2
9947,1
9948,2
9949,2
9950,1
9951,1
9952,2
9953,1
9954,1
9955,1
9956,2
9957,0
9958,1
9959,2
9960,2
9961,1
9962,1
9963,2
9964,1
9965,1
9966,1
9967,2
9968,2
9969,2
9970,1
9971,1
9972,1
9973,2
9974,2
9975,1
9976,2
9977,1
9978,2
9979,0
9980,2
9981,1
9982,2
9983,1
9984,2
9985,2
9986,1
9987,1
9988,1
9989,0
9990,1
9991,1
9992,2
9993,1
9994,1
9995,2
9996,1
9997,1
9998,2
9999,1
10000,2
10001,2
10002,2
10003,2
10004,1
10005,2
10006,1
10007,2
10008,2
10009,2
10010,1
10011,1
10012,2
10013,1
10014,1
10015,2
10016,1
10017,2
10018,2
10019,1
10020,1
10021,1
10022,0
10023,0
10024,1
10025,2
10026,1
10027,1
10028,1
10029,2
10030,2
10031,1
10032,2
10033,1
10034,2
10035,2
10036,1
10037,2
10038,1
10039,0
10040,2
10041,2
10042,1
10043,2
10044,2
10045,0
10046,1
10047,1
10048,2
10049,2
10050,2
10051,2
10052,2
10053,2
10054,2
10055,2
10056,2
10057,2
10058,2
10059,1
10060,1
10061,1
10062,1
10063,2
10064,1
10065,1
10066,1
10067,1
10068,1
10069,1
10070,1
10071,1
10072,2
10073,1
10074,1
10075,1
10076,2
10077,0
10078,2
10079,1
10080,2
10081,2
10082,0
10083,2
10084,1
10085,2
10086,2
10087,1
10088,2
10089,2
10090,1
10091,1
10092,2
10093,0
10094,2
10095,2
10096,2
10097,0
10098,2
10099,2
10100,1
10101,0
10102,2
10103,2
10104,1
10105,2
10106,2
10107,1
10108,1
10109,1
10110,1
10111,1
10112,2
10113,2
10114,1
10115,1
10116,1
10117,2
10118,2
10119,2
10120,2
10121,1
10122,2
10123,2
10124,2
10125,1
10126,2
10127,1
10128,2
10129,2
10130,1
10131,2
10132,1
10133,2
10134,2
10135,2
10136,0
10137,2
10138,1
10139,2
10140,2
10141,2
10142,1
10143,0
10144,1
10145,1
10146,2
10147,2
10148,2
10149,1
10150,1
10151,1
10152,2
10153,2
10154,1
10155,2
10156,2
10157,0
10158,0
10159,2
10160,1
10161,1
10162,2
10163,1
10164,2
10165,1
10166,2
10167,1
10168,1
10169,1
10170,0
10171,1
10172,0
10173,1
10174,0
10175,1
10176,1
10177,1
10178,2
10179,2
10180,1
10181,1
10182,1
10183,1
10184,2
10185,2
10186,2
10187,1
10188,2
10189,2
10190,2
10191,1
10192,2
10193,0
10194,1
10195,1
10196,2
10197,2
10198,1
10199,1
10200,2
10201,2
10202,1
10203,1
10204,1
10205,2
10206,2
10207,0
10208,1
10209,1
10210,2
10211,2
10212,0
10213,1
10214,1
10215,2
10216,1
10217,1
10218,1
10219,2
10220,0
10221,2
10222,2
10223,2
10224,2
10225,1
10226,0
10227,1
10228,0
10229,1
10230,2
10231,1
10232,1
10233,1
10234,2
10235,2
10236,1
10237,1
10238,1
10239,2
10240,2
10241,2
10242,2
10243,0
10244,1
10245,2
10246,2
10247,2
10248,1
10249,2
10250,2
10251,1
10252,1
10253,2
10254,1
10255,2
10256,2
10257,0
10258,1
10259,2
10260,1
10261,2
10262,0
10263,1
10264,1
10265,1
10266,0
10267,1
10268,2
10269,1
10270,2
10271,1
10272,1
10273,2
10274,2
10275,1
10276,2
10277,2
10278,2
10279,1
10280,2
10281,2
10282,2
10283,1
10284,1
10285,1
10286,1
10287,2
10288,1
10289,2
10290,2
10291,1
10292,1
10293,2
10294,2
10295,2
10296,1
10297,2
10298,2
10299,1
10300,1
10301,1
10302,1
10303,2
10304,2
10305,2
10306,1
10307,2
10308,1
10309,2
10310,1
10311,2
10312,0
10313,2
10314,2
10315,0
10316,1
10317,2
10318,1
10319,2
10320,0
10321,1
10322,1
10323,2
10324,2
10325,2
10326,1
10327,1
10328,2
10329,1
10330,1
10331,1
10332,2
10333,1
10334,2
10335,2
10336,1
10337,2
10338,1
10339,2
10340,2
10341,1
10342,1
10343,2
10344,0
10345,2
10346,2
10347,1
10348,1
10349,0
10350,1
10351,1
10352,1
10353,1
10354,2
10355,2
10356,2
10357,1
10358,0
10359,1
10360,2
10361,1
10362,1
10363,1
10364,1
10365,1
10366,1
10367,1
10368,1
10369,1
10370,1
10371,1
10372,2
10373,1
10374,2
10375,1
10376,2
10377,1
10378,1
10379,1
10380,2
10381,1
10382,2
10383,2
10384,1
10385,2
10386,2
10387,1
10388,1
10389,1
10390,2
10391,2
10392,1
10393,2
10394,1
10395,2
10396,2
10397,2
10398,2
10399,2
10400,1
10401,1
10402,1
10403,1
10404,2
10405,1
10406,1
10407,1
10408,1
10409,2
10410,1
10411,1
10412,2
10413,2
10414,1
10415,1
10416,2
10417,1
10418,1
10419,1
10420,1
10421,1
10422,1
10423,0
10424,2
10425,1
10426,1
10427,1
10428,2
10429,2
10430,1
10431,2
10432,2
10433,1
10434,1
10435,2
10436,1
10437,0
10438,2
10439,1
10440,2
10441,2
10442,2
10443,2
10444,1
10445,2
10446,1
10447,2
10448,2
10449,2
10450,1
10451,1
10452,1
10453,1
10454,2
10455,2
10456,1
10457,2
10458,1
10459,2
10460,1
10461,2
10462,2
10463,1
10464,2
10465,2
10466,2
10467,2
10468,1
10469,1
10470,0
10471,1
10472,1
10473,2
10474,1
10475,2
10476,1
10477,1
10478,2
10479,0
10480,1
10481,2
10482,1
10483,1
10484,2
10485,2
10486,1
10487,2
10488,1
10489,2
10490,1
10491,1
10492,1
10493,1
10494,2
10495,1
10496,2
10497,0
10498,2
10499,1
10500,1
10501,1
10502,2
10503,1
10504,1
10505,2
10506,2
10507,2
10508,1
10509,1
10510,1
10511,2
10512,2
10513,1
10514,0
10515,1
10516,1
10517,2
10518,1
10519,1
10520,2
10521,2
10522,1
10523,2
10524,2
10525,2
10526,2
10527,1
10528,1
10529,2
10530,1
10531,1
10532,1
10533,1
10534,1
10535,2
10536,1
10537,1
10538,2
10539,2
10540,1
10541,2
10542,2
10543,2
10544,2
10545,1
10546,2
10547,1
10548,2
10549,2
10550,1
10551,1
10552,2
10553,1
10554,0
10555,1
10556,2
10557,1
10558,1
10559,1
10560,1
10561,1
10562,1
10563,2
10564,1
10565,2
10566,2
10567,1
10568,1
10569,1
10570,2
10571,1
10572,1
10573,2
10574,1
10575,0
10576,1
10577,1
10578,2
10579,1
10580,1
10581,1
10582,2
10583,1
10584,2
10585,1
10586,1
10587,1
10588,2
10589,1
10590,1
10591,2
10592,0
10593,1
10594,2
10595,2
10596,1
10597,1
10598,2
10599,0
10600,1
10601,2
10602,2
10603,1
10604,2
10605,2
10606,1
10607,2
10608,1
10609,1
10610,1
10611,2
10612,2
10613,1
10614,2
10615,1
10616,2
10617,1
10618,2
10619,1
10620,2
10621,2
10622,1
10623,2
10624,2
10625,2
10626,1
10627,1
10628,2
10629,1
10630,1
10631,1
10632,2
10633,1
10634,1
10635,2
10636,2
10637,2
10638,1
10639,2
10640,0
10641,1
10642,2
10643,2
10644,2
10645,2
10646,1
10647,1
10648,2
10649,2
10650,1
10651,2
10652,2
10653,2
10654,2
10655,1
10656,2
10657,2
10658,1
10659,1
10660,0
10661,2
10662,1
10663,2
10664,1
10665,1
10666,2
10667,0
10668,1
10669,1
10670,2
10671,2
10672,2
10673,1
10674,0
10675,2
10676,2
10677,1
10678,1
10679,0
10680,1
10681,2
10682,1
10683,2
10684,2
10685,2
10686,1
10687,1
10688,0
10689,2
10690,2
10691,1
10692,1
10693,1
10694,1
10695,1
10696,2
10697,1
10698,2
10699,2
10700,2
10701,1
10702,0
10703,0
10704,2
10705,2
10706,1
10707,2
10708,1
10709,2
10710,1
10711,1
10712,2
10713,1
10714,1
10715,2
10716,1
10717,2
10718,2
10719,2
10720,2
10721,2
10722,1
10723,2
10724,2
10725,2
10726,2
10727,1
10728,2
10729,2
10730,2
10731,1
10732,2
10733,1
10734,1
10735,2
10736,0
10737,2
10738,2
10739,1
10740,1
10741,1
10742,1
10743,2
10744,2
10745,1
10746,1
10747,2
10748,1
10749,1
10750,2
10751,2
10752,1
10753,1
10754,1
10755,2
10756,2
10757,1
10758,2
10759,2
10760,1
10761,1
10762,2
10763,2
10764,2
10765,2
10766,2
10767,1
10768,1
10769,1
10770,2
10771,1
10772,2
10773,1
10774,1
10775,2
10776,1
10777,2
10778,2
10779,2
10780,2
10781,2
10782,1
10783,0
10784,2
10785,2
10786,2
10787,1
10788,1
10789,2
10790,1
10791,1
10792,1
10793,2
10794,1
10795,1
10796,2
10797,1
10798,1
10799,2
10800,1
10801,1
10802,1
10803,2
10804,1
10805,2
10806,2
10807,2
10808,1
10809,1
10810,2
10811,1
10812,1
10813,2
10814,1
10815,1
10816,2
10817,2
10818,1
10819,1
10820,0
10821,1
10822,2
10823,2
10824,2
10825,1
10826,1
10827,2
10828,2
10829,1
10830,2
10831,1
10832,2
10833,2
10834,2
10835,1
10836,2
10837,1
10838,2
10839,1
10840,1
10841,2
10842,1
10843,1
10844,1
10845,1
10846,1
10847,2
10848,1
10849,2
10850,1
10851,1
10852,1
10853,1
10854,2
10855,2
10856,1
10857,1
10858,2
10859,2
10860,1
10861,1
10862,1
10863,1
10864,1
10865,2
10866,1
10867,2
10868,0
10869,2
10870,2
10871,2
10872,1
10873,1
10874,2
10875,1
10876,2
10877,2
10878,1
10879,2
10880,2
10881,2
10882,1
10883,1
10884,2
10885,1
10886,2
10887,1
10888,2
10889,2
10890,1
10891,2
10892,1
10893,2
10894,2
10895,2
10896,1
10897,2
10898,1
10899,1
10900,2
10901,0
10902,2
10903,1
10904,2
10905,1
10906,2
10907,2
10908,2
10909,1
10910,1
10911,0
10912,1
10913,2
10914,2
10915,0
10916,2
10917,1
10918,1
10919,1
10920,1
10921,0
10922,2
10923,1
10924,1
10925,1
10926,2
10927,2
10928,1
10929,2
10930,0
10931,1
10932,1
10933,2
10934,1
10935,2
10936,1
10937,1
10938,1
10939,0
10940,2
10941,1
10942,1
10943,2
10944,1
10945,2
10946,2
10947,2
10948,1
10949,2
10950,2
10951,1
10952,1
10953,2
10954,1
10955,2
10956,2
10957,1
10958,2
10959,2
10960,0
10961,2
10962,1
10963,2
10964,2
10965,2
10966,1
10967,1
10968,2
10969,2
10970,0
10971,1
10972,2
10973,1
10974,2
10975,2
10976,2
10977,2
10978,1
10979,1
10980,1
10981,2
10982,1
10983,2
10984,2
10985,2
10986,2
10987,1
10988,1
10989,2
10990,2
10991,2
10992,1
10993,1
10994,2
10995,2
10996,2
10997,2
10998,1
10999,1
11000,2
11001,2
11002,1
11003,2
11004,1
11005,2
11006,1
11007,1
11008,1
11009,2
11010,2
11011,2
11012,1
11013,2
11014,1
11015,1
11016,1
11017,1
11018,1
11019,1
11020,2
11021,1
11022,2
11023,1
11024,2
11025,1
11026,1
11027,2
11028,0
11029,1
11030,1
11031,1
11032,2
11033,2
11034,1
11035,2
11036,2
11037,0
11038,1
11039,2
11040,1
11041,1
11042,2
11043,1
11044,1
11045,1
11046,2
11047,1
11048,2
11049,1
11050,1
11051,1
11052,2
11053,1
11054,1
11055,2
11056,2
11057,2
11058,1
11059,2
11060,2
11061,1
11062,1
11063,2
11064,2
11065,2
11066,1
11067,2
11068,1
11069,2
11070,1
11071,2
11072,1
11073,1
11074,0
11075,1
11076,1
11077,1
11078,1
11079,1
11080,2
11081,1
11082,1
11083,1
11084,1
11085,1
11086,2
11087,2
11088,2
11089,2
11090,0
11091,2
11092,2
11093,2
11094,2
11095,1
11096,2
11097,2
11098,1
11099,1
11100,1
11101,2
11102,1
11103,2
11104,1
11105,2
11106,2
11107,1
11108,2
11109,1
11110,2
11111,1
11112,1
11113,1
11114,2
11115,1
11116,2
11117,1
11118,1
11119,2
11120,1
11121,1
11122,2
11123,1
11124,2
11125,1
11126,1
11127,1
11128,1
11129,1
11130,2
11131,1
11132,1
11133,1
11134,1
11135,2
11136,2
11137,1
11138,1
11139,2
11140,1
11141,1
11142,2
11143,2
11144,1
11145,1
11146,0
11147,1
11148,1
11149,2
11150,1
11151,1
11152,2
11153,1
11154,1
11155,2
11156,1
11157,1
11158,1
11159,1
11160,1
11161,1
11162,2
11163,0
11164,2
11165,2
11166,2
11167,1
11168,1
11169,1
11170,1
11171,2
11172,1
11173,2
11174,2
11175,1
11176,2
11177,1
11178,2
11179,2
11180,1
11181,2
11182,2
11183,1
11184,1
11185,2
11186,2
11187,2
11188,1
11189,2
11190,1
11191,2
11192,0
11193,1
11194,1
11195,0
11196,2
11197,1
11198,2
11199,2
11200,1
11201,2
11202,1
11203,0
11204,1
11205,2
11206,2
11207,1
11208,2
11209,2
11210,2
11211,2
11212,2
11213,2
11214,2
11215,1
11216,0
11217,0
11218,2
11219,1
11220,2
11221,2
11222,1
11223,1
11224,2
11225,1
11226,1
11227,1
11228,2
11229,1
11230,2
11231,1
11232,1
11233,1
11234,2
11235,1
11236,1
11237,1
11238,2
11239,2
11240,1
11241,1
11242,2
11243,1
11244,2
11245,1
11246,1
11247,1
11248,1
11249,2
11250,1
11251,1
11252,1
11253,2
11254,1
11255,2
11256,1
11257,2
11258,0
11259,2
11260,1
11261,2
11262,2
11263,2
11264,1
11265,2
11266,1
11267,0
11268,1
11269,2
11270,1
11271,1
11272,2
11273,2
11274,1
11275,2
11276,2
11277,2
11278,2
11279,1
11280,2
11281,1
11282,2
11283,2
11284,1
11285,1
11286,2
11287,2
11288,2
11289,2
11290,1
11291,1
11292,2
11293,0
11294,1
11295,1
11296,2
11297,0
11298,2
11299,1
11300,2
11301,2
11302,0
11303,2
11304,2
11305,1
11306,1
11307,2
11308,1
11309,1
11310,1
11311,1
11312,1
11313,1
11314,1
11315,1
11316,2
11317,1
11318,1
11319,1
11320,1
11321,2
11322,1
11323,1
11324,1
11325,2
11326,1
11327,2
11328,1
11329,1
11330,1
11331,2
11332,1
11333,1
11334,1
11335,1
11336,1
11337,1
11338,0
11339,2
11340,2
11341,1
11342,1
11343,2
11344,1
11345,2
11346,2
11347,2
11348,2
11349,1
11350,1
11351,2
11352,2
11353,1
11354,1
11355,1
11356,2
11357,2
11358,1
11359,1
11360,1
11361,2
11362,1
11363,2
11364,1
11365,2
11366,2
11367,1
11368,1
11369,2
11370,2
11371,1
11372,1
11373,0
11374,1
11375,2
11376,2
11377,1
11378,2
11379,2
11380,1
11381,1
11382,2
11383,1
11384,0
11385,1
11386,2
11387,1
11388,2
11389,1
11390,2
11391,1
11392,1
11393,2
11394,2
11395,1
11396,1
11397,2
11398,2
11399,2
11400,1
11401,2
11402,1
11403,1
11404,1
11405,1
11406,2
11407,1
11408,1
11409,1
11410,2
11411,2
11412,1
11413,0
11414,1
11415,2
11416,2
11417,1
11418,2
11419,2
11420,2
11421,1
11422,2
11423,2
11424,0
11425,1
11426,2
11427,2
11428,1
11429,1
11430,2
11431,1
11432,1
11433,1
11434,1
11435,2
11436,0
11437,1
11438,2
11439,2
11440,2
11441,1
11442,2
11443,1
11444,0
11445,2
11446,2
11447,2
11448,1
11449,1
11450,1
11451,1
11452,1
11453,2
11454,0
11455,0
11456,2
11457,2
11458,1
11459,2
11460,1
11461,2
11462,1
11463,1
11464,1
11465,2
11466,2
11467,2
11468,1
11469,2
11470,2
11471,1
11472,1
11473,2
11474,2
11475,2
11476,0
11477,2
11478,2
11479,2
11480,1
11481,2
11482,2
11483,1
11484,1
11485,1
11486,1
11487,1
11488,2
11489,1
11490,2
11491,2
11492,1
11493,2
11494,2
11495,1
11496,1
11497,2
11498,1
11499,2
11500,2
11501,1
11502,2
11503,1
11504,1
11505,1
11506,2
11507,1
11508,2
11509,0
11510,1
11511,1
11512,1
11513,2
11514,2
11515,2
11516,2
11517,2
11518,1
11519,1
11520,1
11521,1
11522,2
11523,2
11524,2
11525,2
11526,1
11527,1
11528,2
11529,1
11530,2
11531,2
11532,2
11533,1
11534,1
11535,1
11536,1
11537,1
11538,1
11539,1
11540,2
11541,1
11542,1
11543,1
11544,2
11545,2
11546,1
11547,2
11548,2
11549,1
11550,1
11551,1
11552,2
11553,1
11554,1
11555,2
11556,1
11557,1
11558,1
11559,1
11560,1
11561,1
11562,2
11563,1
11564,1
11565,2
11566,1
11567,2
11568,2
11569,1
11570,2
11571,2
11572,2
11573,2
11574,2
11575,2
11576,2
11577,1
11578,2
11579,2
11580,2
11581,1
11582,1
11583,1
11584,2
11585,2
11586,1
11587,1
11588,2
11589,1
11590,1
11591,1
11592,1
11593,0
11594,1
11595,1
11596,2
11597,2
11598,2
11599,2
11600,2
11601,1
11602,2
11603,1
11604,1
11605,1
11606,2
11607,1
11608,2
11609,1
11610,1
11611,1
11612,2
11613,2
11614,2
11615,0
11616,1
11617,2
11618,2
11619,1
11620,2
11621,2
11622,1
11623,2
11624,1
11625,2
11626,2
11627,2
11628,1
11629,2
11630,2
11631,1
11632,2
11633,2
11634,1
11635,1
11636,2
11637,1
11638,2
11639,0
11640,1
11641,1
11642,2
11643,2
11644,1
11645,1
11646,2
11647,2
11648,1
11649,1
11650,2
11651,1
11652,1
11653,1
11654,2
11655,2
11656,2
11657,1
11658,2
11659,2
11660,2
11661,1
11662,2
11663,2
11664,1
11665,1
11666,1
11667,2
11668,2
11669,1
11670,2
11671,0
11672,1
11673,2
11674,1
11675,1
11676,1
11677,1
11678,0
11679,2
11680,1
11681,2
11682,1
11683,2
11684,2
11685,2
11686,2
11687,0
11688,0
11689,1
11690,1
11691,0
11692,1
11693,2
11694,1
11695,1
11696,2
11697,1
11698,2
11699,2
11700,2
11701,2
11702,0
11703,1
11704,1
11705,2
11706,2
11707,2
11708,2
11709,1
11710,2
11711,1
11712,1
11713,1
11714,2
11715,2
11716,1
11717,2
11718,0
11719,1
11720,1
11721,0
11722,2
11723,1
11724,2
11725,1
11726,2
11727,2
11728,2
11729,0
11730,2
11731,1
11732,2
11733,2
11734,2
11735,1
11736,1
11737,1
11738,1
11739,2
11740,1
11741,1
11742,2
11743,1
11744,1
11745,2
11746,1
11747,1
11748,2
11749,2
11750,1
11751,2
11752,2
11753,1
11754,1
11755,1
11756,2
11757,1
11758,1
11759,1
11760,2
11761,2
11762,1
11763,2
11764,0
11765,2
11766,2
11767,1
11768,1
11769,1
11770,1
11771,2
11772,1
11773,0
11774,1
11775,1
11776,2
11777,1
11778,2
11779,2
11780,1
11781,2
11782,2
11783,1
11784,2
11785,2
11786,1
11787,2
11788,2
11789,1
11790,1
11791,1
11792,1
11793,1
11794,2
11795,2
11796,2
11797,1
11798,1
11799,1
11800,2
11801,1
11802,2
11803,0
11804,0
11805,1
11806,0
11807,1
11808,1
11809,2
11810,2
11811,2
11812,0
11813,1
11814,1
11815,2
11816,2
11817,1
11818,1
11819,1
11820,2
11821,1
11822,2
11823,2
11824,2
11825,2
11826,2
11827,2
11828,2
11829,2
11830,1
11831,1
11832,1
11833,2
11834,1
11835,1
11836,1
11837,1
11838,1
11839,1
11840,2
11841,2
11842,1
11843,1
11844,2
11845,1
11846,2
11847,1
11848,1
11849,0
11850,2
11851,2
11852,1
11853,1
11854,0
11855,1
11856,1
11857,2
11858,2
11859,2
11860,1
11861,1
11862,2
11863,1
11864,2
11865,1
11866,1
11867,2
11868,1
11869,2
11870,1
11871,1
11872,2
11873,2
11874,2
11875,1
11876,2
11877,0
11878,1
11879,1
11880,1
11881,2
11882,2
11883,0
11884,1
11885,2
11886,2
11887,2
11888,1
11889,1
11890,2
11891,2
11892,1
11893,1
11894,1
11895,1
11896,2
11897,2
11898,1
11899,1
11900,2
11901,1
11902,2
11903,1
11904,2
11905,1
11906,2
11907,2
11908,1
11909,2
11910,2
11911,1
11912,2
11913,1
11914,2
11915,1
11916,2
11917,1
11918,2
11919,2
11920,2
11921,2
11922,1
11923,1
11924,2
11925,1
11926,1
11927,1
11928,2
11929,1
11930,2
11931,1
11932,1
11933,0
11934,1
11935,2
11936,2
11937,2
11938,2
11939,1
11940,2
11941,1
11942,1
11943,2
11944,1
11945,2
11946,2
11947,0
11948,2
11949,2
11950,1
11951,1
11952,0
11953,1
11954,1
11955,0
11956,1
11957,1
11958,2
11959,2
11960,2
11961,1
11962,2
11963,2
11964,0
11965,1
11966,1
11967,0
11968,2
11969,2
11970,1
11971,1
11972,2
11973,1
11974,2
11975,1
11976,1
11977,2
11978,1
11979,1
11980,1
11981,1
11982,2
11983,1
11984,1
11985,2
11986,1
11987,1
11988,2
11989,2
11990,1
11991,1
11992,2
11993,2
11994,1
11995,2
11996,1
11997,2
11998,2
11999,1
12000,1
12001,1
12002,2
12003,2
12004,1
12005,1
12006,0
12007,1
12008,1
12009,2
12010,1
12011,1
12012,2
12013,1
12014,1
12015,0
12016,2
12017,0
12018,1
12019,2
12020,2
12021,1
12022,2
12023,1
12024,2
12025,2
12026,1
12027,1
12028,2
12029,1
12030,2
12031,1
12032,1
12033,1
12034,2
12035,1
12036,2
12037,2
12038,1
12039,2
12040,2
12041,2
12042,1
12043,1
12044,1
12045,1
12046,1
12047,0
12048,2
12049,2
12050,1
12051,2
12052,1
12053,2
12054,1
12055,0
12056,1
12057,2
12058,2
12059,1
12060,1
12061,1
12062,2
12063,2
12064,2
12065,1
12066,1
12067,1
12068,2
12069,2
12070,2
12071,2
12072,1
12073,2
12074,1
12075,1
12076,2
12077,2
12078,2
12079,1
12080,1
12081,2
12082,2
12083,1
12084,1
12085,0
12086,2
12087,2
12088,1
12089,2
12090,1
12091,1
12092,1
12093,2
12094,1
12095,1
12096,2
12097,1
12098,1
12099,1
12100,1
12101,2
12102,1
12103,1
12104,2
12105,0
12106,2
12107,1
12108,2
12109,2
12110,1
12111,2
12112,1
12113,2
12114,1
12115,1
12116,1
12117,1
12118,1
12119,1
12120,1
12121,2
12122,1
12123,2
12124,1
12125,1
12126,1
12127,2
12128,2
12129,2
12130,1
12131,2
12132,1
12133,2
12134,2
12135,1
12136,1
12137,1
12138,1
12139,2
12140,2
12141,2
12142,1
12143,2
12144,2
12145,2
12146,2
12147,2
12148,2
12149,1
12150,2
12151,1
12152,0
12153,1
12154,2
12155,1
12156,1
12157,2
12158,1
12159,1
12160,2
12161,2
12162,1
12163,2
12164,1
12165,2
12166,0
12167,1
12168,2
12169,2
12170,2
12171,1
12172,2
12173,2
12174,1
12175,2
12176,1
12177,2
12178,1
12179,1
12180,2
12181,0
12182,2
12183,1
12184,1
12185,1
12186,2
12187,1
12188,2
12189,2
12190,1
12191,2
12192,1
12193,2
12194,2
12195,1
12196,1
12197,2
12198,2
12199,1
12200,1
12201,1
12202,2
12203,1
12204,1
12205,2
12206,1
12207,1
12208,1
12209,2
12210,1
12211,1
12212,1
12213,1
12214,1
12215,2
12216,2
12217,2
12218,1
12219,2
12220,2
12221,1
12222,2
12223,2
12224,2
12225,1
12226,2
12227,2
12228,1
12229,1
12230,1
12231,1
12232,1
12233,2
12234,1
12235,1
12236,2
12237,1
12238,1
12239,2
12240,0
12241,1
12242,1
12243,1
12244,1
12245,2
12246,1
12247,1
12248,2
12249,2
12250,2
12251,1
12252,1
12253,2
12254,1
12255,2
12256,1
12257,1
12258,2
12259,1
12260,2
12261,1
12262,1
12263,1
12264,2
12265,2
12266,1
12267,2
12268,1
12269,2
12270,1
12271,1
12272,0
12273,2
12274,0
12275,1
12276,1
12277,2
12278,2
12279,2
12280,2
12281,2
12282,1
12283,1
12284,1
12285,1
12286,0
12287,1
12288,2
12289,0
12290,2
12291,2
12292,1
12293,2
12294,1
12295,1
12296,2
12297,2
12298,2
12299,1
12300,1
12301,2
12302,1
12303,2
12304,2
12305,2
12306,0
12307,1
12308,2
12309,1
12310,0
12311,2
12312,2
12313,1
12314,1
12315,1
12316,1
12317,1
12318,2
12319,1
12320,0
12321,1
12322,1
12323,1
12324,2
12325,1
12326,1
12327,2
12328,2
12329,1
12330,1
12331,1
12332,1
12333,1
12334,1
12335,2
12336,1
12337,2
12338,2
12339,1
12340,2
12341,1
12342,2
12343,2
12344,1
12345,2
12346,2
12347,2
12348,2
12349,2
12350,2
12351,0
12352,2
12353,0
12354,2
12355,2
12356,2
12357,1
12358,2
12359,1
12360,2
12361,0
12362,1
12363,0
12364,2
12365,1
12366,1
12367,1
12368,0
12369,1
12370,0
12371,1
12372,1
12373,2
12374,2
12375,2
12376,2
12377,1
12378,1
12379,0
12380,2
12381,2
12382,2
12383,1
12384,1
12385,1
12386,2
12387,0
12388,1
12389,2
12390,1
12391,1
12392,2
12393,1
12394,1
12395,2
12396,1
12397,1
12398,1
12399,2
12400,2
12401,1
12402,2
12403,1
12404,2
12405,2
12406,1
12407,0
12408,1
12409,2
12410,2
12411,2
12412,1
12413,0
12414,2
12415,1
12416,0
12417,2
12418,1
12419,1
12420,1
12421,1
12422,0
12423,1
12424,2
12425,2
12426,2
12427,1
12428,2
12429,0
12430,1
12431,1
12432,2
12433,1
12434,2
12435,1
12436,1
12437,1
12438,2
12439,2
12440,1
12441,1
12442,1
12443,2
12444,0
12445,2
12446,2
12447,1
12448,2
12449,2
12450,2
12451,2
12452,2
12453,2
12454,2
12455,2
12456,1
12457,1
12458,1
12459,1
12460,2
12461,1
12462,1
12463,1
12464,2
12465,2
12466,2
12467,2
12468,2
12469,1
12470,1
12471,1
12472,1
12473,1
12474,2
12475,2
12476,1
12477,2
12478,2
12479,2
12480,2
12481,1
12482,2
12483,1
12484,2
12485,1
12486,2
12487,1
12488,0
12489,1
12490,1
12491,2
12492,1
12493,2
12494,1
12495,2
12496,2
12497,1
12498,0
12499,2
12500,2
12501,1
12502,1
12503,2
12504,1
12505,2
12506,2
12507,1
12508,0
12509,1
12510,2
12511,2
12512,1
12513,1
12514,1
12515,2
12516,1
12517,2
12518,1
12519,2
12520,2
12521,2
12522,0
12523,1
12524,1
12525,2
12526,1
12527,2
12528,2
12529,2
12530,1
12531,2
12532,2
12533,1
12534,2
12535,2
12536,2
12537,1
12538,1
12539,2
12540,0
12541,1
12542,1
12543,1
12544,1
12545,2
12546,2
12547,1
12548,1
12549,1
12550,1
12551,2
12552,1
12553,1
12554,2
12555,2
12556,2
12557,1
12558,2
12559,1
12560,1
12561,2
12562,2
12563,2
12564,1
12565,1
12566,1
12567,2
12568,2
12569,1
12570,1
12571,1
12572,1
12573,1
12574,2
12575,2
12576,1
12577,0
12578,2
12579,2
12580,0
12581,1
12582,2
12583,1
12584,2
12585,2
12586,1
12587,2
12588,2
12589,1
12590,1
12591,2
12592,1
12593,1
12594,1
12595,2
12596,1
12597,0
12598,2
12599,1
12600,1
12601,1
12602,2
12603,1
12604,1
12605,1
12606,2
12607,2
12608,1
12609,1
12610,0
12611,1
12612,1
12613,2
12614,2
12615,2
12616,1
12617,1
12618,2
12619,2
12620,1
12621,1
12622,2
12623,2
12624,1
12625,2
12626,2
12627,2
12628,2
12629,2
12630,1
12631,2
12632,1
12633,0
12634,1
12635,1
12636,1
12637,2
12638,1
12639,1
12640,2
12641,2
12642,1
12643,1
12644,1
12645,2
12646,1
12647,1
12648,2
12649,2
12650,1
12651,1
12652,2
12653,0
12654,0
12655,2
12656,1
12657,2
12658,1
12659,2
12660,1
12661,2
12662,2
12663,1
12664,1
12665,2
12666,1
12667,2
12668,2
12669,1
12670,2
12671,2
12672,2
12673,2
12674,2
12675,1
12676,2
12677,2
12678,2
12679,1
12680,2
12681,1
12682,2
12683,1
12684,1
12685,1
12686,1
12687,1
12688,2
12689,2
12690,1
12691,1
12692,2
12693,2
12694,1
12695,1
12696,2
12697,1
12698,2
12699,1
12700,1
12701,1
12702,1
12703,2
12704,2
12705,1
12706,2
12707,2
12708,1
12709,2
12710,1
12711,2
12712,2
12713,0
12714,2
12715,1
12716,2
12717,2
12718,2
12719,1
12720,2
12721,2
12722,1
12723,1
12724,1
12725,2
12726,1
12727,2
12728,1
12729,2
12730,2
12731,1
12732,1
12733,2
12734,1
12735,1
12736,1
12737,2
12738,1
12739,2
12740,1
12741,2
12742,2
12743,1
12744,0
12745,2
12746,2
12747,1
12748,2
12749,1
12750,2
12751,1
12752,1
12753,1
12754,2
12755,1
12756,1
12757,0
12758,2
12759,1
12760,2
12761,1
12762,2
12763,2
12764,1
12765,1
12766,1
12767,1
12768,2
12769,1
12770,2
12771,1
12772,0
12773,2
12774,1
12775,1
12776,2
12777,2
12778,1
12779,2
12780,1
12781,2
12782,2
12783,1
12784,2
12785,1
12786,0
12787,1
12788,2
12789,1
12790,1
12791,2
12792,2
12793,2
12794,2
12795,1
12796,2
12797,2
12798,2
12799,2
12800,0
12801,1
12802,2
12803,2
12804,2
12805,1
12806,1
12807,1
12808,1
12809,1
12810,2
12811,2
12812,2
12813,2
12814,1
12815,2
12816,2
12817,2
12818,2
12819,1
12820,2
12821,1
12822,1
12823,1
12824,1
12825,2
12826,1
12827,1
12828,1
12829,2
12830,2
12831,2
12832,2
12833,1
12834,2
12835,2
12836,2
12837,2
12838,2
12839,1
12840,1
12841,2
12842,2
12843,1
12844,1
12845,2
12846,1
12847,1
12848,2
12849,2
12850,2
12851,2
12852,1
12853,1
12854,2
12855,2
12856,2
12857,2
12858,1
12859,1
12860,1
12861,1
12862,2
12863,1
12864,1
12865,2
12866,2
12867,1
12868,2
12869,1
12870,1
12871,2
12872,1
12873,1
12874,2
12875,2
12876,1
12877,2
12878,0
12879,1
12880,1
12881,2
12882,2
12883,2
12884,1
12885,1
12886,1
12887,1
12888,1
12889,1
12890,2
12891,2
12892,1
12893,1
12894,2
12895,2
12896,0
12897,1
12898,2
12899,2
12900,2
12901,1
12902,1
12903,2
12904,1
12905,2
12906,1
12907,1
12908,1
12909,2
12910,1
12911,2
12912,1
12913,1
12914,2
12915,1
12916,2
12917,2
12918,2
12919,0
12920,2
12921,2
12922,1
12923,1
12924,1
12925,1
12926,0
12927,1
12928,2
12929,1
12930,1
12931,1
12932,2
12933,2
12934,2
12935,1
12936,2
12937,2
12938,1
12939,1
12940,1
12941,2
12942,2
12943,2
12944,2
12945,1
12946,1
12947,2
12948,1
12949,2
12950,1
12951,1
12952,1
12953,2
12954,1
12955,2
12956,1
12957,1
12958,2
12959,1
12960,1
12961,2
12962,2
12963,2
12964,2
12965,1
12966,1
12967,2
12968,2
12969,0
12970,1
12971,2
12972,2
12973,1
12974,1
12975,1
12976,2
12977,1
12978,1
12979,2
12980,1
12981,2
12982,2
12983,1
12984,1
12985,2
12986,2
12987,2
12988,0
12989,1
12990,1
12991,1
12992,1
12993,2
12994,1
12995,1
12996,1
12997,2
12998,2
12999,1
13000,1
13001,1
13002,1
13003,1
13004,2
13005,2
13006,1
13007,2
13008,2
13009,2
13010,1
13011,1
13012,2
13013,1
13014,0
13015,2
13016,0
13017,2
13018,1
13019,1
13020,2
13021,2
13022,2
13023,1
13024,2
13025,2
13026,2
13027,2
13028,1
13029,2
13030,1
13031,2
13032,1
13033,1
13034,1
13035,2
13036,1
13037,2
13038,2
13039,1
13040,1
13041,1
13042,1
13043,2
13044,2
13045,1
13046,2
13047,2
13048,2
13049,2
13050,1
13051,2
13052,2
13053,1
13054,2
13055,1
13056,2
13057,2
13058,2
13059,1
13060,2
13061,1
13062,1
13063,1
13064,1
13065,2
13066,2
13067,1
13068,2
13069,0
13070,1
13071,2
13072,2
13073,2
13074,2
13075,1
13076,1
13077,1
13078,1
13079,1
13080,2
13081,1
13082,2
13083,2
13084,2
13085,0
13086,2
13087,2
13088,2
13089,2
13090,2
13091,2
13092,2
13093,1
13094,2
13095,1
13096,0
13097,1
13098,1
13099,2
13100,2
13101,1
13102,2
13103,1
13104,1
13105,2
13106,1
13107,2
13108,1
13109,1
13110,1
13111,1
13112,1
13113,1
13114,1
13115,2
13116,2
13117,1
13118,1
13119,2
13120,0
13121,1
13122,2
13123,2
13124,1
13125,1
13126,2
13127,1
13128,1
13129,2
13130,0
13131,1
13132,1
13133,2
13134,1
13135,2
13136,1
13137,2
13138,1
13139,0
13140,2
13141,2
13142,1
13143,1
13144,1
13145,1
13146,1
13147,1
13148,1
13149,2
13150,2
13151,2
13152,1
13153,1
13154,1
13155,1
13156,1
13157,1
13158,2
13159,2
13160,2
13161,2
13162,1
13163,1
13164,2
13165,2
13166,2
13167,2
13168,1
13169,2
13170,1
13171,2
13172,2
13173,2
13174,2
13175,2
13176,1
13177,2
13178,1
13179,1
13180,1
13181,1
13182,2
13183,1
13184,2
13185,1
13186,1
13187,2
13188,2
13189,2
13190,1
13191,2
13192,2
13193,0
13194,2
13195,2
13196,1
13197,2
13198,1
13199,2
13200,2
13201,1
13202,1
13203,1
13204,1
13205,2
13206,1
13207,2
13208,1
13209,2
13210,1
13211,2
13212,1
13213,2
13214,1
13215,1
13216,2
13217,1
13218,2
13219,1
13220,1
13221,1
13222,2
13223,0
13224,2
13225,1
13226,2
13227,2
13228,2
13229,2
13230,1
13231,1
13232,1
13233,2
13234,2
13235,1
13236,1
13237,1
13238,1
13239,2
13240,1
13241,2
13242,2
13243,1
13244,2
13245,1
13246,2
13247,1
13248,1
13249,1
13250,2
13251,0
13252,2
13253,2
13254,1
13255,1
13256,1
13257,1
13258,2
13259,1
13260,2
13261,1
13262,1
13263,1
13264,2
13265,1
13266,2
13267,1
13268,1
13269,1
13270,1
13271,2
13272,2
13273,2
13274,1
13275,2
13276,1
13277,2
13278,1
13279,2
13280,2
13281,2
13282,1
13283,1
13284,1
13285,2
13286,2
13287,2
13288,1
13289,2
13290,2
13291,1
13292,1
13293,1
13294,1
13295,2
13296,1
13297,2
13298,2
13299,2
13300,1
13301,2
13302,2
13303,1
13304,1
13305,2
13306,2
13307,2
13308,1
13309,2
13310,1
13311,2
13312,1
13313,1
13314,2
13315,1
13316,2
13317,2
13318,2
13319,1
13320,1
13321,2
13322,0
13323,1
13324,1
13325,2
13326,1
13327,2
13328,2
13329,2
13330,1
13331,0
13332,1
13333,2
13334,1
13335,1
13336,2
13337,2
13338,1
13339,2
13340,1
13341,2
13342,2
13343,1
13344,2
13345,2
13346,2
13347,1
13348,1
13349,2
13350,1
13351,2
13352,2
13353,2
13354,2
13355,1
13356,1
13357,1
13358,1
13359,1
13360,1
13361,2
13362,1
13363,1
13364,2
13365,2
13366,2
13367,1
13368,2
13369,2
13370,1
13371,2
13372,1
13373,2
13374,1
13375,1
13376,2
13377,2
13378,1
13379,1
13380,1
13381,2
13382,1
13383,1
13384,1
13385,1
13386,1
13387,2
13388,1
13389,1
13390,1
13391,2
13392,1
13393,2
13394,1
13395,1
13396,1
13397,1
13398,1
13399,1
13400,1
13401,2
13402,2
13403,1
13404,1
13405,1
13406,1
13407,1
13408,1
13409,2
13410,2
13411,2
13412,1
13413,1
13414,2
13415,2
13416,1
13417,1
13418,1
13419,1
13420,0
13421,2
13422,2
13423,2
13424,2
13425,1
13426,1
13427,2
13428,1
13429,1
13430,2
13431,1
13432,1
13433,1
13434,2
13435,2
13436,0
13437,1
13438,1
13439,2
13440,2
13441,1
13442,2
13443,1
13444,2
13445,2
13446,2
13447,2
13448,1
13449,1
13450,1
13451,1
13452,2
13453,1
13454,2
13455,1
13456,2
13457,1
13458,1
13459,2
13460,2
13461,2
13462,2
13463,0
13464,1
13465,2
13466,1
13467,2
13468,2
13469,1
13470,2
13471,1
13472,1
13473,2
13474,2
13475,1
13476,2
13477,0
13478,1
13479,1
13480,1
13481,2
13482,1
13483,2
13484,2
13485,2
13486,2
13487,2
13488,2
13489,0
13490,2
13491,2
13492,2
13493,2
13494,2
13495,2
13496,0
13497,1
13498,1
13499,0
13500,2
13501,1
13502,1
13503,1
13504,1
13505,2
13506,1
13507,2
13508,1
13509,2
13510,2
13511,1
13512,1
13513,2
13514,1
13515,2
13516,1
13517,2
13518,0
13519,1
13520,2
13521,1
13522,2
13523,2
13524,1
13525,2
13526,1
13527,1
13528,2
13529,2
13530,2
13531,0
13532,2
13533,2
13534,2
13535,2
13536,2
13537,1
13538,1
13539,1
13540,1
13541,1
13542,1
13543,2
13544,1
13545,2
13546,1
13547,2
13548,2
13549,2
13550,1
13551,2
13552,1
13553,1
13554,2
13555,2
13556,2
13557,2
13558,2
13559,1
13560,1
13561,1
13562,1
13563,1
13564,1
13565,2
13566,1
13567,1
13568,2
13569,1
13570,2
13571,2
13572,1
13573,1
13574,2
13575,2
13576,2
13577,2
13578,2
13579,2
13580,2
13581,2
13582,2
13583,1
13584,1
13585,0
13586,2
13587,1
13588,2
13589,2
13590,1
13591,2
13592,2
13593,1
13594,2
13595,2
13596,2
13597,1
13598,1
13599,1
13600,1
13601,2
13602,0
13603,1
13604,1
13605,1
13606,2
13607,0
13608,2
13609,1
13610,1
13611,2
13612,1
13613,2
13614,1
13615,0
13616,2
13617,1
13618,2
13619,1
13620,1
13621,1
13622,1
13623,2
13624,2
13625,2
13626,2
13627,1
13628,2
13629,1
13630,2
13631,1
13632,1
13633,1
13634,1
13635,1
13636,2
13637,0
13638,2
13639,2
13640,1
13641,2
13642,1
13643,2
13644,2
13645,1
13646,0
13647,1
13648,1
13649,2
13650,0
13651,1
13652,1
13653,2
13654,0
13655,2
13656,1
13657,2
13658,2
13659,2
13660,2
13661,1
13662,0
13663,1
13664,1
13665,2
13666,1
13667,2
13668,2
13669,2
13670,2
13671,1
13672,0
13673,2
13674,1
13675,2
13676,2
13677,1
13678,1
13679,1
13680,1
13681,2
13682,2
13683,1
13684,1
13685,1
13686,2
13687,2
13688,1
13689,1
13690,2
13691,1
13692,1
13693,2
13694,2
13695,1
13696,2
13697,1
13698,1
13699,1
13700,1
13701,2
13702,0
13703,1
13704,1
13705,1
13706,1
13707,1
13708,2
13709,2
13710,1
13711,1
13712,1
13713,2
13714,1
13715,1
13716,1
13717,2
13718,0
13719,2
13720,2
13721,2
13722,2
13723,2
13724,1
13725,2
13726,1
13727,2
13728,2
13729,2
13730,1
13731,1
13732,2
13733,2
13734,0
13735,2
13736,2
13737,1
13738,1
13739,2
13740,1
13741,1
13742,1
13743,0
13744,1
13745,1
13746,1
13747,1
13748,2
13749,1
13750,1
13751,1
13752,1
13753,2
13754,0
13755,1
13756,1
13757,2
13758,2
13759,1
13760,1
13761,2
13762,2
13763,2
13764,1
13765,2
13766,2
13767,1
13768,1
13769,1
13770,1
13771,2
13772,1
13773,2
13774,2
13775,1
13776,1
13777,1
13778,2
13779,1
13780,2
13781,2
13782,1
13783,2
13784,2
13785,2
13786,1
13787,1
13788,2
13789,1
13790,2
13791,2
13792,1
13793,1
13794,1
13795,1
13796,0
13797,1
13798,2
13799,1
13800,1
13801,2
13802,2
13803,1
13804,2
13805,2
13806,2
13807,1
13808,1
13809,1
13810,1
13811,1
13812,2
13813,2
13814,2
13815,1
13816,1
13817,1
13818,1
13819,1
13820,1
13821,1
13822,1
13823,1
13824,1
13825,2
13826,2
13827,1
13828,2
13829,1
13830,1
13831,1
13832,1
13833,1
13834,1
13835,2
13836,0
13837,1
13838,1
13839,1
13840,1
13841,1
13842,1
13843,1
13844,1
13845,1
13846,2
13847,1
13848,1
13849,1
13850,1
13851,1
13852,1
13853,1
13854,1
13855,2
13856,2
13857,2
13858,2
13859,1
13860,1
13861,1
13862,2
13863,1
13864,2
13865,2
13866,1
13867,1
13868,1
13869,2
13870,1
13871,1
13872,2
13873,2
13874,2
13875,2
13876,1
13877,2
13878,1
13879,1
13880,1
13881,2
13882,1
13883,2
13884,2
13885,2
13886,0
13887,1
13888,1
13889,2
13890,2
13891,2
13892,2
13893,1
13894,2
13895,1
13896,2
13897,2
13898,1
13899,2
13900,1
13901,2
13902,2
13903,1
13904,2
13905,2
13906,1
13907,0
13908,2
13909,1
13910,2
13911,2
13912,2
13913,2
13914,2
13915,2
13916,2
13917,2
13918,1
13919,2
13920,0
13921,2
13922,1
13923,1
13924,0
13925,1
13926,2
13927,1
13928,1
13929,2
13930,2
13931,1
13932,2
13933,2
13934,2
13935,1
13936,1
13937,2
13938,1
13939,1
13940,2
13941,2
13942,1
13943,2
13944,2
13945,1
13946,0
13947,1
13948,1
13949,1
13950,2
13951,1
13952,1
13953,1
13954,1
13955,2
13956,1
13957,2
13958,1
13959,2
13960,2
13961,0
13962,2
13963,1
13964,2
13965,2
13966,2
13967,2
13968,2
13969,1
13970,2
13971,2
13972,2
13973,1
13974,0
13975,2
13976,2
13977,2
13978,0
13979,1
13980,1
13981,2
13982,1
13983,1
13984,2
13985,2
13986,2
13987,2
13988,1
13989,1
13990,2
13991,2
13992,2
13993,2
13994,2
13995,1
13996,2
13997,1
13998,2
13999,2
14000,2
14001,1
14002,1
14003,2
14004,2
14005,2
14006,2
14007,2
14008,2
14009,2
14010,0
14011,2
14012,1
14013,2
14014,1
14015,0
14016,1
14017,2
14018,2
14019,2
14020,1
14021,1
14022,2
14023,1
14024,0
14025,2
14026,1
14027,1
14028,0
14029,1
14030,1
14031,2
14032,0
14033,1
14034,2
14035,1
14036,0
14037,2
14038,2
14039,1
14040,1
14041,2
14042,1
14043,1
14044,2
14045,2
14046,1
14047,0
14048,1
14049,1
14050,2
14051,2
14052,1
14053,0
14054,2
14055,1
14056,2
14057,1
14058,1
14059,2
14060,1
14061,1
14062,1
14063,0
14064,2
14065,1
14066,1
14067,1
14068,2
14069,2
14070,2
14071,1
14072,1
14073,2
14074,1
14075,1
14076,2
14077,2
14078,1
14079,2
14080,1
14081,1
14082,2
14083,1
14084,2
14085,2
14086,2
14087,1
14088,1
14089,2
14090,1
14091,1
14092,1
14093,2
14094,1
14095,1
14096,2
14097,2
14098,1
14099,1
14100,1
14101,1
14102,2
14103,1
14104,1
14105,2
14106,1
14107,2
14108,2
14109,1
14110,2
14111,1
14112,1
14113,2
14114,2
14115,2
14116,2
14117,2
14118,1
14119,2
14120,1
14121,2
14122,2
14123,1
14124,1
14125,1
14126,2
14127,1
14128,0
14129,1
14130,2
14131,2
14132,1
14133,1
14134,2
14135,1
14136,1
14137,0
14138,2
14139,1
14140,2
14141,2
14142,2
14143,1
14144,1
14145,2
14146,2
14147,2
14148,2
14149,1
14150,1
14151,2
14152,2
14153,1
14154,2
14155,1
14156,2
14157,1
14158,1
14159,2
14160,0
14161,1
14162,1
14163,1
14164,1
14165,2
14166,2
14167,1
14168,2
14169,1
14170,1
14171,1
14172,2
14173,2
14174,1
14175,1
14176,1
14177,2
14178,2
14179,1
14180,0
14181,1
14182,1
14183,2
14184,2
14185,2
14186,2
14187,1
14188,1
14189,1
14190,0
14191,1
14192,1
14193,0
14194,2
14195,1
14196,2
14197,2
14198,1
14199,1
14200,2
14201,1
14202,1
14203,2
14204,1
14205,2
14206,2
14207,2
14208,2
14209,2
14210,2
14211,2
14212,1
14213,1
14214,2
14215,2
14216,2
14217,1
14218,1
14219,1
14220,1
14221,2
14222,2
14223,1
14224,2
14225,2
14226,2
14227,1
14228,1
14229,2
14230,1
14231,1
14232,1
14233,2
14234,2
14235,0
14236,1
14237,2
14238,1
14239,1
14240,0
14241,1
14242,2
14243,2
14244,2
14245,1
14246,1
14247,1
14248,2
14249,1
14250,1
14251,1
14252,1
14253,1
14254,1
14255,1
14256,2
14257,2
14258,1
14259,1
14260,0
14261,2
14262,1
14263,2
14264,2
14265,1
14266,1
14267,1
14268,1
14269,2
14270,2
14271,2
14272,2
14273,1
14274,0
14275,2
14276,1
14277,2
14278,1
14279,1
14280,2
14281,1
14282,2
14283,2
14284,1
14285,2
14286,1
14287,1
14288,2
14289,0
14290,0
14291,1
14292,2
14293,2
14294,1
14295,2
14296,1
14297,2
14298,2
14299,2
14300,1
14301,1
14302,1
14303,1
14304,2
14305,1
14306,2
14307,2
14308,1
14309,1
14310,2
14311,1
14312,1
14313,1
14314,2
14315,1
14316,2
14317,1
14318,1
14319,2
14320,2
14321,1
14322,2
14323,1
14324,1
14325,2
14326,2
14327,1
14328,1
14329,1
14330,2
14331,2
14332,1
14333,2
14334,2
14335,2
14336,1
14337,2
14338,0
14339,2
14340,2
14341,0
14342,1
14343,0
14344,2
14345,2
14346,2
14347,1
14348,1
14349,1
14350,0
14351,1
14352,2
14353,2
14354,2
14355,2
14356,1
14357,1
14358,2
14359,1
14360,2
14361,2
14362,2
14363,1
14364,1
14365,2
14366,2
14367,2
14368,2
14369,1
14370,1
14371,1
14372,1
14373,2
14374,1
14375,2
14376,1
14377,1
14378,1
14379,1
14380,2
14381,1
14382,2
14383,2
14384,1
14385,1
14386,1
14387,2
14388,2
14389,2
14390,2
14391,2
14392,2
14393,2
14394,2
14395,2
14396,1
14397,2
14398,1
14399,2
14400,0
14401,2
14402,2
14403,2
14404,2
14405,1
14406,1
14407,2
14408,1
14409,2
14410,1
14411,1
14412,1
14413,1
14414,0
14415,2
14416,1
14417,2
14418,2
14419,1
14420,2
14421,2
14422,1
14423,1
14424,2
14425,1
14426,1
14427,1
14428,1
14429,0
14430,2
14431,1
14432,2
14433,1
14434,2
14435,1
14436,2
14437,1
14438,2
14439,1
14440,2
14441,2
14442,1
14443,0
14444,2
14445,1
14446,2
14447,1
14448,2
14449,2
14450,1
14451,1
14452,1
14453,1
14454,1
14455,2
14456,1
14457,1
14458,1
14459,1
14460,1
14461,1
14462,2
14463,2
14464,1
14465,2
14466,1
14467,2
14468,2
14469,2
14470,1
14471,1
14472,1
14473,2
14474,2
14475,1
14476,1
14477,1
14478,2
14479,2
14480,1
14481,1
14482,2
14483,1
14484,1
14485,2
14486,2
14487,1
14488,1
14489,1
14490,1
14491,1
14492,1
14493,2
14494,1
14495,2
14496,1
14497,0
14498,1
14499,2
14500,2
14501,1
14502,0
14503,1
14504,1
14505,1
14506,1
14507,2
14508,2
14509,1
14510,1
14511,1
14512,2
14513,2
14514,2
14515,2
14516,1
14517,2
14518,2
14519,2
14520,1
14521,1
14522,2
14523,2
14524,2
14525,2
14526,2
14527,0
14528,2
14529,1
14530,2
14531,2
14532,1
14533,2
14534,2
14535,1
14536,0
14537,1
14538,2
14539,1
14540,1
14541,2
14542,1
14543,1
14544,2
14545,1
14546,2
14547,1
14548,1
14549,2
14550,2
14551,2
14552,2
14553,1
14554,2
14555,2
14556,1
14557,2
14558,2
14559,1
14560,2
14561,1
14562,1
14563,1
14564,1
14565,2
14566,1
14567,0
14568,2
14569,2
14570,2
14571,2
14572,1
14573,1
14574,2
14575,1
14576,1
14577,2
14578,0
14579,0
14580,2
14581,2
14582,0
14583,1
14584,1
14585,2
14586,2
14587,2
14588,2
14589,2
14590,2
14591,1
14592,2
14593,1
14594,1
14595,2
14596,1
14597,1
14598,1
14599,2
14600,1
14601,1
14602,1
14603,2
14604,0
14605,2
14606,1
14607,2
14608,1
14609,0
14610,1
14611,0
14612,2
14613,1
14614,2
14615,1
14616,1
14617,2
14618,2
14619,1
14620,2
14621,1
14622,2
14623,2
14624,1
14625,2
14626,1
14627,1
14628,2
14629,2
14630,1
14631,2
14632,1
14633,1
14634,1
14635,2
14636,2
14637,1
14638,2
14639,1
14640,2
14641,1
14642,1
14643,2
14644,1
14645,2
14646,1
14647,0
14648,1
14649,2
14650,0
14651,2
14652,0
14653,1
14654,1
14655,2
14656,1
14657,2
14658,2
14659,1
14660,2
14661,1
14662,1
14663,1
14664,1
14665,1
14666,1
14667,0
14668,2
14669,1
14670,1
14671,1
14672,2
14673,1
14674,2
14675,1
14676,1
14677,2
14678,1
14679,2
14680,1
14681,2
14682,1
14683,2
14684,2
14685,2
14686,1
14687,1
14688,2
14689,2
14690,1
14691,2
14692,1
14693,1
14694,0
14695,2
14696,2
14697,1
14698,0
14699,1
14700,2
14701,2
14702,2
14703,1
14704,0
14705,1
14706,1
14707,2
14708,0
14709,1
14710,1
14711,2
14712,1
14713,2
14714,2
14715,1
14716,2
14717,1
14718,1
14719,1
14720,2
14721,2
14722,2
14723,1
14724,1
14725,0
14726,1
14727,1
14728,1
14729,0
14730,2
14731,0
14732,1
14733,1
14734,1
14735,2
14736,2
14737,2
14738,1
14739,2
14740,2
14741,2
14742,2
14743,2
14744,2
14745,1
14746,2
14747,2
14748,2
14749,1
14750,1
14751,2
14752,1
14753,1
14754,1
14755,1
14756,1
14757,1
14758,1
14759,1
14760,2
14761,2
14762,2
14763,2
14764,1
14765,1
14766,2
14767,1
14768,2
14769,2
14770,1
14771,2
14772,2
14773,2
14774,1
14775,1
14776,1
14777,1
14778,1
14779,0
14780,2
14781,1
14782,2
14783,1
14784,0
14785,1
14786,2
14787,1
14788,1
14789,2
14790,1
14791,0
14792,2
14793,1
14794,1
14795,1
14796,2
14797,1
14798,1
14799,1
14800,2
14801,2
14802,2
14803,1
14804,2
14805,2
14806,2
14807,1
14808,1
14809,1
14810,1
14811,1
14812,2
14813,2
14814,1
14815,2
14816,2
14817,2
14818,1
14819,2
14820,2
14821,2
14822,1
14823,1
14824,2
14825,1
14826,2
14827,2
14828,2
14829,1
14830,2
14831,1
14832,1
14833,2
14834,1
14835,0
14836,1
14837,1
14838,2
14839,1
14840,2
14841,2
14842,1
14843,2
14844,1
14845,1
14846,1
14847,2
14848,1
14849,0
14850,1
14851,2
14852,1
14853,2
14854,1
14855,1
14856,2
14857,2
14858,2
14859,2
14860,1
14861,2
14862,1
14863,2
14864,2
14865,2
14866,2
14867,0
14868,2
14869,1
14870,2
14871,2
14872,1
14873,2
14874,1
14875,2
14876,1
14877,0
14878,1
14879,1
14880,1
14881,1
14882,1
14883,1
14884,1
14885,2
14886,2
14887,1
14888,1
14889,1
14890,1
14891,2
14892,1
14893,1
14894,2
14895,2
14896,1
14897,2
14898,0
14899,1
14900,1
14901,1
14902,2
14903,1
14904,1
14905,1
14906,1
14907,1
14908,2
14909,1
14910,1
14911,1
14912,2
14913,2
14914,2
14915,2
14916,1
14917,2
14918,1
14919,1
14920,2
14921,1
14922,0
14923,1
14924,2
14925,0
14926,2
14927,1
14928,1
14929,2
14930,2
14931,2
14932,2
14933,1
14934,2
14935,1
14936,0
14937,1
14938,2
14939,2
14940,1
14941,1
14942,1
14943,2
14944,1
14945,2
14946,2
14947,1
14948,0
14949,1
14950,0
14951,1
14952,1
14953,2
14954,1
14955,1
14956,1
14957,2
14958,2
14959,2
14960,2
14961,2
14962,2
14963,1
14964,2
14965,1
14966,2
14967,1
14968,2
14969,1
14970,2
14971,2
14972,1
14973,1
14974,1
14975,2
14976,0
14977,2
14978,1
14979,1
14980,1
14981,2
14982,1
14983,2
14984,1
14985,1
14986,2
14987,2
14988,1
14989,1
14990,1
14991,2
14992,1
14993,1
14994,1
14995,1
14996,2
14997,2
14998,1
14999,2
15000,2
15001,2
15002,2
15003,1
15004,2
15005,2
15006,1
15007,1
15008,2
15009,2
15010,2
15011,1
15012,1
15013,2
15014,1
15015,1
15016,1
15017,2
15018,1
15019,1
15020,0
15021,0
15022,1
15023,1
15024,1
15025,2
15026,2
15027,2
15028,1
15029,1
15030,1
15031,2
15032,2
15033,2
15034,2
15035,1
15036,1
15037,1
15038,1
15039,2
15040,2
15041,1
15042,1
15043,2
15044,2
15045,2
15046,1
15047,2
15048,1
15049,1
15050,2
15051,1
15052,1
15053,1
15054,2
15055,1
15056,0
15057,1
15058,1
15059,2
15060,2
15061,2
15062,2
15063,1
15064,0
15065,2
15066,1
15067,2
15068,2
15069,2
15070,1
15071,1
15072,2
15073,0
15074,2
15075,2
15076,1
15077,1
15078,2
15079,2
15080,1
15081,1
15082,2
15083,1
15084,1
15085,1
15086,1
15087,2
15088,1
15089,1
15090,1
15091,1
15092,2
15093,2
15094,1
15095,1
15096,2
15097,2
15098,0
15099,2
15100,1
15101,1
15102,1
15103,1
15104,1
15105,1
15106,2
15107,2
15108,1
15109,2
15110,2
15111,2
15112,2
15113,2
15114,2
15115,1
15116,1
15117,1
15118,2
15119,1
15120,2
15121,1
15122,2
15123,1
15124,2
15125,1
15126,2
15127,1
15128,1
15129,1
15130,1
15131,1
15132,2
15133,2
15134,1
15135,1
15136,1
15137,2
15138,2
15139,1
15140,1
15141,2
15142,1
15143,1
15144,1
15145,1
15146,1
15147,2
15148,0
15149,1
15150,1
15151,2
15152,1
15153,2
15154,2
15155,1
15156,1
15157,1
15158,1
15159,1
15160,1
15161,2
15162,1
15163,2
15164,1
15165,0
15166,1
15167,2
15168,1
15169,1
15170,1
15171,1
15172,0
15173,1
15174,1
15175,2
15176,2
15177,2
15178,1
15179,1
15180,2
15181,2
15182,2
15183,1
15184,1
15185,2
15186,1
15187,1
15188,2
15189,2
15190,2
15191,2
15192,1
15193,1
15194,2
15195,1
15196,1
15197,2
15198,2
15199,1
15200,2
15201,2
15202,1
15203,1
15204,0
15205,1
15206,1
15207,1
15208,2
15209,1
15210,2
15211,2
15212,1
15213,2
15214,1
15215,2
15216,1
15217,1
15218,1
15219,2
15220,1
15221,1
15222,1
15223,1
15224,1
15225,1
15226,1
15227,1
15228,2
15229,2
15230,2
15231,1
15232,1
15233,1
15234,1
15235,1
15236,2
15237,1
15238,2
15239,1
15240,1
15241,2
15242,1
15243,2
15244,1
15245,1
15246,1
15247,2
15248,2
15249,0
15250,1
15251,2
15252,2
15253,2
15254,2
15255,1
15256,2
15257,2
15258,1
15259,2
15260,1
15261,2
15262,2
15263,2
15264,2
15265,1
15266,2
15267,1
15268,2
15269,0
15270,2
15271,1
15272,1
15273,1
15274,2
15275,2
15276,2
15277,1
15278,1
15279,1
15280,2
15281,1
15282,1
15283,2
15284,1
15285,1
15286,1
15287,1
15288,2
15289,1
15290,2
15291,2
15292,2
15293,1
15294,2
15295,2
15296,2
15297,2
15298,1
15299,1
15300,1
15301,2
15302,1
15303,1
15304,2
15305,1
15306,1
15307,2
15308,2
15309,2
15310,1
15311,2
15312,2
15313,2
15314,1
15315,2
15316,2
15317,1
15318,1
15319,2
15320,1
15321,2
15322,2
15323,0
15324,2
15325,0
15326,2
15327,2
15328,2
15329,1
15330,2
15331,2
15332,2
15333,1
15334,1
15335,2
15336,1
15337,1
15338,2
15339,0
15340,1
15341,2
15342,1
15343,2
15344,2
15345,1
15346,1
15347,2
15348,1
15349,2
15350,1
15351,1
15352,1
15353,0
15354,1
15355,1
15356,2
15357,2
15358,1
15359,1
15360,1
15361,2
15362,2
15363,1
15364,2
15365,1
15366,2
15367,2
15368,2
15369,2
15370,2
15371,2
15372,2
15373,2
15374,2
15375,2
15376,1
15377,2
15378,2
15379,2
15380,1
15381,2
15382,1
15383,2
15384,1
15385,1
15386,2
15387,2
15388,1
15389,1
15390,2
15391,0
15392,1
15393,0
15394,0
15395,0
15396,2
15397,2
15398,1
15399,2
15400,2
15401,2
15402,2
15403,2
15404,2
15405,2
15406,1
15407,2
15408,1
15409,2
15410,1
15411,2
15412,2
15413,1
15414,2
15415,2
15416,2
15417,1
15418,1
15419,1
15420,1
15421,2
15422,0
15423,0
15424,2
15425,2
15426,1
15427,0
15428,1
15429,1
15430,0
15431,2
15432,2
15433,2
15434,1
15435,2
15436,2
15437,2
15438,1
15439,2
15440,1
15441,2
15442,2
15443,2
15444,1
15445,2
15446,1
15447,2
15448,2
15449,2
15450,2
15451,2
15452,2
15453,2
15454,2
15455,2
15456,0
15457,1
15458,1
15459,1
15460,1
15461,1
15462,2
15463,1
15464,2
15465,2
15466,1
15467,0
15468,1
15469,2
15470,2
15471,2
15472,2
15473,2
15474,1
15475,1
15476,2
15477,2
15478,1
15479,2
15480,2
15481,1
15482,1
15483,0
15484,2
15485,1
15486,2
15487,1
15488,2
15489,2
15490,1
15491,2
15492,2
15493,1
15494,2
15495,2
15496,0
15497,0
15498,0
15499,2
15500,2
15501,1
15502,1
15503,2
15504,1
15505,1
15506,1
15507,1
15508,1
15509,1
15510,1
15511,2
15512,1
15513,1
15514,2
15515,1
15516,2
15517,0
15518,1
15519,2
15520,1
15521,1
15522,1
15523,0
15524,2
15525,2
15526,2
15527,1
15528,1
15529,0
15530,1
15531,2
15532,2
15533,2
15534,1
15535,2
15536,2
15537,2
15538,2
15539,0
15540,1
15541,1
15542,2
15543,2
15544,2
15545,0
15546,2
15547,1
15548,2
15549,1
15550,2
15551,1
15552,2
15553,2
15554,2
15555,1
15556,1
15557,1
15558,2
15559,2
15560,2
15561,0
15562,2
15563,1
15564,2
15565,2
15566,1
15567,1
15568,2
15569,2
15570,1
15571,2
15572,1
15573,1
15574,2
15575,2
15576,1
15577,0
15578,2
15579,1
15580,1
15581,2
15582,1
15583,1
15584,1
15585,2
15586,2
15587,2
15588,1
15589,1
15590,1
15591,1
15592,2
15593,1
15594,2
15595,0
15596,1
15597,2
15598,1
15599,2
15600,1
15601,1
15602,2
15603,2
15604,2
15605,1
15606,1
15607,1
15608,1
15609,2
15610,0
15611,2
15612,2
15613,2
15614,2
15615,0
15616,2
15617,2
15618,1
15619,1
15620,2
15621,1
15622,2
15623,2
15624,2
15625,2
15626,2
15627,1
15628,2
15629,2
15630,1
15631,2
15632,1
15633,2
15634,2
15635,2
15636,2
15637,2
15638,2
15639,2
15640,1
15641,1
15642,2
15643,1
15644,2
15645,2
15646,2
15647,2
15648,2
15649,2
15650,2
15651,2
15652,2
15653,1
15654,1
15655,0
15656,1
15657,1
15658,2
15659,1
15660,2
15661,2
15662,2
15663,2
15664,1
15665,1
15666,2
15667,1
15668,2
15669,1
15670,2
15671,2
15672,2
15673,1
15674,2
15675,2
15676,1
15677,2
15678,0
15679,1
15680,1
15681,1
15682,0
15683,2
15684,1
15685,1
15686,2
15687,2
15688,1
15689,1
15690,2
15691,1
15692,2
15693,2
15694,2
15695,1
15696,1
15697,1
15698,2
15699,1
15700,2
15701,1
15702,0
15703,2
15704,1
15705,2
15706,2
15707,2
15708,1
15709,2
15710,2
15711,1
15712,1
15713,2
15714,2
15715,2
15716,2
15717,2
15718,1
15719,2
15720,1
15721,1
15722,1
15723,1
15724,1
15725,1
15726,1
15727,0
15728,2
15729,2
15730,1
15731,2
15732,2
15733,2
15734,1
15735,1
15736,2
15737,1
15738,2
15739,1
15740,2
15741,1
15742,1
15743,2
15744,1
15745,2
15746,1
15747,1
15748,1
15749,2
15750,2
15751,2
15752,1
15753,1
15754,2
15755,1
15756,1
15757,1
15758,2
15759,2
15760,2
15761,1
15762,2
15763,1
15764,2
15765,1
15766,1
15767,1
15768,2
15769,2
15770,2
15771,2
15772,0
15773,2
15774,1
15775,1
15776,2
15777,2
15778,1
15779,2
15780,2
15781,2
15782,2
15783,2
15784,1
15785,1
15786,1
15787,2
15788,2
15789,1
15790,2
15791,2
15792,1
15793,1
15794,1
15795,0
15796,1
15797,1
15798,2
15799,1
15800,2
15801,1
15802,1
15803,2
15804,1
15805,2
15806,1
15807,1
15808,0
15809,2
15810,1
15811,1
15812,2
15813,2
15814,1
15815,2
15816,2
15817,2
15818,1
15819,2
15820,0
15821,2
15822,1
15823,1
15824,1
15825,0
15826,2
15827,1
15828,2
15829,1
15830,1
15831,1
15832,2
15833,2
15834,2
15835,1
15836,2
15837,0
15838,0
15839,2
15840,1
15841,2
15842,2
15843,2
15844,2
15845,2
15846,1
15847,2
15848,2
15849,2
15850,2
15851,1
15852,1
15853,2
15854,1
15855,1
15856,2
15857,1
15858,2
15859,1
15860,2
15861,1
15862,2
15863,1
15864,2
15865,1
15866,1
15867,2
15868,1
15869,2
15870,2
15871,2
15872,2
15873,2
15874,2
15875,1
15876,2
15877,2
15878,1
15879,1
15880,2
15881,1
15882,1
15883,1
15884,1
15885,2
15886,2
15887,2
15888,2
15889,1
15890,1
15891,2
15892,1
15893,0
15894,0
15895,1
15896,1
15897,2
15898,1
15899,1
15900,1
15901,1
15902,2
15903,1
15904,2
15905,2
15906,2
15907,2
15908,2
15909,1
15910,1
15911,2
15912,1
15913,1
15914,2
15915,2
15916,1
15917,1
15918,2
15919,1
15920,1
15921,1
15922,1
15923,1
15924,2
15925,1
15926,2
15927,1
15928,2
15929,2
15930,1
15931,1
15932,2
15933,0
15934,1
15935,1
15936,2
15937,2
15938,2
15939,2
15940,1
15941,2
15942,2
15943,1
15944,1
15945,1
15946,1
15947,1
15948,2
15949,1
15950,2
15951,1
15952,1
15953,2
15954,2
15955,2
15956,2
15957,2
15958,2
15959,0
15960,2
15961,2
15962,1
15963,1
15964,1
15965,2
15966,2
15967,2
15968,2
15969,1
15970,2
15971,2
15972,2
15973,1
15974,2
15975,2
15976,0
15977,2
15978,1
15979,2
15980,1
15981,1
15982,1
15983,2
15984,2
15985,1
15986,1
15987,2
15988,2
15989,2
15990,2
15991,1
15992,1
15993,1
15994,1
15995,1
15996,2
15997,2
15998,2
15999,1
16000,1
16001,1
16002,2
16003,1
16004,1
16005,2
16006,2
16007,2
16008,2
16009,1
16010,2
16011,2
16012,2
16013,1
16014,1
16015,1
16016,1
16017,1
16018,1
16019,2
16020,1
16021,1
16022,0
16023,1
16024,1
16025,2
16026,2
16027,2
16028,1
16029,1
16030,1
16031,2
16032,0
16033,2
16034,1
16035,0
16036,2
16037,2
16038,2
16039,1
16040,1
16041,2
16042,2
16043,1
16044,2
16045,2
16046,1
16047,1
16048,2
16049,2
16050,2
16051,2
16052,0
16053,0
16054,2
16055,2
16056,1
16057,1
16058,0
16059,2
16060,2
16061,2
16062,1
16063,0
16064,1
16065,2
16066,1
16067,2
16068,1
16069,1
16070,1
16071,2
16072,2
16073,1
16074,0
16075,2
16076,1
16077,1
16078,1
16079,2
16080,1
16081,2
16082,2
16083,2
16084,1
16085,2
16086,1
16087,2
16088,2
16089,2
16090,1
16091,1
16092,1
16093,2
16094,2
16095,1
16096,2
16097,1
16098,2
16099,1
16100,2
16101,1
16102,1
16103,0
16104,2
16105,2
16106,1
16107,1
16108,1
16109,1
16110,1
16111,2
16112,2
16113,1
16114,0
16115,2
16116,2
16117,1
16118,1
16119,2
16120,2
16121,1
16122,2
16123,2
16124,2
16125,1
16126,2
16127,1
16128,2
16129,2
16130,2
16131,2
16132,1
16133,1
16134,1
16135,2
16136,2
16137,1
16138,2
16139,1
16140,1
16141,0
16142,0
16143,2
16144,1
16145,1
16146,2
16147,1
16148,1
16149,2
16150,1
16151,0
16152,2
16153,1
16154,2
16155,1
16156,0
16157,2
16158,2
16159,2
16160,2
16161,0
16162,1
16163,2
16164,1
16165,1
16166,1
16167,1
16168,1
16169,1
16170,2
16171,0
16172,2
16173,2
16174,2
16175,2
16176,2
16177,2
16178,1
16179,2
16180,1
16181,1
16182,1
16183,1
16184,1
16185,2
16186,2
16187,2
16188,1
16189,2
16190,2
16191,1
16192,1
16193,2
16194,1
16195,1
16196,2
16197,1
16198,1
16199,1
16200,1
16201,0
16202,2
16203,1
16204,1
16205,2
16206,2
16207,1
16208,2
16209,1
16210,1
16211,1
16212,2
16213,2
16214,2
16215,1
16216,1
16217,2
16218,2
16219,1
16220,1
16221,2
16222,2
16223,1
16224,2
16225,2
16226,2
16227,2
16228,0
16229,2
16230,2
16231,0
16232,1
16233,1
16234,2
16235,1
16236,2
16237,1
16238,1
16239,1
16240,1
16241,1
16242,2
16243,1
16244,2
16245,1
16246,1
16247,2
16248,1
16249,1
16250,2
16251,1
16252,1
16253,1
16254,1
16255,1
16256,2
16257,1
16258,1
16259,1
16260,2
16261,1
16262,2
16263,1
16264,1
16265,1
16266,2
16267,2
16268,1
16269,2
16270,2
16271,2
16272,1
16273,1
16274,2
16275,2
16276,2
16277,1
16278,1
16279,2
16280,1
16281,2
16282,2
16283,2
16284,0
16285,2
16286,2
16287,2
16288,1
16289,2
16290,1
16291,2
16292,1
16293,1
16294,1
16295,2
16296,1
16297,0
16298,1
16299,2
16300,2
16301,1
16302,1
16303,0
16304,1
16305,2
16306,1
16307,1
16308,2
16309,1
16310,2
16311,2
16312,1
16313,2
16314,2
16315,2
16316,1
16317,1
16318,2
16319,1
16320,2
16321,1
16322,1
16323,1
16324,2
16325,1
16326,2
16327,2
16328,1
16329,2
16330,1
16331,2
16332,1
16333,1
16334,1
16335,1
16336,2
16337,1
16338,1
16339,1
16340,2
16341,1
16342,2
16343,1
16344,2
16345,1
16346,2
16347,2
16348,1
16349,2
16350,2
16351,1
16352,2
16353,1
16354,1
16355,1
16356,0
16357,2
16358,1
16359,2
16360,1
16361,2
16362,1
16363,1
16364,2
16365,1
16366,2
16367,1
16368,2
16369,2
16370,2
16371,2
16372,0
16373,2
16374,1
16375,1
16376,0
16377,2
16378,2
16379,1
16380,2
16381,1
16382,2
16383,2
16384,2
16385,0
16386,1
16387,1
16388,0
16389,1
16390,1
16391,2
16392,2
16393,2
16394,1
16395,2
16396,2
16397,1
16398,1
16399,1
16400,1
16401,2
16402,2
16403,1
16404,1
16405,1
16406,1
16407,2
16408,1
16409,2
16410,1
16411,1
16412,1
16413,2
16414,1
16415,1
16416,2
16417,1
16418,1
16419,2
16420,2
16421,2
16422,0
16423,2
16424,2
16425,1
16426,2
16427,1
16428,0
16429,2
16430,1
16431,1
16432,1
16433,2
16434,1
16435,1
16436,1
16437,1
16438,0
16439,2
16440,2
16441,1
16442,1
16443,1
16444,1
16445,2
16446,2
16447,1
16448,2
16449,2
16450,1
16451,1
16452,2
16453,1
16454,1
16455,1
16456,0
16457,1
16458,2
16459,1
16460,1
16461,1
16462,2
16463,2
16464,1
16465,2
16466,2
16467,2
16468,1
16469,2
16470,1
16471,1
16472,1
16473,1
16474,2
16475,1
16476,0
16477,2
16478,1
16479,1
16480,1
16481,2
16482,2
16483,2
16484,1
16485,2
16486,2
16487,2
16488,1
16489,1
16490,2
16491,0
16492,1
16493,1
16494,1
16495,1
16496,2
16497,0
16498,1
16499,1
16500,1
16501,2
16502,2
16503,1
16504,1
16505,1
16506,2
16507,2
16508,2
16509,1
16510,1
16511,1
16512,2
16513,2
16514,2
16515,1
16516,2
16517,1
16518,2
16519,1
16520,1
16521,1
16522,2
16523,1
16524,2
16525,1
16526,1
16527,2
16528,2
16529,2
16530,0
16531,2
16532,2
16533,0
16534,2
16535,0
16536,2
16537,1
16538,1
16539,1
16540,1
16541,2
16542,2
16543,2
16544,2
16545,2
16546,2
16547,2
16548,2
16549,1
16550,2
16551,1
16552,2
16553,1
16554,2
16555,2
16556,1
16557,1
16558,2
16559,2
16560,0
16561,2
16562,1
16563,2
16564,1
16565,1
16566,2
16567,2
16568,2
16569,2
16570,2
16571,2
16572,2
16573,2
16574,2
16575,2
16576,2
16577,1
16578,2
16579,1
16580,1
16581,2
16582,0
16583,1
16584,2
16585,0
16586,2
16587,1
16588,2
16589,1
16590,1
16591,2
16592,1
16593,1
16594,1
16595,1
16596,1
16597,2
16598,2
16599,2
16600,1
16601,2
16602,2
16603,2
16604,1
16605,2
16606,2
16607,2
16608,2
16609,2
16610,2
16611,1
16612,1
16613,2
16614,1
16615,2
16616,2
16617,2
16618,1
16619,1
16620,1
16621,1
16622,1
16623,2
16624,2
16625,0
16626,2
16627,2
16628,2
16629,2
16630,0
16631,2
16632,2
16633,1
16634,1
16635,0
16636,0
16637,2
16638,2
16639,1
16640,1
16641,2
16642,2
16643,2
16644,2
16645,2
16646,2
16647,2
16648,1
16649,1
16650,0
16651,2
16652,2
16653,1
16654,1
16655,0
16656,1
16657,2
16658,2
16659,2
16660,2
16661,2
16662,1
16663,1
16664,2
16665,2
16666,2
16667,2
16668,2
16669,1
16670,1
16671,1
16672,2
16673,2
16674,1
16675,2
16676,1
16677,1
16678,2
16679,1
16680,2
16681,1
16682,2
16683,2
16684,2
16685,2
16686,2
16687,1
16688,2
16689,2
16690,1
16691,1
16692,2
16693,1
16694,1
16695,2
16696,1
16697,1
16698,2
16699,1
16700,2
16701,2
16702,1
16703,1
16704,2
16705,2
16706,2
16707,1
16708,2
16709,1
16710,2
16711,2
16712,1
16713,2
16714,2
16715,2
16716,1
16717,2
16718,1
16719,1
16720,2
16721,1
16722,1
16723,2
16724,2
16725,1
16726,1
16727,1
16728,1
16729,1
16730,1
16731,1
16732,1
16733,0
16734,1
16735,1
16736,2
16737,1
16738,1
16739,2
16740,1
16741,1
16742,2
16743,2
16744,2
16745,1
16746,0
16747,1
16748,1
16749,1
16750,2
16751,2
16752,1
16753,1
16754,2
16755,2
16756,1
16757,2
16758,1
16759,1
16760,2
16761,1
16762,1
16763,2
16764,1
16765,1
16766,2
16767,1
16768,1
16769,2
16770,1
16771,2
16772,2
16773,1
16774,1
16775,1
16776,0
16777,2
16778,1
16779,1
16780,1
16781,2
16782,1
16783,1
16784,2
16785,2
16786,1
16787,2
16788,2
16789,1
16790,1
16791,1
16792,2
16793,2
16794,2
16795,1
16796,2
16797,2
16798,1
16799,1
16800,1
16801,2
16802,2
16803,1
16804,2
16805,1
16806,2
16807,1
16808,0
16809,2
16810,1
16811,2
16812,0
16813,0
16814,1
16815,2
16816,1
16817,2
16818,2
16819,1
16820,1
16821,1
16822,1
16823,1
16824,2
16825,1
16826,2
16827,1
16828,2
16829,1
16830,2
16831,1
16832,2
16833,2
16834,2
16835,1
16836,1
16837,2
16838,2
16839,1
16840,1
16841,1
16842,2
16843,1
16844,2
16845,2
16846,2
16847,2
16848,2
16849,1
16850,2
16851,2
16852,2
16853,2
16854,1
16855,2
16856,2
16857,1
16858,1
16859,2
16860,1
16861,1
16862,2
16863,1
16864,1
16865,2
16866,2
16867,1
16868,2
16869,1
16870,2
16871,1
16872,1
16873,1
16874,2
16875,1
16876,2
16877,2
16878,2
16879,2
16880,1
16881,2
16882,1
16883,1
16884,1
16885,1
16886,2
16887,2
16888,1
16889,2
16890,2
16891,1
16892,1
16893,1
16894,1
16895,2
16896,2
16897,1
16898,1
16899,1
16900,2
16901,1
16902,2
16903,2
16904,2
16905,1
16906,1
16907,2
16908,1
16909,2
16910,1
16911,1
16912,1
16913,2
16914,1
16915,1
16916,1
16917,1
16918,2
16919,1
16920,1
16921,1
16922,2
16923,1
16924,1
16925,1
16926,1
16927,1
16928,2
16929,2
16930,2
16931,1
16932,2
16933,1
16934,2
16935,2
16936,2
16937,1
16938,1
16939,2
16940,2
16941,1
16942,1
16943,1
16944,0
16945,1
16946,1
16947,2
16948,1
16949,1
16950,2
16951,1
16952,2
16953,2
16954,1
16955,0
16956,2
16957,2
16958,2
16959,1
16960,0
16961,2
16962,1
16963,1
16964,2
16965,1
16966,2
16967,1
16968,0
16969,2
16970,1
16971,2
16972,2
16973,2
16974,1
16975,1
16976,1
16977,2
16978,1
16979,1
16980,1
16981,1
16982,1
16983,1
16984,2
16985,1
16986,1
16987,2
16988,2
16989,1
16990,2
16991,0
16992,1
16993,1
16994,2
16995,1
16996,1
16997,2
16998,1
16999,1
17000,2
17001,1
17002,1
17003,1
17004,1
17005,2
17006,0
17007,1
17008,2
17009,2
17010,2
17011,2
17012,1
17013,2
17014,2
17015,2
17016,1
17017,2
17018,1
17019,2
17020,2
17021,1
17022,1
17023,1
17024,2
17025,1
17026,2
17027,2
17028,2
17029,1
17030,1
17031,2
17032,1
17033,1
17034,1
17035,1
17036,1
17037,2
17038,1
17039,2
17040,1
17041,1
17042,1
17043,1
17044,2
17045,1
17046,1
17047,2
17048,2
17049,0
17050,2
17051,1
17052,2
17053,1
17054,1
17055,1
17056,1
17057,2
17058,1
17059,1
17060,2
17061,2
17062,2
17063,2
17064,0
17065,2
17066,2
17067,1
17068,1
17069,1
17070,2
17071,2
17072,1
17073,1
17074,1
17075,1
17076,2
17077,2
17078,1
17079,1
17080,1
17081,1
17082,1
17083,1
17084,2
17085,2
17086,1
17087,2
17088,1
17089,1
17090,1
17091,1
17092,2
17093,2
17094,1
17095,1
17096,2
17097,0
17098,1
17099,1
17100,1
17101,1
17102,1
17103,2
17104,2
17105,1
17106,1
17107,1
17108,2
17109,2
17110,1
17111,2
17112,1
17113,1
17114,2
17115,1
17116,1
17117,2
17118,2
17119,2
17120,2
17121,2
17122,1
17123,2
17124,1
17125,2
17126,2
17127,1
17128,1
17129,2
17130,2
17131,1
17132,2
17133,1
17134,2
17135,2
17136,1
17137,2
17138,1
17139,1
17140,1
17141,2
17142,1
17143,2
17144,2
17145,2
17146,2
17147,1
17148,2
17149,1
17150,2
17151,1
17152,2
17153,2
17154,1
17155,1
17156,1
17157,1
17158,2
17159,0
17160,1
17161,1
17162,1
17163,1
17164,2
17165,1
17166,1
17167,2
17168,1
17169,2
17170,2
17171,1
17172,1
17173,2
17174,0
17175,1
17176,1
17177,2
17178,2
17179,1
17180,1
17181,1
17182,2
17183,1
17184,2
17185,2
17186,2
17187,1
17188,1
17189,0
17190,2
17191,1
17192,1
17193,2
17194,1
17195,2
17196,1
17197,1
17198,0
17199,1
17200,0
17201,1
17202,2
17203,1
17204,1
17205,1
17206,1
17207,1
17208,2
17209,1
17210,1
17211,2
17212,1
17213,1
17214,2
17215,1
17216,1
17217,1
17218,2
17219,2
17220,2
17221,0
17222,1
17223,1
17224,2
17225,1
17226,2
17227,1
17228,1
17229,1
17230,1
17231,2
17232,1
17233,1
17234,2
17235,1
17236,2
17237,2
17238,1
17239,1
17240,1
17241,2
17242,2
17243,1
17244,1
17245,2
17246,2
17247,1
17248,2
17249,2
17250,2
17251,1
17252,2
17253,2
17254,2
17255,2
17256,2
17257,2
17258,1
17259,2
17260,2
17261,1
17262,2
17263,2
17264,2
17265,2
17266,2
17267,2
17268,2
17269,2
17270,2
17271,2
17272,0
17273,2
17274,1
17275,1
17276,1
17277,2
17278,1
17279,1
17280,2
17281,2
17282,1
17283,2
17284,2
17285,1
17286,2
17287,0
17288,1
17289,2
17290,1
17291,2
17292,1
17293,1
17294,1
17295,2
17296,1
17297,2
17298,2
17299,2
17300,2
17301,1
17302,2
17303,2
17304,1
17305,1
17306,1
17307,0
17308,1
17309,2
17310,2
17311,1
17312,2
17313,1
17314,1
17315,2
17316,2
17317,2
17318,1
17319,2
17320,1
17321,1
17322,1
17323,1
17324,2
17325,1
17326,2
17327,1
17328,1
17329,2
17330,1
17331,2
17332,1
17333,1
17334,2
17335,2
17336,2
17337,2
17338,1
17339,0
17340,1
17341,2
17342,2
17343,2
17344,2
17345,1
17346,1
17347,2
17348,1
17349,0
17350,1
17351,2
17352,2
17353,1
17354,2
17355,1
17356,2
17357,1
17358,0
17359,2
17360,2
17361,2
17362,1
17363,2
17364,2
17365,1
17366,1
17367,1
17368,2
17369,1
17370,1
17371,1
17372,2
17373,2
17374,2
17375,1
17376,1
17377,2
17378,1
17379,2
17380,1
17381,1
17382,1
17383,1
17384,1
17385,1
17386,1
17387,1
17388,1
17389,1
17390,1
17391,1
17392,1
17393,1
17394,0
17395,2
17396,2
17397,2
17398,2
17399,1
17400,2
17401,2
17402,2
17403,0
17404,1
17405,1
17406,2
17407,2
17408,2
17409,2
17410,1
17411,1
17412,1
17413,1
17414,2
17415,2
17416,0
17417,2
17418,1
17419,1
17420,2
17421,1
17422,1
17423,1
17424,1
17425,2
17426,2
17427,1
17428,1
17429,1
17430,2
17431,2
17432,2
17433,2
17434,2
17435,1
17436,2
17437,2
17438,1
17439,2
17440,2
17441,2
17442,2
17443,2
17444,1
17445,2
17446,1
17447,1
17448,1
17449,2
17450,2
17451,1
17452,2
17453,0
17454,2
17455,2
17456,2
17457,1
17458,2
17459,2
17460,2
17461,1
17462,1
17463,2
17464,1
17465,1
17466,2
17467,2
17468,2
17469,2
17470,2
17471,2
17472,2
17473,2
17474,0
17475,1
17476,1
17477,0
17478,1
17479,0
17480,1
17481,1
17482,1
17483,2
17484,2
17485,0
17486,0
17487,1
17488,2
17489,1
17490,1
17491,1
17492,1
17493,1
17494,2
17495,1
17496,1
17497,1
17498,2
17499,1
17500,2
17501,2
17502,1
17503,1
17504,2
17505,2
17506,1
17507,2
17508,2
17509,2
17510,2
17511,1
17512,1
17513,2
17514,1
17515,1
17516,2
17517,2
17518,2
17519,2
17520,1
17521,1
17522,1
17523,2
17524,1
17525,1
17526,2
17527,1
17528,1
17529,2
17530,0
17531,1
17532,1
17533,2
17534,2
17535,1
17536,1
17537,2
17538,2
17539,1
17540,1
17541,1
17542,1
17543,1
17544,0
17545,2
17546,1
17547,2
17548,2
17549,0
17550,1
17551,1
17552,1
17553,1
17554,0
17555,1
17556,2
17557,1
17558,1
17559,1
17560,2
17561,1
17562,2
17563,1
17564,2
17565,2
17566,1
17567,0
17568,1
17569,2
17570,1
17571,1
17572,2
17573,1
17574,1
17575,1
17576,1
17577,1
17578,2
17579,2
17580,2
17581,1
17582,1
17583,2
17584,1
17585,2
17586,1
17587,1
17588,2
17589,2
17590,2
17591,2
17592,2
17593,1
17594,1
17595,1
17596,1
17597,1
17598,1
17599,1
17600,1
17601,2
17602,2
17603,1
17604,2
17605,1
17606,0
17607,0
17608,1
17609,2
17610,1
17611,2
17612,2
17613,2
17614,0
17615,2
17616,2
17617,2
17618,2
17619,2
17620,0
17621,1
17622,2
17623,2
17624,1
17625,2
17626,2
17627,1
17628,2
17629,1
17630,2
17631,1
17632,1
17633,0
17634,0
17635,1
17636,1
17637,1
17638,1
17639,2
17640,2
17641,0
17642,2
17643,1
17644,1
17645,1
17646,2
17647,1
17648,1
17649,1
17650,2
17651,1
17652,1
17653,2
17654,2
17655,1
17656,2
17657,1
17658,1
17659,2
17660,1
17661,2
17662,1
17663,2
17664,2
17665,2
17666,0
17667,1
17668,2
17669,1
17670,1
17671,1
17672,1
17673,2
17674,2
17675,1
17676,2
17677,1
17678,2
17679,2
17680,2
17681,2
17682,1
17683,2
17684,1
17685,1
17686,1
17687,1
17688,1
17689,1
17690,1
17691,0
17692,2
17693,1
17694,2
17695,1
17696,1
17697,1
17698,2
17699,1
17700,1
17701,1
17702,2
17703,0
17704,2
17705,2
17706,1
17707,1
17708,1
17709,2
17710,2
17711,0
17712,1
17713,2
17714,1
17715,2
17716,1
17717,1
17718,2
17719,2
17720,1
17721,1
17722,1
17723,2
17724,1
17725,2
17726,1
17727,1
17728,2
17729,2
17730,1
17731,2
17732,2
17733,1
17734,1
17735,1
17736,1
17737,0
17738,2
17739,2
17740,2
17741,2
17742,1
17743,2
17744,1
17745,1
17746,1
17747,1
17748,2
17749,1
17750,2
17751,2
17752,0
17753,1
17754,2
17755,1
17756,2
17757,2
17758,2
17759,1
17760,1
17761,2
17762,1
17763,0
17764,2
17765,0
17766,1
17767,1
17768,1
17769,1
17770,1
17771,1
17772,2
17773,2
17774,1
17775,2
17776,0
17777,2
17778,2
17779,2
17780,2
17781,1
17782,1
17783,2
17784,2
17785,1
17786,1
17787,2
17788,0
17789,1
17790,2
17791,1
17792,2
17793,2
17794,2
17795,2
17796,1
17797,2
17798,1
17799,1
17800,1
17801,2
17802,2
17803,1
17804,2
17805,1
17806,1
17807,2
17808,1
17809,1
17810,2
17811,1
17812,1
17813,2
17814,2
17815,1
17816,2
17817,2
17818,1
17819,1
17820,2
17821,1
17822,1
17823,2
17824,1
17825,2
17826,1
17827,2
17828,1
17829,1
17830,2
17831,2
17832,2
17833,1
17834,1
17835,2
17836,1
17837,2
17838,2
17839,1
17840,2
17841,2
17842,1
17843,1
17844,1
17845,1
17846,2
17847,2
17848,2
17849,2
17850,2
17851,1
17852,2
17853,1
17854,1
17855,2
17856,1
17857,2
17858,1
17859,1
17860,1
17861,2
17862,2
17863,1
17864,1
17865,2
17866,1
17867,1
17868,2
17869,1
17870,1
17871,1
17872,1
17873,0
17874,1
17875,1
17876,2
17877,2
17878,1
17879,2
17880,1
17881,0
17882,1
17883,1
17884,1
17885,1
17886,1
17887,2
17888,2
17889,2
17890,2
17891,2
17892,1
17893,1
17894,2
17895,1
17896,1
17897,2
17898,2
17899,2
17900,2
17901,2
17902,2
17903,1
17904,2
17905,1
17906,1
17907,2
17908,1
17909,1
17910,1
17911,2
17912,2
17913,1
17914,2
17915,1
17916,1
17917,1
17918,1
17919,1
17920,1
17921,1
17922,1
17923,1
17924,1
17925,2
17926,1
17927,2
17928,1
17929,2
17930,1
17931,2
17932,1
17933,2
17934,2
17935,2
17936,0
17937,1
17938,2
17939,1
17940,1
17941,2
17942,2
17943,2
17944,2
17945,2
17946,1
17947,2
17948,1
17949,2
17950,2
17951,1
17952,2
17953,2
17954,2
17955,2
17956,2
17957,1
17958,1
17959,1
17960,1
17961,1
17962,0
17963,1
17964,1
17965,2
17966,1
17967,2
17968,2
17969,2
17970,1
17971,1
17972,1
17973,1
17974,2
17975,2
17976,2
17977,1
17978,2
17979,2
17980,2
17981,1
17982,2
17983,1
17984,1
17985,2
17986,2
17987,2
17988,2
17989,1
17990,2
17991,2
17992,2
17993,2
17994,2
17995,1
17996,1
17997,2
17998,1
17999,1
18000,1
18001,0
18002,2
18003,2
18004,2
18005,2
18006,1
18007,2
18008,2
18009,2
18010,2
18011,2
18012,2
18013,1
18014,2
18015,1
18016,2
18017,2
18018,1
18019,2
18020,1
18021,1
18022,1
18023,1
18024,1
18025,2
18026,2
18027,1
18028,1
18029,2
18030,2
18031,2
18032,1
18033,2
18034,0
18035,2
18036,1
18037,1
18038,1
18039,1
18040,1
18041,1
18042,0
18043,0
18044,1
18045,2
18046,2
18047,2
18048,0
18049,2
18050,1
18051,1
18052,1
18053,2
18054,1
18055,1
18056,0
18057,1
18058,2
18059,2
18060,1
18061,1
18062,1
18063,1
18064,2
18065,1
18066,2
18067,1
18068,2
18069,2
18070,2
18071,1
18072,1
18073,1
18074,2
18075,1
18076,0
18077,2
18078,2
18079,1
18080,2
18081,2
18082,1
18083,1
18084,1
18085,1
18086,2
18087,1
18088,1
18089,0
18090,2
18091,2
18092,2
18093,0
18094,2
18095,2
18096,1
18097,2
18098,1
18099,2
18100,2
18101,1
18102,2
18103,1
18104,2
18105,1
18106,2
18107,2
18108,1
18109,1
18110,2
18111,2
18112,2
18113,1
18114,0
18115,1
18116,1
18117,2
18118,1
18119,1
18120,1
18121,1
18122,2
18123,2
18124,2
18125,1
18126,2
18127,1
18128,1
18129,1
18130,1
18131,1
18132,1
18133,1
18134,1
18135,1
18136,2
18137,0
18138,1
18139,1
18140,2
18141,2
18142,1
18143,1
18144,1
18145,1
18146,2
18147,1
18148,1
18149,1
18150,1
18151,2
18152,1
18153,2
18154,1
18155,1
18156,2
18157,1
18158,2
18159,2
18160,1
18161,1
18162,1
18163,2
18164,2
18165,2
18166,0
18167,1
18168,1
18169,2
18170,2
18171,1
18172,1
18173,1
18174,1
18175,1
18176,1
18177,1
18178,2
18179,1
18180,1
18181,1
18182,0
18183,2
18184,1
18185,1
18186,2
18187,2
18188,0
18189,0
18190,2
18191,1
18192,1
18193,1
18194,1
18195,2
18196,1
18197,1
18198,2
18199,1
18200,1
18201,1
18202,2
18203,1
18204,1
18205,1
18206,2
18207,2
18208,1
18209,2
18210,1
18211,2
18212,2
18213,2
18214,1
18215,1
18216,1
18217,2
18218,2
18219,2
18220,2
18221,1
18222,1
18223,1
18224,2
18225,1
18226,2
18227,2
18228,1
18229,1
18230,1
18231,1
18232,2
18233,2
18234,1
18235,2
18236,1
18237,2
18238,2
18239,2
18240,1
18241,1
18242,2
18243,1
18244,1
18245,1
18246,2
18247,1
18248,2
18249,2
18250,1
18251,1
18252,2
18253,1
18254,2
18255,2
18256,1
18257,0
18258,2
18259,1
18260,2
18261,1
18262,1
18263,1
18264,2
18265,2
18266,2
18267,1
18268,2
18269,1
18270,2
18271,2
18272,2
18273,1
18274,2
18275,2
18276,2
18277,2
18278,1
18279,1
18280,1
18281,1
18282,1
18283,1
18284,1
18285,1
18286,0
18287,1
18288,2
18289,0
18290,2
18291,1
18292,2
18293,2
18294,1
18295,1
18296,0
18297,1
18298,2
18299,2
18300,1
18301,1
18302,1
18303,1
18304,2
18305,0
18306,1
18307,2
18308,2
18309,1
18310,1
18311,1
18312,1
18313,1
18314,2
18315,2
18316,2
18317,1
18318,1
18319,0
18320,2
18321,1
18322,0
18323,1
18324,2
18325,1
18326,2
18327,0
18328,1
18329,2
18330,1
18331,2
18332,0
18333,1
18334,2
18335,1
18336,1
18337,2
18338,1
18339,2
18340,2
18341,1
18342,1
18343,1
18344,2
18345,2
18346,1
18347,1
18348,1
18349,2
18350,1
18351,2
18352,2
18353,1
18354,1
18355,2
18356,2
18357,0
18358,1
18359,2
18360,2
18361,1
18362,1
18363,1
18364,1
18365,1
18366,0
18367,2
18368,2
18369,1
18370,1
18371,2
18372,2
18373,0
18374,1
18375,2
18376,0
18377,2
18378,1
18379,1
18380,0
18381,2
18382,2
18383,1
18384,2
18385,1
18386,0
18387,2
18388,1
18389,2
18390,0
18391,2
18392,1
18393,1
18394,2
18395,2
18396,1
18397,1
18398,1
18399,2
18400,2
18401,1
18402,2
18403,1
18404,2
18405,1
18406,1
18407,1
18408,2
18409,1
18410,2
18411,2
18412,2
18413,2
18414,1
18415,2
18416,1
18417,1
18418,1
18419,1
18420,1
18421,0
18422,1
18423,1
18424,2
18425,1
18426,1
18427,2
18428,1
18429,0
18430,1
18431,2
18432,2
18433,1
18434,2
18435,2
18436,2
18437,1
18438,2
18439,1
18440,1
18441,2
18442,1
18443,1
18444,1
18445,1
18446,1
18447,0
18448,2
18449,0
18450,1
18451,0
18452,1
18453,1
18454,2
18455,1
18456,1
18457,1
18458,2
18459,2
18460,2
18461,1
18462,2
18463,1
18464,2
18465,1
18466,2
18467,1
18468,1
18469,1
18470,1
18471,1
18472,1
18473,1
18474,2
18475,2
18476,2
18477,2
18478,2
18479,0
18480,2
18481,2
18482,1
18483,2
18484,1
18485,1
18486,1
18487,1
18488,1
18489,1
18490,2
18491,1
18492,1
18493,1
18494,2
18495,2
18496,1
18497,2
18498,1
18499,2
18500,2
18501,1
18502,1
18503,2
18504,1
18505,2
18506,0
18507,1
18508,2
18509,2
18510,1
18511,1
18512,1
18513,2
18514,2
18515,2
18516,2
18517,1
18518,1
18519,1
18520,1
18521,2
18522,1
18523,1
18524,2
18525,1
18526,1
18527,1
18528,1
18529,2
18530,1
18531,1
18532,1
18533,1
18534,1
18535,2
18536,2
18537,2
18538,1
18539,1
18540,2
18541,2
18542,2
18543,1
18544,2
18545,2
18546,1
18547,2
18548,2
18549,2
18550,2
18551,2
18552,1
18553,2
18554,1
18555,1
18556,2
18557,1
18558,1
18559,1
18560,1
18561,1
18562,2
18563,2
18564,1
18565,2
18566,1
18567,2
18568,2
18569,1
18570,2
18571,0
18572,1
18573,0
18574,1
18575,2
18576,2
18577,2
18578,1
18579,1
18580,1
18581,1
18582,1
18583,1
18584,1
18585,1
18586,1
18587,0
18588,1
18589,2
18590,2
18591,1
18592,1
18593,1
18594,1
18595,1
18596,1
18597,2
18598,2
18599,1
18600,2
18601,2
18602,1
18603,2
18604,1
18605,2
18606,1
18607,1
18608,1
18609,1
18610,1
18611,2
18612,1
18613,1
18614,1
18615,0
18616,0
18617,1
18618,1
18619,2
18620,2
18621,1
18622,2
18623,2
18624,2
18625,1
18626,1
18627,1
18628,1
18629,2
18630,1
18631,2
18632,1
18633,1
18634,2
18635,1
18636,1
18637,2
18638,1
18639,2
18640,2
18641,1
18642,2
18643,2
18644,1
18645,2
18646,2
18647,1
18648,2
18649,1
18650,1
18651,2
18652,1
18653,1
18654,1
18655,1
18656,1
18657,1
18658,2
18659,2
18660,2
18661,2
18662,0
18663,1
18664,2
18665,1
18666,1
18667,2
18668,1
18669,1
18670,2
18671,1
18672,1
18673,2
18674,2
18675,1
18676,2
18677,1
18678,2
18679,1
18680,2
18681,1
18682,1
18683,1
18684,1
18685,2
18686,1
18687,1
18688,2
18689,2
18690,1
18691,1
18692,2
18693,1
18694,0
18695,0
18696,1
18697,2
18698,0
18699,2
18700,2
18701,1
18702,1
18703,1
18704,2
18705,2
18706,1
18707,1
18708,2
18709,2
18710,1
18711,1
18712,1
18713,1
18714,2
18715,2
18716,2
18717,1
18718,1
18719,2
18720,2
18721,1
18722,1
18723,2
18724,1
18725,2
18726,1
18727,2
18728,1
18729,1
18730,1
18731,2
18732,1
18733,2
18734,1
18735,1
18736,2
18737,2
18738,1
18739,1
18740,1
18741,1
18742,2
18743,1
18744,1
18745,2
18746,1
18747,1
18748,1
18749,0
18750,1
18751,2
18752,2
18753,1
18754,2
18755,1
18756,1
18757,2
18758,1
18759,2
18760,1
18761,0
18762,1
18763,1
18764,2
18765,2
18766,2
18767,1
18768,1
18769,1
18770,1
18771,2
18772,1
18773,1
18774,2
18775,2
18776,2
18777,1
18778,1
18779,2
18780,2
18781,1
18782,1
18783,2
18784,1
18785,1
18786,2
18787,2
18788,2
18789,1
18790,1
18791,2
18792,0
18793,2
18794,0
18795,2
18796,2
18797,1
18798,1
18799,2
18800,1
18801,0
18802,2
18803,1
18804,2
18805,1
18806,1
18807,1
18808,1
18809,2
18810,1
18811,2
18812,2
18813,2
18814,2
18815,1
18816,1
18817,2
18818,1
18819,1
18820,1
18821,1
18822,2
18823,2
18824,1
18825,2
18826,2
18827,2
18828,2
18829,1
18830,2
18831,1
18832,2
18833,1
18834,0
18835,2
18836,2
18837,2
18838,1
18839,1
18840,2
18841,1
18842,2
18843,1
18844,0
18845,1
18846,2
18847,1
18848,1
18849,1
18850,2
18851,2
18852,1
18853,1
18854,1
18855,2
18856,2
18857,2
18858,1
18859,1
18860,1
18861,2
18862,2
18863,1
18864,2
18865,2
18866,2
18867,2
18868,2
18869,1
18870,1
18871,2
18872,1
18873,1
18874,1
18875,2
18876,2
18877,1
18878,1
18879,1
18880,2
18881,2
18882,2
18883,1
18884,1
18885,2
18886,2
18887,1
18888,1
18889,2
18890,2
18891,2
18892,2
18893,1
18894,2
18895,2
18896,1
18897,2
18898,1
18899,1
18900,1
18901,1
18902,2
18903,2
18904,2
18905,2
18906,1
18907,1
18908,1
18909,1
18910,1
18911,2
18912,2
18913,1
18914,0
18915,2
18916,1
18917,2
18918,2
18919,2
18920,2
18921,1
18922,2
18923,2
18924,2
18925,2
18926,1
18927,1
18928,2
18929,2
18930,2
18931,2
18932,1
18933,2
18934,2
18935,1
18936,1
18937,2
18938,2
18939,2
18940,1
18941,1
18942,1
18943,1
18944,1
18945,1
18946,1
18947,2
18948,1
18949,2
18950,1
18951,1
18952,2
18953,0
18954,2
18955,1
18956,1
18957,2
18958,1
18959,2
18960,1
18961,1
18962,2
18963,1
18964,1
18965,2
18966,2
18967,1
18968,1
18969,2
18970,2
18971,2
18972,2
18973,2
18974,2
18975,1
18976,1
18977,1
18978,2
18979,1
18980,1
18981,2
18982,1
18983,1
18984,1
18985,2
18986,2
18987,1
18988,0
18989,2
18990,0
18991,1
18992,2
18993,2
18994,2
18995,1
18996,1
18997,2
18998,0
18999,2
19000,1
19001,1
19002,1
19003,2
19004,1
19005,2
19006,1
19007,2
19008,2
19009,2
19010,1
19011,2
19012,2
19013,1
19014,0
19015,1
19016,1
19017,1
19018,1
19019,2
19020,1
19021,1
19022,1
19023,2
19024,1
19025,2
19026,1
19027,2
19028,2
19029,2
19030,2
19031,1
19032,1
19033,2
19034,1
19035,1
19036,1
19037,2
19038,1
19039,1
19040,2
19041,2
19042,2
19043,2
19044,2
19045,2
19046,2
19047,1
19048,1
19049,1
19050,1
19051,2
19052,1
19053,0
19054,1
19055,1
19056,1
19057,1
19058,2
19059,2
19060,2
19061,2
19062,1
19063,1
19064,2
19065,2
19066,0
19067,2
19068,1
19069,1
19070,1
19071,1
19072,2
19073,2
19074,1
19075,2
19076,0
19077,1
19078,0
19079,1
19080,1
19081,1
19082,1
19083,2
19084,1
19085,1
19086,2
19087,1
19088,0
19089,2
19090,1
19091,2
19092,2
19093,2
19094,1
19095,1
19096,2
19097,2
19098,1
19099,2
19100,1
19101,1
19102,2
19103,1
19104,2
19105,1
19106,2
19107,2
19108,2
19109,2
19110,1
19111,1
19112,0
19113,2
19114,1
19115,2
19116,1
19117,2
19118,2
19119,2
19120,2
19121,1
19122,1
19123,2
19124,1
19125,2
19126,2
19127,1
19128,1
19129,2
19130,0
19131,1
19132,2
19133,1
19134,0
19135,0
19136,2
19137,1
19138,1
19139,1
19140,1
19141,2
19142,2
19143,2
19144,2
19145,2
19146,1
19147,1
19148,1
19149,0
19150,2
19151,1
19152,1
19153,2
19154,1
19155,2
19156,2
19157,2
19158,1
19159,1
19160,0
19161,2
19162,1
19163,2
19164,2
19165,1
19166,2
19167,2
19168,2
19169,1
19170,1
19171,1
19172,1
19173,2
19174,2
19175,2
19176,1
19177,2
19178,2
19179,1
19180,2
19181,1
19182,1
19183,2
19184,2
19185,1
19186,1
19187,2
19188,2
19189,2
19190,1
19191,1
19192,1
19193,1
19194,1
19195,1
19196,2
19197,2
19198,2
19199,1
19200,1
19201,1
19202,0
19203,0
19204,2
19205,1
19206,2
19207,1
19208,2
19209,2
19210,0
19211,1
19212,2
19213,1
19214,1
19215,2
19216,1
19217,0
19218,2
19219,0
19220,2
19221,1
19222,1
19223,1
19224,1
19225,2
19226,2
19227,2
19228,2
19229,1
19230,1
19231,1
19232,2
19233,2
19234,2
19235,2
19236,1
19237,1
19238,1
19239,1
19240,1
19241,1
19242,1
19243,2
19244,1
19245,2
19246,2
19247,2
19248,2
19249,2
19250,2
19251,1
19252,0
19253,1
19254,2
19255,2
19256,1
19257,2
19258,1
19259,2
19260,1
19261,1
19262,1
19263,1
19264,1
19265,1
19266,2
19267,1
19268,1
19269,1
19270,2
19271,1
19272,2
19273,2
19274,2
19275,1
19276,1
19277,1
19278,2
19279,2
19280,2
19281,1
19282,2
19283,1
19284,1
19285,1
19286,2
19287,2
19288,1
19289,2
19290,2
19291,2
19292,1
19293,1
19294,1
19295,2
19296,2
19297,2
19298,1
19299,1
19300,1
19301,1
19302,1
19303,0
19304,2
19305,1
19306,2
19307,2
19308,2
19309,1
19310,2
19311,2
19312,1
19313,1
19314,2
19315,2
19316,1
19317,1
19318,1
19319,1
19320,1
19321,1
19322,1
19323,1
19324,1
19325,1
19326,1
19327,1
19328,2
19329,1
19330,2
19331,1
19332,1
19333,1
19334,1
19335,2
19336,2
19337,2
19338,2
19339,1
19340,2
19341,2
19342,2
19343,2
19344,1
19345,2
19346,2
19347,1
19348,1
19349,1
19350,2
19351,1
19352,1
19353,2
19354,1
19355,2
19356,1
19357,2
19358,1
19359,1
19360,1
19361,2
19362,2
19363,2
19364,1
19365,1
19366,1
19367,2
19368,1
19369,1
19370,2
19371,1
19372,2
19373,2
19374,1
19375,1
19376,2
19377,1
19378,1
19379,1
19380,2
19381,1
19382,1
19383,2
19384,2
19385,0
19386,1
19387,1
19388,2
19389,2
19390,1
19391,1
19392,1
19393,1
19394,2
19395,1
19396,1
19397,2
19398,1
19399,0
19400,2
19401,2
19402,0
19403,2
19404,2
19405,2
19406,2
19407,1
19408,2
19409,2
19410,2
19411,1
19412,1
19413,1
19414,1
19415,0
19416,2
19417,2
19418,2
19419,2
19420,1
19421,1
19422,2
19423,1
19424,1
19425,1
19426,1
19427,1
19428,1
19429,2
19430,2
19431,1
19432,2
19433,2
19434,1
19435,2
19436,1
19437,1
19438,1
19439,2
19440,2
19441,2
19442,1
19443,1
19444,2
19445,1
19446,0
19447,2
19448,2
19449,1
19450,2
19451,1
19452,1
19453,1
19454,1
19455,1
19456,2
19457,1
19458,1
19459,1
19460,1
19461,1
19462,2
19463,2
19464,1
19465,1
19466,1
19467,2
19468,1
19469,2
19470,1
19471,2
19472,2
19473,2
19474,2
19475,0
19476,1
19477,1
19478,2
19479,2
19480,2
19481,2
19482,1
19483,2
19484,1
19485,2
19486,1
19487,2
19488,2
19489,2
19490,1
19491,2
19492,1
19493,1
19494,1
19495,0
19496,2
19497,1
19498,1
19499,2
19500,2
19501,2
19502,2
19503,0
19504,1
19505,1
19506,0
19507,1
19508,2
19509,1
19510,2
19511,2
19512,2
19513,2
19514,2
19515,1
19516,2
19517,2
19518,1
19519,1
19520,1
19521,1
19522,1
19523,1
19524,2
19525,1
19526,2
19527,2
19528,1
19529,2
19530,1
19531,2
19532,2
19533,2
19534,2
19535,1
19536,2
19537,1
19538,1
19539,2
19540,2
19541,1
19542,2
19543,1
19544,2
19545,1
19546,1
19547,1
19548,2
19549,2
19550,1
19551,2
19552,2
19553,0
19554,1
19555,1
19556,1
19557,0
19558,1
19559,1
19560,1
19561,2
19562,1
19563,2
19564,1
19565,0
19566,1
19567,1
19568,1
19569,1
19570,2
19571,2
19572,1
19573,1
19574,1
19575,1
19576,2
19577,1
19578,2
19579,1
19580,2
19581,2
19582,1
19583,0
19584,1
19585,1
19586,1
19587,1
19588,1
19589,1
19590,2
19591,0
19592,1
19593,1
19594,2
19595,2
19596,1
19597,2
19598,1
19599,1
19600,2
19601,1
19602,1
19603,2
19604,1
19605,2
19606,2
19607,1
19608,1
19609,2
19610,1
19611,2
19612,1
19613,2
19614,2
19615,2
19616,1
19617,1
19618,1
19619,2
19620,2
19621,1
19622,1
19623,1
19624,1
19625,2
19626,2
19627,2
19628,1
19629,1
19630,1
19631,0
19632,1
19633,2
19634,1
19635,1
19636,2
19637,1
19638,2
19639,2
19640,0
19641,2
19642,1
19643,1
19644,1
19645,2
19646,2
19647,1
19648,1
19649,1
19650,1
19651,1
19652,1
19653,2
19654,1
19655,1
19656,2
19657,1
19658,2
19659,2
19660,0
19661,1
19662,1
19663,1
19664,2
19665,1
19666,1
19667,1
19668,1
19669,2
19670,2
19671,2
19672,2
19673,1
19674,1
19675,1
19676,2
19677,0
19678,1
19679,2
19680,2
19681,1
19682,1
19683,2
19684,1
19685,1
19686,2
19687,2
19688,2
19689,2
19690,2
19691,1
19692,2
19693,2
19694,1
19695,1
19696,2
19697,0
19698,1
19699,2
19700,1
19701,1
19702,1
19703,2
19704,1
19705,2
19706,2
19707,1
19708,1
19709,1
19710,2
19711,1
19712,2
19713,1
19714,2
19715,2
19716,1
19717,1
19718,1
19719,2
19720,2
19721,1
19722,1
19723,2
19724,2
19725,2
19726,1
19727,2
19728,1
19729,2
19730,1
19731,1
19732,2
19733,2
19734,1
19735,0
19736,2
19737,1
19738,1
19739,1
19740,2
19741,1
19742,1
19743,1
19744,1
19745,1
19746,1
19747,0
19748,1
19749,1
19750,2
19751,1
19752,2
19753,1
19754,2
19755,2
19756,1
19757,1
19758,2
19759,1
19760,2
19761,2
19762,1
19763,2
19764,2
19765,0
19766,1
19767,2
19768,1
19769,2
19770,2
19771,2
19772,2
19773,2
19774,1
19775,2
19776,2
19777,1
19778,2
19779,2
19780,1
19781,1
19782,2
19783,1
19784,1
19785,2
19786,2
19787,1
19788,0
19789,1
19790,1
19791,2
19792,2
19793,1
19794,1
19795,0
19796,2
19797,1
19798,2
19799,1
19800,2
19801,2
19802,1
19803,2
19804,2
19805,2
19806,2
19807,1
19808,2
19809,1
19810,2
19811,2
19812,1
19813,2
19814,1
19815,1
19816,2
19817,2
19818,2
19819,1
19820,1
19821,1
19822,2
19823,2
19824,2
19825,1
19826,1
19827,2
19828,2
19829,1
19830,1
19831,1
19832,1
19833,2
19834,0
19835,2
19836,2
19837,2
19838,2
19839,2
19840,2
19841,2
19842,2
19843,1
19844,2
19845,2
19846,1
19847,2
19848,1
19849,1
19850,1
19851,2
19852,2
19853,1
19854,2
19855,2
19856,1
19857,1
19858,1
19859,2
19860,2
19861,2
19862,2
19863,2
19864,1
19865,1
19866,2
19867,1
19868,2
19869,1
19870,2
19871,1
19872,1
19873,2
19874,2
19875,2
19876,2
19877,2
19878,1
19879,1
19880,2
19881,1
19882,2
19883,2
19884,1
19885,1
19886,1
19887,1
19888,2
19889,1
19890,1
19891,2
19892,1
19893,1
19894,0
19895,2
19896,1
19897,2
19898,1
19899,1
19900,2
19901,1
19902,1
19903,1
19904,2
19905,2
19906,1
19907,2
19908,1
19909,1
19910,1
19911,2
19912,2
19913,2
19914,2
19915,1
19916,1
19917,1
19918,0
19919,0
19920,1
19921,2
19922,1
19923,1
19924,1
19925,1
19926,2
19927,1
19928,2
19929,1
19930,1
19931,2
19932,2
19933,2
19934,2
19935,1
19936,1
19937,2
19938,2
19939,2
19940,2
19941,0
19942,2
19943,2
19944,0
19945,1
19946,2
19947,1
19948,2
19949,1
19950,1
19951,2
19952,1
19953,2
19954,1
19955,1
19956,1
19957,2
19958,2
19959,1
19960,0
19961,1
19962,1
19963,1
19964,2
19965,2
19966,1
19967,2
19968,1
19969,2
19970,1
19971,0
19972,1
19973,2
19974,2
19975,2
19976,1
19977,2
19978,2
19979,2
19980,2
19981,1
19982,1
19983,2
19984,1
19985,1
19986,2
19987,1
19988,2
19989,2
19990,2
19991,0
19992,2
19993,1
19994,2
19995,1
19996,1
19997,1
19998,1
19999,2
20000,1
20001,1
20002,2
20003,0
20004,1
20005,2
20006,1
20007,2
20008,1
20009,2
20010,2
20011,2
20012,2
20013,2
20014,2
20015,1
20016,2
20017,2
20018,2
20019,1
20020,2
20021,2
20022,1
20023,1
20024,1
20025,1
20026,1
20027,2
20028,1
20029,2
20030,1
20031,1
20032,0
20033,1
20034,2
20035,1
20036,1
20037,2
20038,2
20039,1
20040,1
20041,1
20042,1
20043,1
20044,1
20045,1
20046,2
20047,2
20048,2
20049,2
20050,1
20051,1
20052,1
20053,2
20054,1
20055,2
20056,2
20057,2
20058,1
20059,2
20060,1
20061,2
20062,1
20063,1
20064,2
20065,2
20066,2
20067,1
20068,1
20069,2
20070,2
20071,2
20072,1
20073,2
20074,1
20075,2
20076,1
20077,1
20078,1
20079,2
20080,2
20081,2
20082,1
20083,2
20084,0
20085,2
20086,1
20087,2
20088,2
20089,1
20090,2
20091,2
20092,2
20093,1
20094,1
20095,2
20096,1
20097,1
20098,1
20099,2
20100,1
20101,1
20102,1
20103,0
20104,2
20105,1
20106,1
20107,1
20108,1
20109,1
20110,2
20111,2
20112,0
20113,2
20114,1
20115,1
20116,1
20117,1
20118,2
20119,1
20120,2
20121,1
20122,2
20123,2
20124,2
20125,1
20126,1
20127,1
20128,1
20129,2
20130,2
20131,2
20132,2
20133,1
20134,1
20135,1
20136,1
20137,2
20138,1
20139,2
20140,1
20141,2
20142,2
20143,2
20144,1
20145,1
20146,2
20147,1
20148,2
20149,1
20150,1
20151,1
20152,1
20153,1
20154,1
20155,1
20156,2
20157,1
20158,1
20159,1
20160,2
20161,2
20162,1
20163,1
20164,1
20165,2
20166,1
20167,1
20168,2
20169,2
20170,2
20171,2
20172,1
20173,2
20174,0
20175,2
20176,1
20177,2
20178,2
20179,1
20180,2
20181,0
20182,1
20183,2
20184,1
20185,2
20186,2
20187,2
20188,2
20189,2
20190,2
20191,2
20192,1
20193,2
20194,1
20195,1
20196,1
20197,1
20198,2
20199,1
20200,2
20201,1
20202,2
20203,0
20204,1
20205,2
20206,2
20207,2
20208,2
20209,2
20210,1
20211,1
20212,1
20213,1
20214,1
20215,1
20216,0
20217,1
20218,2
20219,2
20220,1
20221,1
20222,0
20223,2
20224,2
20225,2
20226,2
20227,1
20228,1
20229,1
20230,2
20231,2
20232,2
20233,0
20234,1
20235,2
20236,1
20237,2
20238,0
20239,1
20240,2
20241,1
20242,1
20243,1
20244,1
20245,1
20246,2
20247,1
20248,1
20249,2
20250,1
20251,2
20252,1
20253,1
20254,2
20255,2
20256,1
20257,1
20258,2
20259,1
20260,1
20261,1
20262,0
20263,1
20264,2
20265,2
20266,1
20267,2
20268,2
20269,2
20270,2
20271,2
20272,2
20273,2
20274,2
20275,1
20276,2
20277,2
20278,1
20279,2
20280,2
20281,2
20282,1
20283,1
20284,2
20285,2
20286,1
20287,2
20288,1
20289,2
20290,2
20291,2
20292,2
20293,1
20294,1
20295,1
20296,2
20297,1
20298,1
20299,1
20300,1
20301,2
20302,2
20303,0
20304,2
20305,2
20306,2
20307,2
20308,1
20309,2
20310,2
20311,1
20312,2
20313,1
20314,1
20315,1
20316,2
20317,1
20318,2
20319,1
20320,1
20321,0
20322,2
20323,0
20324,2
20325,2
20326,1
20327,1
20328,1
20329,1
20330,1
20331,1
20332,2
20333,1
20334,1
20335,0
20336,2
20337,1
20338,2
20339,1
20340,2
20341,1
20342,2
20343,1
20344,1
20345,2
20346,1
20347,1
20348,2
20349,0
20350,1
20351,2
20352,1
20353,2
20354,1
20355,1
20356,1
20357,1
20358,1
20359,1
20360,2
20361,1
20362,2
20363,2
20364,2
20365,1
20366,2
20367,2
20368,2
20369,2
20370,1
20371,1
20372,2
20373,0
20374,1
20375,1
20376,1
20377,1
20378,1
20379,1
20380,0
20381,2
20382,2
20383,0
20384,1
20385,1
20386,2
20387,0
20388,2
20389,1
20390,1
20391,1
20392,2
20393,1
20394,2
20395,1
20396,1
20397,1
20398,2
20399,2
20400,2
20401,1
20402,2
20403,2
20404,2
20405,1
20406,2
20407,2
20408,1
20409,2
20410,1
20411,2
20412,2
20413,2
20414,2
20415,1
20416,1
20417,2
20418,1
20419,1
20420,0
20421,2
20422,2
20423,2
20424,1
20425,1
20426,2
20427,0
20428,1
20429,1
20430,1
20431,1
20432,1
20433,1
20434,1
20435,2
20436,2
20437,1
20438,1
20439,2
20440,1
20441,1
20442,1
20443,1
20444,1
20445,1
20446,1
20447,1
20448,1
20449,1
20450,1
20451,1
20452,1
20453,1
20454,1
20455,1
20456,2
20457,2
20458,2
20459,2
20460,2
20461,2
20462,1
20463,1
20464,1
20465,1
20466,2
20467,2
20468,2
20469,1
20470,1
20471,2
20472,1
20473,2
20474,1
20475,1
20476,2
20477,2
20478,2
20479,2
20480,1
20481,2
20482,1
20483,1
20484,0
20485,2
20486,1
20487,1
20488,2
20489,2
20490,2
20491,1
20492,2
20493,2
20494,1
20495,0
20496,1
20497,2
20498,2
20499,2
20500,2
20501,1
20502,1
20503,1
20504,0
20505,1
20506,2
20507,1
20508,0
20509,1
20510,2
20511,2
20512,2
20513,1
20514,0
20515,1
20516,1
20517,2
20518,1
20519,2
20520,1
20521,1
20522,2
20523,1
20524,2
20525,2
20526,1
20527,1
20528,0
20529,1
20530,2
20531,1
20532,1
20533,2
20534,1
20535,2
20536,1
20537,1
20538,2
20539,1
20540,1
20541,2
20542,1
20543,1
20544,1
20545,2
20546,0
20547,2
20548,0
20549,1
20550,0
20551,0
20552,2
20553,2
20554,1
20555,1
20556,1
20557,2
20558,1
20559,2
20560,1
20561,1
20562,1
20563,1
20564,2
20565,2
20566,1
20567,1
20568,2
20569,2
20570,2
20571,2
20572,1
20573,2
20574,2
20575,2
20576,1
20577,2
20578,1
20579,1
20580,1
20581,0
20582,1
20583,2
20584,1
20585,2
20586,0
20587,0
20588,0
20589,2
20590,2
20591,2
20592,2
20593,2
20594,1
20595,2
20596,1
20597,1
20598,0
20599,1
20600,0
20601,2
20602,2
20603,2
20604,1
20605,2
20606,0
20607,0
20608,1
20609,1
20610,2
20611,2
20612,2
20613,1
20614,1
20615,1
20616,2
20617,2
20618,2
20619,2
20620,2
20621,1
20622,1
20623,2
20624,2
20625,1
20626,1
20627,2
20628,2
20629,1
20630,1
20631,2
20632,2
20633,2
20634,2
20635,2
20636,1
20637,1
20638,0
20639,1
20640,1
20641,1
20642,2
20643,1
20644,1
20645,0
20646,2
20647,2
20648,1
20649,1
20650,2
20651,2
20652,0
20653,2
20654,1
20655,1
20656,1
20657,2
20658,1
20659,2
20660,1
20661,1
20662,2
20663,1
20664,1
20665,1
20666,2
20667,1
20668,1
20669,1
20670,1
20671,2
20672,0
20673,2
20674,1
20675,2
20676,1
20677,2
20678,1
20679,1
20680,1
20681,2
20682,2
20683,2
20684,2
20685,2
20686,2
20687,2
20688,1
20689,1
20690,2
20691,2
20692,0
20693,1
20694,1
20695,1
20696,2
20697,1
20698,2
20699,1
20700,1
20701,2
20702,2
20703,2
20704,1
20705,1
20706,2
20707,1
20708,1
20709,1
20710,2
20711,1
20712,1
20713,2
20714,1
20715,2
20716,1
20717,1
20718,1
20719,1
20720,2
20721,2
20722,2
20723,1
20724,1
20725,2
20726,0
20727,2
20728,1
20729,1
20730,2
20731,1
20732,1
20733,1
20734,2
20735,1
20736,2
20737,2
20738,1
20739,1
20740,1
20741,2
20742,1
20743,1
20744,1
20745,2
20746,2
20747,1
20748,2
20749,2
20750,2
20751,2
20752,2
20753,2
20754,1
20755,2
20756,2
20757,2
20758,2
20759,2
20760,2
20761,2
20762,1
20763,1
20764,1
20765,2
20766,1
20767,1
20768,2
20769,2
20770,1
20771,1
20772,2
20773,1
20774,2
20775,1
20776,1
20777,2
20778,1
20779,1
20780,0
20781,2
20782,1
20783,1
20784,2
20785,2
20786,2
20787,2
20788,1
20789,1
20790,1
20791,1
20792,1
20793,2
20794,2
20795,2
20796,1
20797,2
20798,0
20799,0
20800,2
20801,0
20802,2
20803,1
20804,2
20805,2
20806,2
20807,1
20808,2
20809,1
20810,1
20811,2
20812,2
20813,2
20814,2
20815,2
20816,2
20817,2
20818,1
20819,2
20820,1
20821,1
20822,1
20823,2
20824,0
20825,1
20826,1
20827,1
20828,2
20829,0
20830,0
20831,2
20832,0
20833,2
20834,2
20835,1
20836,2
20837,1
20838,2
20839,2
20840,2
20841,1
20842,1
20843,1
20844,1
20845,0
20846,1
20847,2
20848,1
20849,2
20850,1
20851,1
20852,1
20853,2
20854,1
20855,2
20856,2
20857,0
20858,1
20859,2
20860,1
20861,1
20862,1
20863,1
20864,1
20865,0
20866,2
20867,1
20868,2
20869,2
20870,1
20871,2
20872,1
20873,2
20874,2
20875,2
20876,1
20877,2
20878,1
20879,1
20880,2
20881,1
20882,2
20883,1
20884,1
20885,1
20886,2
20887,1
20888,1
20889,2
20890,1
20891,1
20892,1
20893,2
20894,2
20895,1
20896,1
20897,1
20898,1
20899,1
20900,2
20901,1
20902,2
20903,2
20904,1
20905,2
20906,2
20907,1
20908,2
20909,1
20910,1
20911,2
20912,2
20913,2
20914,1
20915,2
20916,1
20917,2
20918,1
20919,1
20920,2
20921,2
20922,2
20923,2
20924,1
20925,1
20926,1
20927,1
20928,2
20929,1
20930,1
20931,2
20932,0
20933,0
20934,1
20935,2
20936,2
20937,2
20938,1
20939,2
20940,2
20941,2
20942,2
20943,1
20944,1
20945,1
20946,2
20947,1
20948,1
20949,1
20950,1
20951,1
20952,1
20953,1
20954,2
20955,2
20956,1
20957,1
20958,1
20959,1
20960,2
20961,1
20962,0
20963,1
20964,1
20965,2
20966,2
20967,2
20968,2
20969,1
20970,2
20971,2
20972,0
20973,2
20974,2
20975,2
20976,1
20977,1
20978,1
20979,0
20980,2
20981,2
20982,2
20983,1
20984,2
20985,2
20986,1
20987,2
20988,1
20989,1
20990,1
20991,2
20992,2
20993,1
20994,1
20995,2
20996,1
20997,2
20998,2
20999,1
21000,2
21001,2
21002,1
21003,1
21004,2
21005,2
21006,1
21007,2
21008,1
21009,2
21010,1
21011,1
21012,2
21013,1
21014,2
21015,2
21016,2
21017,1
21018,1
21019,1
21020,2
21021,1
21022,2
21023,1
21024,1
21025,2
21026,1
21027,2
21028,2
21029,2
21030,2
21031,2
21032,1
21033,2
21034,1
21035,2
21036,1
21037,2
21038,2
21039,1
21040,2
21041,1
21042,1
21043,2
21044,2
21045,2
21046,2
21047,2
21048,1
21049,1
21050,2
21051,2
21052,1
21053,2
21054,2
21055,1
21056,1
21057,1
21058,1
21059,1
21060,1
21061,2
21062,1
21063,1
21064,2
21065,1
21066,2
21067,1
21068,2
21069,1
21070,2
21071,2
21072,2
21073,1
21074,1
21075,2
21076,1
21077,2
21078,0
21079,2
21080,2
21081,2
21082,2
21083,1
21084,2
21085,2
21086,1
21087,1
21088,2
21089,1
21090,2
21091,1
21092,1
21093,2
21094,2
21095,2
21096,1
21097,1
21098,1
21099,1
21100,2
21101,2
21102,2
21103,2
21104,1
21105,1
21106,2
21107,1
21108,1
21109,1
21110,2
21111,1
21112,2
21113,2
21114,2
21115,0
21116,1
21117,2
21118,1
21119,1
21120,1
21121,1
21122,2
21123,2
21124,0
21125,1
21126,1
21127,2
21128,2
21129,1
21130,1
21131,1
21132,1
21133,2
21134,2
21135,1
21136,1
21137,2
21138,1
21139,1
21140,2
21141,2
21142,2
21143,1
21144,1
21145,2
21146,1
21147,2
21148,0
21149,1
21150,1
21151,1
21152,2
21153,2
21154,1
21155,2
21156,2
21157,1
21158,1
21159,2
21160,1
21161,1
21162,1
21163,2
21164,2
21165,1
21166,1
21167,1
21168,1
21169,0
21170,1
21171,1
21172,2
21173,2
21174,2
21175,2
21176,1
21177,2
21178,2
21179,2
21180,2
21181,1
21182,1
21183,1
21184,1
21185,1
21186,1
21187,1
21188,2
21189,2
21190,1
21191,1
21192,1
21193,1
21194,1
21195,2
21196,1
21197,1
21198,1
21199,1
21200,1
21201,2
21202,2
21203,1
21204,2
21205,1
21206,1
21207,2
21208,2
21209,1
21210,1
21211,1
21212,1
21213,2
21214,1
21215,1
21216,1
21217,1
21218,1
21219,1
21220,2
21221,1
21222,1
21223,2
21224,0
21225,2
21226,2
21227,1
21228,2
21229,1
21230,1
21231,1
21232,1
21233,1
21234,1
21235,2
21236,2
21237,2
21238,0
21239,1
21240,1
21241,1
21242,1
21243,2
21244,1
21245,0
21246,1
21247,2
21248,2
21249,1
21250,0
21251,1
21252,2
21253,1
21254,1
21255,2
21256,2
21257,1
21258,1
21259,1
21260,2
21261,2
21262,1
21263,1
21264,2
21265,2
21266,1
21267,1
21268,1
21269,2
21270,2
21271,1
21272,2
21273,2
21274,1
21275,1
21276,2
21277,1
21278,1
21279,2
21280,2
21281,1
21282,1
21283,1
21284,1
21285,1
21286,1
21287,1
21288,1
21289,1
21290,1
21291,0
21292,1
21293,2
21294,2
21295,2
21296,2
21297,1
21298,1
21299,0
21300,2
21301,1
21302,2
21303,2
21304,2
21305,1
21306,1
21307,1
21308,2
21309,2
21310,2
21311,1
21312,2
21313,2
21314,2
21315,0
21316,1
21317,1
21318,1
21319,2
21320,2
21321,2
21322,1
21323,2
21324,1
21325,2
21326,1
21327,1
21328,1
21329,2
21330,1
21331,1
21332,1
21333,2
21334,2
21335,2
21336,0
21337,0
21338,2
21339,2
21340,1
21341,2
21342,1
21343,2
21344,2
21345,2
21346,2
21347,1
21348,1
21349,1
21350,0
21351,1
21352,1
21353,2
21354,1
21355,0
21356,1
21357,1
21358,2
21359,1
21360,1
21361,0
21362,1
21363,2
21364,2
21365,2
21366,2
21367,1
21368,1
21369,2
21370,1
21371,1
21372,2
21373,0
21374,2
21375,1
21376,1
21377,2
21378,2
21379,1
21380,2
21381,2
21382,2
21383,2
21384,1
21385,1
21386,2
21387,0
21388,2
21389,1
21390,1
21391,2
21392,1
21393,2
21394,0
21395,1
21396,1
21397,2
21398,2
21399,2
21400,2
21401,2
21402,1
21403,1
21404,2
21405,2
21406,1
21407,0
21408,1
21409,2
21410,1
21411,1
21412,2
21413,2
21414,1
21415,1
21416,1
21417,2
21418,0
21419,1
21420,1
21421,1
21422,2
21423,2
21424,1
21425,1
21426,1
21427,2
21428,2
21429,1
21430,1
21431,1
21432,2
21433,2
21434,1
21435,1
21436,1
21437,1
21438,2
21439,2
21440,0
21441,1
21442,1
21443,1
21444,1
21445,1
21446,2
21447,1
21448,1
21449,1
21450,1
21451,2
21452,2
21453,1
21454,2
21455,2
21456,1
21457,1
21458,2
21459,2
21460,2
21461,2
21462,2
21463,2
21464,2
21465,1
21466,2
21467,1
21468,2
21469,2
21470,2
21471,0
21472,1
21473,1
21474,1
21475,1
21476,1
21477,2
21478,1
21479,2
21480,2
21481,2
21482,1
21483,1
21484,2
21485,1
21486,1
21487,2
21488,1
21489,1
21490,1
21491,2
21492,1
21493,1
21494,2
21495,0
21496,1
21497,2
21498,1
21499,2
21500,1
21501,1
21502,1
21503,2
21504,2
21505,1
21506,1
21507,2
21508,1
21509,2
21510,1
21511,0
21512,2
21513,1
21514,2
21515,1
21516,0
21517,2
21518,1
21519,2
21520,2
21521,2
21522,1
21523,2
21524,1
21525,1
21526,1
21527,1
21528,1
21529,1
21530,2
21531,1
21532,0
21533,1
21534,2
21535,1
21536,0
21537,1
21538,1
21539,1
21540,1
21541,1
21542,1
21543,2
21544,2
21545,2
21546,2
21547,2
21548,2
21549,0
21550,1
21551,2
21552,2
21553,1
21554,2
21555,2
21556,2
21557,2
21558,2
21559,2
21560,2
21561,1
21562,2
21563,1
21564,1
21565,1
21566,1
21567,2
21568,1
21569,2
21570,1
21571,2
21572,0
21573,2
21574,1
21575,2
21576,1
21577,2
21578,2
21579,2
21580,1
21581,2
21582,1
21583,0
21584,2
21585,2
21586,1
21587,1
21588,2
21589,1
21590,2
21591,2
21592,1
21593,1
21594,2
21595,2
21596,1
21597,2
21598,1
21599,2
21600,0
21601,1
21602,2
21603,2
21604,1
21605,2
21606,2
21607,2
21608,1
21609,1
21610,2
21611,2
21612,2
21613,2
21614,2
21615,1
21616,1
21617,2
21618,1
21619,1
21620,1
21621,1
21622,1
21623,2
21624,1
21625,1
21626,1
21627,1
21628,2
21629,1
21630,2
21631,2
21632,2
21633,2
21634,2
21635,1
21636,2
21637,1
21638,1
21639,2
21640,2
21641,1
21642,2
21643,2
21644,1
21645,2
21646,0
21647,0
21648,2
21649,1
21650,0
21651,1
21652,2
21653,0
21654,1
21655,2
21656,1
21657,2
21658,2
21659,1
21660,1
21661,1
21662,1
21663,2
21664,2
21665,2
21666,2
21667,1
21668,1
21669,2
21670,1
21671,1
21672,1
21673,1
21674,2
21675,0
21676,1
21677,2
21678,2
21679,2
21680,2
21681,2
21682,2
21683,2
21684,2
21685,2
21686,2
21687,1
21688,2
21689,2
21690,1
21691,2
21692,1
21693,1
21694,2
21695,2
21696,2
21697,2
21698,1
21699,1
21700,2
21701,2
21702,2
21703,1
21704,2
21705,2
21706,1
21707,2
21708,2
21709,2
21710,2
21711,2
21712,2
21713,2
21714,2
21715,1
21716,2
21717,1
21718,2
21719,1
21720,1
21721,2
21722,2
21723,1
21724,2
21725,1
21726,2
21727,1
21728,1
21729,1
21730,1
21731,1
21732,2
21733,2
21734,2
21735,2
21736,1
21737,1
21738,2
21739,2
21740,1
21741,1
21742,2
21743,0
21744,2
21745,1
21746,1
21747,2
21748,2
21749,2
21750,2
21751,1
21752,2
21753,1
21754,2
21755,1
21756,1
21757,1
21758,2
21759,2
21760,2
21761,2
21762,1
21763,1
21764,2
21765,2
21766,2
21767,1
21768,1
21769,1
21770,2
21771,2
21772,2
21773,1
21774,2
21775,2
21776,2
21777,2
21778,1
21779,2
21780,1
21781,2
21782,2
21783,2
21784,1
21785,1
21786,1
21787,1
21788,2
21789,2
21790,1
21791,0
21792,1
21793,1
21794,2
21795,2
21796,0
21797,1
21798,2
21799,2
21800,1
21801,0
21802,1
21803,1
21804,1
21805,2
21806,2
21807,1
21808,1
21809,2
21810,2
21811,1
21812,2
21813,1
21814,1
21815,1
21816,2
21817,1
21818,1
21819,1
21820,0
21821,1
21822,1
21823,2
21824,1
21825,1
21826,1
21827,2
21828,1
21829,1
21830,1
21831,1
21832,2
21833,1
21834,2
21835,2
21836,2
21837,2
21838,1
21839,1
21840,1
21841,0
21842,1
21843,2
21844,1
21845,2
21846,1
21847,1
21848,1
21849,2
21850,1
21851,1
21852,2
21853,2
21854,1
21855,0
21856,1
21857,1
21858,1
21859,0
21860,1
21861,1
21862,1
21863,1
21864,1
21865,1
21866,2
21867,2
21868,1
21869,1
21870,2
21871,2
21872,2
21873,1
21874,2
21875,2
21876,1
21877,1
21878,2
21879,2
21880,1
21881,2
21882,2
21883,1
21884,1
21885,2
21886,1
21887,1
21888,2
21889,1
21890,2
21891,1
21892,1
21893,2
21894,0
21895,1
21896,2
21897,1
21898,2
21899,2
21900,2
21901,2
21902,1
21903,0
21904,2
21905,1
21906,2
21907,1
21908,1
21909,2
21910,2
21911,1
21912,1
21913,1
21914,1
21915,1
21916,2
21917,2
21918,2
21919,1
21920,0
21921,2
21922,1
21923,2
21924,2
21925,1
21926,1
21927,2
21928,2
21929,1
21930,2
21931,2
21932,2
21933,1
21934,2
21935,2
21936,1
21937,2
21938,2
21939,0
21940,1
21941,2
21942,2
21943,2
21944,1
21945,1
21946,2
21947,1
21948,1
21949,2
21950,1
21951,2
21952,1
21953,2
21954,0
21955,2
21956,0
21957,2
21958,2
21959,1
21960,2
21961,2
21962,1
21963,1
21964,1
21965,2
21966,1
21967,1
21968,1
21969,2
21970,0
21971,2
21972,1
21973,2
21974,2
21975,1
21976,2
21977,2
21978,1
21979,1
21980,2
21981,2
21982,0
21983,2
21984,1
21985,1
21986,2
21987,1
21988,0
21989,2
21990,1
21991,1
21992,2
21993,1
21994,1
21995,1
21996,1
21997,1
21998,1
21999,1
22000,2
22001,1
22002,1
22003,1
22004,2
22005,2
22006,1
22007,2
22008,2
22009,2
22010,1
22011,0
22012,2
22013,2
22014,1
22015,1
22016,2
22017,2
22018,1
22019,2
22020,0
22021,2
22022,1
22023,2
22024,1
22025,1
22026,2
22027,2
22028,1
22029,1
22030,2
22031,1
22032,2
22033,1
22034,2
22035,2
22036,1
22037,1
22038,1
22039,2
22040,2
22041,2
22042,2
22043,1
22044,0
22045,2
22046,1
22047,1
22048,1
22049,1
22050,2
22051,2
22052,2
22053,1
22054,1
22055,2
22056,1
22057,2
22058,1
22059,1
22060,0
22061,2
22062,2
22063,1
22064,1
22065,1
22066,1
22067,2
22068,1
22069,2
22070,2
22071,2
22072,1
22073,2
22074,1
22075,2
22076,2
22077,2
22078,2
22079,2
22080,2
22081,1
22082,1
22083,1
22084,2
22085,1
22086,2
22087,2
22088,2
22089,1
22090,2
22091,2
22092,1
22093,2
22094,1
22095,2
22096,2
22097,2
22098,1
22099,1
22100,1
22101,2
22102,2
22103,2
22104,2
22105,1
22106,2
22107,1
22108,1
22109,0
22110,2
22111,1
22112,1
22113,2
22114,1
22115,1
22116,1
22117,1
22118,2
22119,1
22120,2
22121,2
22122,2
22123,1
22124,2
22125,2
22126,1
22127,1
22128,1
22129,2
22130,1
22131,1
22132,2
22133,0
22134,1
22135,1
22136,1
22137,1
22138,1
22139,1
22140,1
22141,1
22142,1
22143,1
22144,2
22145,1
22146,2
22147,1
22148,1
22149,0
22150,2
22151,1
22152,2
22153,2
22154,2
22155,2
22156,2
22157,1
22158,2
22159,1
22160,1
22161,1
22162,2
22163,2
22164,0
22165,2
22166,1
22167,2
22168,2
22169,1
22170,2
22171,2
22172,1
22173,2
22174,2
22175,0
22176,2
22177,2
22178,2
22179,2
22180,2
22181,1
22182,2
22183,0
22184,1
22185,1
22186,2
22187,2
22188,1
22189,1
22190,2
22191,1
22192,1
22193,1
22194,1
22195,1
22196,2
22197,2
22198,2
22199,2
22200,1
22201,2
22202,0
22203,1
22204,1
22205,1
22206,2
22207,2
22208,1
22209,1
22210,2
22211,1
22212,1
22213,2
22214,1
22215,2
22216,1
22217,2
22218,1
22219,1
22220,1
22221,2
22222,0
22223,1
22224,2
22225,1
22226,2
22227,0
22228,1
22229,2
22230,2
22231,1
22232,2
22233,2
22234,1
22235,0
22236,2
22237,1
22238,1
22239,1
22240,1
22241,0
22242,2
22243,2
22244,2
22245,1
22246,2
22247,2
22248,1
22249,2
22250,2
22251,2
22252,2
22253,1
22254,2
22255,2
22256,1
22257,1
22258,1
22259,1
22260,0
22261,2
22262,2
22263,2
22264,2
22265,1
22266,2
22267,0
22268,1
22269,2
22270,0
22271,1
22272,2
22273,2
22274,1
22275,1
22276,2
22277,2
22278,2
22279,2
22280,1
22281,2
22282,1
22283,2
22284,0
22285,1
22286,2
22287,1
22288,2
22289,1
22290,1
22291,1
22292,1
22293,2
22294,2
22295,1
22296,2
22297,1
22298,2
22299,1
22300,2
22301,1
22302,1
22303,2
22304,1
22305,2
22306,2
22307,1
22308,2
22309,1
22310,2
22311,1
22312,1
22313,2
22314,2
22315,1
22316,2
22317,1
22318,1
22319,2
22320,2
22321,1
22322,1
22323,1
22324,1
22325,2
22326,2
22327,2
22328,1
22329,1
22330,1
22331,1
22332,2
22333,2
22334,1
22335,1
22336,1
22337,1
22338,2
22339,2
22340,1
22341,1
22342,1
22343,2
22344,2
22345,1
22346,2
22347,0
22348,2
22349,2
22350,2
22351,1
22352,1
22353,2
22354,2
22355,1
22356,2
22357,2
22358,1
22359,1
22360,1
22361,2
22362,2
22363,2
22364,1
22365,1
22366,2
22367,2
22368,1
22369,2
22370,2
22371,2
22372,1
22373,2
22374,2
22375,1
22376,1
22377,1
22378,1
22379,2
22380,1
22381,1
22382,1
22383,0
22384,2
22385,1
22386,2
22387,2
22388,2
22389,1
22390,2
22391,1
22392,1
22393,1
22394,2
22395,0
22396,1
22397,1
22398,2
22399,2
22400,2
22401,1
22402,1
22403,2
22404,2
22405,1
22406,2
22407,1
22408,1
22409,1
22410,1
22411,2
22412,2
22413,1
22414,2
22415,1
22416,2
22417,2
22418,1
22419,1
22420,2
22421,2
22422,2
22423,2
22424,1
22425,2
22426,1
22427,2
22428,2
22429,1
22430,2
22431,1
22432,2
22433,1
22434,1
22435,2
22436,1
22437,2
22438,2
22439,2
22440,1
22441,0
22442,1
22443,1
22444,1
22445,2
22446,2
22447,1
22448,2
22449,2
22450,2
22451,2
22452,1
22453,2
22454,2
22455,2
22456,1
22457,1
22458,2
22459,2
22460,1
22461,2
22462,2
22463,0
22464,2
22465,1
22466,2
22467,1
22468,1
22469,1
22470,1
22471,1
22472,1
22473,2
22474,2
22475,2
22476,1
22477,2
22478,2
22479,0
22480,2
22481,1
22482,2
22483,2
22484,1
22485,1
22486,1
22487,1
22488,2
22489,1
22490,2
22491,1
22492,1
22493,2
22494,1
22495,2
22496,0
22497,1
22498,1
22499,2
22500,1
22501,1
22502,0
22503,2
22504,0
22505,1
22506,0
22507,2
22508,2
22509,0
22510,2
22511,1
22512,1
22513,2
22514,2
22515,2
22516,2
22517,1
22518,1
22519,1
22520,1
22521,2
22522,1
22523,2
22524,2
22525,1
22526,1
22527,1
22528,2
22529,1
22530,1
22531,2
22532,2
22533,2
22534,1
22535,1
22536,2
22537,2
22538,1
22539,1
22540,0
22541,2
22542,1
22543,1
22544,2
22545,2
22546,2
22547,1
22548,2
22549,2
22550,1
22551,2
22552,0
22553,2
22554,1
22555,1
22556,1
22557,1
22558,1
22559,2
22560,2
22561,1
22562,2
22563,2
22564,1
22565,0
22566,1
22567,1
22568,1
22569,1
22570,2
22571,2
22572,2
22573,2
22574,1
22575,1
22576,2
22577,1
22578,1
22579,2
22580,1
22581,2
22582,2
22583,0
22584,1
22585,1
22586,1
22587,1
22588,2
22589,1
22590,2
22591,2
22592,2
22593,1
22594,1
22595,1
22596,2
22597,2
22598,0
22599,1
22600,2
22601,2
22602,1
22603,2
22604,1
22605,2
22606,2
22607,2
22608,0
22609,1
22610,2
22611,1
22612,2
22613,2
22614,2
22615,1
22616,2
22617,1
22618,1
22619,2
22620,2
22621,2
22622,2
22623,2
22624,1
22625,1
22626,1
22627,1
22628,2
22629,1
22630,1
22631,2
22632,2
22633,1
22634,1
22635,2
22636,2
22637,2
22638,1
22639,2
22640,2
22641,1
22642,1
22643,1
22644,1
22645,2
22646,0
22647,2
22648,1
22649,1
22650,2
22651,2
22652,2
22653,2
22654,2
22655,1
22656,1
22657,2
22658,1
22659,1
22660,2
22661,2
22662,2
22663,2
22664,0
22665,1
22666,2
22667,1
22668,2
22669,2
22670,1
22671,2
22672,1
22673,1
22674,1
22675,1
22676,2
22677,1
22678,2
22679,1
22680,2
22681,2
22682,1
22683,2
22684,1
22685,1
22686,2
22687,2
22688,2
22689,1
22690,1
22691,1
22692,1
22693,2
22694,1
22695,0
22696,0
22697,1
22698,1
22699,2
22700,2
22701,1
22702,2
22703,2
22704,1
22705,0
22706,1
22707,2
22708,2
22709,1
22710,1
22711,1
22712,2
22713,2
22714,1
22715,2
22716,2
22717,1
22718,1
22719,1
22720,2
22721,1
22722,2
22723,1
22724,2
22725,1
22726,2
22727,2
22728,1
22729,2
22730,1
22731,2
22732,1
22733,1
22734,1
22735,1
22736,1
22737,1
22738,1
22739,1
22740,1
22741,2
22742,1
22743,1
22744,2
22745,1
22746,2
22747,1
22748,1
22749,1
22750,2
22751,1
22752,1
22753,1
22754,1
22755,1
22756,1
22757,1
22758,1
22759,0
22760,2
22761,1
22762,2
22763,0
22764,1
22765,1
22766,2
22767,1
22768,2
22769,2
22770,1
22771,1
22772,1
22773,1
22774,2
22775,1
22776,2
22777,1
22778,2
22779,1
22780,2
22781,1
22782,2
22783,2
22784,1
22785,1
22786,1
22787,1
22788,2
22789,1
22790,1
22791,1
22792,1
22793,2
22794,1
22795,2
22796,1
22797,2
22798,0
22799,2
22800,2
22801,1
22802,2
22803,2
22804,2
22805,1
22806,2
22807,2
22808,1
22809,2
22810,1
22811,1
22812,1
22813,2
22814,2
22815,2
22816,2
22817,2
22818,2
22819,1
22820,2
22821,1
22822,1
22823,2
22824,1
22825,1
22826,2
22827,1
22828,1
22829,1
22830,2
22831,2
22832,1
22833,2
22834,2
22835,2
22836,1
22837,2
22838,1
22839,2
22840,2
22841,1
22842,2
22843,1
22844,1
22845,1
22846,1
22847,2
22848,0
22849,1
22850,1
22851,2
22852,1
22853,1
22854,2
22855,1
22856,2
22857,0
22858,1
22859,2
22860,1
22861,2
22862,1
22863,2
22864,2
22865,1
22866,1
22867,1
22868,1
22869,2
22870,2
22871,2
22872,1
22873,2
22874,2
22875,1
22876,1
22877,1
22878,1
22879,2
22880,2
22881,1
22882,1
22883,1
22884,1
22885,1
22886,1
22887,2
22888,1
22889,1
22890,2
22891,2
22892,1
22893,2
22894,1
22895,1
22896,1
22897,1
22898,1
22899,2
22900,2
22901,1
22902,1
22903,1
22904,2
22905,1
22906,1
22907,2
22908,1
22909,2
22910,2
22911,2
22912,1
22913,2
22914,0
22915,2
22916,2
22917,1
22918,2
22919,2
22920,2
22921,0
22922,1
22923,1
22924,1
22925,2
22926,1
22927,1
22928,1
22929,2
22930,1
22931,2
22932,2
22933,1
22934,2
22935,1
22936,1
22937,1
22938,1
22939,2
22940,2
22941,2
22942,2
22943,2
22944,1
22945,2
22946,2
22947,2
22948,2
22949,2
22950,1
22951,2
22952,1
22953,2
22954,0
22955,2
22956,1
22957,1
22958,1
22959,1
22960,1
22961,2
22962,1
22963,1
22964,2
22965,2
22966,2
22967,1
22968,2
22969,2
22970,2
22971,1
22972,0
22973,2
22974,1
22975,1
22976,1
22977,2
22978,1
22979,2
22980,2
22981,2
22982,2
22983,1
22984,2
22985,1
22986,0
22987,2
22988,2
22989,1
22990,2
22991,2
22992,1
22993,2
22994,1
22995,1
22996,1
22997,2
22998,2
22999,2
23000,1
23001,1
23002,1
23003,2
23004,2
23005,2
23006,1
23007,1
23008,2
23009,2
23010,1
23011,1
23012,2
23013,1
23014,2
23015,2
23016,1
23017,2
23018,2
23019,2
23020,1
23021,1
23022,0
23023,2
23024,2
23025,1
23026,1
23027,1
23028,1
23029,2
23030,1
23031,1
23032,2
23033,2
23034,2
23035,1
23036,1
23037,2
23038,1
23039,1
23040,2
23041,1
23042,1
23043,2
23044,1
23045,1
23046,1
23047,2
23048,2
23049,1
23050,2
23051,1
23052,2
23053,0
23054,2
23055,2
23056,2
23057,1
23058,1
23059,1
23060,1
23061,1
23062,1
23063,2
23064,1
23065,0
23066,2
23067,1
23068,2
23069,1
23070,1
23071,1
23072,1
23073,2
23074,2
23075,2
23076,2
23077,0
23078,1
23079,1
23080,2
23081,2
23082,2
23083,2
23084,2
23085,0
23086,2
23087,2
23088,2
23089,1
23090,1
23091,1
23092,1
23093,2
23094,2
23095,1
23096,2
23097,1
23098,1
23099,2
23100,2
23101,1
23102,1
23103,2
23104,1
23105,1
23106,1
23107,2
23108,2
23109,2
23110,2
23111,1
23112,1
23113,1
23114,0
23115,2
23116,1
23117,2
23118,2
23119,1
23120,2
23121,1
23122,1
23123,1
23124,0
23125,0
23126,1
23127,1
23128,2
23129,1
23130,2
23131,1
23132,1
23133,2
23134,2
23135,2
23136,1
23137,2
23138,2
23139,2
23140,1
23141,2
23142,0
23143,1
23144,1
23145,1
23146,2
23147,2
23148,2
23149,2
23150,1
23151,1
23152,1
23153,2
23154,2
23155,1
23156,2
23157,2
23158,1
23159,1
23160,2
23161,1
23162,1
23163,1
23164,1
23165,1
23166,1
23167,1
23168,1
23169,1
23170,1
23171,1
23172,2
23173,2
23174,1
23175,1
23176,2
23177,1
23178,1
23179,2
23180,2
23181,2
23182,1
23183,1
23184,2
23185,1
23186,1
23187,2
23188,1
23189,2
23190,2
23191,2
23192,2
23193,1
23194,1
23195,2
23196,1
23197,2
23198,1
23199,2
23200,2
23201,1
23202,2
23203,2
23204,1
23205,2
23206,2
23207,1
23208,2
23209,1
23210,0
23211,2
23212,1
23213,1
23214,1
23215,1
23216,2
23217,2
23218,2
23219,1
23220,2
23221,2
23222,1
23223,2
23224,1
23225,2
23226,2
23227,2
23228,2
23229,2
23230,1
23231,1
23232,1
23233,2
23234,2
23235,1
23236,2
23237,1
23238,1
23239,1
23240,2
23241,1
23242,1
23243,0
23244,2
23245,1
23246,1
23247,2
23248,0
23249,2
23250,1
23251,1
23252,2
23253,2
23254,2
23255,1
23256,1
23257,1
23258,2
23259,1
23260,2
23261,1
23262,1
23263,2
23264,2
23265,1
23266,2
23267,2
23268,1
23269,2
23270,1
23271,1
23272,1
23273,0
23274,1
23275,1
23276,1
23277,1
23278,1
23279,1
23280,2
23281,1
23282,2
23283,0
23284,2
23285,1
23286,1
23287,1
23288,1
23289,2
23290,1
23291,2
23292,1
23293,1
23294,2
23295,1
23296,1
23297,1
23298,1
23299,1
23300,2
23301,0
23302,2
23303,1
23304,2
23305,2
23306,2
23307,1
23308,2
23309,2
23310,1
23311,2
23312,1
23313,1
23314,0
23315,2
23316,2
23317,1
23318,1
23319,1
23320,1
23321,2
23322,1
23323,1
23324,1
23325,1
23326,1
23327,2
23328,1
23329,2
23330,2
23331,1
23332,2
23333,2
23334,1
23335,2
23336,1
23337,2
23338,1
23339,1
23340,2
23341,1
23342,2
23343,2
23344,2
23345,2
23346,1
23347,1
23348,2
23349,1
23350,0
23351,1
23352,2
23353,1
23354,2
23355,1
23356,1
23357,2
23358,1
23359,1
23360,2
23361,2
23362,1
23363,1
23364,1
23365,2
23366,1
23367,1
23368,1
23369,1
23370,1
23371,2
23372,2
23373,2
23374,1
23375,2
23376,1
23377,1
23378,1
23379,1
23380,2
23381,1
23382,1
23383,0
23384,1
23385,1
23386,1
23387,1
23388,2
23389,1
23390,2
23391,1
23392,1
23393,1
23394,2
23395,1
23396,2
23397,1
23398,1
23399,0
23400,2
23401,2
23402,2
23403,2
23404,2
23405,2
23406,1
23407,2
23408,2
23409,2
23410,1
23411,1
23412,1
23413,2
23414,2
23415,1
23416,1
23417,2
23418,1
23419,2
23420,2
23421,1
23422,1
23423,2
23424,1
23425,1
23426,1
23427,1
23428,1
23429,1
23430,1
23431,1
23432,2
23433,1
23434,1
23435,2
23436,1
23437,1
23438,1
23439,1
23440,2
23441,2
23442,1
23443,1
23444,1
23445,2
23446,1
23447,0
23448,2
23449,1
23450,2
23451,2
23452,1
23453,1
23454,1
23455,1
23456,1
23457,1
23458,2
23459,1
23460,2
23461,2
23462,1
23463,1
23464,2
23465,2
23466,1
23467,1
23468,1
23469,1
23470,2
23471,2
23472,1
23473,2
23474,2
23475,0
23476,1
23477,1
23478,2
