index,cluster
0,1
1,0
2,0
3,1
4,0
5,1
6,1
7,1
8,0
9,1
10,2
11,2
12,1
13,0
14,0
15,1
16,2
17,1
18,0
19,2
20,2
21,1
22,2
23,0
24,2
25,0
26,1
27,1
28,1
29,1
30,1
31,0
32,2
33,0
34,0
35,2
36,0
37,2
38,0
39,1
40,0
41,1
42,0
43,2
44,0
45,0
46,2
47,0
48,2
49,2
50,0
51,0
52,2
53,1
54,0
55,2
56,1
57,0
58,0
59,0
60,0
61,2
62,1
63,0
64,2
65,2
66,0
67,1
68,1
69,2
70,0
71,0
72,0
73,2
74,0
75,2
76,2
77,0
78,1
79,2
80,1
81,2
82,1
83,2
84,2
85,2
86,0
87,0
88,0
89,0
90,2
91,1
92,0
93,1
94,2
95,1
96,2
97,0
98,2
99,2
100,1
101,0
102,1
103,2
104,1
105,0
106,2
107,2
108,0
109,1
110,0
111,1
112,2
113,0
114,2
115,0
116,0
117,1
118,0
119,1
120,0
121,1
122,2
123,0
124,0
125,0
126,0
127,0
128,1
129,1
130,1
131,0
132,1
133,2
134,0
135,0
136,2
137,1
138,0
139,1
140,1
141,1
142,2
143,1
144,1
145,0
146,0
147,1
148,2
149,2
150,1
151,0
152,1
153,0
154,2
155,0
156,0
157,2
158,2
159,1
160,2
161,1
162,0
163,1
164,0
165,2
166,1
167,2
168,1
169,2
170,2
171,0
172,1
173,2
174,0
175,2
176,0
177,0
178,2
179,1
180,0
181,1
182,0
183,1
184,0
185,2
186,2
187,2
188,0
189,1
190,1
191,0
192,0
193,1
194,2
195,2
196,2
197,0
198,2
199,1
200,1
201,1
202,0
203,0
204,1
205,2
206,0
207,0
208,0
209,1
210,0
211,0
212,2
213,1
214,1
215,0
216,0
217,0
218,0
219,1
220,0
221,1
222,2
223,1
224,2
225,1
226,2
227,1
228,0
229,1
230,0
231,1
232,1
233,2
234,1
235,2
236,0
237,2
238,1
239,2
240,2
241,1
242,1
243,2
244,1
245,0
246,2
247,0
248,1
249,0
250,2
251,1
252,0
253,1
254,1
255,1
256,1
257,2
258,2
259,1
260,0
261,2
262,0
263,0
264,0
265,2
266,2
267,2
268,0
269,0
270,2
271,1
272,2
273,1
274,0
275,2
276,2
277,0
278,1
279,0
280,0
281,0
282,0
283,1
284,1
285,0
286,0
287,2
288,2
289,0
290,2
291,0
292,1
293,1
294,0
295,1
296,0
297,0
298,2
299,0
300,0
301,1
302,1
303,2
304,0
305,0
306,0
307,2
308,1
309,2
310,0
311,2
312,2
313,1
314,1
315,2
316,1
317,1
318,0
319,0
320,0
321,0
322,0
323,0
324,0
325,2
326,0
327,0
328,1
329,1
330,1
331,1
332,0
333,1
334,1
335,1
336,1
337,0
338,0
339,0
340,0
341,1
342,0
343,0
344,0
345,1
346,1
347,1
348,0
349,2
350,2
351,0
352,1
353,1
354,1
355,0
356,0
357,0
358,0
359,1
360,2
361,2
362,1
363,1
364,2
365,1
366,1
367,1
368,1
369,2
370,1
371,1
372,0
373,0
374,1
375,0
376,2
377,1
378,0
379,1
380,0
381,2
382,0
383,1
384,2
385,1
386,0
387,1
388,0
389,1
390,2
391,1
392,0
393,0
394,1
395,1
396,0
397,0
398,0
399,0
400,0
401,0
402,1
403,2
404,1
405,0
406,1
407,1
408,0
409,0
410,2
411,1
412,0
413,0
414,1
415,0
416,0
417,0
418,0
419,0
420,0
421,1
422,1
423,0
424,0
425,2
426,0
427,1
428,1
429,2
430,1
431,1
432,1
433,1
434,1
435,2
436,2
437,0
438,1
439,0
440,1
441,2
442,2
443,2
444,1
445,1
446,2
447,2
448,0
449,2
450,1
451,0
452,1
453,0
454,0
455,0
456,1
457,0
458,0
459,1
460,0
461,1
462,1
463,0
464,0
465,2
466,1
467,2
468,0
469,1
470,2
471,2
472,1
473,1
474,1
475,1
476,0
477,1
478,1
479,0
480,1
481,0
482,1
483,2
484,2
485,2
486,0
487,1
488,1
489,0
490,1
491,1
492,2
493,2
494,2
495,1
496,1
497,0
498,1
499,1
500,1
501,1
502,1
503,2
504,2
505,2
506,1
507,0
508,1
509,1
510,1
511,0
512,1
513,1
514,1
515,1
516,1
517,0
518,0
519,0
520,0
521,0
522,1
523,1
524,1
525,1
526,2
527,1
528,1
529,1
530,0
531,0
532,0
533,2
534,0
535,0
536,1
537,0
538,1
539,0
540,1
541,0
542,2
543,1
544,0
545,1
546,0
547,1
548,0
549,1
550,0
551,2
552,0
553,0
554,0
555,1
556,0
557,2
558,2
559,0
560,2
561,0
562,0
563,1
564,1
565,1
566,1
567,0
568,2
569,2
570,2
571,2
572,1
573,0
574,0
575,1
576,2
577,1
578,2
579,1
580,1
581,1
582,2
583,2
584,1
585,0
586,0
587,0
588,2
589,2
590,2
591,1
592,0
593,0
594,1
595,2
596,0
597,1
598,0
599,2
600,0
601,0
602,0
603,1
604,0
605,1
606,1
607,2
608,2
609,0
610,1
611,1
612,2
613,2
614,1
615,2
616,0
617,1
618,0
619,2
620,2
621,1
622,0
623,0
624,1
625,0
626,1
627,2
628,0
629,0
630,0
631,0
632,1
633,1
634,0
635,1
636,2
637,0
638,1
639,1
640,0
641,1
642,0
643,1
644,0
645,0
646,2
647,2
648,2
649,0
650,0
651,0
652,0
653,1
654,1
655,1
656,1
657,1
658,2
659,0
660,1
661,2
662,1
663,1
664,1
665,0
666,1
667,0
668,1
669,1
670,0
671,2
672,2
673,2
674,0
675,0
676,1
677,2
678,1
679,2
680,0
681,1
682,2
683,2
684,0
685,1
686,0
687,1
688,1
689,2
690,0
691,0
692,1
693,1
694,0
695,2
696,2
697,1
698,2
699,0
700,0
701,1
702,0
703,0
704,0
705,2
706,0
707,0
708,2
709,1
710,2
711,2
712,1
713,0
714,0
715,1
716,0
717,0
718,0
719,1
720,0
721,0
722,1
723,2
724,0
725,0
726,1
727,2
728,2
729,0
730,1
731,0
732,1
733,1
734,1
735,0
736,2
737,1
738,0
739,1
740,2
741,2
742,2
743,1
744,0
745,2
746,0
747,0
748,0
749,2
750,2
751,1
752,2
753,0
754,1
755,2
756,2
757,2
758,2
759,0
760,2
761,1
762,1
763,0
764,1
765,0
766,1
767,1
768,2
769,1
770,2
771,0
772,0
773,0
774,0
775,0
776,2
777,0
778,0
779,2
780,2
781,1
782,2
783,0
784,2
785,0
786,0
787,0
788,2
789,1
790,0
791,1
792,2
793,2
794,0
795,0
796,0
797,1
798,0
799,1
800,1
801,2
802,2
803,0
804,0
805,0
806,2
807,0
808,0
809,1
810,0
811,0
812,0
813,2
814,0
815,0
816,0
817,0
818,1
819,2
820,1
821,2
822,0
823,0
824,1
825,1
826,2
827,1
828,1
829,1
830,1
831,0
832,1
833,2
834,1
835,0
836,1
837,1
838,2
839,1
840,0
841,0
842,2
843,2
844,0
845,0
846,0
847,0
848,1
849,1
850,0
851,2
852,1
853,2
854,0
855,1
856,2
857,2
858,2
859,1
860,0
861,0
862,2
863,2
864,0
865,1
866,1
867,0
868,2
869,2
870,1
871,1
872,1
873,1
874,2
875,2
876,1
877,2
878,0
879,1
880,1
881,1
882,0
883,0
884,1
885,1
886,0
887,0
888,2
889,0
890,2
891,0
892,0
893,1
894,1
895,1
896,1
897,1
898,1
899,0
900,0
901,1
902,2
903,0
904,1
905,2
906,0
907,0
908,1
909,1
910,2
911,2
912,1
913,1
914,1
915,1
916,2
917,2
918,0
919,1
920,1
921,2
922,0
923,1
924,1
925,0
926,2
927,2
928,1
929,0
930,0
931,0
932,0
933,2
934,2
935,1
936,2
937,0
938,0
939,1
940,1
941,1
942,2
943,1
944,1
945,1
946,2
947,1
948,2
949,1
950,1
951,1
952,0
953,1
954,1
955,0
956,1
957,1
958,1
959,1
960,1
961,2
962,2
963,2
964,2
965,2
966,2
967,1
968,0
969,1
970,0
971,0
972,1
973,0
974,2
975,2
976,0
977,2
978,0
979,2
980,1
981,0
982,2
983,0
984,0
985,2
986,0
987,1
988,1
989,0
990,1
991,0
992,1
993,2
994,0
995,0
996,1
997,2
998,0
999,1
1000,0
1001,0
1002,1
1003,0
1004,1
1005,1
1006,1
1007,0
1008,0
1009,0
1010,0
1011,2
1012,2
1013,1
1014,1
1015,2
1016,1
1017,2
1018,1
1019,1
1020,1
1021,0
1022,1
1023,1
1024,1
1025,2
1026,0
1027,1
1028,1
1029,0
1030,2
1031,0
1032,0
1033,2
1034,0
1035,1
1036,1
1037,0
1038,0
1039,1
1040,2
1041,0
1042,2
1043,0
1044,1
1045,1
1046,1
1047,2
1048,0
1049,0
1050,0
1051,0
1052,2
1053,1
1054,0
1055,1
1056,1
1057,0
1058,0
1059,2
1060,1
1061,0
1062,2
1063,2
1064,0
1065,1
1066,1
1067,0
1068,2
1069,2
1070,0
1071,1
1072,1
1073,0
1074,2
1075,2
1076,1
1077,1
1078,2
1079,1
1080,0
1081,2
1082,0
1083,0
1084,2
1085,1
1086,1
1087,0
1088,0
1089,2
1090,2
1091,1
1092,2
1093,0
1094,1
1095,0
1096,1
1097,0
1098,1
1099,0
1100,1
1101,1
1102,1
1103,0
1104,0
1105,2
1106,1
1107,0
1108,0
1109,1
1110,0
1111,2
1112,1
1113,0
1114,2
1115,1
1116,1
1117,0
1118,1
1119,1
1120,0
1121,2
1122,0
1123,0
1124,2
1125,2
1126,1
1127,2
1128,1
1129,1
1130,1
1131,1
1132,1
1133,1
1134,0
1135,2
1136,1
1137,1
1138,0
1139,0
1140,1
1141,0
1142,0
1143,1
1144,1
1145,1
1146,1
1147,2
1148,1
1149,1
1150,1
1151,0
1152,1
1153,0
1154,0
1155,0
1156,0
1157,2
1158,0
1159,2
1160,1
1161,0
1162,0
1163,1
1164,1
1165,0
1166,2
1167,0
1168,2
1169,0
1170,2
1171,0
1172,1
1173,2
1174,1
1175,1
1176,1
1177,0
1178,0
1179,2
1180,2
1181,2
1182,0
1183,1
1184,0
1185,2
1186,1
1187,1
1188,0
1189,2
1190,0
1191,0
1192,0
1193,0
1194,2
1195,2
1196,2
1197,2
1198,1
1199,2
1200,1
1201,0
1202,0
1203,1
1204,0
1205,2
1206,1
1207,1
1208,0
1209,0
1210,1
1211,2
1212,2
1213,0
1214,1
1215,0
1216,2
1217,1
1218,2
1219,2
1220,0
1221,1
1222,1
1223,1
1224,0
1225,0
1226,0
1227,0
1228,1
1229,1
1230,1
1231,0
1232,0
1233,0
1234,0
1235,1
1236,1
1237,2
1238,1
1239,1
1240,0
1241,2
1242,1
1243,0
1244,1
1245,1
1246,2
1247,0
1248,2
1249,2
1250,2
1251,1
1252,2
1253,2
1254,2
1255,0
1256,1
1257,0
1258,1
1259,2
1260,1
1261,2
1262,2
1263,0
1264,1
1265,1
1266,2
1267,2
1268,2
1269,1
1270,0
1271,1
1272,0
1273,0
1274,2
1275,0
1276,0
1277,1
1278,2
1279,1
1280,2
1281,1
1282,2
1283,0
1284,0
1285,2
1286,1
1287,0
1288,1
1289,0
1290,1
1291,0
1292,2
1293,1
1294,1
1295,1
1296,1
1297,1
1298,1
1299,1
1300,0
1301,1
1302,1
1303,2
1304,2
1305,0
1306,2
1307,2
1308,2
1309,1
1310,1
1311,1
1312,0
1313,0
1314,2
1315,1
1316,2
1317,2
1318,2
1319,2
1320,1
1321,0
1322,0
1323,0
1324,1
1325,1
1326,2
1327,2
1328,2
1329,2
1330,1
1331,1
1332,1
1333,2
1334,1
1335,0
1336,0
1337,0
1338,0
1339,0
1340,2
1341,2
1342,0
1343,1
1344,2
1345,2
1346,0
1347,1
1348,0
1349,1
1350,0
1351,1
1352,1
1353,2
1354,0
1355,2
1356,1
1357,0
1358,1
1359,2
1360,2
1361,1
1362,2
1363,0
1364,1
1365,1
1366,0
1367,1
1368,0
1369,1
1370,1
1371,1
1372,2
1373,0
1374,1
1375,1
1376,1
1377,0
1378,0
1379,0
1380,0
1381,0
1382,0
1383,0
1384,1
1385,0
1386,1
1387,0
1388,0
1389,0
1390,1
1391,0
1392,1
1393,2
1394,0
1395,2
1396,1
1397,1
1398,0
1399,1
1400,2
1401,1
1402,0
1403,1
1404,0
1405,1
1406,0
1407,0
1408,1
1409,1
1410,2
1411,1
1412,0
1413,0
1414,0
1415,1
1416,0
1417,1
1418,2
1419,1
1420,1
1421,2
1422,1
1423,1
1424,0
1425,0
1426,1
1427,2
1428,0
1429,1
1430,1
1431,1
1432,1
1433,1
1434,1
1435,1
1436,0
1437,1
1438,0
1439,0
1440,1
1441,1
1442,1
1443,1
1444,2
1445,1
1446,1
1447,2
1448,1
1449,1
1450,1
1451,1
1452,0
1453,0
1454,0
1455,0
1456,1
1457,0
1458,1
1459,2
1460,0
1461,1
1462,2
1463,2
1464,2
1465,2
1466,2
1467,0
1468,0
1469,2
1470,1
1471,2
1472,2
1473,0
1474,0
1475,1
1476,2
1477,2
1478,0
1479,0
1480,2
1481,0
1482,1
1483,0
1484,1
1485,1
1486,0
1487,1
1488,2
1489,1
1490,2
1491,1
1492,2
1493,0
1494,2
1495,2
1496,1
1497,0
1498,0
1499,0
1500,2
1501,0
1502,2
1503,1
1504,1
1505,2
1506,0
1507,0
1508,2
1509,1
1510,2
1511,1
1512,0
1513,2
1514,0
1515,1
1516,0
1517,0
1518,1
1519,2
1520,0
1521,1
1522,1
1523,2
1524,2
1525,0
1526,1
1527,1
1528,2
1529,2
1530,1
1531,1
1532,1
1533,0
1534,0
1535,0
1536,0
1537,0
1538,0
1539,1
1540,1
1541,1
1542,1
1543,0
1544,0
1545,1
1546,2
1547,2
1548,0
1549,0
1550,0
1551,0
1552,0
1553,1
1554,2
1555,0
1556,1
1557,1
1558,2
1559,1
1560,1
1561,2
1562,0
1563,0
1564,0
1565,0
1566,1
1567,2
1568,1
1569,1
1570,1
1571,2
1572,0
1573,1
1574,0
1575,1
1576,0
1577,0
1578,1
1579,0
1580,0
1581,0
1582,0
1583,0
1584,0
1585,1
1586,0
1587,1
1588,0
1589,2
1590,1
1591,2
1592,1
1593,0
1594,0
1595,1
1596,2
1597,2
1598,0
1599,1
1600,0
1601,1
1602,0
1603,1
1604,0
1605,1
1606,1
1607,1
1608,0
1609,2
1610,1
1611,0
1612,0
1613,1
1614,0
1615,2
1616,0
1617,0
1618,1
1619,2
1620,0
1621,0
1622,0
1623,1
1624,0
1625,2
1626,2
1627,1
1628,1
1629,1
1630,2
1631,0
1632,0
1633,0
1634,1
1635,2
1636,2
1637,0
1638,1
1639,0
1640,2
1641,2
1642,1
1643,1
1644,1
1645,1
1646,1
1647,0
1648,1
1649,0
1650,2
1651,1
1652,2
1653,1
1654,0
1655,0
1656,0
1657,2
1658,1
1659,2
1660,1
1661,2
1662,1
1663,1
1664,2
1665,1
1666,1
1667,2
1668,1
1669,1
1670,1
1671,1
1672,1
1673,0
1674,1
1675,0
1676,1
1677,1
1678,1
1679,0
1680,1
1681,2
1682,0
1683,1
1684,0
1685,0
1686,1
1687,0
1688,0
1689,0
1690,2
1691,2
1692,1
1693,1
1694,2
1695,1
1696,1
1697,1
1698,2
1699,1
1700,1
1701,0
1702,0
1703,1
1704,2
1705,0
1706,0
1707,2
1708,2
1709,0
1710,0
1711,1
1712,2
1713,0
1714,2
1715,2
1716,0
1717,0
1718,1
1719,1
1720,0
1721,1
1722,0
1723,0
1724,1
1725,1
1726,0
1727,2
1728,0
1729,1
1730,1
1731,2
1732,2
1733,0
1734,1
1735,0
1736,1
1737,2
1738,1
1739,1
1740,1
1741,2
1742,1
1743,0
1744,2
1745,2
1746,0
1747,0
1748,2
1749,0
1750,1
1751,0
1752,1
1753,1
1754,1
1755,1
1756,2
1757,1
1758,1
1759,2
1760,2
1761,1
1762,1
1763,0
1764,0
1765,2
1766,1
1767,2
1768,1
1769,2
1770,0
1771,0
1772,0
1773,2
1774,2
1775,2
1776,0
1777,1
1778,0
1779,0
1780,2
1781,0
1782,1
1783,2
1784,1
1785,2
1786,1
1787,1
1788,0
1789,2
1790,2
1791,1
1792,2
1793,0
1794,0
1795,0
1796,2
1797,2
1798,1
1799,0
1800,2
1801,1
1802,0
1803,2
1804,1
1805,1
1806,0
1807,2
1808,1
1809,0
1810,2
1811,0
1812,2
1813,2
1814,1
1815,1
1816,1
1817,1
1818,1
1819,1
1820,1
1821,0
1822,1
1823,1
1824,0
1825,0
1826,1
1827,0
1828,1
1829,1
1830,0
1831,2
1832,1
1833,2
1834,1
1835,1
1836,0
1837,0
1838,2
1839,1
1840,2
1841,0
1842,2
1843,1
1844,1
1845,0
1846,0
1847,2
1848,0
1849,1
1850,1
1851,0
1852,1
1853,1
1854,0
1855,0
1856,0
1857,0
1858,2
1859,0
1860,1
1861,2
1862,2
1863,0
1864,1
1865,0
1866,2
1867,2
1868,0
1869,0
1870,2
1871,1
1872,2
1873,0
1874,2
1875,0
1876,0
1877,1
1878,1
1879,1
1880,1
1881,1
1882,0
1883,2
1884,1
1885,0
1886,2
1887,0
1888,2
1889,1
1890,0
1891,1
1892,1
1893,1
1894,0
1895,1
1896,0
1897,1
1898,1
1899,1
1900,0
1901,0
1902,1
1903,1
1904,1
1905,2
1906,0
1907,0
1908,1
1909,2
1910,2
1911,2
1912,2
1913,2
1914,0
1915,2
1916,2
1917,0
1918,1
1919,2
1920,0
1921,0
1922,1
1923,0
1924,0
1925,1
1926,0
1927,1
1928,0
1929,0
1930,1
1931,0
1932,2
1933,0
1934,0
1935,1
1936,1
1937,0
1938,0
1939,0
1940,1
1941,0
1942,0
1943,1
1944,1
1945,0
1946,1
1947,1
1948,2
1949,1
1950,0
1951,1
1952,1
1953,0
1954,0
1955,2
1956,0
1957,1
1958,0
1959,1
1960,2
1961,2
1962,0
1963,0
1964,1
1965,1
1966,2
1967,2
1968,0
1969,0
1970,0
1971,0
1972,2
1973,0
1974,1
1975,0
1976,1
1977,0
1978,0
1979,0
1980,2
1981,1
1982,2
1983,1
1984,1
1985,2
1986,0
1987,0
1988,0
1989,1
1990,1
1991,2
1992,1
1993,0
1994,2
1995,1
1996,0
1997,1
1998,1
1999,2
2000,0
2001,0
2002,1
2003,1
2004,0
2005,0
2006,0
2007,0
2008,2
2009,0
2010,1
2011,2
2012,0
2013,1
2014,1
2015,1
2016,0
2017,1
2018,1
2019,1
2020,2
2021,2
2022,0
2023,2
2024,1
2025,1
2026,2
2027,2
2028,1
2029,1
2030,1
2031,0
2032,2
2033,2
2034,0
2035,2
2036,1
2037,1
2038,0
2039,0
2040,2
2041,0
2042,0
2043,1
2044,0
2045,1
2046,1
2047,1
2048,1
2049,0
2050,2
2051,1
2052,1
2053,1
2054,1
2055,1
2056,1
2057,2
2058,1
2059,2
2060,0
2061,2
2062,2
2063,1
2064,2
2065,1
2066,0
2067,0
2068,2
2069,0
2070,1
2071,0
2072,0
2073,2
2074,2
2075,2
2076,0
2077,2
2078,2
2079,0
2080,0
2081,1
2082,1
2083,2
2084,1
2085,1
2086,1
2087,1
2088,2
2089,1
2090,2
2091,1
2092,2
2093,1
2094,2
2095,1
2096,1
2097,0
2098,2
2099,1
2100,1
2101,2
2102,0
2103,1
2104,0
2105,0
2106,1
2107,0
2108,1
2109,1
2110,1
2111,1
2112,2
2113,2
2114,1
2115,2
2116,0
2117,0
2118,0
2119,1
2120,1
2121,1
2122,2
2123,0
2124,1
2125,1
2126,2
2127,1
2128,1
2129,1
2130,1
2131,2
2132,0
2133,0
2134,1
2135,1
2136,1
2137,1
2138,1
2139,0
2140,2
2141,0
2142,1
2143,0
2144,0
2145,0
2146,1
2147,0
2148,2
2149,0
2150,0
2151,0
2152,2
2153,0
2154,1
2155,0
2156,0
2157,1
2158,2
2159,2
2160,2
2161,1
2162,2
2163,1
2164,2
2165,2
2166,0
2167,0
2168,1
2169,0
2170,1
2171,1
2172,1
2173,2
2174,1
2175,0
2176,0
2177,2
2178,0
2179,1
2180,1
2181,0
2182,2
2183,1
2184,0
2185,1
2186,0
2187,0
2188,2
2189,0
2190,1
2191,2
2192,2
2193,1
2194,1
2195,1
2196,0
2197,2
2198,1
2199,0
2200,0
2201,0
2202,0
2203,0
2204,1
2205,0
2206,1
2207,0
2208,1
2209,2
2210,1
2211,1
2212,2
2213,1
2214,1
2215,1
2216,1
2217,0
2218,2
2219,1
2220,0
2221,1
2222,0
2223,1
2224,2
2225,1
2226,0
2227,0
2228,0
2229,0
2230,1
2231,2
2232,0
2233,1
2234,0
2235,0
2236,1
2237,0
2238,0
2239,0
2240,1
2241,1
2242,2
2243,1
2244,2
2245,0
2246,0
2247,1
2248,2
2249,1
2250,2
2251,2
2252,0
2253,0
2254,0
2255,1
2256,0
2257,1
2258,1
2259,2
2260,0
2261,0
2262,1
2263,1
2264,0
2265,1
2266,1
2267,0
2268,0
2269,2
2270,1
2271,1
2272,0
2273,2
2274,0
2275,0
2276,1
2277,0
2278,2
2279,1
2280,1
2281,2
2282,0
2283,0
2284,2
2285,2
2286,2
2287,1
2288,2
2289,1
2290,2
2291,0
2292,2
2293,1
2294,0
2295,1
2296,1
2297,0
2298,2
2299,1
2300,1
2301,2
2302,0
2303,0
2304,1
2305,1
2306,1
2307,0
2308,1
2309,0
2310,1
2311,0
2312,0
2313,0
2314,0
2315,2
2316,2
2317,1
2318,2
2319,1
2320,1
2321,1
2322,0
2323,0
2324,1
2325,0
2326,0
2327,0
2328,0
2329,1
2330,0
2331,1
2332,0
2333,0
2334,1
2335,1
2336,0
2337,2
2338,1
2339,1
2340,1
2341,1
2342,2
2343,0
2344,1
2345,1
2346,1
2347,2
2348,1
2349,1
2350,0
2351,1
2352,0
2353,2
2354,1
2355,2
2356,1
2357,0
2358,1
2359,2
2360,1
2361,1
2362,1
2363,0
2364,1
2365,1
2366,0
2367,2
2368,0
2369,2
2370,0
2371,1
2372,0
2373,1
2374,0
2375,1
2376,0
2377,2
2378,1
2379,1
2380,0
2381,1
2382,1
2383,0
2384,2
2385,0
2386,1
2387,1
2388,1
2389,0
2390,1
2391,2
2392,1
2393,1
2394,2
2395,1
2396,1
2397,1
2398,2
2399,2
2400,0
2401,0
2402,0
2403,1
2404,1
2405,2
2406,0
2407,2
2408,0
2409,0
2410,1
2411,1
2412,1
2413,1
2414,2
2415,0
2416,0
2417,0
2418,1
2419,2
2420,2
2421,0
2422,1
2423,1
2424,1
2425,2
2426,1
2427,1
2428,0
2429,2
2430,2
2431,0
2432,2
2433,0
2434,2
2435,1
2436,1
2437,0
2438,2
2439,2
2440,1
2441,1
2442,2
2443,0
2444,0
2445,1
2446,1
2447,0
2448,1
2449,0
2450,0
2451,1
2452,1
2453,1
2454,0
2455,1
2456,0
2457,0
2458,0
2459,0
2460,1
2461,0
2462,0
2463,0
2464,2
2465,2
2466,2
2467,0
2468,1
2469,2
2470,1
2471,1
2472,1
2473,2
2474,0
2475,1
2476,1
2477,2
2478,1
2479,0
2480,1
2481,2
2482,2
2483,1
2484,2
2485,1
2486,2
2487,1
2488,1
2489,0
2490,2
2491,2
2492,0
2493,2
2494,0
2495,1
2496,1
2497,2
2498,0
2499,0
2500,1
2501,2
2502,0
2503,2
2504,1
2505,1
2506,2
2507,0
2508,0
2509,2
2510,0
2511,0
2512,1
2513,0
2514,0
2515,1
2516,2
2517,1
2518,1
2519,0
2520,1
2521,0
2522,0
2523,0
2524,1
2525,1
2526,0
2527,2
2528,1
2529,1
2530,1
2531,0
2532,1
2533,2
2534,2
2535,2
2536,2
2537,2
2538,0
2539,1
2540,1
2541,1
2542,2
2543,0
2544,2
2545,1
2546,1
2547,0
2548,0
2549,2
2550,2
2551,2
2552,0
2553,0
2554,2
2555,0
2556,0
2557,2
2558,0
2559,0
2560,0
2561,0
2562,2
2563,1
2564,1
2565,1
2566,0
2567,0
2568,1
2569,1
2570,0
2571,0
2572,1
2573,0
2574,0
2575,2
2576,0
2577,1
2578,2
2579,1
2580,2
2581,2
2582,1
2583,2
2584,1
2585,0
2586,0
2587,0
2588,0
2589,1
2590,0
2591,2
2592,2
2593,0
2594,1
2595,0
2596,0
2597,0
2598,1
2599,2
2600,1
2601,1
2602,0
2603,0
2604,0
2605,2
2606,1
2607,0
2608,0
2609,1
2610,1
2611,2
2612,0
2613,0
2614,1
2615,0
2616,1
2617,1
2618,1
2619,1
2620,1
2621,1
2622,0
2623,1
2624,1
2625,0
2626,0
2627,0
2628,2
2629,2
2630,1
2631,0
2632,0
2633,1
2634,2
2635,2
2636,1
2637,2
2638,1
2639,1
2640,0
2641,1
2642,1
2643,2
2644,1
2645,0
2646,1
2647,2
2648,1
2649,1
2650,1
2651,0
2652,0
2653,0
2654,1
2655,0
2656,1
2657,2
2658,0
2659,1
2660,1
2661,0
2662,1
2663,2
2664,1
2665,1
2666,1
2667,2
2668,1
2669,0
2670,1
2671,0
2672,2
2673,2
2674,0
2675,0
2676,0
2677,1
2678,1
2679,2
2680,2
2681,1
2682,0
2683,0
2684,1
2685,1
2686,1
2687,0
2688,1
2689,2
2690,2
2691,0
2692,0
2693,0
2694,1
2695,1
2696,1
2697,0
2698,1
2699,1
2700,1
2701,0
2702,0
2703,1
2704,0
2705,1
2706,0
2707,1
2708,2
2709,2
2710,0
2711,1
2712,2
2713,2
2714,1
2715,0
2716,0
2717,1
2718,0
2719,2
2720,1
2721,2
2722,0
2723,2
2724,0
2725,0
2726,0
2727,1
2728,2
2729,2
2730,1
2731,1
2732,1
2733,0
2734,1
2735,1
2736,0
2737,1
2738,0
2739,0
2740,2
2741,2
2742,0
2743,1
2744,2
2745,0
2746,1
2747,2
2748,0
2749,1
2750,1
2751,1
2752,2
2753,2
2754,1
2755,1
2756,2
2757,0
2758,2
2759,1
2760,2
2761,1
2762,2
2763,0
2764,1
2765,1
2766,1
2767,1
2768,2
2769,1
2770,1
2771,0
2772,2
2773,1
2774,1
2775,2
2776,1
2777,0
2778,2
2779,0
2780,0
2781,0
2782,2
2783,1
2784,0
2785,1
2786,0
2787,1
2788,0
2789,1
2790,0
2791,2
2792,1
2793,0
2794,2
2795,1
2796,2
2797,0
2798,1
2799,2
2800,2
2801,1
2802,2
2803,2
2804,1
2805,1
2806,0
2807,2
2808,2
2809,1
2810,0
2811,2
2812,0
2813,2
2814,0
2815,2
2816,2
2817,0
2818,0
2819,0
2820,1
2821,2
2822,1
2823,2
2824,1
2825,2
2826,0
2827,2
2828,1
2829,2
2830,0
2831,0
2832,0
2833,1
2834,1
2835,2
2836,1
2837,1
2838,1
2839,0
2840,0
2841,1
2842,2
2843,0
2844,0
2845,1
2846,2
2847,1
2848,1
2849,1
2850,0
2851,1
2852,1
2853,2
2854,0
2855,0
2856,2
2857,0
2858,1
2859,0
2860,2
2861,1
2862,2
2863,0
2864,0
2865,1
2866,1
2867,1
2868,0
2869,1
2870,1
2871,0
2872,2
2873,1
2874,0
2875,2
2876,1
2877,1
2878,0
2879,2
2880,0
2881,0
2882,2
2883,0
2884,0
2885,0
2886,2
2887,2
2888,1
2889,0
2890,2
2891,1
2892,2
2893,0
2894,0
2895,2
2896,0
2897,1
2898,0
2899,1
2900,1
2901,2
2902,0
2903,2
2904,0
2905,1
2906,2
2907,1
2908,1
2909,0
2910,0
2911,0
2912,0
2913,1
2914,2
2915,2
2916,1
2917,0
2918,2
2919,1
2920,2
2921,1
2922,2
2923,0
2924,1
2925,1
2926,1
2927,1
2928,1
2929,1
2930,1
2931,1
2932,0
2933,2
2934,0
2935,1
2936,2
2937,0
2938,1
2939,1
2940,2
2941,2
2942,1
2943,1
2944,0
2945,0
2946,1
2947,1
2948,1
2949,1
2950,0
2951,2
2952,0
2953,2
2954,0
2955,1
2956,1
2957,0
2958,2
2959,0
2960,1
2961,2
2962,1
2963,0
2964,2
2965,0
2966,0
2967,2
2968,2
2969,1
2970,2
2971,0
2972,2
2973,0
2974,1
2975,0
2976,1
2977,1
2978,1
2979,1
2980,1
2981,1
2982,1
2983,1
2984,1
2985,2
2986,2
2987,2
2988,2
2989,2
2990,1
2991,2
2992,1
2993,0
2994,2
2995,0
2996,2
2997,0
2998,0
2999,1
3000,1
3001,1
3002,0
3003,1
3004,1
3005,1
3006,0
3007,1
3008,1
3009,2
3010,1
3011,0
3012,2
3013,0
3014,0
3015,2
3016,2
3017,1
3018,2
3019,1
3020,0
3021,2
3022,1
3023,0
3024,0
3025,1
3026,0
3027,1
3028,0
3029,2
3030,1
3031,0
3032,0
3033,2
3034,0
3035,1
3036,2
3037,1
3038,1
3039,0
3040,1
3041,1
3042,1
3043,2
3044,0
3045,2
3046,0
3047,1
3048,0
3049,2
3050,1
3051,2
3052,1
3053,1
3054,0
3055,0
3056,2
3057,1
3058,0
3059,1
3060,1
3061,2
3062,0
3063,2
3064,2
3065,2
3066,0
3067,1
3068,1
3069,2
3070,1
3071,1
3072,2
3073,2
3074,2
3075,1
3076,0
3077,0
3078,2
3079,1
3080,0
3081,2
3082,0
3083,1
3084,0
3085,0
3086,0
3087,1
3088,0
3089,0
3090,1
3091,1
3092,1
3093,0
3094,1
3095,1
3096,2
3097,0
3098,1
3099,2
3100,2
3101,1
3102,1
3103,1
3104,0
3105,2
3106,0
3107,1
3108,0
3109,1
3110,0
3111,0
3112,1
3113,1
3114,1
3115,1
3116,0
3117,1
3118,2
3119,0
3120,1
3121,0
3122,1
3123,2
3124,2
3125,1
3126,0
3127,0
3128,1
3129,1
3130,1
3131,0
3132,1
3133,0
3134,2
3135,2
3136,1
3137,1
3138,0
3139,0
3140,0
3141,2
3142,0
3143,0
3144,1
3145,1
3146,0
3147,2
3148,0
3149,1
3150,2
3151,2
3152,1
3153,2
3154,0
3155,2
3156,0
3157,0
3158,1
3159,2
3160,1
3161,1
3162,1
3163,1
3164,2
3165,2
3166,0
3167,0
3168,2
3169,0
3170,1
3171,2
3172,1
3173,0
3174,0
3175,2
3176,2
3177,2
3178,0
3179,2
3180,1
3181,0
3182,0
3183,0
3184,0
3185,0
3186,1
3187,0
3188,1
3189,2
3190,2
3191,1
3192,0
3193,0
3194,0
3195,0
3196,1
3197,2
3198,1
3199,2
3200,1
3201,0
3202,2
3203,2
3204,0
3205,0
3206,1
3207,1
3208,2
3209,1
3210,1
3211,0
3212,1
3213,1
3214,2
3215,0
3216,2
3217,1
3218,1
3219,0
3220,1
3221,0
3222,1
3223,1
3224,0
3225,1
3226,0
3227,1
3228,0
3229,1
3230,0
3231,0
3232,2
3233,1
3234,1
3235,2
3236,1
3237,0
3238,0
3239,0
3240,0
3241,1
3242,2
3243,2
3244,0
3245,1
3246,1
3247,2
3248,1
3249,2
3250,0
3251,0
3252,1
3253,2
3254,1
3255,1
3256,1
3257,0
3258,1
3259,1
3260,0
3261,2
3262,0
3263,0
3264,1
3265,1
3266,1
3267,2
3268,1
3269,2
3270,0
3271,1
3272,2
3273,2
3274,1
3275,1
3276,2
3277,0
3278,2
3279,0
3280,0
3281,1
3282,1
3283,0
3284,1
3285,1
3286,1
3287,1
3288,2
3289,2
3290,0
3291,0
3292,0
3293,0
3294,2
3295,1
3296,2
3297,0
3298,1
3299,0
3300,2
3301,0
3302,2
3303,1
3304,2
3305,2
3306,2
3307,1
3308,0
3309,2
3310,0
3311,0
3312,0
3313,1
3314,1
3315,0
3316,0
3317,0
3318,2
3319,2
3320,0
3321,2
3322,2
3323,1
3324,0
3325,1
3326,2
3327,0
3328,0
3329,0
3330,1
3331,1
3332,1
3333,0
3334,1
3335,0
3336,0
3337,0
3338,1
3339,0
3340,2
3341,1
3342,1
3343,0
3344,0
3345,0
3346,1
3347,0
3348,2
3349,2
3350,1
3351,1
3352,2
3353,1
3354,0
3355,2
3356,1
3357,0
3358,0
3359,1
3360,2
3361,0
3362,0
3363,1
3364,0
3365,1
3366,0
3367,2
3368,2
3369,0
3370,0
3371,0
3372,1
3373,2
3374,0
3375,0
3376,2
3377,1
3378,0
3379,0
3380,1
3381,2
3382,1
3383,0
3384,0
3385,1
3386,2
3387,0
3388,1
3389,1
3390,0
3391,1
3392,2
3393,1
3394,1
3395,1
3396,1
3397,0
3398,0
3399,0
3400,0
3401,1
3402,1
3403,1
3404,1
3405,2
3406,1
3407,2
3408,2
3409,1
3410,1
3411,1
3412,1
3413,1
3414,2
3415,0
3416,1
3417,0
3418,0
3419,0
3420,2
3421,1
3422,2
3423,1
3424,2
3425,1
3426,2
3427,2
3428,0
3429,0
3430,0
3431,2
3432,1
3433,0
3434,1
3435,1
3436,0
3437,1
3438,0
3439,1
3440,1
3441,0
3442,2
3443,0
3444,2
3445,2
3446,1
3447,1
3448,1
3449,1
3450,1
3451,1
3452,0
3453,2
3454,1
3455,2
3456,1
3457,0
3458,2
3459,0
3460,1
3461,0
3462,2
3463,1
3464,1
3465,0
3466,0
3467,2
3468,0
3469,1
3470,1
3471,2
3472,0
3473,1
3474,0
3475,2
3476,1
3477,2
3478,1
3479,0
3480,2
3481,0
3482,1
3483,1
3484,2
3485,2
3486,0
3487,1
3488,2
3489,2
3490,1
3491,2
3492,0
3493,0
3494,2
3495,0
3496,2
3497,2
3498,2
3499,1
3500,1
3501,1
3502,2
3503,1
3504,1
3505,0
3506,2
3507,1
3508,2
3509,2
3510,1
3511,1
3512,1
3513,0
3514,1
3515,1
3516,1
3517,1
3518,1
3519,0
3520,0
3521,0
3522,0
3523,0
3524,1
3525,1
3526,0
3527,0
3528,1
3529,1
3530,2
3531,1
3532,0
3533,1
3534,0
3535,1
3536,0
3537,2
3538,1
3539,2
3540,1
3541,2
3542,1
3543,0
3544,2
3545,2
3546,0
3547,1
3548,2
3549,0
3550,1
3551,2
3552,2
3553,0
3554,1
3555,0
3556,0
3557,1
3558,0
3559,1
3560,2
3561,2
3562,2
3563,0
3564,0
3565,0
3566,2
3567,1
3568,1
3569,1
3570,0
3571,1
3572,2
3573,1
3574,1
3575,1
3576,0
3577,0
3578,2
3579,0
3580,1
3581,1
3582,0
3583,0
3584,0
3585,1
3586,1
3587,2
3588,0
3589,1
3590,1
3591,2
3592,0
3593,2
3594,0
3595,0
3596,0
3597,0
3598,0
3599,2
3600,1
3601,1
3602,1
3603,2
3604,1
3605,0
3606,1
3607,1
3608,1
3609,0
3610,1
3611,0
3612,2
3613,1
3614,2
3615,2
3616,2
3617,0
3618,1
3619,1
3620,1
3621,2
3622,0
3623,1
3624,0
3625,2
3626,0
3627,2
3628,1
3629,1
3630,0
3631,2
3632,2
3633,0
3634,0
3635,0
3636,0
3637,0
3638,2
3639,2
3640,2
3641,2
3642,0
3643,2
3644,1
3645,0
3646,1
3647,0
3648,0
3649,0
3650,2
3651,1
3652,1
3653,1
3654,1
3655,2
3656,1
3657,0
3658,1
3659,0
3660,0
3661,2
3662,2
3663,0
3664,2
3665,2
3666,1
3667,0
3668,2
3669,0
3670,1
3671,1
3672,0
3673,0
3674,2
3675,1
3676,2
3677,2
3678,0
3679,0
3680,0
3681,0
3682,0
3683,2
3684,1
3685,0
3686,2
3687,2
3688,1
3689,1
3690,1
3691,1
3692,0
3693,2
3694,0
3695,2
3696,2
3697,0
3698,1
3699,0
3700,2
3701,2
3702,1
3703,1
3704,2
3705,0
3706,1
3707,0
3708,1
3709,0
3710,0
3711,2
3712,2
3713,0
3714,1
3715,2
3716,1
3717,1
3718,0
3719,0
3720,1
3721,0
3722,0
3723,0
3724,0
3725,2
3726,1
3727,0
3728,0
3729,1
3730,0
3731,1
3732,2
3733,2
3734,1
3735,1
3736,1
3737,2
3738,2
3739,2
3740,0
3741,0
3742,1
3743,2
3744,1
3745,2
3746,0
3747,0
3748,0
3749,0
3750,1
3751,0
3752,0
3753,2
3754,1
3755,1
3756,2
3757,1
3758,0
3759,2
3760,2
3761,2
3762,1
3763,1
3764,0
3765,2
3766,2
3767,2
3768,1
3769,2
3770,1
3771,1
3772,0
3773,1
3774,0
3775,2
3776,1
3777,1
3778,2
3779,2
3780,1
3781,1
3782,1
3783,0
3784,0
3785,1
3786,0
3787,2
3788,0
3789,0
3790,2
3791,2
3792,1
3793,2
3794,1
3795,2
3796,0
3797,1
3798,1
3799,2
3800,0
3801,1
3802,1
3803,0
3804,0
3805,1
3806,1
3807,1
3808,1
3809,1
3810,1
3811,2
3812,1
3813,1
3814,0
3815,0
3816,2
3817,1
3818,1
3819,1
3820,0
3821,1
3822,0
3823,0
3824,2
3825,0
3826,0
3827,0
3828,1
3829,0
3830,0
3831,0
3832,1
3833,2
3834,1
3835,0
3836,1
3837,0
3838,2
3839,0
3840,0
3841,1
3842,2
3843,2
3844,1
3845,0
3846,1
3847,0
3848,1
3849,1
3850,1
3851,2
3852,0
3853,2
3854,0
3855,0
3856,2
3857,0
3858,0
3859,2
3860,1
3861,2
3862,0
3863,2
3864,1
3865,0
3866,2
3867,2
3868,0
3869,1
3870,1
3871,1
3872,0
3873,0
3874,1
3875,1
3876,1
3877,0
3878,2
3879,0
3880,1
3881,1
3882,2
3883,0
3884,1
3885,0
3886,2
3887,2
3888,0
3889,0
3890,0
3891,0
3892,0
3893,1
3894,2
3895,0
3896,0
3897,0
3898,2
3899,1
3900,1
3901,1
3902,0
3903,0
3904,0
3905,0
3906,0
3907,0
3908,0
3909,1
3910,2
3911,1
3912,0
3913,0
3914,2
3915,0
3916,0
3917,0
3918,1
3919,2
3920,0
3921,0
3922,0
3923,1
3924,1
3925,0
3926,1
3927,0
3928,1
3929,1
3930,2
3931,0
3932,0
3933,2
3934,1
3935,0
3936,0
3937,2
3938,0
3939,2
3940,0
3941,0
3942,0
3943,0
3944,0
3945,1
3946,2
3947,1
3948,0
3949,2
3950,2
3951,0
3952,1
3953,1
3954,0
3955,2
3956,0
3957,1
3958,2
3959,0
3960,1
3961,2
3962,2
3963,0
3964,1
3965,2
3966,0
3967,1
3968,1
3969,2
3970,0
3971,2
3972,0
3973,2
3974,1
3975,1
3976,0
3977,1
3978,2
3979,1
3980,1
3981,0
3982,1
3983,1
3984,0
3985,0
3986,2
3987,0
3988,2
3989,1
3990,2
3991,0
3992,2
3993,0
3994,0
3995,1
3996,0
3997,0
3998,2
3999,1
4000,2
4001,2
4002,1
4003,2
4004,2
4005,2
4006,1
4007,1
4008,0
4009,0
4010,2
4011,1
4012,2
4013,2
4014,0
4015,0
4016,1
4017,0
4018,1
4019,2
4020,2
4021,1
4022,1
4023,0
4024,2
4025,1
4026,0
4027,1
4028,2
4029,1
4030,0
4031,1
4032,2
4033,1
4034,2
4035,1
4036,0
4037,1
4038,2
4039,0
4040,2
4041,2
4042,0
4043,2
4044,0
4045,1
4046,1
4047,1
4048,1
4049,0
4050,2
4051,1
4052,1
4053,0
4054,1
4055,0
4056,1
4057,0
4058,2
4059,1
4060,2
4061,0
4062,2
4063,1
4064,0
4065,1
4066,1
4067,0
4068,0
4069,0
4070,2
4071,1
4072,1
4073,2
4074,0
4075,0
4076,2
4077,0
4078,1
4079,2
4080,1
4081,1
4082,0
4083,1
4084,0
4085,1
4086,1
4087,1
4088,2
4089,0
4090,1
4091,1
4092,2
4093,0
4094,0
4095,0
4096,0
4097,0
4098,1
4099,1
4100,1
4101,0
4102,1
4103,2
4104,0
4105,0
4106,0
4107,1
4108,1
4109,0
4110,1
4111,0
4112,0
4113,0
4114,0
4115,1
4116,1
4117,0
4118,1
4119,1
4120,1
4121,2
4122,0
4123,1
4124,2
4125,1
4126,0
4127,0
4128,1
4129,0
4130,0
4131,1
4132,2
4133,2
4134,1
4135,0
4136,2
4137,0
4138,1
4139,2
4140,1
4141,2
4142,1
4143,0
4144,1
4145,0
4146,2
4147,1
4148,1
4149,1
4150,2
4151,2
4152,1
4153,1
4154,0
4155,1
4156,1
4157,0
4158,0
4159,2
4160,0
4161,2
4162,0
4163,2
4164,1
4165,2
4166,1
4167,1
4168,0
4169,1
4170,0
4171,1
4172,2
4173,2
4174,1
4175,1
4176,0
4177,1
4178,0
4179,2
4180,1
4181,1
4182,1
4183,0
4184,0
4185,0
4186,2
4187,0
4188,0
4189,1
4190,0
4191,0
4192,0
4193,1
4194,1
4195,0
4196,0
4197,0
4198,2
4199,0
4200,1
4201,0
4202,0
4203,0
4204,0
4205,1
4206,0
4207,0
4208,2
4209,2
4210,2
4211,0
4212,0
4213,1
4214,1
4215,1
4216,1
4217,1
4218,1
4219,0
4220,2
4221,2
4222,2
4223,0
4224,1
4225,1
4226,2
4227,1
4228,1
4229,2
4230,1
4231,0
4232,2
4233,0
4234,1
4235,0
4236,1
4237,0
4238,1
4239,2
4240,0
4241,0
4242,2
4243,2
4244,1
4245,0
4246,0
4247,0
4248,0
4249,1
4250,2
4251,1
4252,0
4253,1
4254,1
4255,1
4256,2
4257,2
4258,1
4259,0
4260,0
4261,1
4262,1
4263,1
4264,0
4265,1
4266,0
4267,2
4268,1
4269,0
4270,2
4271,1
4272,2
4273,0
4274,0
4275,1
4276,1
4277,1
4278,0
4279,1
4280,1
4281,2
4282,2
4283,2
4284,0
4285,2
4286,2
4287,0
4288,2
4289,1
4290,1
4291,0
4292,2
4293,2
4294,2
4295,1
4296,0
4297,2
4298,0
4299,0
4300,1
4301,2
4302,0
4303,1
4304,1
4305,1
4306,2
4307,2
4308,1
4309,1
4310,0
4311,2
4312,1
4313,1
4314,1
4315,1
4316,1
4317,2
4318,0
4319,2
4320,0
4321,2
4322,2
4323,0
4324,0
4325,2
4326,1
4327,1
4328,2
4329,0
4330,1
4331,1
4332,2
4333,1
4334,0
4335,0
4336,1
4337,2
4338,1
4339,1
4340,1
4341,0
4342,0
4343,2
4344,0
4345,1
4346,0
4347,2
4348,1
4349,1
4350,2
4351,0
4352,2
4353,1
4354,0
4355,0
4356,0
4357,1
4358,1
4359,0
4360,1
4361,0
4362,1
4363,1
4364,1
4365,0
4366,2
4367,1
4368,2
4369,2
4370,1
4371,2
4372,2
4373,1
4374,2
4375,1
4376,2
4377,2
4378,2
4379,0
4380,1
4381,1
4382,2
4383,1
4384,2
4385,0
4386,0
4387,2
4388,0
4389,2
4390,1
4391,1
4392,0
4393,1
4394,1
4395,1
4396,1
4397,1
4398,0
4399,0
4400,1
4401,2
4402,0
4403,0
4404,2
4405,1
4406,0
4407,2
4408,1
4409,1
4410,0
4411,0
4412,1
4413,1
4414,1
4415,2
4416,2
4417,1
4418,1
4419,0
4420,0
4421,0
4422,2
4423,1
4424,0
4425,0
4426,0
4427,0
4428,1
4429,0
4430,1
4431,1
4432,1
4433,0
4434,1
4435,0
4436,0
4437,1
4438,1
4439,2
4440,0
4441,1
4442,0
4443,1
4444,2
4445,0
4446,2
4447,0
4448,0
4449,1
4450,0
4451,0
4452,2
4453,2
4454,1
4455,2
4456,1
4457,1
4458,0
4459,1
4460,0
4461,1
4462,2
4463,2
4464,0
4465,0
4466,1
4467,1
4468,2
4469,0
4470,1
4471,2
4472,1
4473,1
4474,1
4475,0
4476,0
4477,1
4478,1
4479,1
4480,1
4481,1
4482,0
4483,2
4484,1
4485,2
4486,2
4487,2
4488,1
4489,1
4490,2
4491,2
4492,2
4493,0
4494,2
4495,0
4496,2
4497,1
4498,0
4499,1
4500,0
4501,1
4502,0
4503,1
4504,2
4505,2
4506,0
4507,2
4508,1
4509,1
4510,2
4511,1
4512,1
4513,2
4514,2
4515,1
4516,1
4517,1
4518,1
4519,0
4520,0
4521,1
4522,1
4523,1
4524,1
4525,1
4526,2
4527,2
4528,0
4529,2
4530,1
4531,1
4532,1
4533,1
4534,1
4535,2
4536,1
4537,0
4538,2
4539,0
4540,0
4541,2
4542,0
4543,1
4544,1
4545,1
4546,0
4547,2
4548,2
4549,0
4550,1
4551,1
4552,0
4553,1
4554,1
4555,2
4556,0
4557,0
4558,0
4559,2
4560,1
4561,1
4562,1
4563,2
4564,0
4565,2
4566,1
4567,1
4568,2
4569,1
4570,1
4571,1
4572,0
4573,0
4574,2
4575,0
4576,0
4577,0
4578,2
4579,0
4580,2
4581,0
4582,2
4583,1
4584,0
4585,1
4586,0
4587,2
4588,1
4589,1
4590,1
4591,1
4592,2
4593,1
4594,1
4595,1
4596,0
4597,0
4598,0
4599,1
4600,1
4601,1
4602,2
4603,1
4604,0
4605,1
4606,1
4607,1
4608,1
4609,2
4610,1
4611,1
4612,0
4613,0
4614,0
4615,1
4616,2
4617,0
4618,1
4619,0
4620,0
4621,1
4622,0
4623,0
4624,1
4625,1
4626,1
4627,2
4628,0
4629,1
4630,0
4631,0
4632,2
4633,2
4634,1
4635,1
4636,1
4637,0
4638,0
4639,0
4640,1
4641,1
4642,1
4643,0
4644,0
4645,2
4646,0
4647,1
4648,1
4649,1
4650,0
4651,0
4652,1
4653,0
4654,0
4655,0
4656,1
4657,1
4658,0
4659,1
4660,2
4661,1
4662,1
4663,1
4664,1
4665,0
4666,0
4667,1
4668,0
4669,2
4670,1
4671,1
4672,0
4673,0
4674,2
4675,1
4676,1
4677,2
4678,1
4679,0
4680,2
4681,1
4682,2
4683,2
4684,0
4685,0
4686,0
4687,0
4688,1
4689,0
4690,2
4691,2
4692,2
4693,2
4694,0
4695,2
4696,2
4697,0
4698,0
4699,2
4700,0
4701,2
4702,2
4703,2
4704,0
4705,0
4706,1
4707,0
4708,0
4709,1
4710,1
4711,0
4712,2
4713,1
4714,0
4715,2
4716,2
4717,2
4718,0
4719,2
4720,0
4721,0
4722,2
4723,0
4724,1
4725,2
4726,1
4727,2
4728,2
4729,1
4730,0
4731,0
4732,0
4733,1
4734,0
4735,2
4736,0
4737,2
4738,2
4739,0
4740,2
4741,2
4742,0
4743,2
4744,0
4745,1
4746,0
4747,1
4748,0
4749,0
4750,2
4751,2
4752,0
4753,0
4754,0
4755,1
4756,2
4757,1
4758,2
4759,0
4760,2
4761,0
4762,1
4763,1
4764,1
4765,0
4766,1
4767,0
4768,1
4769,1
4770,2
4771,1
4772,1
4773,0
4774,0
4775,1
4776,0
4777,1
4778,2
4779,0
4780,0
4781,2
4782,0
4783,0
4784,0
4785,2
4786,0
4787,2
4788,1
4789,2
4790,0
4791,1
4792,0
4793,1
4794,1
4795,1
4796,2
4797,2
4798,1
4799,1
4800,0
4801,2
4802,1
4803,0
4804,2
4805,2
4806,0
4807,2
4808,1
4809,1
4810,1
4811,1
4812,1
4813,0
4814,2
4815,1
4816,1
4817,2
4818,0
4819,2
4820,1
4821,1
4822,0
4823,1
4824,0
4825,2
4826,1
4827,2
4828,2
4829,1
4830,0
4831,1
4832,1
4833,2
4834,2
4835,0
4836,1
4837,0
4838,0
4839,0
4840,1
4841,1
4842,1
4843,1
4844,1
4845,0
4846,2
4847,2
4848,0
4849,1
4850,1
4851,1
4852,2
4853,2
4854,0
4855,0
4856,2
4857,1
4858,2
4859,2
4860,2
4861,0
4862,0
4863,0
4864,0
4865,2
4866,2
4867,1
4868,1
4869,0
4870,0
4871,2
4872,1
4873,2
4874,0
4875,0
4876,0
4877,1
4878,2
4879,0
4880,0
4881,0
4882,0
4883,0
4884,0
4885,1
4886,1
4887,2
4888,1
4889,2
4890,0
4891,0
4892,0
4893,0
4894,1
4895,1
4896,2
4897,1
4898,1
4899,0
4900,0
4901,0
4902,0
4903,1
4904,1
4905,2
4906,1
4907,0
4908,2
4909,0
4910,0
4911,2
4912,1
4913,0
4914,2
4915,1
4916,2
4917,1
4918,1
4919,0
4920,2
4921,1
4922,2
4923,2
4924,0
4925,0
4926,1
4927,0
4928,1
4929,0
4930,2
4931,0
4932,0
4933,0
4934,0
4935,1
4936,0
4937,1
4938,1
4939,1
4940,0
4941,1
4942,2
4943,2
4944,1
4945,0
4946,1
4947,1
4948,0
4949,0
4950,1
4951,0
4952,2
4953,1
4954,0
4955,2
4956,1
4957,1
4958,2
4959,1
4960,2
4961,2
4962,0
4963,2
4964,1
4965,1
4966,1
4967,2
4968,0
4969,0
4970,0
4971,2
4972,1
4973,1
4974,1
4975,2
4976,0
4977,1
4978,1
4979,2
4980,0
4981,1
4982,1
4983,0
4984,1
4985,0
4986,1
4987,2
4988,2
4989,0
4990,0
4991,0
4992,2
4993,1
4994,1
4995,1
4996,1
4997,2
4998,1
4999,1
5000,1
5001,1
5002,0
5003,1
5004,0
5005,0
5006,0
5007,1
5008,1
5009,0
5010,1
5011,1
5012,1
5013,0
5014,1
5015,2
5016,0
5017,2
5018,0
5019,0
5020,1
5021,0
5022,2
5023,2
5024,1
5025,2
5026,0
5027,1
5028,0
5029,0
5030,1
5031,1
5032,1
5033,0
5034,2
5035,2
5036,1
5037,1
5038,0
5039,0
5040,1
5041,2
5042,0
5043,0
5044,1
5045,2
5046,0
5047,0
5048,0
5049,1
5050,1
5051,2
5052,1
5053,1
5054,2
5055,1
5056,2
5057,0
5058,0
5059,1
5060,1
5061,1
5062,1
5063,2
5064,2
5065,1
5066,0
5067,1
5068,0
5069,0
5070,0
5071,0
5072,1
5073,1
5074,2
5075,1
5076,2
5077,0
5078,1
5079,0
5080,1
5081,0
5082,2
5083,0
5084,1
5085,2
5086,0
5087,1
5088,2
5089,1
5090,0
5091,1
5092,0
5093,0
5094,1
5095,2
5096,2
5097,0
5098,0
5099,0
5100,0
5101,1
5102,1
5103,1
5104,1
5105,1
5106,0
5107,1
5108,1
5109,1
5110,2
5111,0
5112,1
5113,2
5114,2
5115,2
5116,2
5117,0
5118,2
5119,0
5120,2
5121,1
5122,0
5123,0
5124,1
5125,0
5126,0
5127,1
5128,2
5129,0
5130,1
5131,1
5132,0
5133,2
5134,0
5135,1
5136,0
5137,2
5138,2
5139,0
5140,0
5141,1
5142,1
5143,0
5144,0
5145,1
5146,1
5147,0
5148,0
5149,2
5150,0
5151,1
5152,0
5153,0
5154,1
5155,1
5156,1
5157,1
5158,2
5159,1
5160,0
5161,0
5162,1
5163,1
5164,0
5165,2
5166,0
5167,2
5168,1
5169,1
5170,1
5171,0
5172,2
5173,0
5174,0
5175,0
5176,1
5177,0
5178,1
5179,1
5180,2
5181,2
5182,1
5183,1
5184,2
5185,2
5186,2
5187,2
5188,0
5189,1
5190,2
5191,0
5192,0
5193,1
5194,0
5195,2
5196,0
5197,0
5198,0
5199,2
5200,1
5201,0
5202,0
5203,0
5204,0
5205,0
5206,0
5207,0
5208,1
5209,1
5210,0
5211,2
5212,0
5213,1
5214,0
5215,1
5216,0
5217,0
5218,1
5219,1
5220,2
5221,1
5222,0
5223,1
5224,1
5225,2
5226,1
5227,1
5228,1
5229,1
5230,0
5231,1
5232,1
5233,0
5234,0
5235,0
5236,2
5237,1
5238,2
5239,2
5240,0
5241,0
5242,0
5243,2
5244,0
5245,0
5246,0
5247,1
5248,1
5249,0
5250,2
5251,0
5252,1
5253,1
5254,1
5255,2
5256,1
5257,0
5258,0
5259,0
5260,1
5261,2
5262,2
5263,1
5264,0
5265,1
5266,0
5267,1
5268,0
5269,2
5270,1
5271,0
5272,1
5273,0
5274,1
5275,1
5276,0
5277,2
5278,2
5279,0
5280,1
5281,2
5282,2
5283,1
5284,1
5285,0
5286,2
5287,2
5288,2
5289,2
5290,0
5291,0
5292,0
5293,2
5294,1
5295,1
5296,1
5297,2
5298,0
5299,2
5300,0
5301,1
5302,0
5303,0
5304,1
5305,2
5306,1
5307,1
5308,0
5309,1
5310,1
5311,0
5312,0
5313,0
5314,1
5315,1
5316,2
5317,2
5318,0
5319,0
5320,1
5321,0
5322,2
5323,1
5324,1
5325,2
5326,0
5327,2
5328,0
5329,1
5330,1
5331,1
5332,2
5333,1
5334,0
5335,0
5336,1
5337,1
5338,0
5339,1
5340,1
5341,2
5342,1
5343,2
5344,2
5345,0
5346,1
5347,0
5348,1
5349,2
5350,1
5351,0
5352,2
5353,1
5354,0
5355,2
5356,2
5357,2
5358,0
5359,1
5360,1
5361,0
5362,1
5363,1
5364,2
5365,0
5366,1
5367,0
5368,0
5369,0
5370,2
5371,1
5372,1
5373,1
5374,2
5375,0
5376,2
5377,1
5378,1
5379,1
5380,0
5381,2
5382,2
5383,1
5384,0
5385,0
5386,0
5387,1
5388,1
5389,1
5390,0
5391,1
5392,1
5393,1
5394,2
5395,0
5396,1
5397,0
5398,1
5399,2
5400,1
5401,1
5402,1
5403,1
5404,1
5405,2
5406,1
5407,1
5408,0
5409,0
5410,1
5411,1
5412,2
5413,0
5414,1
5415,0
5416,0
5417,0
5418,1
5419,0
5420,0
5421,2
5422,2
5423,1
5424,2
5425,0
5426,1
5427,1
5428,1
5429,1
5430,0
5431,2
5432,1
5433,1
5434,0
5435,0
5436,1
5437,1
5438,2
5439,0
5440,0
5441,1
5442,1
5443,0
5444,0
5445,1
5446,1
5447,1
5448,0
5449,2
5450,1
5451,1
5452,2
5453,0
5454,0
5455,1
5456,1
5457,1
5458,1
5459,1
5460,0
5461,0
5462,2
5463,2
5464,2
5465,0
5466,0
5467,1
5468,1
5469,0
5470,1
5471,0
5472,2
5473,0
5474,2
5475,1
5476,2
5477,2
5478,0
5479,0
5480,1
5481,2
5482,0
5483,2
5484,0
5485,2
5486,0
5487,0
5488,1
5489,0
5490,0
5491,2
5492,1
5493,1
5494,0
5495,0
5496,0
5497,2
5498,0
5499,2
5500,0
5501,1
5502,1
5503,0
5504,0
5505,0
5506,2
5507,1
5508,2
5509,1
5510,0
5511,0
5512,1
5513,1
5514,1
5515,1
5516,0
5517,1
5518,1
5519,2
5520,2
5521,2
5522,2
5523,2
5524,2
5525,0
5526,2
5527,0
5528,0
5529,2
5530,1
5531,1
5532,2
5533,1
5534,1
5535,2
5536,0
5537,1
5538,1
5539,0
5540,2
5541,1
5542,2
5543,1
5544,0
5545,0
5546,1
5547,0
5548,0
5549,2
5550,0
5551,2
5552,0
5553,1
5554,2
5555,1
5556,0
5557,1
5558,0
5559,0
5560,0
5561,1
5562,1
5563,0
5564,2
5565,0
5566,1
5567,0
5568,2
5569,1
5570,1
5571,0
5572,1
5573,1
5574,1
5575,2
5576,2
5577,1
5578,0
5579,2
5580,2
5581,0
5582,2
5583,0
5584,2
5585,1
5586,1
5587,2
5588,0
5589,1
5590,0
5591,0
5592,1
5593,2
5594,0
5595,0
5596,2
5597,2
5598,0
5599,0
5600,0
5601,2
5602,1
5603,1
5604,2
5605,1
5606,1
5607,0
5608,0
5609,1
5610,1
5611,0
5612,2
5613,1
5614,2
5615,1
5616,2
5617,2
5618,2
5619,1
5620,0
5621,1
5622,1
5623,1
5624,0
5625,1
5626,1
5627,1
5628,2
5629,2
5630,1
5631,2
5632,2
5633,0
5634,2
5635,0
5636,2
5637,1
5638,1
5639,2
5640,1
5641,2
5642,1
5643,0
5644,2
5645,2
5646,1
5647,0
5648,1
5649,2
5650,2
5651,0
5652,1
5653,1
5654,0
5655,1
5656,1
5657,2
5658,1
5659,0
5660,2
5661,2
5662,1
5663,0
5664,1
5665,2
5666,1
5667,2
5668,1
5669,1
5670,0
5671,2
5672,1
5673,1
5674,0
5675,0
5676,1
5677,1
5678,1
5679,2
5680,1
5681,1
5682,1
5683,2
5684,1
5685,1
5686,0
5687,0
5688,1
5689,1
5690,2
5691,1
5692,1
5693,0
5694,0
5695,1
5696,1
5697,0
5698,1
5699,2
5700,0
5701,0
5702,0
5703,1
5704,1
5705,1
5706,1
5707,0
5708,0
5709,2
5710,0
5711,2
5712,2
5713,1
5714,0
5715,0
5716,1
5717,0
5718,0
5719,0
5720,1
5721,0
5722,1
5723,1
5724,1
5725,0
5726,1
5727,2
5728,2
5729,0
5730,1
5731,1
5732,1
5733,1
5734,0
5735,0
5736,2
5737,2
5738,2
5739,2
5740,1
5741,2
5742,2
5743,2
5744,1
5745,0
5746,1
5747,0
5748,2
5749,2
5750,1
5751,2
5752,0
5753,0
5754,2
5755,1
5756,2
5757,0
5758,0
5759,2
5760,2
5761,2
5762,0
5763,2
5764,0
5765,0
5766,2
5767,0
5768,1
5769,1
5770,2
5771,0
5772,1
5773,0
5774,2
5775,1
5776,0
5777,0
5778,1
5779,1
5780,0
5781,2
5782,1
5783,1
5784,0
5785,1
5786,1
5787,1
5788,2
5789,0
5790,1
5791,2
5792,0
5793,2
5794,1
5795,2
5796,0
5797,2
5798,1
5799,2
5800,2
5801,2
5802,0
5803,0
5804,1
5805,2
5806,1
5807,0
5808,0
5809,2
5810,2
5811,1
5812,1
5813,2
5814,2
5815,2
5816,0
5817,0
5818,2
5819,0
5820,0
5821,1
5822,1
5823,0
5824,1
5825,1
5826,2
5827,1
5828,0
5829,0
5830,1
5831,0
5832,2
5833,1
5834,2
5835,1
5836,2
5837,1
5838,1
5839,1
5840,2
5841,0
5842,1
5843,2
5844,2
5845,0
5846,2
5847,1
5848,1
5849,0
5850,1
5851,0
5852,1
5853,0
5854,2
5855,2
5856,0
5857,1
5858,1
5859,2
5860,1
5861,1
5862,0
5863,2
5864,2
5865,1
5866,2
5867,0
5868,0
5869,0
5870,0
5871,0
5872,1
5873,2
5874,0
5875,1
5876,2
5877,1
5878,2
5879,2
5880,0
5881,1
5882,0
5883,1
5884,1
5885,0
5886,1
5887,1
5888,2
5889,2
5890,1
5891,1
5892,1
5893,1
5894,2
5895,1
5896,1
5897,2
5898,0
5899,2
5900,2
5901,1
5902,0
5903,0
5904,2
5905,2
5906,2
5907,0
5908,2
5909,0
5910,0
5911,1
5912,0
5913,0
5914,2
5915,1
5916,2
5917,2
5918,1
5919,1
5920,1
5921,1
5922,2
5923,0
5924,0
5925,2
5926,1
5927,0
5928,1
5929,2
5930,1
5931,0
5932,1
5933,1
5934,2
5935,2
5936,0
5937,1
5938,0
5939,0
5940,0
5941,2
5942,0
5943,0
5944,1
5945,1
5946,1
5947,0
5948,2
5949,0
5950,1
5951,0
5952,2
5953,1
5954,0
5955,0
5956,0
5957,0
5958,1
5959,0
5960,1
5961,2
5962,0
5963,0
5964,2
5965,1
5966,0
5967,0
5968,2
5969,1
5970,0
5971,1
5972,1
5973,1
5974,2
5975,2
5976,0
5977,2
5978,0
5979,0
5980,1
5981,1
5982,0
5983,2
5984,2
5985,2
5986,1
5987,1
5988,0
5989,0
5990,0
5991,1
5992,1
5993,1
5994,1
5995,0
5996,0
5997,0
5998,1
5999,2
6000,2
6001,0
6002,2
6003,0
6004,0
6005,1
6006,2
6007,1
6008,2
6009,2
6010,2
6011,2
6012,2
6013,0
6014,1
6015,1
6016,0
6017,2
6018,0
6019,1
6020,1
6021,0
6022,2
6023,1
6024,2
6025,2
6026,2
6027,1
6028,2
6029,2
6030,1
6031,2
6032,1
6033,0
6034,2
6035,1
6036,1
6037,0
6038,1
6039,1
6040,2
6041,0
6042,1
6043,0
6044,1
6045,1
6046,0
6047,2
6048,0
6049,0
6050,1
6051,0
6052,1
6053,2
6054,2
6055,0
6056,0
6057,1
6058,1
6059,1
6060,0
6061,0
6062,1
6063,0
6064,0
6065,1
6066,1
6067,0
6068,2
6069,2
6070,0
6071,0
6072,1
6073,0
6074,1
6075,2
6076,2
6077,1
6078,0
6079,0
6080,1
6081,2
6082,0
6083,1
6084,2
6085,2
6086,0
6087,1
6088,0
6089,0
6090,0
6091,1
6092,1
6093,0
6094,2
6095,2
6096,1
6097,1
6098,1
6099,2
6100,1
6101,2
6102,1
6103,1
6104,1
6105,1
6106,0
6107,0
6108,2
6109,1
6110,2
6111,0
6112,1
6113,2
6114,1
6115,1
6116,0
6117,0
6118,0
6119,0
6120,1
6121,0
6122,1
6123,1
6124,1
6125,1
6126,2
6127,2
6128,2
6129,2
6130,0
6131,1
6132,0
6133,1
6134,1
6135,0
6136,2
6137,0
6138,0
6139,2
6140,0
6141,2
6142,2
6143,1
6144,2
6145,0
6146,2
6147,1
6148,1
6149,1
6150,2
6151,0
6152,0
6153,2
6154,0
6155,1
6156,1
6157,0
6158,1
6159,0
6160,1
6161,1
6162,1
6163,0
6164,1
6165,0
6166,1
6167,0
6168,2
6169,0
6170,1
6171,1
6172,2
6173,2
6174,0
6175,0
6176,0
6177,0
6178,1
6179,1
6180,0
6181,0
6182,1
6183,2
6184,0
6185,1
6186,0
6187,1
6188,1
6189,1
6190,2
6191,0
6192,2
6193,1
6194,0
6195,2
6196,1
6197,0
6198,1
6199,1
6200,0
6201,0
6202,1
6203,2
6204,0
6205,1
6206,2
6207,0
6208,1
6209,2
6210,1
6211,1
6212,1
6213,1
6214,2
6215,0
6216,0
6217,0
6218,0
6219,1
6220,0
6221,1
6222,0
6223,0
6224,1
6225,0
6226,1
6227,2
6228,0
6229,0
6230,0
6231,0
6232,0
6233,2
6234,2
6235,1
6236,0
6237,1
6238,0
6239,2
6240,1
6241,0
6242,2
6243,0
6244,1
6245,0
6246,1
6247,1
6248,1
6249,2
6250,0
6251,0
6252,2
6253,1
6254,1
6255,2
6256,2
6257,2
6258,0
6259,2
6260,0
6261,0
6262,2
6263,1
6264,0
6265,1
6266,1
6267,0
6268,1
6269,0
6270,2
6271,2
6272,2
6273,0
6274,1
6275,0
6276,1
6277,1
6278,1
6279,1
6280,1
6281,0
6282,1
6283,0
6284,1
6285,2
6286,0
6287,1
6288,0
6289,2
6290,0
6291,1
6292,1
6293,0
6294,0
6295,2
6296,1
6297,1
6298,0
6299,2
6300,0
6301,1
6302,0
6303,1
6304,0
6305,1
6306,1
6307,1
6308,1
6309,1
6310,1
6311,0
6312,0
6313,1
6314,1
6315,0
6316,1
6317,2
6318,0
6319,2
6320,1
6321,0
6322,0
6323,1
6324,0
6325,0
6326,0
6327,2
6328,0
6329,2
6330,0
6331,1
6332,2
6333,1
6334,1
6335,0
6336,1
6337,2
6338,0
6339,1
6340,0
6341,1
6342,1
6343,1
6344,2
6345,0
6346,2
6347,1
6348,2
6349,1
6350,1
6351,1
6352,2
6353,0
6354,2
6355,2
6356,2
6357,1
6358,0
6359,1
6360,2
6361,1
6362,2
6363,1
6364,1
6365,0
6366,1
6367,1
6368,0
6369,1
6370,0
6371,2
6372,2
6373,0
6374,0
6375,1
6376,2
6377,1
6378,1
6379,1
6380,0
6381,1
6382,1
6383,2
6384,0
6385,2
6386,1
6387,0
6388,2
6389,0
6390,2
6391,2
6392,2
6393,0
6394,2
6395,1
6396,1
6397,0
6398,0
6399,0
6400,0
6401,0
6402,1
6403,2
6404,2
6405,1
6406,1
6407,0
6408,2
6409,1
6410,2
6411,1
6412,2
6413,2
6414,2
6415,0
6416,1
6417,0
6418,0
6419,2
6420,2
6421,1
6422,1
6423,1
6424,0
6425,1
6426,0
6427,2
6428,1
6429,2
6430,1
6431,1
6432,0
6433,1
6434,2
6435,2
6436,0
6437,1
6438,0
6439,2
6440,2
6441,1
6442,0
6443,0
6444,2
6445,1
6446,0
6447,0
6448,0
6449,0
6450,1
6451,1
6452,0
6453,0
6454,0
6455,1
6456,1
6457,1
6458,0
6459,1
6460,2
6461,0
6462,0
6463,0
6464,0
6465,0
6466,1
6467,0
6468,0
6469,0
6470,2
6471,2
6472,0
6473,0
6474,2
6475,0
6476,1
6477,0
6478,0
6479,0
6480,1
6481,1
6482,0
6483,1
6484,1
6485,2
6486,0
6487,1
6488,0
6489,2
6490,1
6491,1
6492,1
6493,2
6494,1
6495,1
6496,1
6497,1
6498,1
6499,2
6500,1
6501,1
6502,0
6503,0
6504,0
6505,1
6506,2
6507,0
6508,2
6509,1
6510,1
6511,1
6512,1
6513,1
6514,0
6515,0
6516,1
6517,0
6518,1
6519,2
6520,0
6521,0
6522,2
6523,1
6524,0
6525,0
6526,2
6527,1
6528,1
6529,0
6530,1
6531,0
6532,1
6533,1
6534,0
6535,2
6536,0
6537,1
6538,2
6539,1
6540,2
6541,1
6542,0
6543,1
6544,2
6545,0
6546,1
6547,1
6548,1
6549,2
6550,0
6551,1
6552,0
6553,2
6554,2
6555,1
6556,2
6557,2
6558,0
6559,1
6560,0
6561,0
6562,2
6563,1
6564,0
6565,0
6566,0
6567,1
6568,0
6569,2
6570,2
6571,1
6572,0
6573,0
6574,1
6575,1
6576,2
6577,2
6578,1
6579,2
6580,2
6581,2
6582,1
6583,0
6584,2
6585,1
6586,0
6587,1
6588,0
6589,1
6590,0
6591,0
6592,1
6593,2
6594,0
6595,1
6596,1
6597,2
6598,0
6599,2
6600,0
6601,0
6602,2
6603,1
6604,1
6605,0
6606,1
6607,1
6608,2
6609,1
6610,1
6611,0
6612,0
6613,2
6614,1
6615,1
6616,1
6617,1
6618,0
6619,0
6620,2
6621,0
6622,0
6623,0
6624,1
6625,1
6626,0
6627,2
6628,1
6629,2
6630,1
6631,0
6632,1
6633,1
6634,0
6635,0
6636,0
6637,2
6638,0
6639,0
6640,0
6641,2
6642,1
6643,1
6644,1
6645,2
6646,0
6647,1
6648,0
6649,2
6650,1
6651,2
6652,0
6653,1
6654,1
6655,0
6656,2
6657,1
6658,0
6659,0
6660,0
6661,0
6662,0
6663,1
6664,1
6665,1
6666,1
6667,0
6668,2
6669,1
6670,1
6671,0
6672,1
6673,1
6674,0
6675,1
6676,0
6677,1
6678,0
6679,0
6680,0
6681,2
6682,0
6683,0
6684,0
6685,2
6686,2
6687,2
6688,2
6689,2
6690,1
6691,2
6692,2
6693,0
6694,0
6695,2
6696,0
6697,1
6698,1
6699,2
6700,1
6701,1
6702,0
6703,2
6704,1
6705,1
6706,1
6707,1
6708,0
6709,1
6710,1
6711,0
6712,2
6713,1
6714,2
6715,0
6716,1
6717,2
6718,2
6719,2
6720,0
6721,0
6722,0
6723,1
6724,2
6725,1
6726,1
6727,2
6728,0
6729,1
6730,0
6731,2
6732,2
6733,2
6734,0
6735,1
6736,0
6737,0
6738,0
6739,1
6740,1
6741,2
6742,0
6743,0
6744,0
6745,0
6746,0
6747,0
6748,1
6749,1
6750,0
6751,0
6752,1
6753,0
6754,2
6755,2
6756,1
6757,0
6758,0
6759,0
6760,1
6761,1
6762,1
6763,1
6764,0
6765,2
6766,0
6767,2
6768,2
6769,1
6770,0
6771,1
6772,0
6773,0
6774,0
6775,0
6776,0
6777,2
6778,1
6779,1
6780,1
6781,0
6782,2
6783,1
6784,0
6785,0
6786,1
6787,2
6788,1
6789,0
6790,1
6791,2
6792,2
6793,0
6794,0
6795,1
6796,1
6797,0
6798,0
6799,2
6800,0
6801,0
6802,2
6803,1
6804,0
6805,0
6806,2
6807,1
6808,0
6809,0
6810,1
6811,0
6812,0
6813,0
6814,1
6815,1
6816,2
6817,2
6818,1
6819,2
6820,2
6821,0
6822,2
6823,2
6824,1
6825,1
6826,0
6827,0
6828,2
6829,2
6830,1
6831,1
6832,0
6833,2
6834,2
6835,2
6836,1
6837,0
6838,2
6839,2
6840,1
6841,1
6842,0
6843,0
6844,2
6845,0
6846,1
6847,1
6848,0
6849,1
6850,2
6851,2
6852,0
6853,0
6854,0
6855,0
6856,0
6857,0
6858,0
6859,1
6860,0
6861,2
6862,2
6863,2
6864,0
6865,2
6866,2
6867,2
6868,0
6869,0
6870,2
6871,1
6872,2
6873,0
6874,2
6875,0
6876,0
6877,0
6878,0
6879,0
6880,2
6881,0
6882,1
6883,2
6884,1
6885,0
6886,2
6887,1
6888,0
6889,1
6890,1
6891,2
6892,0
6893,1
6894,1
6895,1
6896,0
6897,0
6898,1
6899,0
6900,0
6901,2
6902,0
6903,1
6904,1
6905,0
6906,0
6907,1
6908,1
6909,0
6910,1
6911,1
6912,1
6913,0
6914,2
6915,1
6916,0
6917,1
6918,1
6919,0
6920,0
6921,2
6922,1
6923,0
6924,1
6925,1
6926,2
6927,0
6928,0
6929,1
6930,0
6931,0
6932,0
6933,2
6934,0
6935,0
6936,0
6937,1
6938,2
6939,1
6940,0
6941,1
6942,2
6943,1
6944,2
6945,0
6946,1
6947,1
6948,1
6949,2
6950,0
6951,2
6952,0
6953,1
6954,2
6955,0
6956,2
6957,0
6958,0
6959,0
6960,2
6961,2
6962,0
6963,0
6964,0
6965,1
6966,1
6967,0
6968,2
6969,1
6970,1
6971,0
6972,2
6973,1
6974,1
6975,2
6976,0
6977,1
6978,0
6979,0
6980,0
6981,1
6982,1
6983,0
6984,0
6985,0
6986,2
6987,2
6988,1
6989,2
6990,2
6991,1
6992,1
6993,0
6994,2
6995,2
6996,0
6997,2
6998,1
6999,2
7000,2
7001,1
7002,1
7003,1
7004,1
7005,1
7006,2
7007,2
7008,1
7009,1
7010,0
7011,1
7012,0
7013,1
7014,1
7015,0
7016,2
7017,0
7018,1
7019,2
7020,0
7021,0
7022,0
7023,0
7024,0
7025,2
7026,1
7027,1
7028,1
7029,1
7030,1
7031,1
7032,1
7033,1
7034,2
7035,1
7036,1
7037,0
7038,0
7039,2
7040,1
7041,1
7042,0
7043,2
7044,1
7045,2
7046,0
7047,0
7048,2
7049,0
7050,2
7051,2
7052,1
7053,0
7054,0
7055,2
7056,2
7057,2
7058,1
7059,1
7060,0
7061,1
7062,1
7063,1
7064,1
7065,0
7066,1
7067,1
7068,2
7069,1
7070,1
7071,0
7072,0
7073,0
7074,2
7075,1
7076,2
7077,2
7078,1
7079,1
7080,0
7081,2
7082,0
7083,2
7084,0
7085,0
7086,1
7087,2
7088,0
7089,1
7090,0
7091,2
7092,2
7093,0
7094,0
7095,0
7096,1
7097,1
7098,0
7099,0
7100,0
7101,2
7102,2
7103,1
7104,2
7105,1
7106,2
7107,0
7108,1
7109,2
7110,1
7111,0
7112,1
7113,0
7114,2
7115,1
7116,2
7117,0
7118,0
7119,1
7120,2
7121,2
7122,1
7123,1
7124,1
7125,0
7126,2
7127,1
7128,0
7129,0
7130,2
7131,1
7132,2
7133,1
7134,0
7135,2
7136,1
7137,2
7138,2
7139,2
7140,2
7141,1
7142,0
7143,2
7144,0
7145,0
7146,2
7147,0
7148,0
7149,1
7150,0
7151,1
7152,1
7153,1
7154,1
7155,0
7156,0
7157,1
7158,2
7159,0
7160,1
7161,0
7162,1
7163,0
7164,0
7165,0
7166,1
7167,0
7168,1
7169,0
7170,0
7171,1
7172,2
7173,0
7174,1
7175,0
7176,0
7177,0
7178,0
7179,0
7180,0
7181,2
7182,0
7183,1
7184,0
7185,1
7186,0
7187,0
7188,0
7189,0
7190,1
7191,1
7192,0
7193,1
7194,1
7195,2
7196,2
7197,2
7198,0
7199,0
7200,1
7201,2
7202,0
7203,1
7204,2
7205,1
7206,1
7207,1
7208,2
7209,0
7210,0
7211,1
7212,2
7213,2
7214,1
7215,0
7216,0
7217,2
7218,2
7219,0
7220,1
7221,2
7222,2
7223,0
7224,2
7225,2
7226,2
7227,0
7228,2
7229,0
7230,0
7231,1
7232,2
7233,1
7234,1
7235,1
7236,1
7237,2
7238,1
7239,2
7240,1
7241,0
7242,1
7243,1
7244,1
7245,1
7246,0
7247,1
7248,1
7249,1
7250,2
7251,2
7252,1
7253,0
7254,0
7255,1
7256,1
7257,0
7258,1
7259,0
7260,2
7261,0
7262,2
7263,1
7264,0
7265,0
7266,1
7267,1
7268,0
7269,1
7270,1
7271,2
7272,0
7273,2
7274,1
7275,1
7276,0
7277,2
7278,1
7279,0
7280,2
7281,0
7282,1
7283,1
7284,1
7285,1
7286,1
7287,2
7288,1
7289,2
7290,0
7291,0
7292,0
7293,1
7294,2
7295,0
7296,2
7297,0
7298,1
7299,1
7300,1
7301,0
7302,2
7303,1
7304,0
7305,0
7306,1
7307,0
7308,1
7309,0
7310,0
7311,1
7312,1
7313,2
7314,1
7315,0
7316,1
7317,2
7318,1
7319,2
7320,2
7321,1
7322,0
7323,1
7324,1
7325,0
7326,2
7327,0
7328,1
7329,0
7330,0
7331,0
7332,1
7333,0
7334,1
7335,2
7336,1
7337,2
7338,2
7339,0
7340,0
7341,0
7342,2
7343,0
7344,1
7345,0
7346,1
7347,0
7348,1
7349,1
7350,0
7351,1
7352,1
7353,0
7354,1
7355,1
7356,1
7357,0
7358,0
7359,0
7360,2
7361,1
7362,1
7363,1
7364,1
7365,0
7366,1
7367,1
7368,0
7369,2
7370,2
7371,0
7372,1
7373,1
7374,2
7375,0
7376,1
7377,0
7378,2
7379,1
7380,0
7381,0
7382,0
7383,1
7384,1
7385,2
7386,2
7387,1
7388,0
7389,0
7390,0
7391,1
7392,2
7393,1
7394,1
7395,2
7396,0
7397,1
7398,0
7399,1
7400,0
7401,1
7402,2
7403,2
7404,2
7405,2
7406,0
7407,1
7408,1
7409,1
7410,1
7411,1
7412,1
7413,2
7414,0
7415,1
7416,2
7417,0
7418,1
7419,1
7420,0
7421,0
7422,2
7423,0
7424,1
7425,2
7426,1
7427,0
7428,1
7429,2
7430,1
7431,1
7432,1
7433,2
7434,0
7435,2
7436,2
7437,2
7438,1
7439,1
7440,2
7441,2
7442,1
7443,2
7444,0
7445,1
7446,1
7447,2
7448,1
7449,0
7450,2
7451,0
7452,1
7453,1
7454,0
7455,2
7456,1
7457,0
7458,2
7459,1
7460,1
7461,2
7462,2
7463,0
7464,1
7465,1
7466,2
7467,0
7468,0
7469,1
7470,0
7471,0
7472,2
7473,2
7474,0
7475,2
7476,2
7477,2
7478,1
7479,0
7480,0
7481,0
7482,2
7483,0
7484,1
7485,0
7486,0
7487,2
7488,1
7489,0
7490,2
7491,2
7492,1
7493,1
7494,0
7495,1
7496,2
7497,2
7498,0
7499,2
7500,1
7501,2
7502,1
7503,1
7504,2
7505,0
7506,1
7507,0
7508,0
7509,1
7510,0
7511,2
7512,1
7513,1
7514,0
7515,2
7516,1
7517,1
7518,0
7519,0
7520,0
7521,0
7522,0
7523,0
7524,2
7525,1
7526,0
7527,0
7528,1
7529,0
7530,1
7531,1
7532,0
7533,1
7534,0
7535,2
7536,1
7537,1
7538,1
7539,1
7540,0
7541,1
7542,1
7543,1
7544,2
7545,1
7546,2
7547,1
7548,2
7549,0
7550,1
7551,0
7552,1
7553,2
7554,1
7555,0
7556,2
7557,2
7558,0
7559,2
7560,0
7561,0
7562,0
7563,1
7564,1
7565,0
7566,0
7567,2
7568,0
7569,0
7570,0
7571,1
7572,0
7573,0
7574,2
7575,2
7576,1
7577,0
7578,1
7579,0
7580,1
7581,1
7582,2
7583,2
7584,0
7585,0
7586,1
7587,2
7588,0
7589,2
7590,2
7591,2
7592,1
7593,1
7594,0
7595,2
7596,0
7597,2
7598,2
7599,0
7600,1
7601,0
7602,1
7603,0
7604,2
7605,0
7606,0
7607,2
7608,2
7609,1
7610,1
7611,0
7612,0
7613,2
7614,1
7615,0
7616,1
7617,1
7618,0
7619,1
7620,2
7621,2
7622,1
7623,2
7624,2
7625,2
7626,2
7627,2
7628,2
7629,1
7630,1
7631,0
7632,0
7633,2
7634,0
7635,1
7636,0
7637,2
7638,1
7639,0
7640,0
7641,1
7642,1
7643,1
7644,0
7645,1
7646,1
7647,0
7648,0
7649,1
7650,0
7651,0
7652,1
7653,1
7654,2
7655,2
7656,1
7657,2
7658,2
7659,1
7660,1
7661,0
7662,0
7663,0
7664,1
7665,1
7666,2
7667,0
7668,0
7669,1
7670,1
7671,2
7672,1
7673,0
7674,1
7675,1
7676,0
7677,2
7678,2
7679,0
7680,0
7681,1
7682,0
7683,1
7684,2
7685,1
7686,1
7687,0
7688,1
7689,0
7690,1
7691,2
7692,1
7693,0
7694,0
7695,1
7696,2
7697,2
7698,0
7699,0
7700,0
7701,0
7702,1
7703,1
7704,1
7705,1
7706,1
7707,0
7708,2
7709,1
7710,1
7711,0
7712,0
7713,1
7714,0
7715,2
7716,1
7717,0
7718,1
7719,0
7720,2
7721,1
7722,1
7723,1
7724,1
7725,2
7726,2
7727,2
7728,2
7729,1
7730,2
7731,1
7732,2
7733,2
7734,1
7735,0
7736,1
7737,2
7738,1
7739,0
7740,1
7741,1
7742,1
7743,0
7744,0
7745,0
7746,1
7747,0
7748,0
7749,0
7750,0
7751,1
7752,0
7753,0
7754,0
7755,1
7756,1
7757,1
7758,1
7759,0
7760,1
7761,1
7762,1
7763,1
7764,2
7765,0
7766,1
7767,1
7768,0
7769,1
7770,0
7771,0
7772,1
7773,0
7774,1
7775,0
7776,0
7777,1
7778,2
7779,1
7780,0
7781,0
7782,1
7783,1
7784,1
7785,2
7786,1
7787,0
7788,1
7789,1
7790,1
7791,0
7792,1
7793,2
7794,0
7795,1
7796,2
7797,0
7798,2
7799,2
7800,1
7801,2
7802,1
7803,1
7804,2
7805,1
7806,1
7807,2
7808,1
7809,2
7810,0
7811,0
7812,0
7813,1
7814,2
7815,1
7816,0
7817,0
7818,2
7819,1
7820,0
7821,2
7822,2
7823,0
7824,1
7825,0
7826,2
7827,0
7828,2
7829,1
7830,2
7831,0
7832,1
7833,1
7834,1
7835,2
7836,1
7837,1
7838,0
7839,0
7840,0
7841,1
7842,0
7843,0
7844,1
7845,1
7846,1
7847,1
7848,0
7849,1
7850,2
7851,1
7852,2
7853,0
7854,1
7855,0
7856,0
7857,0
7858,1
7859,2
7860,0
7861,2
7862,0
7863,0
7864,1
7865,1
7866,2
7867,0
7868,2
7869,0
7870,1
7871,0
7872,1
7873,1
7874,0
7875,0
7876,2
7877,0
7878,2
7879,2
7880,0
7881,1
7882,0
7883,2
7884,2
7885,1
7886,2
7887,1
7888,0
7889,0
7890,1
7891,1
7892,0
7893,0
7894,0
7895,2
7896,1
7897,2
7898,1
7899,0
7900,2
7901,0
7902,0
7903,2
7904,2
7905,1
7906,2
7907,1
7908,0
7909,0
7910,1
7911,1
7912,0
7913,0
7914,1
7915,2
7916,1
7917,1
7918,2
7919,1
7920,0
7921,1
7922,1
7923,0
7924,1
7925,0
7926,2
7927,0
7928,2
7929,0
7930,0
7931,0
7932,0
7933,1
7934,1
7935,0
7936,0
7937,1
7938,1
7939,2
7940,0
7941,0
7942,0
7943,1
7944,1
7945,1
7946,1
7947,0
7948,0
7949,2
7950,1
7951,2
7952,2
7953,0
7954,2
7955,2
7956,0
7957,1
7958,1
7959,1
7960,1
7961,0
7962,0
7963,2
7964,1
7965,1
7966,1
7967,1
7968,2
7969,1
7970,1
7971,0
7972,1
7973,2
7974,1
7975,0
7976,1
7977,2
7978,1
7979,0
7980,1
7981,0
7982,1
7983,0
7984,0
7985,2
7986,1
7987,1
7988,0
7989,0
7990,0
7991,1
7992,1
7993,1
7994,0
7995,1
7996,1
7997,1
7998,1
7999,2
8000,2
8001,1
8002,2
8003,1
8004,2
8005,0
8006,1
8007,2
8008,2
8009,1
8010,2
8011,1
8012,1
8013,1
8014,1
8015,0
8016,1
8017,2
8018,0
8019,1
8020,0
8021,2
8022,1
8023,0
8024,2
8025,1
8026,0
8027,1
8028,1
8029,0
8030,2
8031,2
8032,0
8033,1
8034,2
8035,0
8036,1
8037,0
8038,1
8039,0
8040,1
8041,2
8042,2
8043,0
8044,2
8045,1
8046,2
8047,1
8048,1
8049,1
8050,1
8051,0
8052,0
8053,0
8054,1
8055,1
8056,1
8057,0
8058,2
8059,2
8060,1
8061,1
8062,0
8063,1
8064,0
8065,2
8066,0
8067,2
8068,0
8069,0
8070,2
8071,1
8072,2
8073,1
8074,1
8075,0
8076,2
8077,1
8078,2
8079,0
8080,1
8081,1
8082,0
8083,0
8084,2
8085,0
8086,2
8087,1
8088,1
8089,1
8090,0
8091,2
8092,0
8093,1
8094,2
8095,1
8096,1
8097,2
8098,2
8099,0
8100,0
8101,2
8102,1
8103,1
8104,1
8105,0
8106,0
8107,1
8108,1
8109,0
8110,0
8111,0
8112,0
8113,0
8114,0
8115,0
8116,1
8117,1
8118,1
8119,1
8120,0
8121,1
8122,1
8123,0
8124,1
8125,2
8126,1
8127,1
8128,0
8129,1
8130,2
8131,0
8132,2
8133,2
8134,2
8135,1
8136,1
8137,2
8138,1
8139,1
8140,1
8141,1
8142,0
8143,2
8144,1
8145,0
8146,0
8147,0
8148,1
8149,1
8150,1
8151,2
8152,1
8153,2
8154,1
8155,1
8156,1
8157,0
8158,1
8159,0
8160,2
8161,0
8162,0
8163,1
8164,0
8165,2
8166,0
8167,1
8168,0
8169,1
8170,1
8171,1
8172,0
8173,0
8174,1
8175,2
8176,0
8177,1
8178,1
8179,2
8180,2
8181,0
8182,2
8183,1
8184,0
8185,1
8186,1
8187,1
8188,0
8189,1
8190,1
8191,2
8192,1
8193,1
8194,2
8195,0
8196,1
8197,2
8198,0
8199,0
8200,2
8201,2
8202,2
8203,0
8204,0
8205,0
8206,0
8207,2
8208,2
8209,0
8210,2
8211,1
8212,2
8213,1
8214,0
8215,1
8216,0
8217,0
8218,0
8219,1
8220,1
8221,0
8222,1
8223,1
8224,1
8225,0
8226,0
8227,1
8228,1
8229,1
8230,0
8231,0
8232,2
8233,0
8234,2
8235,1
8236,2
8237,2
8238,1
8239,0
8240,0
8241,0
8242,1
8243,1
8244,0
8245,1
8246,2
8247,1
8248,1
8249,1
8250,1
8251,2
8252,2
8253,0
8254,0
8255,2
8256,2
8257,1
8258,0
8259,2
8260,1
8261,1
8262,0
8263,0
8264,0
8265,0
8266,1
8267,2
8268,0
8269,0
8270,1
8271,2
8272,0
8273,0
8274,0
8275,1
8276,2
8277,2
8278,2
8279,2
8280,2
8281,0
8282,1
8283,2
8284,2
8285,0
8286,1
8287,1
8288,0
8289,1
8290,0
8291,1
8292,0
8293,0
8294,1
8295,1
8296,0
8297,1
8298,1
8299,1
8300,1
8301,1
8302,0
8303,0
8304,1
8305,2
8306,1
8307,1
8308,1
8309,2
8310,0
8311,2
8312,2
8313,2
8314,2
8315,0
8316,2
8317,1
8318,1
8319,2
8320,0
8321,0
8322,0
8323,1
8324,1
8325,1
8326,1
8327,1
8328,1
8329,0
8330,1
8331,0
8332,2
8333,2
8334,1
8335,0
8336,2
8337,0
8338,1
8339,2
8340,0
8341,0
8342,1
8343,0
8344,0
8345,2
8346,1
8347,0
8348,1
8349,2
8350,1
8351,2
8352,1
8353,2
8354,0
8355,0
8356,0
8357,1
8358,1
8359,2
8360,1
8361,0
8362,1
8363,2
8364,2
8365,0
8366,0
8367,0
8368,2
8369,2
8370,1
8371,1
8372,1
8373,1
8374,0
8375,1
8376,1
8377,1
8378,2
8379,1
8380,1
8381,2
8382,0
8383,2
8384,1
8385,1
8386,1
8387,1
8388,2
8389,1
8390,0
8391,1
8392,0
8393,0
8394,0
8395,2
8396,2
8397,0
8398,2
8399,1
8400,2
8401,0
8402,1
8403,1
8404,2
8405,2
8406,1
8407,0
8408,1
8409,1
8410,2
8411,1
8412,1
8413,0
8414,1
8415,1
8416,1
8417,0
8418,1
8419,1
8420,0
8421,0
8422,0
8423,0
8424,1
8425,2
8426,1
8427,1
8428,0
8429,1
8430,2
8431,1
8432,0
8433,1
8434,1
8435,0
8436,0
8437,2
8438,0
8439,1
8440,0
8441,2
8442,1
8443,0
8444,2
8445,1
8446,1
8447,1
8448,2
8449,0
8450,1
8451,2
8452,2
8453,0
8454,1
8455,1
8456,2
8457,1
8458,1
8459,1
8460,2
8461,1
8462,2
8463,1
8464,1
8465,1
8466,2
8467,1
8468,0
8469,2
8470,2
8471,0
8472,2
8473,2
8474,0
8475,1
8476,0
8477,0
8478,0
8479,1
8480,1
8481,0
8482,2
8483,1
8484,2
8485,0
8486,0
8487,1
8488,2
8489,2
8490,1
8491,1
8492,0
8493,0
8494,1
8495,1
8496,0
8497,1
8498,1
8499,1
8500,1
8501,0
8502,0
8503,0
8504,1
8505,2
8506,1
8507,0
8508,1
8509,1
8510,1
8511,0
8512,1
8513,2
8514,1
8515,1
8516,2
8517,0
8518,0
8519,0
8520,0
8521,1
8522,2
8523,2
8524,0
8525,0
8526,2
8527,1
8528,0
8529,2
8530,0
8531,1
8532,1
8533,2
8534,1
8535,0
8536,1
8537,0
8538,0
8539,1
8540,2
8541,0
8542,1
8543,1
8544,1
8545,0
8546,2
8547,2
8548,2
8549,1
8550,1
8551,0
8552,2
8553,1
8554,2
8555,0
8556,0
8557,2
8558,0
8559,1
8560,1
8561,2
8562,2
8563,1
8564,2
8565,2
8566,0
8567,0
8568,2
8569,1
8570,0
8571,1
8572,2
8573,1
8574,1
8575,1
8576,1
8577,1
8578,2
8579,2
8580,0
8581,0
8582,2
8583,1
8584,2
8585,0
8586,1
8587,1
8588,2
8589,1
8590,0
8591,0
8592,2
8593,2
8594,2
8595,2
8596,0
8597,1
8598,1
8599,1
8600,0
8601,1
8602,2
8603,0
8604,1
8605,1
8606,1
8607,1
8608,2
8609,2
8610,0
8611,0
8612,1
8613,2
8614,0
8615,1
8616,0
8617,2
8618,2
8619,0
8620,0
8621,2
8622,0
8623,2
8624,0
8625,1
8626,0
8627,2
8628,1
8629,1
8630,2
8631,0
8632,2
8633,1
8634,1
8635,2
8636,1
8637,2
8638,0
8639,0
8640,1
8641,0
8642,0
8643,0
8644,1
8645,2
8646,1
8647,0
8648,1
8649,0
8650,2
8651,1
8652,0
8653,0
8654,1
8655,0
8656,0
8657,2
8658,0
8659,0
8660,0
8661,2
8662,1
8663,2
8664,1
8665,0
8666,1
8667,1
8668,1
8669,2
8670,1
8671,1
8672,0
8673,2
8674,2
8675,1
8676,0
8677,2
8678,2
8679,0
8680,0
8681,1
8682,2
8683,1
8684,0
8685,1
8686,1
8687,0
8688,1
8689,2
8690,1
8691,1
8692,1
8693,1
8694,0
8695,2
8696,1
8697,0
8698,0
8699,0
8700,2
8701,0
8702,2
8703,0
8704,1
8705,2
8706,1
8707,2
8708,0
8709,2
8710,1
8711,0
8712,1
8713,1
8714,2
8715,2
8716,1
8717,2
8718,0
8719,0
8720,1
8721,0
8722,2
8723,0
8724,2
8725,1
8726,1
8727,0
8728,2
8729,2
8730,2
8731,0
8732,1
8733,2
8734,0
8735,1
8736,1
8737,1
8738,2
8739,0
8740,0
8741,2
8742,1
8743,0
8744,0
8745,1
8746,0
8747,0
8748,0
8749,0
8750,2
8751,0
8752,1
8753,1
8754,2
8755,2
8756,1
8757,0
8758,0
8759,2
8760,1
8761,0
8762,0
8763,2
8764,1
8765,1
8766,1
8767,1
8768,1
8769,0
8770,1
8771,1
8772,0
8773,2
8774,0
8775,2
8776,2
8777,1
8778,2
8779,2
8780,1
8781,1
8782,1
8783,0
8784,1
8785,0
8786,0
8787,0
8788,1
8789,0
8790,2
8791,1
8792,0
8793,1
8794,2
8795,2
8796,0
8797,1
8798,2
8799,0
8800,1
8801,0
8802,1
8803,0
8804,2
8805,0
8806,0
8807,2
8808,0
8809,1
8810,1
8811,2
8812,2
8813,2
8814,2
8815,1
8816,1
8817,1
8818,2
8819,2
8820,2
8821,0
8822,2
8823,0
8824,1
8825,1
8826,2
8827,0
8828,1
8829,0
8830,0
8831,0
8832,1
8833,2
8834,1
8835,2
8836,0
8837,1
8838,0
8839,2
8840,2
8841,0
8842,0
8843,2
8844,2
8845,0
8846,1
8847,2
8848,1
8849,1
8850,1
8851,1
8852,1
8853,0
8854,2
8855,0
8856,2
8857,1
8858,0
8859,2
8860,2
8861,2
8862,0
8863,0
8864,1
8865,0
8866,0
8867,0
8868,1
8869,0
8870,1
8871,2
8872,2
8873,1
8874,1
8875,1
8876,1
8877,0
8878,1
8879,0
8880,1
8881,2
8882,0
8883,2
8884,2
8885,2
8886,1
8887,1
8888,2
8889,0
8890,1
8891,0
8892,2
8893,0
8894,1
8895,0
8896,1
8897,2
8898,0
8899,2
8900,0
8901,1
8902,1
8903,1
8904,0
8905,2
8906,2
8907,0
8908,0
8909,0
8910,0
8911,2
8912,2
8913,0
8914,2
8915,0
8916,0
8917,2
8918,1
8919,2
8920,1
8921,0
8922,1
8923,1
8924,1
8925,1
8926,1
8927,1
8928,1
8929,0
8930,0
8931,0
8932,2
8933,2
8934,1
8935,1
8936,2
8937,0
8938,0
8939,0
8940,0
8941,2
8942,1
8943,1
8944,1
8945,0
8946,1
8947,0
8948,1
8949,2
8950,0
8951,2
8952,0
8953,2
8954,1
8955,2
8956,0
8957,1
8958,0
8959,0
8960,1
8961,2
8962,0
8963,0
8964,0
8965,1
8966,0
8967,2
8968,0
8969,0
8970,1
8971,0
8972,2
8973,2
8974,1
8975,1
8976,2
8977,2
8978,0
8979,0
8980,1
8981,2
8982,0
8983,0
8984,1
8985,1
8986,0
8987,0
8988,0
8989,1
8990,1
8991,2
8992,0
8993,0
8994,1
8995,1
8996,0
8997,2
8998,2
8999,0
9000,0
9001,0
9002,2
9003,0
9004,1
9005,1
9006,1
9007,1
9008,0
9009,2
9010,0
9011,2
9012,2
9013,1
9014,1
9015,0
9016,0
9017,1
9018,1
9019,0
9020,1
9021,1
9022,0
9023,0
9024,1
9025,0
9026,1
9027,0
9028,1
9029,2
9030,0
9031,2
9032,1
9033,2
9034,0
9035,1
9036,2
9037,1
9038,2
9039,1
9040,1
9041,1
9042,0
9043,1
9044,0
9045,0
9046,2
9047,1
9048,1
9049,0
9050,0
9051,1
9052,0
9053,2
9054,2
9055,2
9056,0
9057,2
9058,2
9059,0
9060,2
9061,1
9062,0
9063,0
9064,2
9065,1
9066,0
9067,2
9068,0
9069,0
9070,1
9071,0
9072,1
9073,1
9074,2
9075,0
9076,2
9077,1
9078,1
9079,2
9080,2
9081,1
9082,2
9083,1
9084,1
9085,1
9086,2
9087,0
9088,1
9089,2
9090,2
9091,2
9092,2
9093,1
9094,2
9095,1
9096,1
9097,2
9098,2
9099,2
9100,2
9101,1
9102,2
9103,0
9104,0
9105,2
9106,2
9107,2
9108,0
9109,2
9110,0
9111,2
9112,1
9113,1
9114,1
9115,0
9116,1
9117,1
9118,1
9119,0
9120,0
9121,0
9122,2
9123,0
9124,1
9125,2
9126,0
9127,1
9128,1
9129,2
9130,2
9131,2
9132,1
9133,0
9134,2
9135,1
9136,0
9137,0
9138,2
9139,2
9140,0
9141,1
9142,2
9143,0
9144,0
9145,0
9146,1
9147,0
9148,1
9149,1
9150,0
9151,2
9152,0
9153,1
9154,2
9155,0
9156,0
9157,0
9158,0
9159,1
9160,2
9161,0
9162,2
9163,1
9164,0
9165,1
9166,2
9167,0
9168,1
9169,1
9170,0
9171,2
9172,1
9173,1
9174,2
9175,0
9176,0
9177,2
9178,0
9179,0
9180,0
9181,2
9182,2
9183,2
9184,0
9185,1
9186,1
9187,2
9188,1
9189,0
9190,0
9191,2
9192,1
9193,2
9194,1
9195,0
9196,1
9197,0
9198,1
9199,1
9200,0
9201,1
9202,0
9203,1
9204,0
9205,0
9206,0
9207,0
9208,2
9209,0
9210,2
9211,2
9212,1
9213,1
9214,0
9215,2
9216,1
9217,0
9218,1
9219,1
9220,2
9221,0
9222,2
9223,2
9224,2
9225,1
9226,0
9227,1
9228,2
9229,2
9230,1
9231,2
9232,1
9233,0
9234,0
9235,0
9236,2
9237,0
9238,1
9239,0
9240,2
9241,0
9242,1
9243,1
9244,1
9245,2
9246,1
9247,1
9248,0
9249,1
9250,1
9251,1
9252,0
9253,0
9254,0
9255,0
9256,0
9257,2
9258,2
9259,0
9260,1
9261,1
9262,1
9263,1
9264,0
9265,2
9266,2
9267,2
9268,1
9269,0
9270,1
9271,2
9272,0
9273,1
9274,1
9275,1
9276,2
9277,0
9278,1
9279,2
9280,0
9281,1
9282,0
9283,0
9284,0
9285,2
9286,1
9287,1
9288,0
9289,2
9290,0
9291,0
9292,0
9293,1
9294,2
9295,0
9296,2
9297,0
9298,2
9299,1
9300,1
9301,0
9302,1
9303,0
9304,2
9305,0
9306,0
9307,1
9308,0
9309,2
9310,2
9311,2
9312,1
9313,0
9314,2
9315,2
9316,1
9317,1
9318,2
9319,1
9320,1
9321,2
9322,0
9323,0
9324,0
9325,1
9326,0
9327,0
9328,2
9329,2
9330,2
9331,2
9332,1
9333,2
9334,1
9335,1
9336,1
9337,2
9338,1
9339,0
9340,0
9341,0
9342,1
9343,0
9344,2
9345,2
9346,0
9347,2
9348,2
9349,0
9350,0
9351,1
9352,0
9353,1
9354,2
9355,2
9356,1
9357,0
9358,1
9359,2
9360,0
9361,0
9362,0
9363,1
9364,0
9365,0
9366,0
9367,1
9368,0
9369,2
9370,0
9371,0
9372,2
9373,0
9374,2
9375,2
9376,0
9377,2
9378,0
9379,1
9380,1
9381,0
9382,2
9383,1
9384,1
9385,0
9386,1
9387,1
9388,1
9389,1
9390,2
9391,1
9392,0
9393,1
9394,1
9395,2
9396,1
9397,0
9398,0
9399,2
9400,0
9401,1
9402,1
9403,2
9404,1
9405,2
9406,1
9407,1
9408,0
9409,0
9410,1
9411,1
9412,1
9413,1
9414,1
9415,2
9416,1
9417,1
9418,0
9419,2
9420,1
9421,2
9422,1
9423,1
9424,0
9425,1
9426,1
9427,0
9428,2
9429,0
9430,0
9431,2
9432,2
9433,0
9434,1
9435,1
9436,2
9437,1
9438,0
9439,2
9440,1
9441,2
9442,0
9443,2
9444,1
9445,0
9446,1
9447,0
9448,2
9449,0
9450,1
9451,2
9452,0
9453,2
9454,1
9455,1
9456,2
9457,1
9458,0
9459,2
9460,1
9461,1
9462,1
9463,1
9464,0
9465,1
9466,0
9467,2
9468,2
9469,0
9470,0
9471,0
9472,1
9473,0
9474,1
9475,2
9476,0
9477,1
9478,0
9479,2
9480,0
9481,2
9482,2
9483,0
9484,0
9485,2
9486,2
9487,0
9488,0
9489,1
9490,0
9491,1
9492,0
9493,1
9494,2
9495,1
9496,1
9497,1
9498,1
9499,2
9500,1
9501,1
9502,2
9503,0
9504,1
9505,1
9506,0
9507,0
9508,1
9509,0
9510,1
9511,2
9512,2
9513,2
9514,0
9515,2
9516,0
9517,2
9518,2
9519,1
9520,0
9521,2
9522,2
9523,1
9524,0
9525,0
9526,0
9527,0
9528,0
9529,0
9530,1
9531,2
9532,1
9533,2
9534,0
9535,1
9536,1
9537,1
9538,1
9539,1
9540,0
9541,1
9542,0
9543,0
9544,2
9545,1
9546,1
9547,0
9548,1
9549,0
9550,0
9551,0
9552,0
9553,0
9554,0
9555,1
9556,2
9557,1
9558,1
9559,2
9560,2
9561,0
9562,0
9563,2
9564,1
9565,0
9566,1
9567,1
9568,1
9569,0
9570,1
9571,1
9572,2
9573,0
9574,1
9575,1
9576,1
9577,1
9578,0
9579,0
9580,1
9581,2
9582,0
9583,1
9584,2
9585,0
9586,0
9587,0
9588,2
9589,0
9590,1
9591,1
9592,1
9593,0
9594,1
9595,0
9596,0
9597,0
9598,2
9599,0
9600,1
9601,0
9602,1
9603,0
9604,2
9605,1
9606,0
9607,1
9608,1
9609,0
9610,0
9611,0
9612,0
9613,2
9614,0
9615,2
9616,0
9617,1
9618,0
9619,1
9620,2
9621,0
9622,0
9623,1
9624,2
9625,0
9626,1
9627,0
9628,0
9629,1
9630,2
9631,1
9632,1
9633,2
9634,1
9635,2
9636,1
9637,1
9638,2
9639,0
9640,1
9641,1
9642,2
9643,2
9644,0
9645,1
9646,2
9647,1
9648,0
9649,2
9650,2
9651,0
9652,2
9653,2
9654,0
9655,2
9656,0
9657,1
9658,2
9659,2
9660,0
9661,1
9662,2
9663,0
9664,0
9665,1
9666,1
9667,0
9668,0
9669,2
9670,0
9671,0
9672,0
9673,1
9674,1
9675,0
9676,1
9677,0
9678,1
9679,2
9680,0
9681,1
9682,2
9683,0
9684,0
9685,1
9686,1
9687,0
9688,2
9689,2
9690,2
9691,1
9692,2
9693,0
9694,0
9695,1
9696,2
9697,1
9698,1
9699,2
9700,0
9701,2
9702,2
9703,1
9704,2
9705,0
9706,0
9707,1
9708,2
9709,1
9710,2
9711,1
9712,2
9713,2
9714,0
9715,2
9716,0
9717,1
9718,0
9719,0
9720,1
9721,1
9722,1
9723,2
9724,0
9725,2
9726,2
9727,2
9728,2
9729,1
9730,0
9731,2
9732,2
9733,1
9734,1
9735,1
9736,0
9737,1
9738,0
9739,1
9740,0
9741,0
9742,1
9743,0
9744,0
9745,2
9746,0
9747,2
9748,0
9749,0
9750,1
9751,1
9752,1
9753,0
9754,0
9755,2
9756,1
9757,2
9758,0
9759,2
9760,0
9761,1
9762,1
9763,0
9764,1
9765,0
9766,0
9767,2
9768,2
9769,0
9770,1
9771,2
9772,1
9773,0
9774,0
9775,2
9776,1
9777,1
9778,0
9779,1
9780,0
9781,2
9782,1
9783,1
9784,0
9785,1
9786,1
9787,2
9788,0
9789,2
9790,2
9791,1
9792,0
9793,0
9794,2
9795,0
9796,1
9797,2
9798,0
9799,1
9800,1
9801,2
9802,1
9803,0
9804,1
9805,2
9806,2
9807,1
9808,2
9809,2
9810,0
9811,0
9812,0
9813,0
9814,2
9815,0
9816,0
9817,0
9818,2
9819,2
9820,0
9821,0
9822,2
9823,1
9824,2
9825,2
9826,1
9827,1
9828,0
9829,1
9830,0
9831,0
9832,2
9833,1
9834,2
9835,0
9836,1
9837,1
9838,2
9839,1
9840,2
9841,1
9842,1
9843,1
9844,0
9845,0
9846,0
9847,1
9848,1
9849,2
9850,2
9851,0
9852,1
9853,0
9854,2
9855,1
9856,0
9857,1
9858,2
9859,1
9860,0
9861,1
9862,1
9863,0
9864,0
9865,0
9866,0
9867,1
9868,0
9869,0
9870,0
9871,1
9872,2
9873,0
9874,1
9875,1
9876,1
9877,0
9878,2
9879,0
9880,2
9881,0
9882,1
9883,0
9884,1
9885,2
9886,0
9887,1
9888,1
9889,0
9890,0
9891,0
9892,2
9893,0
9894,0
9895,0
9896,0
9897,0
9898,0
9899,1
9900,0
9901,1
9902,1
9903,1
9904,0
9905,2
9906,1
9907,0
9908,0
9909,2
9910,2
9911,0
9912,1
9913,1
9914,1
9915,0
9916,0
9917,1
9918,2
9919,0
9920,2
9921,1
9922,1
9923,2
9924,1
9925,1
9926,1
9927,0
9928,1
9929,2
9930,1
9931,1
9932,0
9933,2
9934,0
9935,0
9936,1
9937,0
9938,2
9939,1
9940,2
9941,2
9942,0
9943,1
9944,0
9945,1
9946,0
9947,1
9948,0
9949,2
9950,1
9951,0
9952,2
9953,1
9954,1
9955,1
9956,2
9957,0
9958,1
9959,0
9960,0
9961,1
9962,1
9963,0
9964,1
9965,1
9966,1
9967,2
9968,0
9969,0
9970,1
9971,0
9972,1
9973,2
9974,0
9975,1
9976,0
9977,1
9978,0
9979,2
9980,0
9981,1
9982,2
9983,1
9984,2
9985,0
9986,1
9987,1
9988,0
9989,2
9990,0
9991,1
9992,0
9993,1
9994,1
9995,0
9996,0
9997,1
9998,0
9999,0
10000,2
10001,0
10002,2
10003,2
10004,0
10005,2
10006,1
10007,2
10008,0
10009,0
10010,1
10011,2
10012,0
10013,1
10014,1
10015,2
10016,1
10017,0
10018,2
10019,1
10020,1
10021,1
10022,2
10023,1
10024,0
10025,2
10026,1
10027,0
10028,1
10029,2
10030,0
10031,1
10032,2
10033,1
10034,0
10035,0
10036,1
10037,0
10038,1
10039,0
10040,0
10041,2
10042,1
10043,0
10044,2
10045,0
10046,1
10047,1
10048,0
10049,2
10050,2
10051,0
10052,2
10053,0
10054,2
10055,0
10056,2
10057,0
10058,0
10059,1
10060,1
10061,1
10062,1
10063,1
10064,1
10065,1
10066,1
10067,1
10068,1
10069,1
10070,1
10071,1
10072,2
10073,1
10074,1
10075,1
10076,2
10077,2
10078,2
10079,0
10080,2
10081,0
10082,2
10083,0
10084,1
10085,0
10086,2
10087,1
10088,2
10089,0
10090,1
10091,0
10092,0
10093,0
10094,2
10095,0
10096,0
10097,2
10098,2
10099,2
10100,1
10101,2
10102,0
10103,2
10104,1
10105,0
10106,2
10107,1
10108,1
10109,1
10110,1
10111,1
10112,0
10113,2
10114,1
10115,1
10116,0
10117,0
10118,2
10119,2
10120,2
10121,0
10122,0
10123,2
10124,2
10125,1
10126,2
10127,1
10128,0
10129,2
10130,1
10131,0
10132,1
10133,2
10134,0
10135,0
10136,1
10137,0
10138,0
10139,2
10140,2
10141,0
10142,1
10143,2
10144,1
10145,1
10146,2
10147,2
10148,0
10149,1
10150,1
10151,1
10152,2
10153,2
10154,1
10155,0
10156,2
10157,0
10158,0
10159,0
10160,1
10161,1
10162,2
10163,1
10164,0
10165,1
10166,2
10167,0
10168,0
10169,1
10170,0
10171,0
10172,2
10173,1
10174,2
10175,1
10176,1
10177,1
10178,0
10179,0
10180,2
10181,1
10182,0
10183,1
10184,2
10185,0
10186,2
10187,0
10188,0
10189,2
10190,2
10191,1
10192,2
10193,2
10194,1
10195,1
10196,0
10197,0
10198,1
10199,1
10200,0
10201,2
10202,1
10203,0
10204,1
10205,0
10206,0
10207,0
10208,0
10209,0
10210,2
10211,0
10212,0
10213,0
10214,0
10215,2
10216,0
10217,1
10218,1
10219,0
10220,0
10221,2
10222,2
10223,2
10224,2
10225,1
10226,2
10227,1
10228,0
10229,1
10230,0
10231,0
10232,1
10233,1
10234,0
10235,2
10236,1
10237,1
10238,1
10239,1
10240,2
10241,0
10242,0
10243,0
10244,1
10245,0
10246,0
10247,0
10248,1
10249,2
10250,2
10251,0
10252,0
10253,0
10254,1
10255,2
10256,0
10257,0
10258,0
10259,0
10260,1
10261,0
10262,0
10263,0
10264,1
10265,1
10266,0
10267,1
10268,2
10269,1
10270,0
10271,0
10272,0
10273,0
10274,2
10275,0
10276,2
10277,2
10278,2
10279,1
10280,0
10281,0
10282,0
10283,1
10284,0
10285,1
10286,1
10287,2
10288,0
10289,2
10290,0
10291,1
10292,1
10293,0
10294,0
10295,0
10296,0
10297,2
10298,2
10299,1
10300,1
10301,1
10302,1
10303,2
10304,0
10305,0
10306,1
10307,0
10308,0
10309,2
10310,0
10311,0
10312,0
10313,2
10314,2
10315,0
10316,0
10317,2
10318,0
10319,0
10320,2
10321,1
10322,1
10323,2
10324,0
10325,2
10326,1
10327,1
10328,0
10329,1
10330,1
10331,1
10332,2
10333,1
10334,2
10335,2
10336,2
10337,0
10338,1
10339,0
10340,0
10341,0
10342,1
10343,2
10344,2
10345,0
10346,0
10347,1
10348,1
10349,0
10350,0
10351,1
10352,1
10353,1
10354,0
10355,2
10356,2
10357,1
10358,2
10359,1
10360,2
10361,1
10362,0
10363,1
10364,1
10365,0
10366,0
10367,1
10368,0
10369,1
10370,0
10371,0
10372,2
10373,1
10374,2
10375,1
10376,2
10377,1
10378,1
10379,1
10380,2
10381,0
10382,2
10383,0
10384,1
10385,2
10386,2
10387,1
10388,0
10389,1
10390,2
10391,2
10392,0
10393,0
10394,1
10395,0
10396,2
10397,0
10398,0
10399,2
10400,1
10401,1
10402,1
10403,1
10404,2
10405,1
10406,1
10407,1
10408,1
10409,2
10410,1
10411,1
10412,0
10413,2
10414,1
10415,1
10416,2
10417,1
10418,1
10419,1
10420,1
10421,1
10422,1
10423,2
10424,0
10425,1
10426,1
10427,0
10428,0
10429,0
10430,0
10431,2
10432,2
10433,1
10434,1
10435,0
10436,0
10437,0
10438,2
10439,1
10440,0
10441,0
10442,0
10443,2
10444,1
10445,2
10446,1
10447,2
10448,2
10449,2
10450,1
10451,1
10452,1
10453,1
10454,0
10455,0
10456,1
10457,0
10458,0
10459,0
10460,1
10461,0
10462,0
10463,1
10464,2
10465,0
10466,2
10467,2
10468,1
10469,1
10470,2
10471,2
10472,1
10473,2
10474,1
10475,0
10476,1
10477,1
10478,2
10479,2
10480,1
10481,0
10482,1
10483,1
10484,2
10485,0
10486,1
10487,2
10488,0
10489,2
10490,1
10491,1
10492,0
10493,0
10494,2
10495,0
10496,2
10497,1
10498,0
10499,0
10500,1
10501,0
10502,2
10503,1
10504,1
10505,0
10506,0
10507,2
10508,0
10509,1
10510,1
10511,0
10512,2
10513,1
10514,0
10515,1
10516,1
10517,2
10518,1
10519,1
10520,0
10521,2
10522,1
10523,2
10524,0
10525,0
10526,0
10527,1
10528,1
10529,2
10530,0
10531,1
10532,1
10533,0
10534,0
10535,2
10536,0
10537,1
10538,0
10539,2
10540,1
10541,2
10542,2
10543,2
10544,2
10545,1
10546,2
10547,1
10548,0
10549,0
10550,1
10551,0
10552,0
10553,1
10554,2
10555,1
10556,0
10557,0
10558,1
10559,1
10560,1
10561,2
10562,1
10563,0
10564,1
10565,2
10566,2
10567,1
10568,1
10569,0
10570,0
10571,1
10572,1
10573,2
10574,1
10575,0
10576,1
10577,1
10578,0
10579,1
10580,1
10581,1
10582,0
10583,1
10584,0
10585,1
10586,1
10587,0
10588,0
10589,1
10590,1
10591,0
10592,2
10593,0
10594,2
10595,0
10596,0
10597,1
10598,2
10599,0
10600,1
10601,2
10602,0
10603,1
10604,2
10605,0
10606,1
10607,0
10608,1
10609,1
10610,0
10611,0
10612,0
10613,0
10614,0
10615,1
10616,2
10617,1
10618,0
10619,1
10620,2
10621,0
10622,1
10623,2
10624,0
10625,2
10626,1
10627,0
10628,2
10629,1
10630,0
10631,1
10632,0
10633,1
10634,0
10635,0
10636,2
10637,2
10638,1
10639,0
10640,0
10641,0
10642,2
10643,2
10644,0
10645,0
10646,0
10647,1
10648,0
10649,0
10650,0
10651,0
10652,1
10653,2
10654,2
10655,1
10656,0
10657,2
10658,1
10659,0
10660,2
10661,2
10662,1
10663,0
10664,1
10665,1
10666,2
10667,0
10668,1
10669,1
10670,2
10671,2
10672,0
10673,1
10674,0
10675,0
10676,0
10677,1
10678,1
10679,2
10680,1
10681,0
10682,0
10683,0
10684,2
10685,0
10686,1
10687,1
10688,2
10689,2
10690,2
10691,0
10692,1
10693,0
10694,1
10695,1
10696,2
10697,2
10698,2
10699,0
10700,2
10701,1
10702,2
10703,2
10704,2
10705,0
10706,1
10707,2
10708,1
10709,0
10710,1
10711,1
10712,0
10713,1
10714,1
10715,0
10716,1
10717,2
10718,0
10719,2
10720,2
10721,0
10722,0
10723,2
10724,2
10725,2
10726,2
10727,1
10728,2
10729,2
10730,2
10731,1
10732,0
10733,1
10734,1
10735,2
10736,2
10737,0
10738,2
10739,1
10740,0
10741,1
10742,0
10743,0
10744,2
10745,2
10746,1
10747,2
10748,0
10749,1
10750,0
10751,2
10752,1
10753,1
10754,1
10755,0
10756,0
10757,0
10758,0
10759,0
10760,1
10761,1
10762,2
10763,0
10764,0
10765,2
10766,2
10767,1
10768,0
10769,0
10770,2
10771,0
10772,2
10773,1
10774,1
10775,2
10776,2
10777,0
10778,0
10779,2
10780,0
10781,2
10782,1
10783,2
10784,2
10785,2
10786,0
10787,1
10788,1
10789,0
10790,1
10791,1
10792,0
10793,0
10794,1
10795,1
10796,2
10797,1
10798,1
10799,0
10800,1
10801,1
10802,1
10803,0
10804,0
10805,2
10806,2
10807,2
10808,1
10809,1
10810,0
10811,1
10812,1
10813,2
10814,1
10815,1
10816,0
10817,2
10818,0
10819,2
10820,0
10821,1
10822,0
10823,0
10824,2
10825,0
10826,0
10827,2
10828,2
10829,0
10830,2
10831,0
10832,0
10833,2
10834,0
10835,1
10836,2
10837,1
10838,0
10839,0
10840,1
10841,0
10842,1
10843,0
10844,1
10845,1
10846,0
10847,2
10848,1
10849,0
10850,1
10851,1
10852,0
10853,1
10854,2
10855,2
10856,1
10857,0
10858,0
10859,2
10860,1
10861,1
10862,1
10863,1
10864,0
10865,0
10866,1
10867,0
10868,0
10869,2
10870,0
10871,0
10872,0
10873,1
10874,0
10875,1
10876,0
10877,2
10878,1
10879,2
10880,0
10881,2
10882,1
10883,1
10884,2
10885,1
10886,0
10887,1
10888,2
10889,2
10890,0
10891,0
10892,1
10893,0
10894,0
10895,2
10896,1
10897,2
10898,1
10899,0
10900,2
10901,0
10902,0
10903,1
10904,0
10905,1
10906,2
10907,0
10908,2
10909,0
10910,1
10911,0
10912,1
10913,2
10914,2
10915,2
10916,2
10917,1
10918,1
10919,1
10920,1
10921,0
10922,2
10923,0
10924,1
10925,0
10926,0
10927,2
10928,1
10929,2
10930,2
10931,0
10932,0
10933,2
10934,1
10935,0
10936,1
10937,1
10938,1
10939,0
10940,0
10941,1
10942,0
10943,0
10944,1
10945,2
10946,2
10947,2
10948,1
10949,2
10950,0
10951,1
10952,2
10953,0
10954,1
10955,2
10956,2
10957,1
10958,2
10959,2
10960,0
10961,0
10962,1
10963,0
10964,2
10965,0
10966,0
10967,1
10968,2
10969,0
10970,0
10971,1
10972,2
10973,1
10974,2
10975,1
10976,0
10977,2
10978,1
10979,1
10980,0
10981,2
10982,1
10983,0
10984,2
10985,2
10986,2
10987,1
10988,1
10989,2
10990,2
10991,2
10992,1
10993,1
10994,0
10995,2
10996,2
10997,2
10998,1
10999,1
11000,1
11001,2
11002,0
11003,0
11004,0
11005,0
11006,1
11007,0
11008,0
11009,0
11010,0
11011,0
11012,1
11013,2
11014,1
11015,2
11016,1
11017,1
11018,1
11019,0
11020,0
11021,1
11022,2
11023,1
11024,0
11025,0
11026,0
11027,0
11028,0
11029,1
11030,1
11031,1
11032,2
11033,2
11034,1
11035,2
11036,0
11037,0
11038,1
11039,0
11040,1
11041,0
11042,2
11043,1
11044,1
11045,1
11046,2
11047,1
11048,0
11049,1
11050,1
11051,1
11052,2
11053,1
11054,1
11055,0
11056,2
11057,2
11058,0
11059,2
11060,2
11061,1
11062,1
11063,0
11064,0
11065,0
11066,1
11067,2
11068,1
11069,2
11070,1
11071,2
11072,1
11073,0
11074,0
11075,1
11076,0
11077,1
11078,0
11079,1
11080,0
11081,1
11082,0
11083,1
11084,1
11085,1
11086,0
11087,2
11088,2
11089,0
11090,0
11091,0
11092,2
11093,0
11094,2
11095,1
11096,0
11097,0
11098,1
11099,1
11100,1
11101,0
11102,1
11103,2
11104,0
11105,0
11106,0
11107,1
11108,0
11109,1
11110,0
11111,1
11112,1
11113,1
11114,2
11115,0
11116,2
11117,1
11118,0
11119,0
11120,1
11121,0
11122,0
11123,1
11124,0
11125,1
11126,1
11127,1
11128,1
11129,1
11130,2
11131,1
11132,1
11133,1
11134,0
11135,2
11136,0
11137,1
11138,1
11139,2
11140,0
11141,1
11142,2
11143,2
11144,1
11145,1
11146,2
11147,1
11148,1
11149,2
11150,1
11151,1
11152,2
11153,0
11154,1
11155,0
11156,1
11157,1
11158,1
11159,1
11160,1
11161,1
11162,0
11163,2
11164,0
11165,0
11166,2
11167,1
11168,1
11169,0
11170,1
11171,2
11172,1
11173,0
11174,0
11175,0
11176,0
11177,0
11178,0
11179,2
11180,1
11181,2
11182,2
11183,1
11184,1
11185,2
11186,0
11187,0
11188,1
11189,0
11190,0
11191,2
11192,0
11193,0
11194,1
11195,0
11196,0
11197,1
11198,2
11199,2
11200,1
11201,2
11202,1
11203,0
11204,0
11205,0
11206,2
11207,1
11208,2
11209,2
11210,0
11211,2
11212,2
11213,2
11214,2
11215,0
11216,0
11217,2
11218,2
11219,1
11220,2
11221,0
11222,1
11223,1
11224,2
11225,1
11226,1
11227,1
11228,0
11229,0
11230,2
11231,1
11232,1
11233,0
11234,2
11235,1
11236,0
11237,0
11238,0
11239,2
11240,1
11241,1
11242,2
11243,1
11244,0
11245,1
11246,1
11247,1
11248,1
11249,0
11250,1
11251,1
11252,1
11253,2
11254,1
11255,0
11256,1
11257,2
11258,0
11259,0
11260,1
11261,0
11262,2
11263,2
11264,1
11265,0
11266,0
11267,1
11268,1
11269,0
11270,1
11271,1
11272,2
11273,0
11274,1
11275,0
11276,0
11277,0
11278,0
11279,1
11280,2
11281,1
11282,0
11283,2
11284,0
11285,1
11286,0
11287,0
11288,2
11289,0
11290,1
11291,0
11292,2
11293,0
11294,0
11295,0
11296,2
11297,2
11298,2
11299,1
11300,0
11301,2
11302,0
11303,2
11304,2
11305,0
11306,1
11307,2
11308,0
11309,0
11310,0
11311,1
11312,1
11313,1
11314,1
11315,1
11316,2
11317,1
11318,0
11319,1
11320,0
11321,2
11322,0
11323,0
11324,1
11325,0
11326,0
11327,2
11328,2
11329,1
11330,1
11331,0
11332,0
11333,1
11334,0
11335,1
11336,1
11337,0
11338,2
11339,2
11340,0
11341,1
11342,1
11343,2
11344,0
11345,2
11346,2
11347,2
11348,0
11349,1
11350,1
11351,0
11352,2
11353,1
11354,0
11355,1
11356,0
11357,0
11358,1
11359,0
11360,1
11361,0
11362,1
11363,2
11364,1
11365,0
11366,2
11367,1
11368,1
11369,2
11370,2
11371,0
11372,1
11373,2
11374,1
11375,0
11376,2
11377,1
11378,0
11379,0
11380,1
11381,1
11382,0
11383,1
11384,2
11385,1
11386,0
11387,1
11388,0
11389,1
11390,0
11391,0
11392,1
11393,2
11394,0
11395,1
11396,1
11397,2
11398,2
11399,0
11400,1
11401,2
11402,1
11403,1
11404,1
11405,1
11406,2
11407,1
11408,0
11409,1
11410,2
11411,2
11412,1
11413,0
11414,0
11415,0
11416,2
11417,1
11418,0
11419,2
11420,2
11421,0
11422,2
11423,2
11424,2
11425,1
11426,2
11427,2
11428,1
11429,1
11430,2
11431,1
11432,0
11433,1
11434,0
11435,0
11436,0
11437,0
11438,2
11439,2
11440,0
11441,1
11442,2
11443,1
11444,2
11445,0
11446,0
11447,0
11448,1
11449,1
11450,1
11451,1
11452,1
11453,2
11454,0
11455,1
11456,2
11457,0
11458,1
11459,2
11460,1
11461,2
11462,1
11463,1
11464,1
11465,2
11466,0
11467,2
11468,1
11469,2
11470,2
11471,1
11472,1
11473,0
11474,0
11475,2
11476,2
11477,0
11478,2
11479,0
11480,1
11481,2
11482,0
11483,1
11484,0
11485,1
11486,0
11487,1
11488,0
11489,1
11490,2
11491,0
11492,1
11493,2
11494,0
11495,1
11496,0
11497,0
11498,1
11499,2
11500,0
11501,1
11502,2
11503,1
11504,1
11505,1
11506,2
11507,1
11508,0
11509,2
11510,1
11511,1
11512,1
11513,2
11514,0
11515,2
11516,0
11517,2
11518,0
11519,1
11520,1
11521,0
11522,0
11523,0
11524,0
11525,2
11526,1
11527,1
11528,0
11529,1
11530,2
11531,2
11532,2
11533,1
11534,1
11535,0
11536,1
11537,0
11538,1
11539,0
11540,0
11541,1
11542,1
11543,1
11544,2
11545,2
11546,1
11547,0
11548,2
11549,1
11550,1
11551,0
11552,2
11553,0
11554,1
11555,2
11556,1
11557,1
11558,1
11559,1
11560,1
11561,1
11562,0
11563,1
11564,1
11565,2
11566,0
11567,0
11568,0
11569,1
11570,2
11571,0
11572,0
11573,0
11574,2
11575,2
11576,0
11577,1
11578,2
11579,2
11580,0
11581,1
11582,1
11583,1
11584,2
11585,0
11586,1
11587,1
11588,2
11589,1
11590,1
11591,1
11592,0
11593,2
11594,1
11595,1
11596,0
11597,0
11598,2
11599,0
11600,0
11601,1
11602,0
11603,1
11604,1
11605,1
11606,0
11607,0
11608,2
11609,1
11610,1
11611,1
11612,2
11613,2
11614,2
11615,0
11616,1
11617,0
11618,2
11619,1
11620,0
11621,2
11622,1
11623,2
11624,1
11625,0
11626,0
11627,2
11628,1
11629,0
11630,2
11631,1
11632,2
11633,2
11634,0
11635,1
11636,0
11637,1
11638,0
11639,0
11640,0
11641,1
11642,2
11643,0
11644,1
11645,1
11646,2
11647,2
11648,2
11649,1
11650,2
11651,1
11652,1
11653,1
11654,0
11655,2
11656,2
11657,0
11658,2
11659,0
11660,0
11661,1
11662,0
11663,0
11664,1
11665,0
11666,1
11667,2
11668,2
11669,1
11670,2
11671,2
11672,0
11673,0
11674,1
11675,1
11676,1
11677,1
11678,1
11679,0
11680,1
11681,2
11682,1
11683,2
11684,2
11685,2
11686,0
11687,2
11688,2
11689,1
11690,2
11691,2
11692,1
11693,0
11694,1
11695,1
11696,2
11697,1
11698,2
11699,0
11700,0
11701,2
11702,0
11703,1
11704,1
11705,0
11706,0
11707,0
11708,2
11709,1
11710,0
11711,1
11712,1
11713,1
11714,2
11715,0
11716,0
11717,2
11718,2
11719,1
11720,1
11721,0
11722,0
11723,0
11724,0
11725,1
11726,2
11727,2
11728,2
11729,2
11730,2
11731,1
11732,0
11733,0
11734,2
11735,1
11736,1
11737,1
11738,1
11739,0
11740,1
11741,1
11742,0
11743,1
11744,1
11745,0
11746,1
11747,1
11748,0
11749,0
11750,1
11751,0
11752,2
11753,1
11754,1
11755,0
11756,2
11757,1
11758,1
11759,1
11760,0
11761,0
11762,1
11763,0
11764,0
11765,0
11766,2
11767,0
11768,0
11769,1
11770,1
11771,0
11772,1
11773,2
11774,1
11775,1
11776,0
11777,1
11778,0
11779,0
11780,1
11781,0
11782,2
11783,1
11784,0
11785,2
11786,0
11787,2
11788,2
11789,1
11790,1
11791,1
11792,1
11793,0
11794,2
11795,0
11796,0
11797,1
11798,1
11799,1
11800,0
11801,1
11802,2
11803,1
11804,2
11805,1
11806,2
11807,1
11808,1
11809,2
11810,2
11811,0
11812,2
11813,1
11814,1
11815,0
11816,2
11817,1
11818,1
11819,0
11820,2
11821,1
11822,2
11823,2
11824,2
11825,0
11826,2
11827,0
11828,0
11829,2
11830,1
11831,1
11832,1
11833,0
11834,1
11835,1
11836,1
11837,1
11838,1
11839,1
11840,0
11841,0
11842,1
11843,1
11844,0
11845,1
11846,0
11847,0
11848,1
11849,0
11850,0
11851,2
11852,1
11853,1
11854,2
11855,1
11856,1
11857,2
11858,0
11859,2
11860,1
11861,1
11862,0
11863,1
11864,2
11865,1
11866,1
11867,0
11868,1
11869,2
11870,1
11871,1
11872,0
11873,2
11874,2
11875,1
11876,2
11877,2
11878,1
11879,1
11880,1
11881,0
11882,0
11883,1
11884,0
11885,2
11886,0
11887,2
11888,0
11889,1
11890,2
11891,1
11892,1
11893,0
11894,1
11895,1
11896,2
11897,2
11898,0
11899,1
11900,2
11901,1
11902,2
11903,1
11904,2
11905,1
11906,0
11907,2
11908,1
11909,2
11910,0
11911,1
11912,2
11913,1
11914,0
11915,1
11916,2
11917,1
11918,2
11919,2
11920,2
11921,2
11922,1
11923,0
11924,2
11925,1
11926,0
11927,1
11928,0
11929,0
11930,0
11931,2
11932,1
11933,2
11934,1
11935,0
11936,2
11937,2
11938,0
11939,1
11940,2
11941,1
11942,1
11943,0
11944,1
11945,2
11946,0
11947,2
11948,2
11949,2
11950,1
11951,1
11952,0
11953,1
11954,1
11955,0
11956,1
11957,1
11958,2
11959,2
11960,0
11961,1
11962,2
11963,2
11964,2
11965,1
11966,1
11967,0
11968,2
11969,0
11970,0
11971,1
11972,0
11973,1
11974,2
11975,1
11976,0
11977,2
11978,1
11979,1
11980,0
11981,1
11982,0
11983,0
11984,0
11985,0
11986,1
11987,0
11988,2
11989,0
11990,0
11991,1
11992,2
11993,2
11994,0
11995,2
11996,1
11997,0
11998,0
11999,1
12000,1
12001,1
12002,0
12003,2
12004,1
12005,1
12006,2
12007,1
12008,1
12009,0
12010,1
12011,1
12012,2
12013,1
12014,1
12015,2
12016,0
12017,2
12018,1
12019,2
12020,0
12021,1
12022,0
12023,1
12024,2
12025,2
12026,1
12027,1
12028,2
12029,0
12030,0
12031,1
12032,1
12033,1
12034,2
12035,1
12036,2
12037,2
12038,1
12039,2
12040,2
12041,0
12042,1
12043,1
12044,0
12045,0
12046,1
12047,0
12048,2
12049,0
12050,1
12051,2
12052,1
12053,2
12054,1
12055,0
12056,1
12057,2
12058,2
12059,1
12060,1
12061,0
12062,2
12063,2
12064,0
12065,1
12066,1
12067,1
12068,2
12069,0
12070,2
12071,0
12072,0
12073,2
12074,0
12075,2
12076,0
12077,2
12078,2
12079,1
12080,1
12081,0
12082,2
12083,1
12084,1
12085,0
12086,2
12087,2
12088,0
12089,0
12090,1
12091,1
12092,1
12093,0
12094,0
12095,0
12096,0
12097,1
12098,1
12099,1
12100,0
12101,0
12102,0
12103,1
12104,0
12105,0
12106,2
12107,1
12108,0
12109,0
12110,1
12111,0
12112,1
12113,2
12114,1
12115,1
12116,1
12117,2
12118,1
12119,1
12120,0
12121,0
12122,1
12123,0
12124,1
12125,0
12126,1
12127,0
12128,0
12129,0
12130,1
12131,0
12132,1
12133,0
12134,2
12135,1
12136,1
12137,1
12138,1
12139,2
12140,0
12141,0
12142,1
12143,2
12144,2
12145,0
12146,0
12147,0
12148,0
12149,0
12150,0
12151,1
12152,0
12153,0
12154,0
12155,1
12156,0
12157,2
12158,1
12159,1
12160,0
12161,2
12162,1
12163,2
12164,0
12165,0
12166,0
12167,1
12168,0
12169,0
12170,0
12171,1
12172,0
12173,2
12174,1
12175,2
12176,0
12177,2
12178,1
12179,1
12180,2
12181,0
12182,2
12183,1
12184,1
12185,1
12186,0
12187,1
12188,0
12189,2
12190,1
12191,0
12192,1
12193,2
12194,0
12195,1
12196,0
12197,0
12198,0
12199,0
12200,0
12201,1
12202,0
12203,1
12204,1
12205,0
12206,0
12207,1
12208,1
12209,2
12210,1
12211,1
12212,1
12213,1
12214,1
12215,0
12216,2
12217,0
12218,1
12219,0
12220,2
12221,1
12222,2
12223,0
12224,0
12225,0
12226,2
12227,2
12228,0
12229,1
12230,1
12231,1
12232,0
12233,0
12234,0
12235,1
12236,2
12237,0
12238,1
12239,0
12240,0
12241,0
12242,1
12243,1
12244,1
12245,2
12246,1
12247,1
12248,0
12249,2
12250,0
12251,1
12252,1
12253,0
12254,1
12255,0
12256,1
12257,1
12258,2
12259,1
12260,0
12261,1
12262,1
12263,1
12264,2
12265,0
12266,1
12267,2
12268,1
12269,0
12270,0
12271,1
12272,0
12273,2
12274,0
12275,1
12276,1
12277,0
12278,0
12279,0
12280,0
12281,2
12282,0
12283,1
12284,1
12285,1
12286,0
12287,1
12288,2
12289,0
12290,2
12291,0
12292,0
12293,0
12294,1
12295,1
12296,0
12297,0
12298,0
12299,2
12300,1
12301,2
12302,0
12303,2
12304,0
12305,2
12306,2
12307,1
12308,2
12309,0
12310,2
12311,2
12312,0
12313,1
12314,1
12315,0
12316,1
12317,1
12318,2
12319,1
12320,2
12321,1
12322,1
12323,0
12324,2
12325,1
12326,1
12327,2
12328,2
12329,1
12330,1
12331,1
12332,1
12333,1
12334,1
12335,0
12336,1
12337,2
12338,0
12339,1
12340,2
12341,0
12342,0
12343,0
12344,1
12345,2
12346,2
12347,2
12348,2
12349,2
12350,2
12351,2
12352,2
12353,2
12354,2
12355,0
12356,0
12357,0
12358,2
12359,1
12360,0
12361,1
12362,0
12363,2
12364,2
12365,0
12366,1
12367,1
12368,0
12369,1
12370,2
12371,1
12372,1
12373,2
12374,0
12375,2
12376,2
12377,1
12378,0
12379,0
12380,1
12381,0
12382,2
12383,0
12384,0
12385,0
12386,0
12387,2
12388,1
12389,2
12390,0
12391,1
12392,2
12393,0
12394,0
12395,2
12396,1
12397,1
12398,1
12399,2
12400,0
12401,1
12402,2
12403,1
12404,2
12405,0
12406,2
12407,2
12408,1
12409,0
12410,0
12411,2
12412,0
12413,2
12414,0
12415,1
12416,0
12417,0
12418,0
12419,0
12420,1
12421,0
12422,0
12423,1
12424,0
12425,0
12426,0
12427,1
12428,0
12429,2
12430,1
12431,1
12432,2
12433,1
12434,2
12435,0
12436,1
12437,1
12438,2
12439,0
12440,1
12441,0
12442,1
12443,0
12444,2
12445,0
12446,0
12447,0
12448,2
12449,0
12450,2
12451,0
12452,2
12453,2
12454,2
12455,2
12456,1
12457,1
12458,1
12459,0
12460,2
12461,1
12462,1
12463,1
12464,0
12465,2
12466,0
12467,2
12468,0
12469,1
12470,1
12471,1
12472,1
12473,1
12474,0
12475,0
12476,1
12477,2
12478,0
12479,2
12480,0
12481,0
12482,2
12483,0
12484,2
12485,1
12486,2
12487,1
12488,0
12489,1
12490,1
12491,0
12492,1
12493,0
12494,1
12495,0
12496,0
12497,1
12498,0
12499,2
12500,0
12501,1
12502,1
12503,2
12504,1
12505,2
12506,0
12507,1
12508,0
12509,1
12510,0
12511,2
12512,1
12513,1
12514,0
12515,2
12516,1
12517,0
12518,1
12519,2
12520,0
12521,0
12522,0
12523,1
12524,1
12525,2
12526,1
12527,2
12528,2
12529,2
12530,1
12531,0
12532,0
12533,1
12534,0
12535,2
12536,0
12537,1
12538,1
12539,2
12540,0
12541,1
12542,1
12543,1
12544,1
12545,0
12546,2
12547,1
12548,0
12549,1
12550,1
12551,2
12552,1
12553,1
12554,2
12555,2
12556,0
12557,1
12558,0
12559,0
12560,1
12561,2
12562,0
12563,0
12564,2
12565,1
12566,1
12567,2
12568,0
12569,1
12570,0
12571,1
12572,1
12573,1
12574,2
12575,0
12576,1
12577,1
12578,2
12579,2
12580,2
12581,1
12582,0
12583,1
12584,0
12585,0
12586,1
12587,0
12588,2
12589,1
12590,0
12591,0
12592,1
12593,0
12594,0
12595,0
12596,1
12597,2
12598,2
12599,1
12600,0
12601,1
12602,0
12603,1
12604,2
12605,1
12606,0
12607,2
12608,1
12609,1
12610,0
12611,1
12612,1
12613,2
12614,2
12615,0
12616,1
12617,1
12618,0
12619,2
12620,0
12621,1
12622,2
12623,2
12624,1
12625,0
12626,2
12627,2
12628,0
12629,0
12630,0
12631,0
12632,1
12633,2
12634,1
12635,1
12636,1
12637,2
12638,0
12639,0
12640,0
12641,0
12642,0
12643,1
12644,1
12645,2
12646,1
12647,1
12648,2
12649,2
12650,1
12651,1
12652,2
12653,2
12654,2
12655,2
12656,1
12657,0
12658,1
12659,2
12660,1
12661,0
12662,0
12663,2
12664,1
12665,2
12666,0
12667,0
12668,0
12669,1
12670,2
12671,2
12672,0
12673,0
12674,2
12675,1
12676,2
12677,0
12678,2
12679,1
12680,0
12681,0
12682,0
12683,1
12684,1
12685,1
12686,1
12687,1
12688,2
12689,0
12690,0
12691,1
12692,0
12693,0
12694,1
12695,0
12696,0
12697,1
12698,2
12699,1
12700,1
12701,0
12702,1
12703,2
12704,0
12705,0
12706,2
12707,0
12708,1
12709,0
12710,1
12711,0
12712,2
12713,0
12714,2
12715,1
12716,0
12717,2
12718,2
12719,1
12720,2
12721,2
12722,1
12723,1
12724,1
12725,2
12726,1
12727,0
12728,1
12729,2
12730,2
12731,2
12732,1
12733,0
12734,1
12735,1
12736,1
12737,0
12738,1
12739,2
12740,0
12741,2
12742,2
12743,1
12744,2
12745,2
12746,2
12747,1
12748,2
12749,1
12750,2
12751,1
12752,1
12753,1
12754,2
12755,1
12756,1
12757,0
12758,0
12759,1
12760,0
12761,1
12762,0
12763,0
12764,1
12765,1
12766,1
12767,0
12768,0
12769,0
12770,2
12771,0
12772,0
12773,0
12774,1
12775,0
12776,0
12777,0
12778,1
12779,2
12780,1
12781,0
12782,0
12783,1
12784,0
12785,1
12786,2
12787,1
12788,2
12789,0
12790,1
12791,0
12792,2
12793,2
12794,2
12795,0
12796,2
12797,0
12798,0
12799,2
12800,0
12801,1
12802,2
12803,0
12804,0
12805,1
12806,1
12807,1
12808,1
12809,0
12810,2
12811,2
12812,2
12813,2
12814,0
12815,2
12816,0
12817,2
12818,2
12819,1
12820,2
12821,1
12822,0
12823,0
12824,0
12825,0
12826,1
12827,0
12828,1
12829,2
12830,2
12831,0
12832,0
12833,0
12834,0
12835,0
12836,2
12837,0
12838,2
12839,1
12840,0
12841,0
12842,0
12843,1
12844,1
12845,0
12846,1
12847,1
12848,0
12849,2
12850,0
12851,2
12852,1
12853,1
12854,2
12855,0
12856,0
12857,2
12858,1
12859,1
12860,1
12861,2
12862,2
12863,1
12864,0
12865,0
12866,0
12867,1
12868,0
12869,1
12870,1
12871,0
12872,0
12873,0
12874,0
12875,0
12876,1
12877,0
12878,2
12879,1
12880,1
12881,0
12882,2
12883,0
12884,1
12885,1
12886,1
12887,1
12888,1
12889,1
12890,2
12891,0
12892,1
12893,1
12894,0
12895,0
12896,0
12897,1
12898,2
12899,2
12900,0
12901,0
12902,1
12903,0
12904,1
12905,2
12906,0
12907,1
12908,1
12909,0
12910,1
12911,2
12912,1
12913,1
12914,0
12915,1
12916,2
12917,0
12918,2
12919,0
12920,0
12921,0
12922,0
12923,1
12924,0
12925,1
12926,0
12927,1
12928,2
12929,0
12930,1
12931,1
12932,0
12933,0
12934,2
12935,1
12936,0
12937,0
12938,1
12939,0
12940,1
12941,2
12942,2
12943,0
12944,2
12945,0
12946,1
12947,0
12948,1
12949,2
12950,1
12951,1
12952,0
12953,0
12954,1
12955,2
12956,0
12957,1
12958,2
12959,1
12960,0
12961,2
12962,0
12963,0
12964,0
12965,1
12966,1
12967,0
12968,2
12969,2
12970,1
12971,0
12972,2
12973,1
12974,1
12975,0
12976,2
12977,1
12978,1
12979,0
12980,1
12981,2
12982,2
12983,0
12984,0
12985,2
12986,0
12987,0
12988,0
12989,0
12990,0
12991,1
12992,2
12993,0
12994,1
12995,1
12996,1
12997,0
12998,2
12999,1
13000,1
13001,1
13002,2
13003,0
13004,2
13005,0
13006,1
13007,2
13008,2
13009,2
13010,1
13011,1
13012,2
13013,1
13014,0
13015,2
13016,0
13017,0
13018,1
13019,1
13020,2
13021,0
13022,2
13023,1
13024,2
13025,2
13026,2
13027,2
13028,1
13029,0
13030,1
13031,2
13032,1
13033,1
13034,1
13035,0
13036,1
13037,2
13038,2
13039,1
13040,0
13041,0
13042,1
13043,0
13044,2
13045,1
13046,0
13047,2
13048,2
13049,2
13050,1
13051,2
13052,2
13053,1
13054,0
13055,0
13056,0
13057,0
13058,0
13059,1
13060,0
13061,1
13062,1
13063,1
13064,1
13065,0
13066,2
13067,0
13068,0
13069,0
13070,1
13071,2
13072,2
13073,2
13074,2
13075,1
13076,0
13077,1
13078,1
13079,1
13080,2
13081,1
13082,0
13083,2
13084,2
13085,0
13086,0
13087,2
13088,0
13089,0
13090,2
13091,0
13092,2
13093,1
13094,0
13095,1
13096,2
13097,1
13098,1
13099,0
13100,0
13101,1
13102,0
13103,1
13104,0
13105,0
13106,1
13107,2
13108,1
13109,1
13110,1
13111,1
13112,0
13113,0
13114,1
13115,2
13116,0
13117,1
13118,0
13119,0
13120,2
13121,1
13122,2
13123,2
13124,1
13125,1
13126,2
13127,1
13128,1
13129,0
13130,0
13131,1
13132,1
13133,2
13134,0
13135,2
13136,1
13137,0
13138,1
13139,2
13140,0
13141,2
13142,1
13143,1
13144,1
13145,1
13146,1
13147,1
13148,1
13149,0
13150,2
13151,0
13152,1
13153,0
13154,0
13155,1
13156,1
13157,1
13158,0
13159,2
13160,0
13161,2
13162,1
13163,1
13164,2
13165,2
13166,0
13167,2
13168,1
13169,0
13170,1
13171,2
13172,0
13173,0
13174,2
13175,0
13176,0
13177,2
13178,1
13179,1
13180,1
13181,1
13182,2
13183,1
13184,0
13185,1
13186,1
13187,2
13188,2
13189,0
13190,1
13191,2
13192,0
13193,2
13194,2
13195,2
13196,1
13197,0
13198,1
13199,0
13200,0
13201,1
13202,0
13203,1
13204,1
13205,2
13206,1
13207,0
13208,1
13209,0
13210,1
13211,0
13212,1
13213,0
13214,1
13215,1
13216,0
13217,1
13218,2
13219,1
13220,0
13221,0
13222,2
13223,0
13224,0
13225,0
13226,2
13227,2
13228,2
13229,0
13230,1
13231,0
13232,0
13233,2
13234,2
13235,2
13236,1
13237,1
13238,1
13239,0
13240,1
13241,0
13242,0
13243,1
13244,0
13245,0
13246,0
13247,2
13248,0
13249,1
13250,2
13251,0
13252,2
13253,0
13254,0
13255,1
13256,0
13257,0
13258,0
13259,0
13260,2
13261,1
13262,1
13263,1
13264,2
13265,1
13266,0
13267,1
13268,1
13269,1
13270,1
13271,2
13272,0
13273,0
13274,1
13275,2
13276,1
13277,0
13278,0
13279,2
13280,2
13281,0
13282,1
13283,1
13284,0
13285,2
13286,2
13287,2
13288,0
13289,0
13290,0
13291,1
13292,1
13293,1
13294,0
13295,2
13296,0
13297,2
13298,2
13299,0
13300,1
13301,2
13302,0
13303,0
13304,1
13305,0
13306,0
13307,2
13308,1
13309,2
13310,1
13311,0
13312,0
13313,1
13314,2
13315,1
13316,2
13317,2
13318,2
13319,1
13320,1
13321,0
13322,2
13323,1
13324,1
13325,2
13326,0
13327,0
13328,0
13329,0
13330,1
13331,2
13332,0
13333,2
13334,1
13335,1
13336,0
13337,0
13338,1
13339,0
13340,1
13341,2
13342,2
13343,1
13344,2
13345,0
13346,0
13347,1
13348,0
13349,0
13350,1
13351,2
13352,2
13353,0
13354,0
13355,1
13356,1
13357,1
13358,1
13359,1
13360,1
13361,0
13362,1
13363,0
13364,0
13365,2
13366,0
13367,1
13368,0
13369,0
13370,1
13371,0
13372,1
13373,2
13374,1
13375,1
13376,2
13377,0
13378,1
13379,1
13380,1
13381,2
13382,1
13383,1
13384,1
13385,1
13386,1
13387,0
13388,1
13389,1
13390,1
13391,2
13392,1
13393,2
13394,1
13395,1
13396,1
13397,1
13398,1
13399,1
13400,1
13401,2
13402,0
13403,1
13404,1
13405,0
13406,1
13407,1
13408,0
13409,0
13410,2
13411,2
13412,1
13413,1
13414,2
13415,2
13416,0
13417,1
13418,1
13419,1
13420,0
13421,0
13422,2
13423,0
13424,0
13425,0
13426,1
13427,2
13428,1
13429,1
13430,0
13431,1
13432,2
13433,0
13434,0
13435,2
13436,2
13437,1
13438,1
13439,2
13440,0
13441,0
13442,2
13443,1
13444,2
13445,2
13446,2
13447,2
13448,1
13449,1
13450,1
13451,1
13452,0
13453,0
13454,2
13455,0
13456,2
13457,1
13458,1
13459,0
13460,0
13461,0
13462,0
13463,0
13464,1
13465,2
13466,2
13467,2
13468,2
13469,1
13470,2
13471,1
13472,0
13473,0
13474,0
13475,0
13476,2
13477,0
13478,1
13479,0
13480,1
13481,0
13482,0
13483,0
13484,2
13485,2
13486,0
13487,2
13488,0
13489,0
13490,2
13491,2
13492,0
13493,2
13494,2
13495,2
13496,2
13497,0
13498,1
13499,2
13500,0
13501,0
13502,1
13503,1
13504,1
13505,2
13506,1
13507,2
13508,1
13509,0
13510,2
13511,1
13512,1
13513,2
13514,1
13515,0
13516,1
13517,0
13518,2
13519,0
13520,2
13521,1
13522,0
13523,0
13524,1
13525,2
13526,1
13527,1
13528,2
13529,0
13530,2
13531,2
13532,2
13533,0
13534,2
13535,0
13536,2
13537,1
13538,1
13539,1
13540,1
13541,1
13542,1
13543,0
13544,1
13545,0
13546,1
13547,2
13548,0
13549,0
13550,1
13551,0
13552,1
13553,1
13554,0
13555,2
13556,2
13557,2
13558,0
13559,1
13560,1
13561,1
13562,1
13563,1
13564,1
13565,2
13566,1
13567,1
13568,2
13569,1
13570,2
13571,0
13572,1
13573,1
13574,0
13575,2
13576,0
13577,2
13578,0
13579,0
13580,0
13581,0
13582,0
13583,1
13584,0
13585,2
13586,2
13587,0
13588,2
13589,0
13590,1
13591,2
13592,0
13593,0
13594,1
13595,0
13596,2
13597,1
13598,1
13599,0
13600,1
13601,2
13602,0
13603,1
13604,0
13605,1
13606,0
13607,0
13608,0
13609,1
13610,0
13611,2
13612,1
13613,2
13614,0
13615,0
13616,0
13617,1
13618,0
13619,1
13620,1
13621,1
13622,1
13623,0
13624,0
13625,2
13626,2
13627,0
13628,2
13629,0
13630,2
13631,1
13632,1
13633,0
13634,1
13635,1
13636,2
13637,0
13638,2
13639,2
13640,0
13641,2
13642,1
13643,2
13644,0
13645,1
13646,2
13647,1
13648,1
13649,2
13650,2
13651,1
13652,1
13653,0
13654,0
13655,2
13656,1
13657,0
13658,2
13659,2
13660,0
13661,1
13662,2
13663,0
13664,1
13665,0
13666,1
13667,0
13668,2
13669,0
13670,0
13671,0
13672,2
13673,0
13674,1
13675,0
13676,2
13677,1
13678,0
13679,1
13680,1
13681,0
13682,0
13683,1
13684,1
13685,0
13686,2
13687,0
13688,1
13689,0
13690,2
13691,1
13692,1
13693,0
13694,2
13695,1
13696,2
13697,1
13698,1
13699,1
13700,0
13701,2
13702,0
13703,1
13704,1
13705,0
13706,0
13707,1
13708,2
13709,0
13710,1
13711,1
13712,1
13713,2
13714,1
13715,1
13716,1
13717,0
13718,0
13719,0
13720,2
13721,1
13722,0
13723,2
13724,1
13725,0
13726,1
13727,0
13728,2
13729,0
13730,1
13731,1
13732,2
13733,2
13734,2
13735,0
13736,0
13737,1
13738,1
13739,0
13740,1
13741,1
13742,1
13743,2
13744,1
13745,0
13746,1
13747,1
13748,0
13749,1
13750,0
13751,1
13752,1
13753,2
13754,2
13755,1
13756,1
13757,0
13758,0
13759,1
13760,1
13761,0
13762,0
13763,2
13764,1
13765,2
13766,0
13767,1
13768,1
13769,1
13770,1
13771,2
13772,1
13773,2
13774,0
13775,1
13776,0
13777,1
13778,0
13779,1
13780,0
13781,2
13782,1
13783,0
13784,0
13785,2
13786,0
13787,0
13788,0
13789,1
13790,2
13791,2
13792,0
13793,1
13794,1
13795,1
13796,0
13797,1
13798,0
13799,1
13800,1
13801,0
13802,0
13803,1
13804,0
13805,0
13806,0
13807,1
13808,0
13809,0
13810,1
13811,1
13812,0
13813,2
13814,0
13815,1
13816,1
13817,1
13818,1
13819,0
13820,1
13821,1
13822,1
13823,1
13824,1
13825,0
13826,0
13827,1
13828,2
13829,0
13830,0
13831,1
13832,1
13833,0
13834,1
13835,0
13836,2
13837,0
13838,0
13839,1
13840,1
13841,1
13842,1
13843,0
13844,1
13845,1
13846,2
13847,1
13848,1
13849,1
13850,1
13851,1
13852,1
13853,1
13854,1
13855,0
13856,2
13857,0
13858,2
13859,1
13860,1
13861,1
13862,2
13863,1
13864,0
13865,2
13866,1
13867,1
13868,1
13869,0
13870,1
13871,1
13872,2
13873,0
13874,2
13875,2
13876,0
13877,0
13878,1
13879,1
13880,1
13881,2
13882,1
13883,0
13884,0
13885,2
13886,2
13887,1
13888,1
13889,2
13890,0
13891,2
13892,0
13893,1
13894,0
13895,0
13896,2
13897,0
13898,1
13899,2
13900,1
13901,2
13902,0
13903,1
13904,0
13905,0
13906,1
13907,0
13908,2
13909,1
13910,2
13911,0
13912,2
13913,2
13914,0
13915,2
13916,2
13917,0
13918,1
13919,2
13920,1
13921,2
13922,1
13923,0
13924,2
13925,1
13926,2
13927,1
13928,1
13929,0
13930,2
13931,1
13932,2
13933,0
13934,2
13935,1
13936,1
13937,0
13938,1
13939,0
13940,2
13941,0
13942,1
13943,2
13944,0
13945,1
13946,2
13947,1
13948,0
13949,1
13950,2
13951,1
13952,1
13953,1
13954,1
13955,2
13956,1
13957,0
13958,1
13959,0
13960,0
13961,0
13962,2
13963,1
13964,2
13965,2
13966,2
13967,0
13968,0
13969,1
13970,2
13971,0
13972,0
13973,1
13974,2
13975,0
13976,2
13977,0
13978,0
13979,1
13980,1
13981,0
13982,1
13983,1
13984,2
13985,0
13986,2
13987,2
13988,1
13989,1
13990,2
13991,2
13992,2
13993,0
13994,0
13995,1
13996,2
13997,0
13998,0
13999,0
14000,2
14001,0
14002,0
14003,0
14004,2
14005,0
14006,2
14007,2
14008,0
14009,2
14010,0
14011,2
14012,1
14013,0
14014,0
14015,2
14016,0
14017,0
14018,2
14019,2
14020,1
14021,0
14022,0
14023,1
14024,0
14025,2
14026,1
14027,1
14028,2
14029,1
14030,1
14031,2
14032,2
14033,1
14034,2
14035,1
14036,2
14037,2
14038,2
14039,0
14040,1
14041,2
14042,1
14043,1
14044,0
14045,0
14046,1
14047,0
14048,1
14049,1
14050,2
14051,2
14052,1
14053,0
14054,2
14055,1
14056,0
14057,1
14058,1
14059,0
14060,1
14061,0
14062,1
14063,2
14064,2
14065,1
14066,1
14067,1
14068,0
14069,0
14070,2
14071,1
14072,1
14073,0
14074,1
14075,0
14076,0
14077,0
14078,1
14079,2
14080,1
14081,1
14082,0
14083,1
14084,2
14085,2
14086,2
14087,1
14088,1
14089,0
14090,1
14091,1
14092,0
14093,0
14094,1
14095,0
14096,2
14097,2
14098,0
14099,1
14100,1
14101,0
14102,2
14103,0
14104,0
14105,2
14106,1
14107,2
14108,2
14109,1
14110,0
14111,1
14112,0
14113,0
14114,0
14115,0
14116,0
14117,0
14118,1
14119,2
14120,0
14121,0
14122,2
14123,1
14124,1
14125,1
14126,2
14127,1
14128,2
14129,1
14130,2
14131,2
14132,0
14133,1
14134,0
14135,1
14136,1
14137,0
14138,2
14139,0
14140,2
14141,0
14142,2
14143,1
14144,1
14145,0
14146,0
14147,0
14148,0
14149,1
14150,0
14151,2
14152,2
14153,1
14154,0
14155,1
14156,0
14157,1
14158,1
14159,0
14160,0
14161,1
14162,1
14163,1
14164,0
14165,0
14166,0
14167,0
14168,2
14169,1
14170,0
14171,1
14172,0
14173,0
14174,1
14175,1
14176,1
14177,0
14178,2
14179,1
14180,0
14181,1
14182,0
14183,0
14184,0
14185,2
14186,0
14187,0
14188,1
14189,1
14190,2
14191,1
14192,1
14193,0
14194,0
14195,1
14196,2
14197,0
14198,1
14199,0
14200,0
14201,0
14202,0
14203,0
14204,1
14205,2
14206,0
14207,0
14208,0
14209,2
14210,2
14211,0
14212,1
14213,2
14214,2
14215,0
14216,0
14217,1
14218,1
14219,1
14220,0
14221,2
14222,0
14223,0
14224,2
14225,2
14226,2
14227,1
14228,1
14229,0
14230,0
14231,1
14232,1
14233,0
14234,0
14235,0
14236,1
14237,2
14238,1
14239,0
14240,1
14241,1
14242,2
14243,0
14244,1
14245,1
14246,1
14247,1
14248,2
14249,1
14250,0
14251,1
14252,0
14253,1
14254,1
14255,1
14256,2
14257,0
14258,1
14259,1
14260,2
14261,2
14262,1
14263,0
14264,0
14265,1
14266,1
14267,1
14268,1
14269,2
14270,0
14271,0
14272,0
14273,1
14274,0
14275,0
14276,1
14277,2
14278,1
14279,1
14280,0
14281,1
14282,2
14283,2
14284,0
14285,2
14286,0
14287,1
14288,0
14289,0
14290,2
14291,1
14292,2
14293,0
14294,1
14295,0
14296,0
14297,2
14298,0
14299,0
14300,0
14301,1
14302,1
14303,1
14304,0
14305,0
14306,0
14307,2
14308,1
14309,1
14310,0
14311,1
14312,1
14313,0
14314,0
14315,1
14316,0
14317,1
14318,1
14319,0
14320,2
14321,0
14322,2
14323,1
14324,1
14325,0
14326,2
14327,1
14328,1
14329,1
14330,0
14331,2
14332,1
14333,0
14334,2
14335,2
14336,1
14337,0
14338,2
14339,2
14340,2
14341,0
14342,1
14343,0
14344,2
14345,0
14346,2
14347,0
14348,1
14349,0
14350,0
14351,1
14352,2
14353,0
14354,0
14355,0
14356,0
14357,1
14358,0
14359,1
14360,0
14361,0
14362,0
14363,1
14364,1
14365,2
14366,2
14367,2
14368,0
14369,1
14370,1
14371,1
14372,0
14373,0
14374,1
14375,0
14376,1
14377,1
14378,1
14379,1
14380,0
14381,0
14382,2
14383,2
14384,1
14385,0
14386,1
14387,0
14388,0
14389,2
14390,0
14391,0
14392,0
14393,2
14394,2
14395,2
14396,1
14397,2
14398,1
14399,0
14400,0
14401,0
14402,2
14403,0
14404,0
14405,1
14406,0
14407,2
14408,1
14409,0
14410,0
14411,1
14412,0
14413,0
14414,1
14415,2
14416,0
14417,2
14418,0
14419,1
14420,0
14421,2
14422,1
14423,1
14424,0
14425,0
14426,1
14427,0
14428,1
14429,2
14430,2
14431,1
14432,2
14433,1
14434,2
14435,1
14436,2
14437,0
14438,0
14439,1
14440,2
14441,2
14442,0
14443,0
14444,2
14445,1
14446,0
14447,1
14448,0
14449,2
14450,1
14451,1
14452,0
14453,2
14454,1
14455,0
14456,0
14457,1
14458,1
14459,1
14460,1
14461,1
14462,0
14463,0
14464,1
14465,0
14466,1
14467,2
14468,0
14469,0
14470,2
14471,1
14472,0
14473,0
14474,2
14475,1
14476,0
14477,1
14478,0
14479,2
14480,1
14481,1
14482,2
14483,1
14484,1
14485,2
14486,2
14487,1
14488,1
14489,1
14490,1
14491,0
14492,2
14493,0
14494,1
14495,2
14496,1
14497,2
14498,1
14499,0
14500,0
14501,0
14502,2
14503,1
14504,1
14505,0
14506,0
14507,0
14508,2
14509,0
14510,1
14511,1
14512,0
14513,2
14514,2
14515,0
14516,1
14517,2
14518,0
14519,2
14520,1
14521,1
14522,2
14523,0
14524,2
14525,2
14526,0
14527,2
14528,2
14529,1
14530,0
14531,0
14532,1
14533,2
14534,2
14535,1
14536,0
14537,1
14538,2
14539,0
14540,1
14541,0
14542,1
14543,1
14544,2
14545,1
14546,2
14547,1
14548,1
14549,2
14550,0
14551,0
14552,0
14553,1
14554,0
14555,0
14556,1
14557,2
14558,0
14559,1
14560,0
14561,1
14562,1
14563,1
14564,1
14565,0
14566,1
14567,0
14568,2
14569,0
14570,0
14571,2
14572,1
14573,0
14574,2
14575,1
14576,1
14577,0
14578,0
14579,2
14580,2
14581,2
14582,0
14583,1
14584,1
14585,2
14586,0
14587,0
14588,0
14589,2
14590,2
14591,0
14592,0
14593,1
14594,1
14595,2
14596,1
14597,1
14598,1
14599,0
14600,0
14601,1
14602,1
14603,2
14604,0
14605,0
14606,1
14607,0
14608,1
14609,2
14610,1
14611,2
14612,2
14613,0
14614,2
14615,0
14616,1
14617,0
14618,0
14619,1
14620,0
14621,0
14622,0
14623,2
14624,0
14625,2
14626,1
14627,0
14628,2
14629,2
14630,0
14631,2
14632,0
14633,1
14634,1
14635,2
14636,2
14637,1
14638,0
14639,1
14640,0
14641,1
14642,1
14643,2
14644,1
14645,2
14646,1
14647,0
14648,1
14649,0
14650,0
14651,2
14652,0
14653,1
14654,1
14655,0
14656,1
14657,2
14658,2
14659,1
14660,0
14661,1
14662,0
14663,1
14664,1
14665,1
14666,0
14667,0
14668,2
14669,0
14670,1
14671,1
14672,0
14673,1
14674,2
14675,1
14676,1
14677,2
14678,1
14679,2
14680,0
14681,0
14682,1
14683,2
14684,2
14685,0
14686,1
14687,1
14688,2
14689,0
14690,1
14691,0
14692,1
14693,0
14694,0
14695,2
14696,2
14697,1
14698,0
14699,1
14700,0
14701,2
14702,2
14703,1
14704,0
14705,1
14706,1
14707,0
14708,0
14709,1
14710,0
14711,0
14712,0
14713,0
14714,0
14715,1
14716,2
14717,1
14718,1
14719,1
14720,2
14721,2
14722,2
14723,1
14724,0
14725,2
14726,1
14727,1
14728,0
14729,0
14730,0
14731,0
14732,1
14733,1
14734,1
14735,2
14736,2
14737,2
14738,1
14739,2
14740,0
14741,0
14742,0
14743,2
14744,0
14745,0
14746,2
14747,2
14748,0
14749,1
14750,1
14751,2
14752,1
14753,0
14754,0
14755,1
14756,1
14757,0
14758,1
14759,1
14760,0
14761,2
14762,2
14763,2
14764,1
14765,0
14766,2
14767,1
14768,2
14769,2
14770,1
14771,2
14772,0
14773,0
14774,1
14775,1
14776,0
14777,1
14778,2
14779,0
14780,2
14781,1
14782,0
14783,0
14784,2
14785,1
14786,2
14787,1
14788,0
14789,0
14790,1
14791,2
14792,2
14793,1
14794,0
14795,0
14796,0
14797,1
14798,0
14799,1
14800,0
14801,0
14802,2
14803,1
14804,2
14805,2
14806,2
14807,1
14808,1
14809,1
14810,0
14811,1
14812,2
14813,2
14814,1
14815,0
14816,0
14817,2
14818,1
14819,0
14820,0
14821,2
14822,1
14823,1
14824,0
14825,1
14826,2
14827,0
14828,0
14829,1
14830,0
14831,1
14832,1
14833,2
14834,1
14835,2
14836,1
14837,1
14838,0
14839,1
14840,0
14841,2
14842,1
14843,2
14844,1
14845,0
14846,0
14847,2
14848,1
14849,2
14850,1
14851,0
14852,0
14853,0
14854,1
14855,1
14856,0
14857,0
14858,2
14859,2
14860,1
14861,2
14862,1
14863,0
14864,0
14865,2
14866,2
14867,2
14868,0
14869,1
14870,0
14871,2
14872,1
14873,2
14874,1
14875,0
14876,0
14877,2
14878,1
14879,1
14880,1
14881,0
14882,1
14883,1
14884,1
14885,2
14886,0
14887,0
14888,1
14889,1
14890,1
14891,0
14892,1
14893,0
14894,0
14895,2
14896,2
14897,2
14898,0
14899,1
14900,1
14901,1
14902,2
14903,1
14904,0
14905,1
14906,1
14907,1
14908,0
14909,1
14910,1
14911,1
14912,2
14913,2
14914,0
14915,0
14916,1
14917,0
14918,1
14919,1
14920,0
14921,1
14922,0
14923,0
14924,2
14925,2
14926,0
14927,1
14928,0
14929,0
14930,2
14931,2
14932,0
14933,1
14934,2
14935,1
14936,2
14937,1
14938,0
14939,2
14940,1
14941,1
14942,1
14943,2
14944,1
14945,2
14946,0
14947,1
14948,2
14949,1
14950,0
14951,0
14952,1
14953,2
14954,1
14955,1
14956,0
14957,0
14958,0
14959,0
14960,2
14961,0
14962,0
14963,1
14964,0
14965,0
14966,2
14967,1
14968,2
14969,1
14970,2
14971,0
14972,1
14973,1
14974,1
14975,2
14976,2
14977,2
14978,2
14979,0
14980,1
14981,2
14982,1
14983,2
14984,1
14985,1
14986,2
14987,0
14988,1
14989,2
14990,1
14991,2
14992,1
14993,1
14994,1
14995,1
14996,2
14997,2
14998,0
14999,0
15000,2
15001,0
15002,2
15003,1
15004,0
15005,0
15006,0
15007,0
15008,2
15009,0
15010,2
15011,1
15012,0
15013,0
15014,0
15015,0
15016,1
15017,0
15018,1
15019,0
15020,0
15021,2
15022,0
15023,1
15024,1
15025,2
15026,2
15027,0
15028,1
15029,1
15030,1
15031,0
15032,2
15033,0
15034,2
15035,1
15036,1
15037,1
15038,0
15039,0
15040,2
15041,1
15042,1
15043,2
15044,2
15045,0
15046,1
15047,0
15048,1
15049,0
15050,0
15051,1
15052,1
15053,1
15054,0
15055,1
15056,0
15057,0
15058,0
15059,2
15060,0
15061,2
15062,2
15063,0
15064,0
15065,2
15066,1
15067,2
15068,0
15069,0
15070,0
15071,0
15072,0
15073,2
15074,2
15075,0
15076,0
15077,1
15078,0
15079,0
15080,1
15081,1
15082,0
15083,1
15084,1
15085,1
15086,0
15087,0
15088,1
15089,0
15090,1
15091,1
15092,0
15093,0
15094,1
15095,1
15096,0
15097,2
15098,0
15099,2
15100,0
15101,0
15102,1
15103,1
15104,1
15105,1
15106,0
15107,2
15108,1
15109,0
15110,0
15111,2
15112,0
15113,2
15114,0
15115,0
15116,1
15117,1
15118,0
15119,0
15120,0
15121,2
15122,2
15123,1
15124,2
15125,1
15126,2
15127,1
15128,0
15129,1
15130,1
15131,1
15132,2
15133,0
15134,1
15135,0
15136,1
15137,0
15138,2
15139,1
15140,1
15141,2
15142,1
15143,1
15144,1
15145,0
15146,1
15147,2
15148,2
15149,1
15150,1
15151,2
15152,1
15153,2
15154,2
15155,1
15156,1
15157,1
15158,2
15159,1
15160,1
15161,0
15162,0
15163,2
15164,0
15165,2
15166,1
15167,2
15168,0
15169,0
15170,1
15171,1
15172,1
15173,1
15174,1
15175,0
15176,2
15177,0
15178,1
15179,1
15180,2
15181,2
15182,2
15183,0
15184,0
15185,2
15186,2
15187,1
15188,2
15189,2
15190,2
15191,2
15192,1
15193,1
15194,2
15195,1
15196,1
15197,2
15198,2
15199,1
15200,0
15201,0
15202,0
15203,1
15204,2
15205,1
15206,1
15207,0
15208,2
15209,0
15210,2
15211,0
15212,1
15213,0
15214,0
15215,2
15216,1
15217,1
15218,1
15219,0
15220,1
15221,0
15222,0
15223,0
15224,1
15225,1
15226,1
15227,1
15228,0
15229,0
15230,0
15231,1
15232,1
15233,1
15234,1
15235,1
15236,0
15237,1
15238,2
15239,1
15240,1
15241,0
15242,1
15243,0
15244,1
15245,0
15246,1
15247,2
15248,0
15249,0
15250,0
15251,2
15252,2
15253,0
15254,0
15255,1
15256,0
15257,0
15258,1
15259,1
15260,1
15261,0
15262,0
15263,0
15264,1
15265,1
15266,0
15267,1
15268,2
15269,1
15270,0
15271,1
15272,0
15273,1
15274,0
15275,0
15276,2
15277,1
15278,1
15279,0
15280,0
15281,1
15282,1
15283,0
15284,0
15285,1
15286,1
15287,1
15288,0
15289,0
15290,0
15291,0
15292,2
15293,1
15294,2
15295,0
15296,0
15297,2
15298,0
15299,1
15300,1
15301,0
15302,0
15303,0
15304,0
15305,0
15306,1
15307,0
15308,2
15309,0
15310,1
15311,2
15312,2
15313,2
15314,0
15315,0
15316,0
15317,1
15318,1
15319,0
15320,0
15321,2
15322,0
15323,0
15324,0
15325,2
15326,0
15327,0
15328,2
15329,1
15330,2
15331,2
15332,2
15333,1
15334,1
15335,0
15336,1
15337,1
15338,2
15339,2
15340,1
15341,0
15342,1
15343,2
15344,0
15345,1
15346,1
15347,0
15348,1
15349,0
15350,1
15351,1
15352,1
15353,0
15354,1
15355,1
15356,0
15357,0
15358,1
15359,1
15360,1
15361,2
15362,2
15363,1
15364,2
15365,0
15366,2
15367,2
15368,0
15369,2
15370,2
15371,0
15372,0
15373,2
15374,0
15375,2
15376,1
15377,0
15378,0
15379,2
15380,1
15381,0
15382,1
15383,2
15384,2
15385,1
15386,2
15387,2
15388,1
15389,1
15390,2
15391,1
15392,0
15393,2
15394,0
15395,0
15396,0
15397,0
15398,0
15399,2
15400,2
15401,0
15402,0
15403,1
15404,2
15405,2
15406,1
15407,2
15408,0
15409,2
15410,1
15411,2
15412,2
15413,1
15414,0
15415,0
15416,0
15417,1
15418,1
15419,0
15420,0
15421,2
15422,0
15423,0
15424,0
15425,0
15426,0
15427,2
15428,1
15429,1
15430,0
15431,2
15432,2
15433,0
15434,2
15435,2
15436,0
15437,2
15438,1
15439,2
15440,0
15441,0
15442,2
15443,0
15444,1
15445,0
15446,1
15447,0
15448,0
15449,0
15450,0
15451,0
15452,2
15453,0
15454,2
15455,2
15456,0
15457,0
15458,1
15459,1
15460,1
15461,1
15462,2
15463,1
15464,0
15465,0
15466,1
15467,0
15468,1
15469,0
15470,0
15471,0
15472,0
15473,2
15474,1
15475,1
15476,0
15477,0
15478,1
15479,2
15480,0
15481,1
15482,1
15483,2
15484,2
15485,0
15486,2
15487,0
15488,0
15489,2
15490,1
15491,0
15492,0
15493,2
15494,2
15495,2
15496,0
15497,2
15498,2
15499,0
15500,0
15501,1
15502,0
15503,2
15504,1
15505,1
15506,0
15507,1
15508,1
15509,1
15510,1
15511,2
15512,1
15513,1
15514,2
15515,1
15516,2
15517,0
15518,2
15519,2
15520,1
15521,1
15522,1
15523,1
15524,0
15525,0
15526,0
15527,0
15528,1
15529,2
15530,1
15531,2
15532,2
15533,0
15534,1
15535,2
15536,2
15537,0
15538,0
15539,1
15540,1
15541,1
15542,2
15543,0
15544,0
15545,2
15546,0
15547,1
15548,0
15549,0
15550,2
15551,1
15552,2
15553,0
15554,0
15555,1
15556,1
15557,0
15558,0
15559,0
15560,0
15561,2
15562,2
15563,1
15564,0
15565,2
15566,1
15567,1
15568,2
15569,2
15570,0
15571,0
15572,1
15573,1
15574,2
15575,2
15576,1
15577,0
15578,2
15579,1
15580,1
15581,2
15582,1
15583,2
15584,0
15585,2
15586,2
15587,2
15588,1
15589,1
15590,1
15591,1
15592,0
15593,1
15594,0
15595,0
15596,1
15597,2
15598,1
15599,0
15600,1
15601,1
15602,0
15603,0
15604,2
15605,1
15606,1
15607,1
15608,1
15609,0
15610,0
15611,2
15612,0
15613,0
15614,2
15615,0
15616,0
15617,2
15618,1
15619,1
15620,2
15621,1
15622,2
15623,2
15624,0
15625,0
15626,0
15627,1
15628,2
15629,2
15630,1
15631,2
15632,0
15633,0
15634,2
15635,0
15636,0
15637,2
15638,0
15639,2
15640,1
15641,1
15642,0
15643,1
15644,2
15645,0
15646,0
15647,0
15648,0
15649,0
15650,0
15651,2
15652,0
15653,0
15654,1
15655,0
15656,1
15657,1
15658,0
15659,1
15660,2
15661,0
15662,0
15663,2
15664,1
15665,1
15666,2
15667,0
15668,2
15669,1
15670,2
15671,2
15672,0
15673,1
15674,0
15675,2
15676,0
15677,2
15678,2
15679,1
15680,1
15681,1
15682,0
15683,2
15684,1
15685,1
15686,2
15687,0
15688,1
15689,1
15690,2
15691,1
15692,2
15693,0
15694,0
15695,1
15696,1
15697,0
15698,2
15699,1
15700,0
15701,1
15702,2
15703,0
15704,1
15705,0
15706,2
15707,0
15708,0
15709,2
15710,0
15711,1
15712,0
15713,2
15714,2
15715,2
15716,0
15717,0
15718,0
15719,2
15720,1
15721,1
15722,1
15723,0
15724,1
15725,1
15726,1
15727,2
15728,0
15729,0
15730,1
15731,0
15732,2
15733,2
15734,0
15735,1
15736,2
15737,0
15738,2
15739,1
15740,0
15741,1
15742,0
15743,2
15744,1
15745,2
15746,1
15747,1
15748,1
15749,2
15750,2
15751,0
15752,1
15753,1
15754,2
15755,0
15756,1
15757,0
15758,2
15759,0
15760,0
15761,1
15762,2
15763,1
15764,2
15765,1
15766,0
15767,0
15768,0
15769,0
15770,0
15771,0
15772,0
15773,0
15774,1
15775,0
15776,0
15777,2
15778,1
15779,2
15780,0
15781,0
15782,2
15783,2
15784,0
15785,1
15786,1
15787,0
15788,0
15789,1
15790,2
15791,2
15792,1
15793,1
15794,1
15795,2
15796,0
15797,1
15798,2
15799,1
15800,2
15801,1
15802,1
15803,2
15804,1
15805,2
15806,1
15807,1
15808,2
15809,0
15810,1
15811,1
15812,2
15813,0
15814,1
15815,0
15816,2
15817,2
15818,0
15819,2
15820,0
15821,2
15822,1
15823,1
15824,0
15825,2
15826,2
15827,1
15828,2
15829,1
15830,1
15831,1
15832,2
15833,0
15834,0
15835,1
15836,0
15837,0
15838,2
15839,0
15840,1
15841,2
15842,2
15843,0
15844,0
15845,2
15846,1
15847,0
15848,0
15849,2
15850,0
15851,1
15852,1
15853,0
15854,1
15855,1
15856,2
15857,1
15858,0
15859,1
15860,0
15861,1
15862,0
15863,1
15864,2
15865,1
15866,0
15867,0
15868,0
15869,0
15870,2
15871,0
15872,0
15873,2
15874,2
15875,1
15876,2
15877,2
15878,1
15879,1
15880,2
15881,1
15882,0
15883,1
15884,1
15885,0
15886,0
15887,2
15888,2
15889,0
15890,0
15891,0
15892,0
15893,2
15894,0
15895,0
15896,0
15897,2
15898,1
15899,1
15900,0
15901,1
15902,0
15903,1
15904,0
15905,0
15906,0
15907,2
15908,2
15909,1
15910,1
15911,0
15912,1
15913,1
15914,0
15915,2
15916,1
15917,1
15918,2
15919,1
15920,1
15921,1
15922,1
15923,1
15924,2
15925,1
15926,2
15927,1
15928,2
15929,2
15930,1
15931,1
15932,0
15933,2
15934,1
15935,1
15936,2
15937,2
15938,2
15939,2
15940,1
15941,2
15942,0
15943,1
15944,2
15945,1
15946,0
15947,1
15948,2
15949,0
15950,0
15951,1
15952,1
15953,2
15954,2
15955,2
15956,2
15957,2
15958,0
15959,0
15960,2
15961,0
15962,1
15963,0
15964,1
15965,2
15966,2
15967,0
15968,2
15969,1
15970,2
15971,0
15972,0
15973,1
15974,2
15975,0
15976,2
15977,0
15978,0
15979,2
15980,1
15981,1
15982,1
15983,0
15984,2
15985,1
15986,1
15987,0
15988,0
15989,0
15990,0
15991,1
15992,0
15993,0
15994,0
15995,2
15996,0
15997,0
15998,2
15999,0
16000,1
16001,1
16002,0
16003,1
16004,1
16005,0
16006,0
16007,0
16008,0
16009,1
16010,0
16011,2
16012,2
16013,1
16014,1
16015,0
16016,0
16017,1
16018,1
16019,2
16020,0
16021,1
16022,0
16023,1
16024,1
16025,2
16026,2
16027,2
16028,1
16029,1
16030,0
16031,2
16032,0
16033,0
16034,1
16035,2
16036,2
16037,2
16038,2
16039,0
16040,1
16041,2
16042,0
16043,1
16044,0
16045,0
16046,1
16047,1
16048,0
16049,2
16050,0
16051,2
16052,2
16053,0
16054,0
16055,0
16056,1
16057,0
16058,2
16059,0
16060,0
16061,0
16062,1
16063,2
16064,0
16065,2
16066,1
16067,2
16068,1
16069,1
16070,1
16071,2
16072,0
16073,1
16074,2
16075,2
16076,1
16077,1
16078,1
16079,2
16080,0
16081,2
16082,0
16083,2
16084,1
16085,2
16086,0
16087,2
16088,0
16089,2
16090,1
16091,1
16092,1
16093,0
16094,0
16095,1
16096,2
16097,0
16098,2
16099,0
16100,0
16101,0
16102,1
16103,1
16104,0
16105,0
16106,1
16107,1
16108,1
16109,1
16110,1
16111,2
16112,2
16113,1
16114,2
16115,2
16116,0
16117,0
16118,1
16119,0
16120,2
16121,1
16122,2
16123,0
16124,2
16125,1
16126,2
16127,0
16128,0
16129,2
16130,2
16131,0
16132,1
16133,1
16134,1
16135,0
16136,2
16137,1
16138,2
16139,1
16140,1
16141,0
16142,0
16143,2
16144,0
16145,1
16146,0
16147,1
16148,1
16149,0
16150,1
16151,0
16152,0
16153,1
16154,0
16155,0
16156,2
16157,2
16158,0
16159,2
16160,2
16161,2
16162,1
16163,2
16164,1
16165,1
16166,1
16167,1
16168,1
16169,1
16170,0
16171,2
16172,0
16173,0
16174,2
16175,2
16176,2
16177,2
16178,1
16179,2
16180,1
16181,0
16182,1
16183,1
16184,1
16185,2
16186,2
16187,2
16188,1
16189,2
16190,0
16191,1
16192,0
16193,0
16194,1
16195,0
16196,0
16197,1
16198,0
16199,1
16200,1
16201,0
16202,2
16203,1
16204,1
16205,0
16206,0
16207,1
16208,2
16209,1
16210,0
16211,1
16212,0
16213,0
16214,2
16215,1
16216,1
16217,0
16218,2
16219,1
16220,2
16221,0
16222,2
16223,0
16224,2
16225,2
16226,2
16227,0
16228,2
16229,0
16230,0
16231,2
16232,1
16233,1
16234,0
16235,1
16236,0
16237,1
16238,1
16239,1
16240,1
16241,1
16242,0
16243,1
16244,2
16245,1
16246,1
16247,0
16248,0
16249,1
16250,0
16251,1
16252,1
16253,1
16254,1
16255,1
16256,0
16257,1
16258,1
16259,1
16260,2
16261,1
16262,2
16263,1
16264,1
16265,1
16266,2
16267,2
16268,1
16269,0
16270,2
16271,0
16272,1
16273,1
16274,0
16275,2
16276,0
16277,1
16278,1
16279,2
16280,2
16281,2
16282,0
16283,0
16284,2
16285,0
16286,0
16287,0
16288,1
16289,0
16290,1
16291,2
16292,2
16293,0
16294,1
16295,0
16296,1
16297,1
16298,1
16299,2
16300,0
16301,1
16302,1
16303,2
16304,1
16305,2
16306,1
16307,1
16308,2
16309,1
16310,0
16311,0
16312,1
16313,0
16314,0
16315,2
16316,1
16317,0
16318,2
16319,1
16320,2
16321,1
16322,1
16323,1
16324,2
16325,1
16326,2
16327,2
16328,1
16329,0
16330,1
16331,0
16332,1
16333,1
16334,1
16335,1
16336,2
16337,1
16338,1
16339,1
16340,0
16341,1
16342,0
16343,0
16344,0
16345,1
16346,2
16347,2
16348,1
16349,0
16350,2
16351,1
16352,2
16353,0
16354,1
16355,1
16356,0
16357,0
16358,1
16359,0
16360,1
16361,0
16362,1
16363,1
16364,2
16365,1
16366,0
16367,1
16368,2
16369,0
16370,0
16371,0
16372,2
16373,2
16374,1
16375,1
16376,0
16377,2
16378,2
16379,0
16380,0
16381,0
16382,0
16383,0
16384,2
16385,0
16386,1
16387,1
16388,2
16389,1
16390,1
16391,2
16392,0
16393,2
16394,1
16395,0
16396,0
16397,1
16398,0
16399,1
16400,1
16401,0
16402,0
16403,1
16404,0
16405,1
16406,1
16407,2
16408,1
16409,0
16410,1
16411,1
16412,1
16413,2
16414,1
16415,0
16416,0
16417,0
16418,1
16419,0
16420,2
16421,0
16422,2
16423,0
16424,2
16425,1
16426,2
16427,1
16428,2
16429,0
16430,0
16431,1
16432,1
16433,2
16434,1
16435,1
16436,1
16437,1
16438,0
16439,0
16440,2
16441,1
16442,1
16443,1
16444,1
16445,2
16446,2
16447,1
16448,2
16449,2
16450,0
16451,0
16452,0
16453,2
16454,1
16455,0
16456,0
16457,1
16458,2
16459,1
16460,1
16461,1
16462,0
16463,2
16464,0
16465,2
16466,2
16467,0
16468,1
16469,2
16470,1
16471,0
16472,0
16473,1
16474,2
16475,1
16476,2
16477,0
16478,0
16479,1
16480,1
16481,2
16482,2
16483,2
16484,1
16485,0
16486,2
16487,2
16488,1
16489,1
16490,0
16491,1
16492,1
16493,1
16494,1
16495,1
16496,2
16497,2
16498,1
16499,1
16500,1
16501,2
16502,2
16503,0
16504,0
16505,1
16506,2
16507,0
16508,2
16509,1
16510,1
16511,1
16512,2
16513,0
16514,2
16515,0
16516,0
16517,1
16518,0
16519,1
16520,1
16521,1
16522,0
16523,1
16524,0
16525,0
16526,1
16527,0
16528,0
16529,0
16530,2
16531,0
16532,2
16533,0
16534,2
16535,0
16536,2
16537,0
16538,1
16539,1
16540,0
16541,0
16542,2
16543,0
16544,0
16545,0
16546,2
16547,2
16548,2
16549,1
16550,2
16551,0
16552,2
16553,1
16554,0
16555,2
16556,1
16557,1
16558,0
16559,2
16560,0
16561,0
16562,1
16563,2
16564,1
16565,1
16566,0
16567,2
16568,0
16569,0
16570,0
16571,0
16572,2
16573,2
16574,0
16575,2
16576,2
16577,1
16578,0
16579,1
16580,1
16581,0
16582,2
16583,2
16584,2
16585,0
16586,0
16587,1
16588,2
16589,1
16590,0
16591,2
16592,0
16593,1
16594,1
16595,1
16596,1
16597,2
16598,2
16599,2
16600,1
16601,0
16602,0
16603,0
16604,0
16605,2
16606,0
16607,2
16608,2
16609,2
16610,2
16611,1
16612,0
16613,0
16614,1
16615,2
16616,2
16617,2
16618,1
16619,1
16620,1
16621,0
16622,1
16623,2
16624,2
16625,0
16626,0
16627,0
16628,0
16629,0
16630,2
16631,0
16632,2
16633,1
16634,1
16635,2
16636,0
16637,0
16638,0
16639,1
16640,1
16641,0
16642,0
16643,0
16644,2
16645,2
16646,0
16647,2
16648,1
16649,1
16650,2
16651,0
16652,2
16653,1
16654,1
16655,0
16656,0
16657,2
16658,0
16659,0
16660,2
16661,2
16662,0
16663,0
16664,0
16665,0
16666,2
16667,0
16668,2
16669,1
16670,1
16671,0
16672,2
16673,2
16674,0
16675,0
16676,1
16677,1
16678,0
16679,1
16680,2
16681,1
16682,0
16683,2
16684,0
16685,2
16686,0
16687,0
16688,0
16689,0
16690,2
16691,1
16692,2
16693,0
16694,1
16695,0
16696,1
16697,0
16698,0
16699,0
16700,2
16701,2
16702,0
16703,1
16704,0
16705,0
16706,0
16707,1
16708,2
16709,0
16710,2
16711,2
16712,1
16713,2
16714,2
16715,2
16716,0
16717,2
16718,0
16719,1
16720,2
16721,0
16722,1
16723,0
16724,2
16725,0
16726,1
16727,1
16728,1
16729,1
16730,1
16731,1
16732,1
16733,0
16734,1
16735,1
16736,2
16737,1
16738,1
16739,2
16740,0
16741,0
16742,2
16743,2
16744,2
16745,0
16746,2
16747,1
16748,0
16749,1
16750,2
16751,0
16752,1
16753,1
16754,0
16755,0
16756,1
16757,0
16758,1
16759,1
16760,2
16761,0
16762,0
16763,0
16764,1
16765,1
16766,2
16767,1
16768,1
16769,0
16770,0
16771,0
16772,0
16773,1
16774,0
16775,0
16776,2
16777,2
16778,0
16779,1
16780,0
16781,0
16782,0
16783,1
16784,0
16785,2
16786,1
16787,0
16788,0
16789,1
16790,0
16791,1
16792,0
16793,2
16794,2
16795,1
16796,2
16797,0
16798,1
16799,0
16800,0
16801,0
16802,2
16803,1
16804,0
16805,0
16806,2
16807,1
16808,0
16809,0
16810,1
16811,2
16812,2
16813,2
16814,1
16815,0
16816,1
16817,2
16818,0
16819,1
16820,1
16821,0
16822,0
16823,0
16824,2
16825,1
16826,2
16827,0
16828,0
16829,1
16830,0
16831,1
16832,2
16833,2
16834,2
16835,0
16836,1
16837,0
16838,0
16839,1
16840,1
16841,1
16842,0
16843,0
16844,0
16845,2
16846,0
16847,2
16848,2
16849,1
16850,0
16851,2
16852,2
16853,2
16854,1
16855,2
16856,2
16857,1
16858,0
16859,0
16860,1
16861,1
16862,2
16863,0
16864,1
16865,0
16866,0
16867,1
16868,0
16869,1
16870,2
16871,1
16872,1
16873,1
16874,2
16875,1
16876,0
16877,0
16878,2
16879,2
16880,1
16881,2
16882,1
16883,1
16884,1
16885,1
16886,2
16887,2
16888,1
16889,0
16890,0
16891,1
16892,2
16893,1
16894,1
16895,2
16896,2
16897,1
16898,1
16899,1
16900,2
16901,1
16902,2
16903,0
16904,0
16905,0
16906,1
16907,2
16908,1
16909,2
16910,1
16911,1
16912,1
16913,0
16914,1
16915,1
16916,1
16917,1
16918,2
16919,1
16920,0
16921,0
16922,2
16923,1
16924,1
16925,1
16926,1
16927,1
16928,0
16929,2
16930,0
16931,1
16932,0
16933,1
16934,0
16935,0
16936,2
16937,1
16938,1
16939,0
16940,0
16941,1
16942,1
16943,1
16944,0
16945,1
16946,1
16947,2
16948,1
16949,0
16950,0
16951,0
16952,2
16953,0
16954,0
16955,0
16956,2
16957,2
16958,2
16959,1
16960,0
16961,2
16962,1
16963,1
16964,0
16965,0
16966,0
16967,1
16968,2
16969,0
16970,1
16971,2
16972,2
16973,2
16974,1
16975,1
16976,1
16977,2
16978,1
16979,1
16980,0
16981,1
16982,1
16983,0
16984,0
16985,1
16986,1
16987,2
16988,0
16989,1
16990,2
16991,1
16992,1
16993,1
16994,2
16995,1
16996,1
16997,2
16998,1
16999,1
17000,0
17001,1
17002,1
17003,1
17004,1
17005,2
17006,2
17007,1
17008,2
17009,0
17010,0
17011,0
17012,1
17013,2
17014,2
17015,0
17016,0
17017,2
17018,1
17019,2
17020,2
17021,1
17022,1
17023,1
17024,0
17025,1
17026,0
17027,2
17028,2
17029,1
17030,1
17031,2
17032,0
17033,0
17034,0
17035,1
17036,1
17037,0
17038,1
17039,2
17040,1
17041,1
17042,1
17043,1
17044,2
17045,1
17046,1
17047,0
17048,0
17049,2
17050,2
17051,1
17052,2
17053,1
17054,1
17055,0
17056,1
17057,2
17058,1
17059,1
17060,2
17061,0
17062,0
17063,2
17064,0
17065,2
17066,0
17067,1
17068,0
17069,0
17070,0
17071,0
17072,1
17073,1
17074,1
17075,1
17076,0
17077,2
17078,1
17079,1
17080,1
17081,1
17082,0
17083,1
17084,0
17085,2
17086,1
17087,2
17088,1
17089,1
17090,1
17091,1
17092,0
17093,2
17094,1
17095,1
17096,0
17097,0
17098,1
17099,0
17100,1
17101,1
17102,0
17103,2
17104,0
17105,0
17106,1
17107,1
17108,2
17109,0
17110,1
17111,0
17112,1
17113,1
17114,0
17115,1
17116,0
17117,2
17118,0
17119,2
17120,0
17121,2
17122,0
17123,0
17124,1
17125,0
17126,0
17127,1
17128,1
17129,0
17130,2
17131,1
17132,2
17133,1
17134,2
17135,2
17136,0
17137,2
17138,1
17139,1
17140,1
17141,0
17142,1
17143,2
17144,2
17145,0
17146,2
17147,1
17148,2
17149,1
17150,2
17151,1
17152,2
17153,2
17154,1
17155,1
17156,1
17157,1
17158,2
17159,2
17160,1
17161,0
17162,1
17163,1
17164,2
17165,1
17166,1
17167,0
17168,0
17169,2
17170,2
17171,1
17172,1
17173,0
17174,2
17175,1
17176,0
17177,2
17178,2
17179,0
17180,1
17181,0
17182,2
17183,1
17184,0
17185,2
17186,0
17187,1
17188,1
17189,0
17190,0
17191,1
17192,1
17193,2
17194,0
17195,0
17196,1
17197,1
17198,1
17199,0
17200,0
17201,1
17202,0
17203,1
17204,1
17205,1
17206,0
17207,1
17208,2
17209,0
17210,1
17211,0
17212,1
17213,1
17214,0
17215,1
17216,1
17217,1
17218,0
17219,2
17220,0
17221,2
17222,1
17223,0
17224,0
17225,1
17226,0
17227,1
17228,1
17229,1
17230,0
17231,0
17232,1
17233,1
17234,2
17235,1
17236,0
17237,0
17238,1
17239,0
17240,1
17241,2
17242,0
17243,1
17244,0
17245,2
17246,0
17247,1
17248,2
17249,2
17250,2
17251,1
17252,2
17253,0
17254,2
17255,2
17256,2
17257,0
17258,1
17259,2
17260,0
17261,1
17262,0
17263,0
17264,2
17265,2
17266,2
17267,0
17268,2
17269,0
17270,2
17271,0
17272,0
17273,2
17274,0
17275,0
17276,1
17277,2
17278,1
17279,0
17280,2
17281,2
17282,1
17283,0
17284,0
17285,2
17286,0
17287,2
17288,1
17289,2
17290,1
17291,2
17292,1
17293,1
17294,1
17295,2
17296,1
17297,2
17298,2
17299,0
17300,2
17301,0
17302,0
17303,0
17304,0
17305,0
17306,1
17307,1
17308,0
17309,2
17310,2
17311,1
17312,2
17313,0
17314,1
17315,0
17316,2
17317,0
17318,0
17319,0
17320,2
17321,0
17322,1
17323,1
17324,2
17325,1
17326,0
17327,1
17328,1
17329,2
17330,1
17331,0
17332,1
17333,1
17334,2
17335,0
17336,0
17337,0
17338,1
17339,2
17340,1
17341,2
17342,2
17343,2
17344,0
17345,0
17346,1
17347,2
17348,1
17349,2
17350,1
17351,2
17352,0
17353,0
17354,2
17355,0
17356,2
17357,1
17358,0
17359,0
17360,2
17361,2
17362,1
17363,2
17364,0
17365,0
17366,1
17367,1
17368,2
17369,1
17370,1
17371,1
17372,0
17373,0
17374,0
17375,1
17376,0
17377,0
17378,1
17379,2
17380,1
17381,1
17382,1
17383,1
17384,1
17385,1
17386,0
17387,1
17388,0
17389,1
17390,1
17391,0
17392,1
17393,1
17394,0
17395,0
17396,0
17397,0
17398,2
17399,1
17400,2
17401,2
17402,0
17403,2
17404,1
17405,2
17406,0
17407,0
17408,0
17409,0
17410,1
17411,1
17412,1
17413,1
17414,0
17415,0
17416,0
17417,0
17418,1
17419,0
17420,2
17421,1
17422,1
17423,1
17424,1
17425,0
17426,2
17427,0
17428,1
17429,1
17430,0
17431,2
17432,0
17433,0
17434,0
17435,1
17436,0
17437,2
17438,1
17439,2
17440,0
17441,2
17442,2
17443,0
17444,1
17445,0
17446,1
17447,1
17448,0
17449,2
17450,2
17451,1
17452,2
17453,1
17454,2
17455,0
17456,2
17457,1
17458,0
17459,2
17460,0
17461,1
17462,1
17463,2
17464,1
17465,1
17466,2
17467,2
17468,2
17469,2
17470,0
17471,0
17472,2
17473,0
17474,2
17475,1
17476,0
17477,2
17478,0
17479,0
17480,1
17481,1
17482,1
17483,2
17484,0
17485,0
17486,0
17487,1
17488,2
17489,1
17490,1
17491,1
17492,1
17493,1
17494,2
17495,0
17496,1
17497,1
17498,0
17499,1
17500,0
17501,2
17502,1
17503,0
17504,0
17505,2
17506,0
17507,2
17508,0
17509,2
17510,2
17511,0
17512,1
17513,0
17514,1
17515,1
17516,2
17517,2
17518,0
17519,1
17520,1
17521,0
17522,1
17523,2
17524,1
17525,1
17526,2
17527,1
17528,0
17529,0
17530,2
17531,1
17532,1
17533,0
17534,0
17535,1
17536,1
17537,0
17538,0
17539,0
17540,1
17541,1
17542,1
17543,1
17544,0
17545,0
17546,0
17547,2
17548,0
17549,2
17550,1
17551,1
17552,1
17553,1
17554,0
17555,1
17556,2
17557,1
17558,1
17559,1
17560,0
17561,0
17562,2
17563,1
17564,2
17565,0
17566,1
17567,2
17568,1
17569,2
17570,1
17571,1
17572,2
17573,1
17574,1
17575,1
17576,0
17577,1
17578,0
17579,0
17580,2
17581,1
17582,1
17583,0
17584,0
17585,0
17586,0
17587,0
17588,0
17589,2
17590,2
17591,1
17592,2
17593,0
17594,1
17595,1
17596,1
17597,1
17598,0
17599,1
17600,1
17601,2
17602,2
17603,1
17604,2
17605,1
17606,0
17607,2
17608,1
17609,0
17610,1
17611,0
17612,2
17613,0
17614,0
17615,0
17616,0
17617,0
17618,2
17619,2
17620,0
17621,1
17622,2
17623,0
17624,0
17625,0
17626,0
17627,1
17628,0
17629,0
17630,2
17631,1
17632,0
17633,0
17634,2
17635,1
17636,1
17637,1
17638,1
17639,2
17640,2
17641,0
17642,0
17643,0
17644,1
17645,1
17646,0
17647,0
17648,1
17649,1
17650,2
17651,1
17652,1
17653,2
17654,0
17655,1
17656,0
17657,0
17658,1
17659,2
17660,1
17661,0
17662,0
17663,2
17664,2
17665,0
17666,2
17667,1
17668,0
17669,1
17670,1
17671,1
17672,1
17673,2
17674,2
17675,1
17676,2
17677,1
17678,2
17679,2
17680,0
17681,2
17682,1
17683,0
17684,1
17685,1
17686,1
17687,1
17688,1
17689,1
17690,1
17691,2
17692,2
17693,1
17694,0
17695,1
17696,1
17697,1
17698,2
17699,1
17700,1
17701,1
17702,2
17703,0
17704,2
17705,0
17706,1
17707,1
17708,0
17709,0
17710,2
17711,1
17712,1
17713,2
17714,1
17715,2
17716,0
17717,0
17718,0
17719,2
17720,1
17721,0
17722,1
17723,2
17724,1
17725,2
17726,1
17727,1
17728,2
17729,0
17730,1
17731,0
17732,2
17733,1
17734,0
17735,1
17736,1
17737,0
17738,2
17739,2
17740,2
17741,2
17742,1
17743,0
17744,1
17745,1
17746,1
17747,1
17748,0
17749,1
17750,0
17751,0
17752,0
17753,1
17754,0
17755,1
17756,0
17757,2
17758,0
17759,1
17760,0
17761,2
17762,0
17763,0
17764,0
17765,2
17766,1
17767,1
17768,1
17769,1
17770,0
17771,0
17772,2
17773,2
17774,1
17775,2
17776,0
17777,0
17778,0
17779,2
17780,0
17781,1
17782,0
17783,2
17784,0
17785,1
17786,1
17787,2
17788,2
17789,1
17790,0
17791,1
17792,0
17793,2
17794,2
17795,0
17796,0
17797,2
17798,0
17799,1
17800,0
17801,0
17802,0
17803,1
17804,0
17805,1
17806,1
17807,2
17808,1
17809,1
17810,0
17811,1
17812,1
17813,2
17814,0
17815,1
17816,2
17817,0
17818,1
17819,1
17820,2
17821,0
17822,0
17823,2
17824,0
17825,0
17826,1
17827,0
17828,1
17829,1
17830,0
17831,2
17832,2
17833,1
17834,1
17835,2
17836,1
17837,0
17838,0
17839,1
17840,2
17841,2
17842,1
17843,1
17844,1
17845,1
17846,0
17847,2
17848,0
17849,0
17850,2
17851,2
17852,0
17853,1
17854,1
17855,0
17856,1
17857,2
17858,1
17859,0
17860,1
17861,0
17862,0
17863,1
17864,1
17865,2
17866,1
17867,1
17868,2
17869,1
17870,1
17871,1
17872,1
17873,0
17874,0
17875,1
17876,2
17877,2
17878,2
17879,0
17880,0
17881,0
17882,1
17883,0
17884,1
17885,1
17886,1
17887,0
17888,0
17889,2
17890,2
17891,0
17892,1
17893,1
17894,0
17895,1
17896,1
17897,2
17898,2
17899,2
17900,2
17901,0
17902,2
17903,1
17904,2
17905,1
17906,1
17907,2
17908,1
17909,1
17910,1
17911,2
17912,2
17913,0
17914,2
17915,1
17916,1
17917,1
17918,1
17919,1
17920,1
17921,0
17922,1
17923,1
17924,1
17925,0
17926,1
17927,2
17928,1
17929,0
17930,1
17931,2
17932,1
17933,2
17934,2
17935,2
17936,0
17937,0
17938,2
17939,1
17940,1
17941,2
17942,2
17943,2
17944,2
17945,2
17946,1
17947,0
17948,1
17949,0
17950,2
17951,1
17952,2
17953,0
17954,0
17955,0
17956,2
17957,1
17958,1
17959,1
17960,0
17961,1
17962,2
17963,1
17964,1
17965,2
17966,1
17967,0
17968,0
17969,2
17970,1
17971,2
17972,1
17973,1
17974,2
17975,2
17976,0
17977,1
17978,0
17979,0
17980,0
17981,1
17982,2
17983,1
17984,1
17985,0
17986,0
17987,0
17988,2
17989,0
17990,0
17991,0
17992,2
17993,0
17994,2
17995,1
17996,1
17997,0
17998,0
17999,0
18000,0
18001,0
18002,2
18003,2
18004,0
18005,0
18006,1
18007,0
18008,0
18009,2
18010,0
18011,2
18012,0
18013,1
18014,0
18015,1
18016,0
18017,2
18018,1
18019,2
18020,1
18021,1
18022,0
18023,1
18024,1
18025,0
18026,0
18027,1
18028,1
18029,0
18030,0
18031,2
18032,1
18033,0
18034,2
18035,2
18036,0
18037,1
18038,0
18039,1
18040,1
18041,1
18042,2
18043,2
18044,0
18045,2
18046,2
18047,2
18048,0
18049,0
18050,1
18051,1
18052,1
18053,0
18054,1
18055,1
18056,0
18057,1
18058,2
18059,2
18060,1
18061,1
18062,1
18063,1
18064,2
18065,1
18066,0
18067,1
18068,0
18069,0
18070,0
18071,1
18072,1
18073,1
18074,2
18075,0
18076,2
18077,0
18078,0
18079,0
18080,0
18081,2
18082,1
18083,1
18084,1
18085,1
18086,2
18087,1
18088,1
18089,0
18090,2
18091,2
18092,2
18093,2
18094,2
18095,0
18096,0
18097,2
18098,1
18099,2
18100,2
18101,1
18102,0
18103,0
18104,2
18105,1
18106,2
18107,0
18108,1
18109,1
18110,0
18111,2
18112,0
18113,1
18114,2
18115,1
18116,1
18117,2
18118,1
18119,1
18120,1
18121,1
18122,2
18123,2
18124,2
18125,1
18126,0
18127,1
18128,0
18129,0
18130,1
18131,1
18132,1
18133,1
18134,1
18135,1
18136,0
18137,2
18138,1
18139,1
18140,0
18141,0
18142,1
18143,1
18144,1
18145,1
18146,0
18147,1
18148,1
18149,1
18150,1
18151,0
18152,1
18153,0
18154,1
18155,1
18156,2
18157,1
18158,0
18159,2
18160,1
18161,1
18162,0
18163,0
18164,0
18165,0
18166,0
18167,0
18168,1
18169,0
18170,0
18171,0
18172,1
18173,1
18174,1
18175,1
18176,1
18177,1
18178,2
18179,1
18180,0
18181,1
18182,2
18183,2
18184,1
18185,1
18186,1
18187,2
18188,0
18189,2
18190,2
18191,1
18192,1
18193,1
18194,1
18195,0
18196,0
18197,1
18198,0
18199,1
18200,1
18201,1
18202,0
18203,0
18204,1
18205,1
18206,0
18207,2
18208,1
18209,0
18210,1
18211,2
18212,0
18213,2
18214,1
18215,1
18216,1
18217,2
18218,2
18219,0
18220,0
18221,1
18222,1
18223,1
18224,0
18225,1
18226,2
18227,2
18228,1
18229,0
18230,1
18231,1
18232,2
18233,2
18234,1
18235,2
18236,1
18237,0
18238,2
18239,2
18240,1
18241,0
18242,0
18243,1
18244,1
18245,1
18246,2
18247,1
18248,2
18249,2
18250,1
18251,1
18252,2
18253,1
18254,0
18255,2
18256,1
18257,2
18258,0
18259,1
18260,0
18261,1
18262,1
18263,1
18264,2
18265,2
18266,0
18267,1
18268,2
18269,1
18270,2
18271,0
18272,0
18273,1
18274,2
18275,0
18276,2
18277,2
18278,1
18279,0
18280,0
18281,1
18282,1
18283,1
18284,1
18285,0
18286,0
18287,1
18288,0
18289,2
18290,2
18291,1
18292,0
18293,0
18294,1
18295,1
18296,0
18297,0
18298,2
18299,0
18300,1
18301,1
18302,0
18303,1
18304,0
18305,2
18306,1
18307,0
18308,0
18309,1
18310,1
18311,1
18312,0
18313,1
18314,2
18315,2
18316,0
18317,1
18318,0
18319,2
18320,2
18321,1
18322,2
18323,1
18324,0
18325,1
18326,2
18327,2
18328,1
18329,0
18330,1
18331,2
18332,2
18333,1
18334,2
18335,1
18336,1
18337,0
18338,1
18339,2
18340,2
18341,1
18342,1
18343,1
18344,0
18345,2
18346,1
18347,1
18348,1
18349,0
18350,1
18351,2
18352,2
18353,1
18354,0
18355,0
18356,2
18357,0
18358,1
18359,0
18360,0
18361,1
18362,1
18363,1
18364,0
18365,1
18366,2
18367,2
18368,0
18369,1
18370,0
18371,0
18372,2
18373,2
18374,1
18375,0
18376,2
18377,2
18378,0
18379,1
18380,2
18381,2
18382,0
18383,1
18384,2
18385,0
18386,0
18387,0
18388,1
18389,0
18390,0
18391,0
18392,1
18393,1
18394,2
18395,0
18396,1
18397,1
18398,1
18399,0
18400,2
18401,1
18402,2
18403,1
18404,0
18405,0
18406,1
18407,1
18408,2
18409,1
18410,2
18411,0
18412,0
18413,0
18414,1
18415,2
18416,1
18417,1
18418,0
18419,1
18420,1
18421,2
18422,0
18423,1
18424,2
18425,1
18426,1
18427,2
18428,1
18429,0
18430,1
18431,0
18432,2
18433,0
18434,2
18435,0
18436,0
18437,1
18438,2
18439,1
18440,0
18441,0
18442,1
18443,1
18444,1
18445,1
18446,1
18447,0
18448,0
18449,0
18450,1
18451,2
18452,1
18453,1
18454,0
18455,0
18456,0
18457,1
18458,2
18459,0
18460,2
18461,0
18462,0
18463,0
18464,0
18465,0
18466,2
18467,0
18468,0
18469,1
18470,1
18471,0
18472,0
18473,1
18474,2
18475,0
18476,2
18477,0
18478,2
18479,0
18480,2
18481,2
18482,1
18483,2
18484,0
18485,0
18486,1
18487,1
18488,1
18489,1
18490,0
18491,1
18492,0
18493,2
18494,2
18495,0
18496,0
18497,0
18498,1
18499,0
18500,0
18501,0
18502,1
18503,2
18504,1
18505,2
18506,0
18507,0
18508,2
18509,0
18510,1
18511,0
18512,1
18513,0
18514,0
18515,0
18516,0
18517,1
18518,1
18519,1
18520,1
18521,0
18522,1
18523,0
18524,2
18525,1
18526,0
18527,1
18528,1
18529,2
18530,1
18531,1
18532,1
18533,1
18534,0
18535,2
18536,2
18537,2
18538,0
18539,1
18540,2
18541,0
18542,2
18543,1
18544,2
18545,0
18546,1
18547,0
18548,2
18549,2
18550,0
18551,0
18552,0
18553,0
18554,1
18555,1
18556,2
18557,1
18558,0
18559,1
18560,0
18561,1
18562,2
18563,0
18564,1
18565,0
18566,1
18567,0
18568,2
18569,1
18570,0
18571,2
18572,1
18573,0
18574,1
18575,2
18576,2
18577,0
18578,1
18579,1
18580,1
18581,1
18582,1
18583,0
18584,0
18585,0
18586,1
18587,2
18588,0
18589,0
18590,0
18591,1
18592,1
18593,1
18594,1
18595,0
18596,1
18597,2
18598,0
18599,1
18600,2
18601,0
18602,1
18603,2
18604,1
18605,0
18606,1
18607,1
18608,1
18609,2
18610,1
18611,0
18612,1
18613,1
18614,1
18615,0
18616,2
18617,0
18618,1
18619,2
18620,0
18621,1
18622,2
18623,2
18624,0
18625,1
18626,0
18627,1
18628,1
18629,2
18630,0
18631,2
18632,0
18633,1
18634,2
18635,0
18636,1
18637,0
18638,0
18639,0
18640,2
18641,0
18642,0
18643,0
18644,0
18645,2
18646,0
18647,1
18648,2
18649,1
18650,0
18651,2
18652,1
18653,1
18654,1
18655,0
18656,1
18657,1
18658,2
18659,0
18660,2
18661,2
18662,2
18663,0
18664,0
18665,2
18666,1
18667,0
18668,0
18669,1
18670,0
18671,1
18672,1
18673,2
18674,0
18675,1
18676,0
18677,1
18678,0
18679,1
18680,0
18681,1
18682,1
18683,1
18684,1
18685,0
18686,2
18687,1
18688,2
18689,2
18690,0
18691,1
18692,2
18693,0
18694,0
18695,0
18696,1
18697,0
18698,0
18699,2
18700,0
18701,1
18702,0
18703,1
18704,0
18705,0
18706,1
18707,1
18708,2
18709,2
18710,1
18711,0
18712,1
18713,1
18714,2
18715,2
18716,2
18717,1
18718,1
18719,2
18720,2
18721,1
18722,1
18723,2
18724,1
18725,2
18726,0
18727,0
18728,1
18729,0
18730,1
18731,2
18732,1
18733,0
18734,1
18735,1
18736,2
18737,0
18738,1
18739,1
18740,1
18741,1
18742,0
18743,1
18744,1
18745,0
18746,1
18747,1
18748,1
18749,2
18750,1
18751,2
18752,2
18753,1
18754,2
18755,1
18756,1
18757,0
18758,1
18759,2
18760,1
18761,2
18762,1
18763,1
18764,2
18765,2
18766,2
18767,1
18768,0
18769,0
18770,0
18771,0
18772,1
18773,1
18774,0
18775,2
18776,0
18777,0
18778,1
18779,2
18780,0
18781,1
18782,1
18783,0
18784,1
18785,1
18786,2
18787,0
18788,2
18789,1
18790,1
18791,2
18792,0
18793,2
18794,2
18795,2
18796,2
18797,1
18798,1
18799,2
18800,1
18801,2
18802,2
18803,0
18804,0
18805,1
18806,1
18807,1
18808,1
18809,2
18810,1
18811,2
18812,0
18813,2
18814,0
18815,1
18816,1
18817,0
18818,1
18819,1
18820,1
18821,0
18822,2
18823,0
18824,0
18825,0
18826,2
18827,0
18828,2
18829,0
18830,2
18831,0
18832,0
18833,1
18834,0
18835,2
18836,2
18837,0
18838,1
18839,0
18840,0
18841,1
18842,2
18843,1
18844,1
18845,1
18846,0
18847,1
18848,1
18849,0
18850,2
18851,2
18852,1
18853,1
18854,0
18855,1
18856,0
18857,0
18858,0
18859,1
18860,1
18861,0
18862,2
18863,1
18864,0
18865,0
18866,2
18867,0
18868,0
18869,0
18870,1
18871,0
18872,1
18873,1
18874,1
18875,0
18876,2
18877,1
18878,1
18879,1
18880,2
18881,2
18882,0
18883,1
18884,1
18885,0
18886,2
18887,1
18888,1
18889,2
18890,0
18891,2
18892,0
18893,1
18894,2
18895,0
18896,1
18897,0
18898,1
18899,1
18900,1
18901,1
18902,2
18903,0
18904,2
18905,0
18906,1
18907,1
18908,1
18909,2
18910,1
18911,0
18912,2
18913,1
18914,2
18915,0
18916,0
18917,2
18918,0
18919,0
18920,0
18921,1
18922,2
18923,0
18924,2
18925,2
18926,0
18927,1
18928,0
18929,2
18930,2
18931,2
18932,0
18933,2
18934,2
18935,1
18936,1
18937,2
18938,0
18939,0
18940,1
18941,1
18942,0
18943,0
18944,1
18945,1
18946,0
18947,0
18948,1
18949,0
18950,1
18951,2
18952,2
18953,0
18954,0
18955,1
18956,1
18957,0
18958,0
18959,2
18960,1
18961,1
18962,0
18963,1
18964,1
18965,0
18966,0
18967,1
18968,1
18969,0
18970,2
18971,0
18972,0
18973,2
18974,0
18975,0
18976,1
18977,1
18978,0
18979,0
18980,1
18981,2
18982,0
18983,1
18984,1
18985,0
18986,2
18987,1
18988,2
18989,2
18990,0
18991,1
18992,2
18993,2
18994,0
18995,0
18996,1
18997,2
18998,2
18999,2
19000,1
19001,1
19002,1
19003,2
19004,1
19005,2
19006,0
19007,0
19008,0
19009,2
19010,0
19011,0
19012,2
19013,1
19014,0
19015,1
19016,1
19017,1
19018,0
19019,0
19020,0
19021,1
19022,1
19023,2
19024,1
19025,2
19026,1
19027,0
19028,2
19029,0
19030,2
19031,1
19032,1
19033,2
19034,1
19035,1
19036,1
19037,2
19038,1
19039,1
19040,2
19041,0
19042,2
19043,0
19044,0
19045,2
19046,0
19047,1
19048,1
19049,1
19050,1
19051,2
19052,1
19053,0
19054,1
19055,0
19056,1
19057,1
19058,0
19059,2
19060,0
19061,2
19062,2
19063,1
19064,2
19065,2
19066,2
19067,0
19068,1
19069,0
19070,0
19071,1
19072,0
19073,0
19074,1
19075,0
19076,2
19077,1
19078,0
19079,0
19080,1
19081,1
19082,1
19083,2
19084,1
19085,0
19086,2
19087,1
19088,2
19089,2
19090,1
19091,0
19092,0
19093,2
19094,1
19095,2
19096,0
19097,0
19098,1
19099,0
19100,1
19101,1
19102,0
19103,1
19104,2
19105,1
19106,2
19107,0
19108,2
19109,2
19110,0
19111,0
19112,0
19113,0
19114,1
19115,0
19116,1
19117,0
19118,0
19119,0
19120,2
19121,1
19122,0
19123,2
19124,0
19125,2
19126,2
19127,0
19128,1
19129,0
19130,0
19131,1
19132,0
19133,0
19134,2
19135,2
19136,2
19137,1
19138,0
19139,1
19140,1
19141,2
19142,2
19143,2
19144,0
19145,2
19146,1
19147,0
19148,1
19149,0
19150,2
19151,1
19152,1
19153,2
19154,1
19155,2
19156,2
19157,0
19158,1
19159,1
19160,0
19161,2
19162,1
19163,0
19164,0
19165,1
19166,0
19167,0
19168,2
19169,1
19170,1
19171,1
19172,0
19173,2
19174,2
19175,2
19176,1
19177,0
19178,0
19179,1
19180,0
19181,1
19182,1
19183,0
19184,2
19185,0
19186,1
19187,0
19188,2
19189,2
19190,0
19191,0
19192,1
19193,0
19194,1
19195,0
19196,2
19197,2
19198,0
19199,0
19200,1
19201,1
19202,2
19203,2
19204,0
19205,1
19206,0
19207,1
19208,2
19209,2
19210,0
19211,1
19212,0
19213,0
19214,1
19215,0
19216,1
19217,2
19218,0
19219,2
19220,0
19221,1
19222,0
19223,1
19224,1
19225,1
19226,2
19227,2
19228,2
19229,1
19230,1
19231,1
19232,2
19233,0
19234,0
19235,0
19236,1
19237,0
19238,1
19239,0
19240,1
19241,0
19242,1
19243,1
19244,1
19245,0
19246,0
19247,2
19248,2
19249,2
19250,2
19251,0
19252,0
19253,1
19254,0
19255,0
19256,1
19257,0
19258,1
19259,0
19260,0
19261,1
19262,0
19263,1
19264,1
19265,1
19266,0
19267,1
19268,1
19269,1
19270,2
19271,1
19272,2
19273,2
19274,0
19275,1
19276,1
19277,1
19278,2
19279,0
19280,0
19281,1
19282,2
19283,1
19284,1
19285,1
19286,2
19287,2
19288,0
19289,2
19290,0
19291,0
19292,0
19293,1
19294,1
19295,0
19296,0
19297,2
19298,1
19299,0
19300,1
19301,1
19302,1
19303,0
19304,0
19305,1
19306,2
19307,0
19308,0
19309,0
19310,2
19311,2
19312,1
19313,0
19314,2
19315,2
19316,1
19317,1
19318,1
19319,1
19320,1
19321,1
19322,1
19323,1
19324,1
19325,1
19326,1
19327,1
19328,2
19329,1
19330,2
19331,0
19332,1
19333,1
19334,1
19335,2
19336,2
19337,0
19338,2
19339,1
19340,2
19341,2
19342,0
19343,0
19344,1
19345,2
19346,2
19347,0
19348,1
19349,1
19350,0
19351,0
19352,2
19353,0
19354,1
19355,2
19356,1
19357,1
19358,0
19359,1
19360,2
19361,0
19362,2
19363,2
19364,1
19365,1
19366,1
19367,0
19368,1
19369,1
19370,0
19371,0
19372,0
19373,2
19374,1
19375,1
19376,0
19377,1
19378,0
19379,1
19380,2
19381,2
19382,1
19383,0
19384,2
19385,2
19386,1
19387,1
19388,0
19389,2
19390,1
19391,1
19392,1
19393,0
19394,0
19395,1
19396,1
19397,2
19398,0
19399,0
19400,2
19401,0
19402,0
19403,0
19404,0
19405,0
19406,0
19407,1
19408,2
19409,0
19410,2
19411,1
19412,0
19413,2
19414,1
19415,0
19416,2
19417,2
19418,0
19419,2
19420,1
19421,1
19422,2
19423,0
19424,0
19425,1
19426,0
19427,1
19428,2
19429,2
19430,2
19431,1
19432,2
19433,0
19434,1
19435,2
19436,1
19437,0
19438,1
19439,0
19440,0
19441,2
19442,0
19443,1
19444,2
19445,1
19446,2
19447,0
19448,2
19449,1
19450,2
19451,1
19452,1
19453,1
19454,1
19455,1
19456,2
19457,1
19458,0
19459,0
19460,1
19461,0
19462,0
19463,0
19464,1
19465,0
19466,0
19467,2
19468,1
19469,2
19470,0
19471,0
19472,0
19473,0
19474,2
19475,0
19476,1
19477,0
19478,0
19479,2
19480,2
19481,2
19482,1
19483,2
19484,0
19485,0
19486,1
19487,2
19488,0
19489,2
19490,0
19491,2
19492,0
19493,1
19494,0
19495,0
19496,0
19497,1
19498,1
19499,0
19500,2
19501,2
19502,0
19503,1
19504,1
19505,1
19506,2
19507,0
19508,2
19509,1
19510,2
19511,2
19512,2
19513,2
19514,0
19515,1
19516,0
19517,0
19518,1
19519,0
19520,0
19521,1
19522,0
19523,0
19524,2
19525,1
19526,2
19527,2
19528,1
19529,0
19530,0
19531,2
19532,2
19533,0
19534,2
19535,1
19536,2
19537,1
19538,0
19539,2
19540,2
19541,1
19542,2
19543,1
19544,2
19545,1
19546,1
19547,1
19548,2
19549,0
19550,1
19551,0
19552,2
19553,2
19554,1
19555,1
19556,0
19557,0
19558,1
19559,1
19560,1
19561,2
19562,1
19563,0
19564,1
19565,0
19566,1
19567,1
19568,1
19569,1
19570,0
19571,0
19572,1
19573,1
19574,1
19575,0
19576,2
19577,1
19578,0
19579,1
19580,0
19581,2
19582,0
19583,0
19584,1
19585,1
19586,1
19587,0
19588,1
19589,1
19590,2
19591,2
19592,0
19593,1
19594,0
19595,0
19596,1
19597,2
19598,0
19599,1
19600,2
19601,1
19602,1
19603,0
19604,0
19605,2
19606,0
19607,1
19608,1
19609,2
19610,1
19611,0
19612,1
19613,0
19614,2
19615,2
19616,0
19617,1
19618,0
19619,0
19620,0
19621,0
19622,1
19623,1
19624,1
19625,2
19626,2
19627,0
19628,1
19629,1
19630,1
19631,0
19632,0
19633,2
19634,0
19635,1
19636,2
19637,0
19638,2
19639,0
19640,0
19641,2
19642,1
19643,0
19644,0
19645,0
19646,0
19647,1
19648,1
19649,0
19650,1
19651,1
19652,0
19653,0
19654,1
19655,0
19656,0
19657,0
19658,2
19659,2
19660,2
19661,1
19662,0
19663,1
19664,2
19665,1
19666,0
19667,1
19668,1
19669,0
19670,0
19671,0
19672,2
19673,1
19674,0
19675,1
19676,2
19677,2
19678,1
19679,2
19680,2
19681,0
19682,1
19683,2
19684,1
19685,1
19686,0
19687,2
19688,2
19689,0
19690,0
19691,1
19692,2
19693,2
19694,1
19695,0
19696,2
19697,2
19698,1
19699,0
19700,0
19701,2
19702,1
19703,0
19704,0
19705,2
19706,2
19707,0
19708,1
19709,1
19710,0
19711,1
19712,0
19713,1
19714,2
19715,2
19716,0
19717,1
19718,1
19719,2
19720,2
19721,1
19722,1
19723,0
19724,0
19725,0
19726,1
19727,0
19728,1
19729,0
19730,1
19731,1
19732,2
19733,2
19734,1
19735,0
19736,2
19737,0
19738,1
19739,1
19740,2
19741,1
19742,0
19743,1
19744,0
19745,1
19746,0
19747,2
19748,1
19749,1
19750,2
19751,1
19752,2
19753,1
19754,0
19755,0
19756,1
19757,1
19758,2
19759,1
19760,0
19761,2
19762,1
19763,2
19764,2
19765,2
19766,0
19767,0
19768,1
19769,2
19770,0
19771,2
19772,2
19773,2
19774,1
19775,0
19776,0
19777,1
19778,0
19779,2
19780,1
19781,1
19782,0
19783,1
19784,1
19785,2
19786,2
19787,1
19788,2
19789,1
19790,1
19791,0
19792,2
19793,1
19794,1
19795,2
19796,2
19797,1
19798,0
19799,0
19800,0
19801,0
19802,1
19803,0
19804,2
19805,2
19806,0
19807,1
19808,0
19809,1
19810,0
19811,0
19812,1
19813,0
19814,1
19815,1
19816,0
19817,0
19818,0
19819,1
19820,1
19821,1
19822,0
19823,2
19824,2
19825,1
19826,1
19827,0
19828,0
19829,1
19830,1
19831,1
19832,1
19833,2
19834,2
19835,2
19836,0
19837,0
19838,2
19839,0
19840,2
19841,0
19842,2
19843,1
19844,0
19845,2
19846,0
19847,0
19848,1
19849,1
19850,1
19851,0
19852,2
19853,1
19854,2
19855,0
19856,1
19857,1
19858,1
19859,2
19860,0
19861,2
19862,0
19863,0
19864,1
19865,1
19866,2
19867,1
19868,1
19869,1
19870,0
19871,2
19872,1
19873,2
19874,0
19875,0
19876,0
19877,0
19878,1
19879,1
19880,0
19881,1
19882,2
19883,0
19884,0
19885,1
19886,1
19887,1
19888,2
19889,1
19890,1
19891,2
19892,1
19893,1
19894,2
19895,2
19896,1
19897,0
19898,1
19899,1
19900,0
19901,1
19902,1
19903,1
19904,2
19905,2
19906,1
19907,2
19908,1
19909,1
19910,1
19911,2
19912,2
19913,0
19914,2
19915,1
19916,1
19917,1
19918,2
19919,2
19920,1
19921,2
19922,1
19923,1
19924,1
19925,1
19926,2
19927,1
19928,0
19929,1
19930,1
19931,2
19932,0
19933,0
19934,2
19935,1
19936,1
19937,2
19938,2
19939,0
19940,2
19941,2
19942,2
19943,2
19944,0
19945,1
19946,2
19947,1
19948,2
19949,0
19950,1
19951,0
19952,1
19953,0
19954,1
19955,0
19956,0
19957,2
19958,2
19959,0
19960,2
19961,0
19962,1
19963,0
19964,2
19965,2
19966,1
19967,2
19968,1
19969,2
19970,1
19971,2
19972,1
19973,2
19974,2
19975,0
19976,0
19977,2
19978,2
19979,0
19980,0
19981,1
19982,1
19983,2
19984,1
19985,0
19986,2
19987,1
19988,2
19989,2
19990,2
19991,0
19992,0
19993,0
19994,0
19995,1
19996,0
19997,1
19998,1
19999,0
20000,1
20001,1
20002,2
20003,0
20004,1
20005,2
20006,1
20007,0
20008,1
20009,2
20010,2
20011,0
20012,0
20013,2
20014,0
20015,1
20016,0
20017,0
20018,2
20019,1
20020,2
20021,0
20022,1
20023,1
20024,1
20025,1
20026,1
20027,2
20028,1
20029,0
20030,1
20031,1
20032,0
20033,1
20034,2
20035,1
20036,1
20037,0
20038,2
20039,1
20040,1
20041,1
20042,1
20043,1
20044,1
20045,1
20046,0
20047,0
20048,2
20049,2
20050,1
20051,1
20052,1
20053,0
20054,1
20055,2
20056,0
20057,2
20058,0
20059,2
20060,0
20061,2
20062,1
20063,1
20064,0
20065,0
20066,0
20067,1
20068,1
20069,0
20070,2
20071,0
20072,0
20073,2
20074,0
20075,2
20076,1
20077,0
20078,1
20079,0
20080,2
20081,2
20082,1
20083,0
20084,0
20085,0
20086,0
20087,2
20088,0
20089,1
20090,2
20091,0
20092,2
20093,0
20094,1
20095,0
20096,1
20097,1
20098,1
20099,0
20100,1
20101,1
20102,1
20103,2
20104,2
20105,1
20106,1
20107,1
20108,1
20109,1
20110,0
20111,2
20112,0
20113,0
20114,1
20115,1
20116,1
20117,1
20118,0
20119,1
20120,2
20121,1
20122,2
20123,0
20124,1
20125,1
20126,1
20127,1
20128,1
20129,0
20130,1
20131,0
20132,2
20133,1
20134,1
20135,1
20136,1
20137,2
20138,1
20139,2
20140,1
20141,0
20142,2
20143,2
20144,1
20145,1
20146,2
20147,1
20148,2
20149,0
20150,1
20151,0
20152,1
20153,1
20154,1
20155,1
20156,0
20157,0
20158,1
20159,1
20160,2
20161,2
20162,1
20163,1
20164,1
20165,2
20166,1
20167,1
20168,0
20169,0
20170,2
20171,0
20172,1
20173,2
20174,2
20175,0
20176,0
20177,0
20178,2
20179,1
20180,2
20181,0
20182,1
20183,2
20184,0
20185,2
20186,0
20187,2
20188,2
20189,0
20190,0
20191,2
20192,2
20193,2
20194,1
20195,0
20196,1
20197,1
20198,0
20199,1
20200,0
20201,0
20202,1
20203,0
20204,1
20205,2
20206,0
20207,2
20208,0
20209,0
20210,1
20211,1
20212,1
20213,1
20214,0
20215,1
20216,2
20217,1
20218,2
20219,0
20220,1
20221,0
20222,0
20223,0
20224,2
20225,2
20226,0
20227,2
20228,1
20229,1
20230,2
20231,0
20232,2
20233,2
20234,1
20235,2
20236,1
20237,0
20238,2
20239,1
20240,2
20241,0
20242,1
20243,2
20244,0
20245,1
20246,2
20247,0
20248,1
20249,0
20250,1
20251,0
20252,1
20253,0
20254,0
20255,0
20256,1
20257,0
20258,0
20259,1
20260,1
20261,1
20262,1
20263,1
20264,2
20265,0
20266,1
20267,0
20268,2
20269,2
20270,0
20271,2
20272,0
20273,2
20274,2
20275,1
20276,2
20277,2
20278,1
20279,2
20280,2
20281,0
20282,1
20283,1
20284,0
20285,0
20286,1
20287,2
20288,1
20289,0
20290,0
20291,0
20292,0
20293,1
20294,1
20295,1
20296,0
20297,0
20298,2
20299,1
20300,1
20301,2
20302,0
20303,0
20304,0
20305,0
20306,0
20307,2
20308,0
20309,2
20310,0
20311,1
20312,2
20313,1
20314,1
20315,1
20316,0
20317,1
20318,0
20319,1
20320,1
20321,0
20322,2
20323,2
20324,0
20325,2
20326,0
20327,0
20328,1
20329,1
20330,1
20331,0
20332,2
20333,1
20334,1
20335,1
20336,2
20337,0
20338,2
20339,1
20340,2
20341,1
20342,0
20343,1
20344,1
20345,2
20346,0
20347,0
20348,0
20349,2
20350,1
20351,2
20352,1
20353,2
20354,1
20355,1
20356,1
20357,1
20358,0
20359,1
20360,2
20361,1
20362,2
20363,2
20364,2
20365,1
20366,2
20367,2
20368,0
20369,0
20370,1
20371,0
20372,2
20373,2
20374,1
20375,1
20376,1
20377,0
20378,1
20379,0
20380,0
20381,2
20382,2
20383,2
20384,0
20385,1
20386,2
20387,0
20388,2
20389,1
20390,0
20391,1
20392,2
20393,1
20394,2
20395,1
20396,1
20397,1
20398,2
20399,2
20400,0
20401,1
20402,2
20403,2
20404,0
20405,1
20406,2
20407,0
20408,1
20409,2
20410,1
20411,0
20412,2
20413,2
20414,0
20415,1
20416,1
20417,0
20418,0
20419,1
20420,2
20421,2
20422,2
20423,2
20424,1
20425,0
20426,0
20427,0
20428,1
20429,1
20430,1
20431,1
20432,1
20433,1
20434,1
20435,2
20436,0
20437,0
20438,1
20439,2
20440,1
20441,1
20442,1
20443,0
20444,1
20445,1
20446,1
20447,1
20448,1
20449,1
20450,1
20451,1
20452,0
20453,0
20454,1
20455,1
20456,0
20457,2
20458,2
20459,0
20460,2
20461,0
20462,1
20463,1
20464,1
20465,1
20466,0
20467,0
20468,2
20469,1
20470,1
20471,0
20472,1
20473,2
20474,1
20475,0
20476,0
20477,2
20478,0
20479,2
20480,0
20481,2
20482,1
20483,1
20484,0
20485,0
20486,1
20487,1
20488,0
20489,2
20490,0
20491,0
20492,2
20493,0
20494,1
20495,0
20496,1
20497,0
20498,2
20499,0
20500,0
20501,1
20502,1
20503,1
20504,0
20505,1
20506,2
20507,1
20508,0
20509,1
20510,2
20511,2
20512,2
20513,1
20514,0
20515,1
20516,1
20517,0
20518,1
20519,0
20520,1
20521,0
20522,2
20523,1
20524,2
20525,2
20526,1
20527,1
20528,2
20529,1
20530,0
20531,1
20532,0
20533,2
20534,1
20535,0
20536,1
20537,1
20538,0
20539,1
20540,1
20541,2
20542,2
20543,1
20544,1
20545,0
20546,0
20547,2
20548,2
20549,1
20550,0
20551,2
20552,2
20553,2
20554,1
20555,1
20556,1
20557,2
20558,1
20559,2
20560,1
20561,1
20562,0
20563,1
20564,0
20565,0
20566,1
20567,1
20568,2
20569,2
20570,2
20571,0
20572,0
20573,2
20574,2
20575,0
20576,1
20577,0
20578,0
20579,0
20580,1
20581,2
20582,1
20583,0
20584,0
20585,0
20586,0
20587,2
20588,2
20589,2
20590,2
20591,2
20592,0
20593,0
20594,0
20595,0
20596,1
20597,1
20598,0
20599,1
20600,2
20601,2
20602,0
20603,0
20604,1
20605,2
20606,2
20607,0
20608,0
20609,1
20610,0
20611,0
20612,0
20613,1
20614,0
20615,1
20616,0
20617,2
20618,0
20619,0
20620,2
20621,0
20622,1
20623,2
20624,2
20625,0
20626,1
20627,2
20628,0
20629,1
20630,1
20631,0
20632,2
20633,2
20634,0
20635,0
20636,0
20637,1
20638,0
20639,1
20640,1
20641,1
20642,2
20643,1
20644,0
20645,2
20646,0
20647,0
20648,1
20649,1
20650,2
20651,0
20652,0
20653,0
20654,1
20655,0
20656,0
20657,0
20658,0
20659,0
20660,1
20661,1
20662,0
20663,0
20664,1
20665,1
20666,0
20667,0
20668,1
20669,1
20670,1
20671,0
20672,0
20673,0
20674,1
20675,2
20676,1
20677,2
20678,1
20679,1
20680,1
20681,0
20682,2
20683,0
20684,0
20685,0
20686,2
20687,0
20688,1
20689,1
20690,2
20691,0
20692,2
20693,1
20694,1
20695,1
20696,0
20697,1
20698,0
20699,1
20700,0
20701,2
20702,0
20703,2
20704,1
20705,1
20706,2
20707,1
20708,1
20709,1
20710,2
20711,1
20712,1
20713,2
20714,1
20715,0
20716,0
20717,0
20718,1
20719,1
20720,2
20721,0
20722,2
20723,1
20724,1
20725,2
20726,2
20727,0
20728,1
20729,0
20730,2
20731,1
20732,1
20733,1
20734,0
20735,1
20736,2
20737,0
20738,0
20739,1
20740,1
20741,2
20742,0
20743,0
20744,1
20745,0
20746,2
20747,1
20748,2
20749,0
20750,0
20751,0
20752,0
20753,2
20754,0
20755,2
20756,2
20757,2
20758,2
20759,0
20760,2
20761,2
20762,1
20763,1
20764,0
20765,0
20766,1
20767,1
20768,2
20769,2
20770,1
20771,1
20772,2
20773,1
20774,0
20775,1
20776,0
20777,2
20778,1
20779,1
20780,2
20781,2
20782,0
20783,1
20784,2
20785,0
20786,2
20787,2
20788,0
20789,1
20790,1
20791,1
20792,1
20793,2
20794,0
20795,2
20796,1
20797,0
20798,0
20799,2
20800,0
20801,2
20802,0
20803,1
20804,0
20805,2
20806,2
20807,1
20808,0
20809,1
20810,1
20811,2
20812,2
20813,0
20814,0
20815,0
20816,2
20817,0
20818,0
20819,0
20820,0
20821,1
20822,0
20823,0
20824,0
20825,1
20826,1
20827,1
20828,2
20829,2
20830,2
20831,2
20832,2
20833,2
20834,0
20835,1
20836,2
20837,0
20838,2
20839,2
20840,2
20841,0
20842,1
20843,0
20844,1
20845,0
20846,0
20847,2
20848,1
20849,2
20850,0
20851,1
20852,1
20853,0
20854,1
20855,2
20856,0
20857,1
20858,1
20859,2
20860,1
20861,1
20862,1
20863,1
20864,1
20865,0
20866,2
20867,1
20868,0
20869,2
20870,1
20871,0
20872,1
20873,2
20874,0
20875,2
20876,1
20877,0
20878,0
20879,1
20880,0
20881,0
20882,0
20883,1
20884,0
20885,1
20886,0
20887,1
20888,1
20889,2
20890,0
20891,1
20892,1
20893,0
20894,2
20895,1
20896,1
20897,1
20898,1
20899,1
20900,0
20901,1
20902,2
20903,2
20904,1
20905,0
20906,0
20907,1
20908,2
20909,0
20910,1
20911,2
20912,2
20913,2
20914,1
20915,0
20916,1
20917,2
20918,1
20919,1
20920,0
20921,0
20922,2
20923,2
20924,0
20925,1
20926,1
20927,2
20928,2
20929,0
20930,1
20931,0
20932,2
20933,2
20934,0
20935,0
20936,0
20937,0
20938,1
20939,2
20940,0
20941,2
20942,0
20943,0
20944,0
20945,1
20946,2
20947,1
20948,1
20949,1
20950,1
20951,1
20952,1
20953,1
20954,0
20955,2
20956,0
20957,1
20958,1
20959,1
20960,2
20961,1
20962,0
20963,1
20964,1
20965,0
20966,2
20967,0
20968,2
20969,1
20970,0
20971,0
20972,1
20973,2
20974,0
20975,2
20976,1
20977,1
20978,1
20979,2
20980,2
20981,0
20982,0
20983,1
20984,2
20985,2
20986,1
20987,2
20988,1
20989,1
20990,1
20991,0
20992,0
20993,0
20994,1
20995,0
20996,0
20997,2
20998,0
20999,1
21000,2
21001,0
21002,1
21003,1
21004,0
21005,0
21006,0
21007,2
21008,1
21009,0
21010,1
21011,1
21012,2
21013,1
21014,0
21015,0
21016,0
21017,0
21018,0
21019,1
21020,0
21021,1
21022,2
21023,1
21024,0
21025,2
21026,0
21027,0
21028,0
21029,2
21030,2
21031,0
21032,1
21033,0
21034,1
21035,0
21036,1
21037,0
21038,2
21039,1
21040,2
21041,1
21042,1
21043,2
21044,0
21045,0
21046,2
21047,2
21048,1
21049,1
21050,2
21051,0
21052,1
21053,0
21054,2
21055,1
21056,1
21057,1
21058,1
21059,0
21060,1
21061,2
21062,1
21063,0
21064,2
21065,1
21066,0
21067,1
21068,2
21069,1
21070,2
21071,0
21072,2
21073,1
21074,1
21075,2
21076,1
21077,0
21078,2
21079,2
21080,0
21081,2
21082,0
21083,1
21084,0
21085,2
21086,1
21087,0
21088,0
21089,1
21090,0
21091,1
21092,1
21093,0
21094,0
21095,2
21096,0
21097,1
21098,1
21099,1
21100,0
21101,2
21102,2
21103,0
21104,0
21105,1
21106,2
21107,1
21108,1
21109,1
21110,0
21111,1
21112,2
21113,2
21114,2
21115,2
21116,1
21117,0
21118,1
21119,1
21120,1
21121,1
21122,0
21123,0
21124,2
21125,0
21126,1
21127,0
21128,0
21129,0
21130,0
21131,0
21132,1
21133,2
21134,2
21135,1
21136,1
21137,0
21138,1
21139,2
21140,2
21141,2
21142,2
21143,1
21144,1
21145,0
21146,1
21147,2
21148,0
21149,0
21150,1
21151,1
21152,2
21153,0
21154,1
21155,0
21156,2
21157,1
21158,1
21159,2
21160,1
21161,1
21162,0
21163,2
21164,2
21165,1
21166,1
21167,1
21168,1
21169,0
21170,0
21171,1
21172,2
21173,2
21174,0
21175,0
21176,1
21177,0
21178,2
21179,0
21180,2
21181,1
21182,0
21183,0
21184,1
21185,0
21186,1
21187,1
21188,0
21189,0
21190,1
21191,1
21192,1
21193,1
21194,1
21195,0
21196,0
21197,0
21198,0
21199,1
21200,1
21201,2
21202,0
21203,1
21204,0
21205,0
21206,1
21207,2
21208,0
21209,1
21210,1
21211,1
21212,0
21213,0
21214,1
21215,1
21216,1
21217,1
21218,1
21219,1
21220,2
21221,1
21222,1
21223,2
21224,2
21225,2
21226,2
21227,0
21228,2
21229,0
21230,0
21231,1
21232,0
21233,1
21234,1
21235,2
21236,0
21237,2
21238,0
21239,1
21240,1
21241,1
21242,0
21243,0
21244,1
21245,2
21246,1
21247,0
21248,2
21249,1
21250,0
21251,1
21252,2
21253,2
21254,1
21255,0
21256,2
21257,1
21258,1
21259,1
21260,2
21261,2
21262,1
21263,1
21264,2
21265,2
21266,0
21267,1
21268,1
21269,0
21270,2
21271,0
21272,0
21273,2
21274,0
21275,0
21276,2
21277,1
21278,1
21279,2
21280,0
21281,1
21282,0
21283,1
21284,1
21285,1
21286,1
21287,1
21288,0
21289,1
21290,1
21291,0
21292,1
21293,2
21294,2
21295,2
21296,2
21297,1
21298,2
21299,2
21300,0
21301,1
21302,2
21303,0
21304,0
21305,1
21306,0
21307,1
21308,0
21309,2
21310,0
21311,0
21312,2
21313,2
21314,2
21315,0
21316,1
21317,1
21318,0
21319,2
21320,2
21321,2
21322,1
21323,2
21324,1
21325,0
21326,1
21327,1
21328,0
21329,0
21330,1
21331,0
21332,1
21333,2
21334,0
21335,2
21336,0
21337,0
21338,0
21339,2
21340,1
21341,2
21342,1
21343,0
21344,0
21345,0
21346,2
21347,1
21348,0
21349,1
21350,0
21351,1
21352,1
21353,2
21354,1
21355,2
21356,1
21357,1
21358,0
21359,1
21360,1
21361,0
21362,1
21363,0
21364,2
21365,2
21366,2
21367,1
21368,0
21369,2
21370,1
21371,1
21372,0
21373,2
21374,2
21375,1
21376,0
21377,0
21378,0
21379,1
21380,2
21381,0
21382,0
21383,2
21384,1
21385,2
21386,0
21387,0
21388,2
21389,1
21390,0
21391,0
21392,1
21393,2
21394,2
21395,1
21396,1
21397,2
21398,0
21399,2
21400,0
21401,2
21402,1
21403,1
21404,0
21405,0
21406,1
21407,1
21408,1
21409,2
21410,1
21411,1
21412,2
21413,2
21414,1
21415,1
21416,1
21417,2
21418,1
21419,1
21420,0
21421,1
21422,2
21423,0
21424,2
21425,1
21426,1
21427,2
21428,0
21429,0
21430,1
21431,0
21432,0
21433,2
21434,1
21435,1
21436,1
21437,0
21438,2
21439,2
21440,0
21441,1
21442,1
21443,1
21444,1
21445,1
21446,0
21447,1
21448,1
21449,0
21450,1
21451,0
21452,2
21453,1
21454,2
21455,2
21456,1
21457,1
21458,2
21459,0
21460,0
21461,2
21462,0
21463,0
21464,2
21465,0
21466,0
21467,1
21468,0
21469,0
21470,2
21471,0
21472,1
21473,1
21474,1
21475,1
21476,1
21477,0
21478,1
21479,0
21480,0
21481,0
21482,1
21483,0
21484,2
21485,0
21486,0
21487,0
21488,1
21489,1
21490,1
21491,2
21492,0
21493,0
21494,0
21495,2
21496,1
21497,2
21498,1
21499,0
21500,1
21501,1
21502,1
21503,2
21504,2
21505,0
21506,1
21507,1
21508,2
21509,2
21510,1
21511,2
21512,0
21513,0
21514,0
21515,1
21516,0
21517,0
21518,1
21519,0
21520,0
21521,2
21522,0
21523,0
21524,1
21525,1
21526,0
21527,1
21528,1
21529,1
21530,0
21531,0
21532,0
21533,0
21534,0
21535,1
21536,2
21537,1
21538,1
21539,1
21540,1
21541,0
21542,1
21543,0
21544,0
21545,0
21546,0
21547,0
21548,0
21549,2
21550,1
21551,2
21552,0
21553,1
21554,2
21555,2
21556,2
21557,2
21558,0
21559,0
21560,2
21561,1
21562,0
21563,1
21564,1
21565,1
21566,1
21567,2
21568,1
21569,2
21570,1
21571,0
21572,0
21573,0
21574,1
21575,2
21576,1
21577,2
21578,2
21579,2
21580,1
21581,2
21582,0
21583,0
21584,2
21585,0
21586,1
21587,0
21588,2
21589,0
21590,2
21591,0
21592,0
21593,1
21594,2
21595,2
21596,1
21597,0
21598,1
21599,2
21600,0
21601,0
21602,2
21603,2
21604,1
21605,1
21606,0
21607,0
21608,1
21609,0
21610,0
21611,0
21612,0
21613,0
21614,2
21615,1
21616,1
21617,0
21618,1
21619,0
21620,1
21621,1
21622,1
21623,2
21624,1
21625,0
21626,1
21627,1
21628,0
21629,1
21630,0
21631,2
21632,0
21633,2
21634,0
21635,1
21636,0
21637,0
21638,1
21639,2
21640,0
21641,1
21642,0
21643,0
21644,1
21645,2
21646,2
21647,2
21648,2
21649,1
21650,2
21651,1
21652,2
21653,2
21654,1
21655,2
21656,0
21657,2
21658,2
21659,0
21660,1
21661,1
21662,0
21663,2
21664,0
21665,0
21666,0
21667,1
21668,0
21669,0
21670,0
21671,0
21672,1
21673,1
21674,2
21675,2
21676,1
21677,0
21678,2
21679,0
21680,0
21681,0
21682,2
21683,2
21684,2
21685,2
21686,0
21687,1
21688,2
21689,0
21690,1
21691,2
21692,1
21693,0
21694,0
21695,2
21696,2
21697,2
21698,0
21699,1
21700,2
21701,2
21702,2
21703,1
21704,0
21705,0
21706,1
21707,0
21708,0
21709,2
21710,2
21711,2
21712,2
21713,2
21714,2
21715,1
21716,0
21717,1
21718,0
21719,1
21720,1
21721,2
21722,2
21723,1
21724,2
21725,1
21726,0
21727,1
21728,1
21729,1
21730,1
21731,1
21732,0
21733,2
21734,0
21735,0
21736,1
21737,1
21738,2
21739,2
21740,1
21741,0
21742,2
21743,2
21744,0
21745,0
21746,1
21747,0
21748,2
21749,2
21750,2
21751,1
21752,0
21753,1
21754,2
21755,1
21756,1
21757,0
21758,0
21759,2
21760,0
21761,0
21762,0
21763,1
21764,0
21765,2
21766,2
21767,1
21768,1
21769,1
21770,0
21771,2
21772,0
21773,1
21774,2
21775,2
21776,2
21777,0
21778,1
21779,0
21780,1
21781,2
21782,0
21783,2
21784,1
21785,1
21786,1
21787,0
21788,2
21789,2
21790,1
21791,0
21792,1
21793,1
21794,0
21795,0
21796,2
21797,1
21798,0
21799,0
21800,1
21801,2
21802,1
21803,1
21804,1
21805,2
21806,2
21807,1
21808,1
21809,2
21810,0
21811,1
21812,0
21813,1
21814,1
21815,1
21816,0
21817,1
21818,1
21819,1
21820,2
21821,1
21822,0
21823,2
21824,1
21825,1
21826,1
21827,0
21828,1
21829,1
21830,1
21831,1
21832,2
21833,1
21834,2
21835,0
21836,2
21837,2
21838,1
21839,1
21840,1
21841,2
21842,1
21843,2
21844,1
21845,2
21846,0
21847,1
21848,1
21849,0
21850,1
21851,0
21852,2
21853,0
21854,1
21855,0
21856,0
21857,0
21858,0
21859,0
21860,1
21861,1
21862,0
21863,1
21864,1
21865,0
21866,0
21867,0
21868,0
21869,1
21870,0
21871,2
21872,2
21873,1
21874,2
21875,2
21876,1
21877,1
21878,0
21879,0
21880,1
21881,2
21882,2
21883,1
21884,1
21885,0
21886,1
21887,1
21888,2
21889,1
21890,0
21891,1
21892,0
21893,0
21894,0
21895,1
21896,2
21897,1
21898,2
21899,2
21900,0
21901,2
21902,0
21903,0
21904,2
21905,0
21906,0
21907,1
21908,1
21909,0
21910,0
21911,1
21912,1
21913,1
21914,1
21915,1
21916,0
21917,0
21918,2
21919,0
21920,2
21921,2
21922,0
21923,2
21924,0
21925,1
21926,1
21927,2
21928,0
21929,1
21930,2
21931,0
21932,0
21933,1
21934,2
21935,2
21936,1
21937,0
21938,2
21939,0
21940,1
21941,2
21942,0
21943,2
21944,1
21945,1
21946,2
21947,1
21948,1
21949,2
21950,0
21951,0
21952,1
21953,2
21954,2
21955,2
21956,0
21957,2
21958,2
21959,1
21960,2
21961,0
21962,1
21963,1
21964,0
21965,2
21966,1
21967,1
21968,1
21969,2
21970,0
21971,2
21972,1
21973,0
21974,2
21975,0
21976,2
21977,0
21978,1
21979,1
21980,0
21981,0
21982,2
21983,0
21984,1
21985,1
21986,0
21987,1
21988,0
21989,2
21990,0
21991,1
21992,0
21993,2
21994,1
21995,0
21996,1
21997,1
21998,1
21999,1
22000,1
22001,1
22002,1
22003,0
22004,2
22005,0
22006,1
22007,0
22008,2
22009,2
22010,1
22011,0
22012,2
22013,2
22014,1
22015,1
22016,0
22017,2
22018,0
22019,2
22020,1
22021,0
22022,0
22023,2
22024,1
22025,1
22026,2
22027,2
22028,1
22029,1
22030,2
22031,1
22032,2
22033,1
22034,2
22035,2
22036,1
22037,1
22038,0
22039,0
22040,2
22041,0
22042,0
22043,1
22044,0
22045,0
22046,1
22047,0
22048,1
22049,1
22050,0
22051,2
22052,0
22053,1
22054,1
22055,0
22056,0
22057,0
22058,1
22059,0
22060,1
22061,2
22062,0
22063,1
22064,1
22065,0
22066,1
22067,0
22068,1
22069,0
22070,0
22071,2
22072,1
22073,2
22074,1
22075,0
22076,0
22077,2
22078,2
22079,0
22080,2
22081,1
22082,1
22083,1
22084,2
22085,1
22086,2
22087,2
22088,0
22089,0
22090,0
22091,0
22092,1
22093,0
22094,1
22095,2
22096,2
22097,2
22098,0
22099,0
22100,2
22101,0
22102,0
22103,2
22104,2
22105,1
22106,2
22107,1
22108,0
22109,2
22110,2
22111,1
22112,1
22113,2
22114,0
22115,1
22116,1
22117,0
22118,0
22119,0
22120,0
22121,2
22122,0
22123,1
22124,0
22125,2
22126,0
22127,0
22128,1
22129,0
22130,1
22131,0
22132,2
22133,0
22134,1
22135,1
22136,0
22137,1
22138,1
22139,0
22140,1
22141,1
22142,0
22143,0
22144,0
22145,1
22146,0
22147,0
22148,1
22149,0
22150,0
22151,0
22152,0
22153,0
22154,2
22155,0
22156,0
22157,0
22158,2
22159,1
22160,1
22161,1
22162,0
22163,0
22164,0
22165,0
22166,1
22167,0
22168,2
22169,1
22170,2
22171,0
22172,1
22173,0
22174,0
22175,1
22176,2
22177,2
22178,2
22179,0
22180,2
22181,1
22182,2
22183,2
22184,1
22185,0
22186,2
22187,2
22188,0
22189,1
22190,0
22191,1
22192,1
22193,0
22194,0
22195,1
22196,0
22197,2
22198,0
22199,2
22200,1
22201,2
22202,2
22203,0
22204,1
22205,1
22206,2
22207,2
22208,1
22209,1
22210,0
22211,1
22212,1
22213,2
22214,1
22215,0
22216,1
22217,2
22218,1
22219,1
22220,0
22221,0
22222,2
22223,0
22224,0
22225,1
22226,2
22227,2
22228,1
22229,0
22230,2
22231,1
22232,2
22233,2
22234,1
22235,2
22236,0
22237,0
22238,1
22239,0
22240,1
22241,2
22242,0
22243,1
22244,2
22245,1
22246,2
22247,0
22248,1
22249,0
22250,2
22251,0
22252,2
22253,1
22254,2
22255,0
22256,0
22257,1
22258,1
22259,0
22260,2
22261,2
22262,2
22263,2
22264,2
22265,1
22266,2
22267,0
22268,0
22269,0
22270,0
22271,1
22272,0
22273,0
22274,1
22275,1
22276,2
22277,0
22278,2
22279,2
22280,1
22281,2
22282,1
22283,0
22284,2
22285,1
22286,0
22287,1
22288,0
22289,1
22290,1
22291,1
22292,1
22293,2
22294,2
22295,1
22296,0
22297,1
22298,2
22299,1
22300,2
22301,1
22302,1
22303,2
22304,1
22305,0
22306,2
22307,1
22308,0
22309,1
22310,0
22311,1
22312,1
22313,0
22314,2
22315,1
22316,2
22317,1
22318,1
22319,0
22320,0
22321,0
22322,1
22323,0
22324,0
22325,2
22326,0
22327,2
22328,1
22329,1
22330,1
22331,1
22332,2
22333,0
22334,1
22335,1
22336,1
22337,0
22338,2
22339,0
22340,1
22341,1
22342,1
22343,0
22344,0
22345,1
22346,0
22347,2
22348,2
22349,2
22350,2
22351,1
22352,0
22353,2
22354,2
22355,0
22356,0
22357,0
22358,1
22359,1
22360,0
22361,2
22362,2
22363,0
22364,0
22365,1
22366,2
22367,2
22368,1
22369,0
22370,0
22371,2
22372,1
22373,0
22374,2
22375,0
22376,1
22377,1
22378,1
22379,2
22380,1
22381,1
22382,0
22383,2
22384,0
22385,0
22386,2
22387,0
22388,0
22389,1
22390,0
22391,1
22392,0
22393,2
22394,2
22395,2
22396,1
22397,1
22398,2
22399,2
22400,0
22401,1
22402,1
22403,2
22404,2
22405,0
22406,2
22407,1
22408,0
22409,0
22410,1
22411,0
22412,0
22413,1
22414,0
22415,0
22416,2
22417,0
22418,1
22419,1
22420,0
22421,2
22422,0
22423,0
22424,1
22425,2
22426,1
22427,0
22428,0
22429,1
22430,0
22431,1
22432,2
22433,1
22434,1
22435,0
22436,1
22437,0
22438,2
22439,2
22440,1
22441,0
22442,0
22443,2
22444,1
22445,2
22446,2
22447,1
22448,2
22449,0
22450,2
22451,0
22452,1
22453,2
22454,0
22455,2
22456,1
22457,0
22458,0
22459,0
22460,1
22461,2
22462,2
22463,2
22464,0
22465,1
22466,2
22467,0
22468,1
22469,1
22470,1
22471,0
22472,1
22473,2
22474,2
22475,0
22476,1
22477,2
22478,2
22479,2
22480,2
22481,1
22482,0
22483,0
22484,1
22485,1
22486,0
22487,1
22488,0
22489,1
22490,2
22491,1
22492,1
22493,0
22494,1
22495,0
22496,0
22497,1
22498,0
22499,2
22500,1
22501,1
22502,2
22503,0
22504,0
22505,0
22506,0
22507,0
22508,2
22509,0
22510,2
22511,0
22512,2
22513,2
22514,2
22515,0
22516,0
22517,0
22518,1
22519,1
22520,1
22521,0
22522,1
22523,0
22524,2
22525,0
22526,1
22527,1
22528,2
22529,1
22530,1
22531,0
22532,2
22533,0
22534,0
22535,1
22536,0
22537,2
22538,0
22539,0
22540,1
22541,2
22542,1
22543,1
22544,2
22545,0
22546,0
22547,0
22548,0
22549,2
22550,1
22551,0
22552,0
22553,2
22554,1
22555,1
22556,1
22557,1
22558,0
22559,0
22560,0
22561,1
22562,0
22563,0
22564,1
22565,1
22566,0
22567,1
22568,1
22569,0
22570,0
22571,0
22572,2
22573,0
22574,1
22575,0
22576,2
22577,0
22578,1
22579,2
22580,1
22581,0
22582,2
22583,0
22584,1
22585,0
22586,1
22587,1
22588,0
22589,1
22590,0
22591,0
22592,2
22593,0
22594,1
22595,1
22596,0
22597,0
22598,0
22599,1
22600,2
22601,0
22602,1
22603,2
22604,0
22605,2
22606,0
22607,2
22608,1
22609,1
22610,2
22611,1
22612,2
22613,2
22614,2
22615,1
22616,2
22617,1
22618,1
22619,2
22620,2
22621,1
22622,2
22623,0
22624,1
22625,0
22626,1
22627,1
22628,0
22629,1
22630,1
22631,0
22632,2
22633,1
22634,1
22635,0
22636,2
22637,0
22638,1
22639,0
22640,2
22641,0
22642,1
22643,1
22644,0
22645,2
22646,2
22647,0
22648,0
22649,1
22650,2
22651,2
22652,0
22653,0
22654,0
22655,0
22656,1
22657,2
22658,1
22659,1
22660,0
22661,0
22662,0
22663,2
22664,0
22665,1
22666,0
22667,1
22668,0
22669,2
22670,2
22671,2
22672,0
22673,1
22674,1
22675,1
22676,2
22677,1
22678,2
22679,1
22680,0
22681,0
22682,1
22683,2
22684,1
22685,1
22686,0
22687,2
22688,0
22689,1
22690,1
22691,0
22692,1
22693,2
22694,1
22695,2
22696,0
22697,1
22698,1
22699,0
22700,2
22701,1
22702,0
22703,0
22704,1
22705,0
22706,2
22707,0
22708,2
22709,1
22710,1
22711,1
22712,0
22713,2
22714,1
22715,2
22716,2
22717,1
22718,1
22719,1
22720,2
22721,0
22722,2
22723,0
22724,0
22725,0
22726,0
22727,2
22728,0
22729,2
22730,1
22731,0
22732,0
22733,1
22734,0
22735,1
22736,1
22737,1
22738,1
22739,0
22740,1
22741,0
22742,1
22743,1
22744,2
22745,1
22746,0
22747,1
22748,1
22749,0
22750,0
22751,1
22752,2
22753,0
22754,1
22755,1
22756,1
22757,1
22758,1
22759,0
22760,2
22761,1
22762,0
22763,2
22764,1
22765,1
22766,0
22767,1
22768,0
22769,2
22770,0
22771,1
22772,1
22773,1
22774,0
22775,1
22776,2
22777,1
22778,2
22779,1
22780,2
22781,1
22782,2
22783,2
22784,1
22785,1
22786,1
22787,0
22788,2
22789,1
22790,1
22791,1
22792,1
22793,0
22794,1
22795,0
22796,1
22797,2
22798,0
22799,2
22800,0
22801,0
22802,2
22803,2
22804,0
22805,1
22806,2
22807,0
22808,1
22809,2
22810,1
22811,0
22812,0
22813,0
22814,2
22815,2
22816,2
22817,0
22818,2
22819,1
22820,0
22821,1
22822,1
22823,2
22824,1
22825,1
22826,0
22827,1
22828,1
22829,0
22830,2
22831,0
22832,1
22833,2
22834,2
22835,2
22836,1
22837,2
22838,1
22839,2
22840,0
22841,1
22842,0
22843,1
22844,1
22845,1
22846,1
22847,2
22848,2
22849,1
22850,0
22851,2
22852,0
22853,1
22854,2
22855,1
22856,2
22857,2
22858,1
22859,2
22860,1
22861,2
22862,1
22863,0
22864,0
22865,1
22866,1
22867,1
22868,1
22869,2
22870,0
22871,2
22872,0
22873,2
22874,2
22875,0
22876,0
22877,1
22878,0
22879,0
22880,2
22881,1
22882,1
22883,1
22884,1
22885,1
22886,0
22887,0
22888,1
22889,1
22890,2
22891,0
22892,0
22893,2
22894,1
22895,0
22896,0
22897,1
22898,1
22899,0
22900,0
22901,1
22902,1
22903,1
22904,2
22905,1
22906,0
22907,0
22908,1
22909,0
22910,2
22911,0
22912,1
22913,0
22914,0
22915,0
22916,0
22917,1
22918,0
22919,2
22920,0
22921,0
22922,1
22923,0
22924,1
22925,2
22926,0
22927,1
22928,1
22929,0
22930,1
22931,0
22932,2
22933,1
22934,2
22935,1
22936,1
22937,0
22938,1
22939,0
22940,2
22941,0
22942,2
22943,0
22944,0
22945,0
22946,0
22947,2
22948,2
22949,0
22950,1
22951,0
22952,1
22953,0
22954,0
22955,0
22956,1
22957,1
22958,0
22959,1
22960,1
22961,0
22962,1
22963,1
22964,0
22965,2
22966,0
22967,1
22968,0
22969,0
22970,0
22971,1
22972,2
22973,2
22974,1
22975,0
22976,1
22977,0
22978,1
22979,0
22980,0
22981,2
22982,0
22983,1
22984,0
22985,1
22986,0
22987,0
22988,0
22989,1
22990,0
22991,0
22992,1
22993,0
22994,1
22995,1
22996,1
22997,2
22998,0
22999,0
23000,1
23001,0
23002,0
23003,0
23004,0
23005,2
23006,1
23007,1
23008,0
23009,0
23010,1
23011,1
23012,0
23013,1
23014,0
23015,0
23016,1
23017,0
23018,2
23019,0
23020,1
23021,1
23022,2
23023,2
23024,2
23025,1
23026,1
23027,1
23028,0
23029,2
23030,0
23031,1
23032,0
23033,0
23034,0
23035,1
23036,1
23037,0
23038,0
23039,0
23040,2
23041,1
23042,1
23043,2
23044,1
23045,0
23046,1
23047,2
23048,0
23049,1
23050,0
23051,1
23052,2
23053,2
23054,0
23055,2
23056,0
23057,1
23058,1
23059,1
23060,1
23061,1
23062,1
23063,2
23064,1
23065,0
23066,2
23067,1
23068,2
23069,1
23070,1
23071,1
23072,1
23073,2
23074,0
23075,0
23076,2
23077,0
23078,1
23079,1
23080,2
23081,0
23082,0
23083,0
23084,2
23085,2
23086,2
23087,2
23088,0
23089,1
23090,1
23091,0
23092,1
23093,2
23094,2
23095,0
23096,2
23097,1
23098,1
23099,2
23100,2
23101,0
23102,1
23103,2
23104,0
23105,1
23106,0
23107,0
23108,0
23109,0
23110,2
23111,1
23112,1
23113,0
23114,0
23115,2
23116,0
23117,0
23118,0
23119,0
23120,0
23121,1
23122,1
23123,1
23124,2
23125,0
23126,0
23127,0
23128,2
23129,1
23130,2
23131,1
23132,1
23133,0
23134,2
23135,0
23136,1
23137,0
23138,2
23139,0
23140,1
23141,0
23142,2
23143,1
23144,1
23145,1
23146,2
23147,2
23148,2
23149,0
23150,1
23151,1
23152,1
23153,0
23154,0
23155,1
23156,2
23157,2
23158,0
23159,0
23160,2
23161,1
23162,2
23163,1
23164,0
23165,1
23166,1
23167,0
23168,0
23169,1
23170,1
23171,1
23172,2
23173,2
23174,1
23175,1
23176,0
23177,1
23178,1
23179,0
23180,2
23181,2
23182,0
23183,1
23184,2
23185,1
23186,1
23187,0
23188,1
23189,0
23190,0
23191,0
23192,2
23193,1
23194,0
23195,0
23196,1
23197,2
23198,0
23199,2
23200,0
23201,1
23202,0
23203,0
23204,0
23205,2
23206,0
23207,1
23208,2
23209,1
23210,0
23211,0
23212,0
23213,0
23214,0
23215,1
23216,0
23217,0
23218,2
23219,0
23220,2
23221,2
23222,1
23223,2
23224,1
23225,0
23226,0
23227,2
23228,2
23229,2
23230,1
23231,1
23232,1
23233,2
23234,0
23235,1
23236,0
23237,1
23238,1
23239,1
23240,0
23241,1
23242,1
23243,2
23244,2
23245,0
23246,1
23247,0
23248,2
23249,2
23250,1
23251,1
23252,0
23253,0
23254,2
23255,0
23256,1
23257,1
23258,0
23259,1
23260,2
23261,1
23262,1
23263,2
23264,2
23265,1
23266,0
23267,2
23268,1
23269,2
23270,1
23271,2
23272,0
23273,2
23274,1
23275,1
23276,1
23277,1
23278,1
23279,1
23280,2
23281,1
23282,0
23283,2
23284,2
23285,1
23286,0
23287,1
23288,0
23289,2
23290,1
23291,0
23292,0
23293,1
23294,2
23295,1
23296,0
23297,1
23298,1
23299,1
23300,0
23301,1
23302,0
23303,1
23304,2
23305,0
23306,2
23307,1
23308,2
23309,0
23310,1
23311,0
23312,1
23313,1
23314,0
23315,2
23316,0
23317,1
23318,1
23319,1
23320,1
23321,2
23322,1
23323,1
23324,1
23325,1
23326,1
23327,0
23328,0
23329,0
23330,0
23331,1
23332,2
23333,0
23334,1
23335,2
23336,1
23337,0
23338,1
23339,1
23340,0
23341,1
23342,2
23343,0
23344,2
23345,0
23346,1
23347,1
23348,0
23349,1
23350,0
23351,1
23352,0
23353,1
23354,0
23355,1
23356,1
23357,2
23358,0
23359,1
23360,0
23361,0
23362,0
23363,1
23364,1
23365,0
23366,1
23367,1
23368,1
23369,1
23370,1
23371,2
23372,0
23373,0
23374,0
23375,0
23376,1
23377,1
23378,1
23379,1
23380,0
23381,1
23382,1
23383,0
23384,1
23385,1
23386,1
23387,1
23388,0
23389,0
23390,0
23391,0
23392,0
23393,1
23394,2
23395,1
23396,0
23397,1
23398,1
23399,0
23400,0
23401,2
23402,0
23403,0
23404,0
23405,0
23406,0
23407,2
23408,0
23409,0
23410,0
23411,1
23412,1
23413,0
23414,0
23415,1
23416,1
23417,2
23418,0
23419,2
23420,0
23421,1
23422,1
23423,0
23424,0
23425,1
23426,0
23427,1
23428,1
23429,1
23430,1
23431,1
23432,2
23433,1
23434,1
23435,2
23436,1
23437,1
23438,1
23439,0
23440,2
23441,2
23442,1
23443,1
23444,1
23445,0
23446,0
23447,2
23448,0
23449,1
23450,0
23451,2
23452,1
23453,1
23454,0
23455,1
23456,0
23457,1
23458,0
23459,1
23460,2
23461,2
23462,1
23463,1
23464,0
23465,2
23466,1
23467,0
23468,0
23469,0
23470,0
23471,0
23472,1
23473,2
23474,2
23475,0
23476,0
23477,1
23478,0
