index,cluster
0,0
1,2
2,2
3,0
4,2
5,0
6,0
7,0
8,2
9,0
10,2
11,2
12,0
13,2
14,1
15,0
16,2
17,0
18,2
19,2
20,2
21,0
22,2
23,2
24,2
25,0
26,0
27,0
28,0
29,0
30,1
31,2
32,2
33,2
34,2
35,2
36,2
37,2
38,2
39,0
40,2
41,0
42,1
43,2
44,2
45,0
46,2
47,2
48,2
49,1
50,2
51,0
52,2
53,0
54,2
55,2
56,0
57,2
58,2
59,2
60,2
61,2
62,0
63,2
64,2
65,2
66,2
67,0
68,0
69,2
70,2
71,2
72,2
73,2
74,2
75,2
76,2
77,2
78,0
79,2
80,0
81,2
82,0
83,2
84,2
85,2
86,2
87,2
88,2
89,2
90,2
91,0
92,2
93,0
94,2
95,0
96,1
97,2
98,2
99,2
100,0
101,2
102,0
103,2
104,0
105,2
106,2
107,2
108,2
109,0
110,2
111,0
112,2
113,2
114,2
115,2
116,0
117,0
118,2
119,0
120,2
121,0
122,2
123,2
124,2
125,0
126,2
127,2
128,0
129,0
130,0
131,2
132,0
133,2
134,2
135,2
136,2
137,0
138,2
139,0
140,0
141,0
142,2
143,0
144,0
145,2
146,2
147,0
148,2
149,2
150,0
151,0
152,0
153,1
154,2
155,2
156,2
157,2
158,2
159,0
160,2
161,0
162,2
163,0
164,2
165,2
166,0
167,2
168,0
169,2
170,1
171,2
172,0
173,0
174,2
175,2
176,2
177,2
178,2
179,0
180,1
181,0
182,0
183,0
184,2
185,2
186,2
187,2
188,1
189,0
190,0
191,0
192,0
193,0
194,2
195,2
196,2
197,2
198,2
199,0
200,0
201,0
202,0
203,0
204,0
205,2
206,2
207,2
208,2
209,0
210,2
211,2
212,2
213,2
214,0
215,2
216,0
217,0
218,2
219,0
220,2
221,0
222,2
223,0
224,0
225,0
226,2
227,0
228,2
229,0
230,2
231,0
232,0
233,2
234,0
235,2
236,1
237,2
238,0
239,2
240,2
241,0
242,0
243,2
244,0
245,2
246,2
247,2
248,0
249,2
250,2
251,0
252,2
253,0
254,0
255,0
256,0
257,2
258,2
259,0
260,0
261,2
262,2
263,0
264,2
265,2
266,2
267,2
268,0
269,2
270,2
271,0
272,2
273,0
274,2
275,2
276,2
277,2
278,0
279,1
280,2
281,2
282,2
283,0
284,0
285,2
286,0
287,2
288,1
289,2
290,2
291,0
292,0
293,0
294,2
295,0
296,2
297,0
298,2
299,2
300,0
301,0
302,0
303,2
304,2
305,2
306,2
307,2
308,0
309,2
310,2
311,2
312,2
313,0
314,0
315,2
316,0
317,0
318,2
319,2
320,2
321,2
322,0
323,2
324,2
325,2
326,0
327,2
328,0
329,0
330,0
331,0
332,1
333,0
334,0
335,0
336,0
337,2
338,2
339,2
340,0
341,0
342,2
343,2
344,0
345,0
346,0
347,0
348,2
349,2
350,2
351,2
352,0
353,0
354,0
355,2
356,2
357,0
358,0
359,0
360,2
361,2
362,0
363,0
364,2
365,0
366,0
367,0
368,0
369,2
370,0
371,0
372,2
373,0
374,0
375,2
376,2
377,0
378,2
379,0
380,2
381,2
382,2
383,0
384,2
385,0
386,2
387,0
388,2
389,0
390,2
391,0
392,2
393,2
394,0
395,0
396,2
397,1
398,1
399,0
400,2
401,2
402,0
403,2
404,0
405,2
406,0
407,0
408,2
409,2
410,2
411,0
412,2
413,0
414,0
415,2
416,2
417,2
418,0
419,2
420,2
421,0
422,0
423,0
424,2
425,2
426,2
427,0
428,0
429,2
430,0
431,0
432,0
433,2
434,0
435,2
436,2
437,2
438,0
439,1
440,0
441,2
442,2
443,2
444,0
445,0
446,2
447,2
448,2
449,2
450,0
451,0
452,0
453,2
454,2
455,2
456,2
457,2
458,2
459,0
460,2
461,0
462,0
463,2
464,1
465,2
466,0
467,2
468,2
469,0
470,2
471,1
472,0
473,0
474,1
475,0
476,2
477,0
478,0
479,2
480,0
481,0
482,0
483,2
484,2
485,2
486,2
487,1
488,0
489,2
490,0
491,0
492,2
493,2
494,2
495,0
496,0
497,2
498,0
499,0
500,0
501,0
502,0
503,2
504,2
505,2
506,0
507,1
508,2
509,0
510,0
511,2
512,0
513,0
514,0
515,0
516,0
517,2
518,0
519,2
520,2
521,2
522,0
523,0
524,0
525,0
526,2
527,0
528,0
529,0
530,2
531,2
532,2
533,2
534,0
535,2
536,0
537,2
538,0
539,2
540,0
541,2
542,2
543,0
544,1
545,0
546,1
547,0
548,2
549,0
550,2
551,2
552,2
553,2
554,2
555,0
556,2
557,2
558,0
559,0
560,2
561,2
562,2
563,0
564,0
565,0
566,0
567,2
568,2
569,2
570,2
571,2
572,0
573,2
574,2
575,0
576,2
577,0
578,2
579,0
580,0
581,0
582,2
583,2
584,0
585,0
586,2
587,0
588,2
589,2
590,2
591,0
592,2
593,2
594,0
595,2
596,0
597,0
598,1
599,2
600,1
601,2
602,2
603,0
604,0
605,0
606,0
607,2
608,1
609,1
610,0
611,0
612,2
613,2
614,0
615,2
616,2
617,0
618,2
619,2
620,2
621,0
622,0
623,2
624,0
625,2
626,1
627,2
628,2
629,1
630,2
631,0
632,0
633,0
634,0
635,0
636,2
637,2
638,0
639,0
640,2
641,0
642,2
643,0
644,2
645,1
646,2
647,0
648,2
649,2
650,2
651,2
652,0
653,0
654,0
655,0
656,0
657,0
658,2
659,0
660,0
661,2
662,0
663,0
664,0
665,2
666,0
667,2
668,0
669,0
670,2
671,2
672,2
673,2
674,2
675,2
676,0
677,1
678,0
679,2
680,0
681,0
682,2
683,2
684,2
685,0
686,2
687,0
688,0
689,2
690,2
691,1
692,0
693,0
694,2
695,2
696,2
697,0
698,2
699,2
700,2
701,0
702,2
703,1
704,2
705,2
706,2
707,2
708,2
709,0
710,2
711,2
712,0
713,2
714,2
715,0
716,2
717,1
718,1
719,1
720,2
721,0
722,0
723,2
724,0
725,0
726,0
727,2
728,1
729,2
730,0
731,2
732,0
733,0
734,0
735,1
736,1
737,0
738,2
739,0
740,2
741,2
742,2
743,0
744,0
745,2
746,2
747,0
748,2
749,2
750,2
751,0
752,2
753,0
754,0
755,2
756,2
757,2
758,2
759,2
760,2
761,0
762,0
763,1
764,0
765,2
766,0
767,0
768,2
769,0
770,2
771,0
772,2
773,0
774,1
775,2
776,2
777,0
778,2
779,2
780,2
781,1
782,1
783,0
784,2
785,2
786,2
787,2
788,2
789,0
790,2
791,0
792,2
793,2
794,0
795,2
796,2
797,0
798,2
799,0
800,0
801,1
802,2
803,2
804,0
805,0
806,2
807,1
808,2
809,1
810,1
811,2
812,0
813,2
814,2
815,2
816,0
817,2
818,0
819,2
820,0
821,2
822,0
823,2
824,0
825,0
826,2
827,0
828,0
829,0
830,2
831,2
832,0
833,2
834,0
835,1
836,0
837,0
838,2
839,0
840,0
841,2
842,1
843,2
844,2
845,2
846,0
847,0
848,0
849,0
850,0
851,2
852,0
853,2
854,2
855,0
856,2
857,2
858,2
859,0
860,2
861,2
862,2
863,2
864,2
865,0
866,0
867,2
868,2
869,2
870,0
871,0
872,0
873,0
874,2
875,2
876,0
877,2
878,0
879,0
880,0
881,0
882,0
883,2
884,0
885,0
886,0
887,2
888,2
889,2
890,2
891,0
892,0
893,0
894,0
895,2
896,0
897,0
898,0
899,1
900,2
901,0
902,2
903,2
904,0
905,2
906,2
907,0
908,0
909,0
910,2
911,2
912,0
913,0
914,0
915,0
916,2
917,2
918,2
919,0
920,0
921,2
922,1
923,0
924,0
925,2
926,2
927,2
928,0
929,2
930,0
931,2
932,2
933,2
934,2
935,0
936,1
937,2
938,2
939,0
940,0
941,0
942,2
943,0
944,0
945,0
946,2
947,0
948,2
949,0
950,0
951,0
952,1
953,0
954,0
955,0
956,0
957,0
958,0
959,0
960,2
961,2
962,0
963,1
964,2
965,2
966,1
967,0
968,1
969,0
970,1
971,2
972,0
973,1
974,2
975,1
976,1
977,2
978,0
979,2
980,0
981,0
982,2
983,1
984,0
985,2
986,2
987,0
988,0
989,0
990,0
991,2
992,0
993,1
994,2
995,0
996,0
997,2
998,0
999,0
1000,2
1001,0
1002,0
1003,2
1004,0
1005,2
1006,0
1007,2
1008,2
1009,2
1010,0
1011,2
1012,2
1013,0
1014,0
1015,0
1016,0
1017,2
1018,0
1019,0
1020,0
1021,2
1022,0
1023,0
1024,0
1025,2
1026,2
1027,0
1028,0
1029,2
1030,2
1031,2
1032,2
1033,2
1034,0
1035,0
1036,2
1037,0
1038,2
1039,1
1040,2
1041,2
1042,2
1043,2
1044,0
1045,0
1046,0
1047,2
1048,2
1049,2
1050,2
1051,2
1052,2
1053,0
1054,2
1055,0
1056,0
1057,1
1058,1
1059,2
1060,1
1061,0
1062,2
1063,2
1064,2
1065,0
1066,0
1067,0
1068,2
1069,2
1070,2
1071,0
1072,0
1073,0
1074,1
1075,2
1076,0
1077,0
1078,2
1079,0
1080,0
1081,2
1082,2
1083,2
1084,2
1085,0
1086,0
1087,2
1088,2
1089,2
1090,2
1091,0
1092,1
1093,2
1094,0
1095,2
1096,0
1097,1
1098,0
1099,0
1100,0
1101,0
1102,0
1103,0
1104,2
1105,2
1106,0
1107,2
1108,0
1109,0
1110,0
1111,2
1112,0
1113,2
1114,2
1115,0
1116,0
1117,0
1118,0
1119,0
1120,2
1121,2
1122,0
1123,2
1124,2
1125,2
1126,0
1127,2
1128,0
1129,0
1130,0
1131,0
1132,0
1133,0
1134,1
1135,2
1136,0
1137,0
1138,2
1139,2
1140,0
1141,2
1142,2
1143,0
1144,0
1145,0
1146,0
1147,2
1148,0
1149,0
1150,0
1151,2
1152,0
1153,2
1154,2
1155,1
1156,0
1157,1
1158,0
1159,2
1160,0
1161,0
1162,2
1163,0
1164,0
1165,2
1166,2
1167,1
1168,2
1169,2
1170,2
1171,2
1172,0
1173,2
1174,0
1175,0
1176,0
1177,2
1178,2
1179,2
1180,2
1181,0
1182,1
1183,0
1184,2
1185,2
1186,0
1187,0
1188,2
1189,2
1190,2
1191,2
1192,1
1193,0
1194,2
1195,1
1196,2
1197,2
1198,0
1199,2
1200,0
1201,2
1202,2
1203,0
1204,0
1205,2
1206,0
1207,0
1208,2
1209,0
1210,0
1211,2
1212,2
1213,2
1214,0
1215,2
1216,2
1217,0
1218,2
1219,2
1220,1
1221,0
1222,0
1223,0
1224,2
1225,1
1226,0
1227,2
1228,0
1229,0
1230,0
1231,0
1232,2
1233,2
1234,2
1235,0
1236,0
1237,2
1238,0
1239,0
1240,2
1241,2
1242,0
1243,2
1244,0
1245,0
1246,0
1247,2
1248,2
1249,2
1250,2
1251,1
1252,2
1253,1
1254,2
1255,2
1256,0
1257,1
1258,0
1259,2
1260,0
1261,2
1262,1
1263,0
1264,0
1265,0
1266,2
1267,2
1268,2
1269,0
1270,2
1271,0
1272,2
1273,2
1274,2
1275,1
1276,2
1277,0
1278,2
1279,0
1280,2
1281,0
1282,2
1283,2
1284,1
1285,1
1286,0
1287,2
1288,0
1289,2
1290,0
1291,2
1292,1
1293,0
1294,0
1295,0
1296,0
1297,0
1298,0
1299,0
1300,0
1301,0
1302,0
1303,1
1304,2
1305,0
1306,2
1307,2
1308,2
1309,0
1310,0
1311,0
1312,2
1313,2
1314,2
1315,0
1316,2
1317,2
1318,2
1319,2
1320,0
1321,0
1322,0
1323,2
1324,0
1325,0
1326,2
1327,2
1328,2
1329,2
1330,0
1331,0
1332,0
1333,2
1334,0
1335,0
1336,2
1337,1
1338,0
1339,2
1340,2
1341,2
1342,2
1343,0
1344,2
1345,2
1346,0
1347,0
1348,0
1349,0
1350,2
1351,0
1352,0
1353,2
1354,1
1355,2
1356,0
1357,1
1358,0
1359,2
1360,0
1361,0
1362,2
1363,2
1364,0
1365,0
1366,2
1367,0
1368,0
1369,0
1370,0
1371,0
1372,2
1373,2
1374,0
1375,0
1376,0
1377,2
1378,2
1379,2
1380,2
1381,0
1382,2
1383,2
1384,0
1385,2
1386,0
1387,2
1388,1
1389,2
1390,0
1391,2
1392,0
1393,2
1394,1
1395,2
1396,0
1397,0
1398,0
1399,0
1400,2
1401,0
1402,0
1403,0
1404,0
1405,0
1406,2
1407,2
1408,0
1409,1
1410,2
1411,0
1412,0
1413,1
1414,2
1415,0
1416,0
1417,0
1418,2
1419,0
1420,0
1421,1
1422,0
1423,0
1424,2
1425,2
1426,0
1427,1
1428,2
1429,0
1430,0
1431,0
1432,0
1433,0
1434,0
1435,0
1436,2
1437,0
1438,0
1439,2
1440,0
1441,0
1442,0
1443,0
1444,2
1445,0
1446,0
1447,2
1448,0
1449,0
1450,0
1451,0
1452,2
1453,2
1454,2
1455,2
1456,0
1457,2
1458,0
1459,2
1460,1
1461,0
1462,2
1463,2
1464,2
1465,2
1466,2
1467,2
1468,2
1469,2
1470,0
1471,0
1472,2
1473,2
1474,2
1475,0
1476,1
1477,2
1478,2
1479,2
1480,2
1481,2
1482,0
1483,1
1484,0
1485,0
1486,2
1487,0
1488,2
1489,0
1490,2
1491,0
1492,2
1493,2
1494,2
1495,2
1496,0
1497,2
1498,2
1499,2
1500,2
1501,2
1502,2
1503,0
1504,0
1505,1
1506,1
1507,2
1508,2
1509,0
1510,2
1511,0
1512,0
1513,2
1514,2
1515,0
1516,0
1517,0
1518,0
1519,2
1520,2
1521,0
1522,0
1523,2
1524,2
1525,1
1526,0
1527,0
1528,2
1529,2
1530,0
1531,0
1532,0
1533,2
1534,2
1535,2
1536,2
1537,2
1538,2
1539,0
1540,0
1541,0
1542,0
1543,2
1544,2
1545,0
1546,2
1547,1
1548,2
1549,0
1550,2
1551,2
1552,2
1553,0
1554,1
1555,0
1556,0
1557,0
1558,2
1559,0
1560,0
1561,1
1562,2
1563,2
1564,2
1565,2
1566,0
1567,2
1568,0
1569,0
1570,0
1571,2
1572,2
1573,0
1574,0
1575,0
1576,2
1577,0
1578,0
1579,2
1580,2
1581,1
1582,2
1583,0
1584,2
1585,0
1586,0
1587,0
1588,0
1589,2
1590,0
1591,2
1592,0
1593,2
1594,2
1595,0
1596,2
1597,2
1598,0
1599,0
1600,0
1601,0
1602,0
1603,0
1604,2
1605,0
1606,0
1607,0
1608,2
1609,2
1610,0
1611,1
1612,0
1613,0
1614,0
1615,2
1616,2
1617,2
1618,0
1619,2
1620,1
1621,1
1622,2
1623,0
1624,1
1625,2
1626,1
1627,0
1628,0
1629,0
1630,1
1631,0
1632,2
1633,2
1634,0
1635,2
1636,1
1637,2
1638,0
1639,2
1640,2
1641,2
1642,0
1643,0
1644,0
1645,0
1646,0
1647,2
1648,0
1649,2
1650,2
1651,0
1652,2
1653,0
1654,1
1655,1
1656,2
1657,2
1658,0
1659,2
1660,0
1661,2
1662,0
1663,0
1664,2
1665,0
1666,0
1667,2
1668,0
1669,0
1670,0
1671,0
1672,0
1673,2
1674,0
1675,0
1676,0
1677,0
1678,0
1679,1
1680,0
1681,2
1682,2
1683,0
1684,2
1685,2
1686,0
1687,2
1688,2
1689,2
1690,2
1691,2
1692,0
1693,0
1694,2
1695,0
1696,0
1697,0
1698,1
1699,0
1700,0
1701,2
1702,2
1703,0
1704,2
1705,1
1706,2
1707,2
1708,2
1709,2
1710,1
1711,0
1712,2
1713,1
1714,2
1715,2
1716,1
1717,2
1718,0
1719,0
1720,2
1721,0
1722,2
1723,2
1724,0
1725,0
1726,2
1727,2
1728,1
1729,0
1730,0
1731,2
1732,2
1733,2
1734,0
1735,0
1736,0
1737,2
1738,0
1739,0
1740,0
1741,2
1742,0
1743,2
1744,2
1745,2
1746,2
1747,1
1748,2
1749,2
1750,0
1751,2
1752,0
1753,0
1754,0
1755,0
1756,2
1757,0
1758,0
1759,2
1760,2
1761,0
1762,0
1763,2
1764,2
1765,2
1766,0
1767,2
1768,0
1769,2
1770,2
1771,2
1772,2
1773,2
1774,2
1775,2
1776,0
1777,0
1778,0
1779,2
1780,0
1781,2
1782,0
1783,2
1784,0
1785,2
1786,0
1787,0
1788,1
1789,2
1790,2
1791,0
1792,2
1793,2
1794,0
1795,2
1796,1
1797,2
1798,0
1799,0
1800,2
1801,0
1802,2
1803,2
1804,0
1805,0
1806,0
1807,2
1808,0
1809,2
1810,2
1811,2
1812,2
1813,2
1814,0
1815,0
1816,0
1817,0
1818,0
1819,0
1820,0
1821,2
1822,0
1823,0
1824,2
1825,0
1826,0
1827,1
1828,0
1829,0
1830,0
1831,2
1832,0
1833,2
1834,0
1835,0
1836,2
1837,2
1838,2
1839,0
1840,2
1841,2
1842,2
1843,0
1844,0
1845,2
1846,2
1847,2
1848,2
1849,0
1850,0
1851,2
1852,0
1853,0
1854,0
1855,2
1856,2
1857,2
1858,2
1859,0
1860,0
1861,2
1862,2
1863,2
1864,0
1865,0
1866,2
1867,2
1868,0
1869,2
1870,1
1871,0
1872,2
1873,2
1874,2
1875,1
1876,2
1877,0
1878,0
1879,0
1880,0
1881,0
1882,2
1883,2
1884,0
1885,2
1886,1
1887,1
1888,2
1889,0
1890,1
1891,0
1892,0
1893,0
1894,2
1895,0
1896,2
1897,0
1898,0
1899,0
1900,2
1901,1
1902,0
1903,0
1904,0
1905,2
1906,2
1907,1
1908,0
1909,2
1910,2
1911,2
1912,2
1913,2
1914,2
1915,2
1916,2
1917,0
1918,0
1919,2
1920,2
1921,2
1922,0
1923,2
1924,2
1925,0
1926,2
1927,0
1928,2
1929,2
1930,0
1931,0
1932,2
1933,2
1934,1
1935,0
1936,0
1937,2
1938,2
1939,2
1940,0
1941,2
1942,0
1943,0
1944,0
1945,2
1946,0
1947,0
1948,2
1949,0
1950,1
1951,0
1952,0
1953,2
1954,2
1955,2
1956,2
1957,0
1958,2
1959,0
1960,2
1961,2
1962,2
1963,0
1964,0
1965,0
1966,2
1967,1
1968,2
1969,1
1970,0
1971,2
1972,2
1973,2
1974,0
1975,0
1976,0
1977,2
1978,2
1979,2
1980,2
1981,0
1982,2
1983,0
1984,0
1985,1
1986,2
1987,2
1988,2
1989,0
1990,0
1991,2
1992,0
1993,2
1994,2
1995,0
1996,2
1997,0
1998,0
1999,2
2000,0
2001,0
2002,0
2003,0
2004,2
2005,2
2006,2
2007,0
2008,2
2009,1
2010,0
2011,2
2012,2
2013,0
2014,0
2015,0
2016,2
2017,0
2018,0
2019,0
2020,2
2021,2
2022,2
2023,2
2024,0
2025,0
2026,2
2027,2
2028,0
2029,0
2030,0
2031,2
2032,2
2033,2
2034,2
2035,1
2036,0
2037,0
2038,2
2039,0
2040,2
2041,1
2042,2
2043,0
2044,0
2045,0
2046,0
2047,0
2048,0
2049,2
2050,2
2051,0
2052,0
2053,0
2054,0
2055,0
2056,0
2057,2
2058,0
2059,2
2060,2
2061,2
2062,2
2063,0
2064,2
2065,0
2066,0
2067,2
2068,2
2069,1
2070,0
2071,2
2072,0
2073,2
2074,2
2075,2
2076,2
2077,2
2078,0
2079,0
2080,0
2081,0
2082,0
2083,2
2084,0
2085,0
2086,0
2087,0
2088,2
2089,0
2090,2
2091,0
2092,2
2093,0
2094,2
2095,0
2096,0
2097,0
2098,1
2099,0
2100,0
2101,2
2102,0
2103,0
2104,2
2105,2
2106,0
2107,1
2108,0
2109,0
2110,0
2111,0
2112,2
2113,2
2114,0
2115,2
2116,1
2117,1
2118,2
2119,0
2120,0
2121,0
2122,2
2123,2
2124,0
2125,0
2126,2
2127,0
2128,0
2129,0
2130,0
2131,2
2132,2
2133,2
2134,0
2135,0
2136,0
2137,0
2138,0
2139,0
2140,2
2141,2
2142,0
2143,1
2144,1
2145,2
2146,0
2147,2
2148,2
2149,2
2150,0
2151,0
2152,0
2153,2
2154,0
2155,2
2156,1
2157,0
2158,2
2159,2
2160,2
2161,0
2162,2
2163,0
2164,2
2165,2
2166,1
2167,2
2168,0
2169,2
2170,0
2171,0
2172,0
2173,2
2174,0
2175,1
2176,2
2177,2
2178,2
2179,0
2180,0
2181,0
2182,2
2183,0
2184,0
2185,2
2186,1
2187,0
2188,2
2189,2
2190,0
2191,2
2192,2
2193,0
2194,0
2195,0
2196,1
2197,2
2198,0
2199,2
2200,1
2201,1
2202,2
2203,2
2204,0
2205,0
2206,0
2207,2
2208,0
2209,2
2210,0
2211,0
2212,2
2213,0
2214,0
2215,0
2216,0
2217,0
2218,2
2219,0
2220,0
2221,0
2222,2
2223,0
2224,2
2225,0
2226,0
2227,2
2228,0
2229,2
2230,0
2231,2
2232,0
2233,0
2234,1
2235,0
2236,0
2237,2
2238,2
2239,2
2240,0
2241,0
2242,2
2243,0
2244,2
2245,0
2246,2
2247,0
2248,2
2249,1
2250,2
2251,2
2252,2
2253,0
2254,2
2255,0
2256,2
2257,2
2258,0
2259,2
2260,2
2261,2
2262,0
2263,0
2264,2
2265,0
2266,0
2267,2
2268,0
2269,2
2270,0
2271,0
2272,2
2273,2
2274,0
2275,1
2276,0
2277,2
2278,2
2279,0
2280,0
2281,2
2282,2
2283,2
2284,2
2285,2
2286,2
2287,0
2288,2
2289,0
2290,1
2291,2
2292,2
2293,0
2294,0
2295,0
2296,0
2297,0
2298,1
2299,0
2300,0
2301,2
2302,2
2303,0
2304,0
2305,0
2306,0
2307,1
2308,0
2309,1
2310,0
2311,2
2312,2
2313,0
2314,1
2315,2
2316,2
2317,0
2318,2
2319,0
2320,0
2321,0
2322,2
2323,2
2324,0
2325,0
2326,1
2327,2
2328,2
2329,0
2330,2
2331,0
2332,2
2333,2
2334,0
2335,0
2336,2
2337,2
2338,1
2339,0
2340,0
2341,0
2342,2
2343,0
2344,0
2345,0
2346,0
2347,2
2348,0
2349,0
2350,2
2351,0
2352,2
2353,2
2354,0
2355,2
2356,0
2357,2
2358,0
2359,2
2360,0
2361,0
2362,0
2363,2
2364,0
2365,0
2366,2
2367,2
2368,2
2369,2
2370,0
2371,0
2372,2
2373,0
2374,2
2375,0
2376,2
2377,2
2378,0
2379,0
2380,2
2381,0
2382,0
2383,1
2384,2
2385,2
2386,0
2387,0
2388,0
2389,2
2390,0
2391,2
2392,0
2393,2
2394,2
2395,0
2396,0
2397,0
2398,2
2399,2
2400,0
2401,2
2402,0
2403,0
2404,0
2405,2
2406,2
2407,2
2408,2
2409,2
2410,0
2411,0
2412,0
2413,0
2414,2
2415,2
2416,2
2417,2
2418,0
2419,2
2420,2
2421,0
2422,0
2423,0
2424,0
2425,2
2426,0
2427,0
2428,2
2429,1
2430,2
2431,0
2432,2
2433,2
2434,2
2435,0
2436,0
2437,2
2438,2
2439,2
2440,0
2441,0
2442,2
2443,2
2444,2
2445,0
2446,0
2447,1
2448,0
2449,0
2450,1
2451,0
2452,0
2453,0
2454,2
2455,0
2456,2
2457,0
2458,0
2459,2
2460,0
2461,2
2462,2
2463,0
2464,2
2465,2
2466,2
2467,0
2468,0
2469,2
2470,0
2471,0
2472,0
2473,2
2474,2
2475,0
2476,0
2477,2
2478,0
2479,2
2480,0
2481,2
2482,2
2483,0
2484,2
2485,0
2486,2
2487,0
2488,0
2489,2
2490,2
2491,2
2492,2
2493,2
2494,1
2495,0
2496,0
2497,2
2498,2
2499,2
2500,0
2501,2
2502,1
2503,1
2504,0
2505,0
2506,2
2507,2
2508,2
2509,2
2510,2
2511,2
2512,0
2513,2
2514,2
2515,0
2516,2
2517,0
2518,0
2519,2
2520,0
2521,2
2522,2
2523,2
2524,0
2525,0
2526,0
2527,2
2528,0
2529,0
2530,0
2531,2
2532,0
2533,2
2534,2
2535,2
2536,2
2537,2
2538,2
2539,0
2540,0
2541,0
2542,2
2543,2
2544,2
2545,0
2546,0
2547,2
2548,2
2549,2
2550,2
2551,2
2552,2
2553,2
2554,2
2555,1
2556,2
2557,2
2558,2
2559,0
2560,0
2561,2
2562,2
2563,0
2564,0
2565,0
2566,2
2567,0
2568,0
2569,0
2570,0
2571,2
2572,0
2573,1
2574,2
2575,2
2576,2
2577,0
2578,2
2579,0
2580,2
2581,1
2582,0
2583,2
2584,0
2585,2
2586,0
2587,0
2588,2
2589,0
2590,2
2591,2
2592,2
2593,0
2594,0
2595,2
2596,2
2597,2
2598,0
2599,2
2600,0
2601,0
2602,2
2603,2
2604,2
2605,2
2606,0
2607,2
2608,2
2609,0
2610,0
2611,2
2612,1
2613,0
2614,0
2615,0
2616,0
2617,0
2618,0
2619,0
2620,0
2621,0
2622,2
2623,0
2624,0
2625,2
2626,1
2627,0
2628,2
2629,2
2630,0
2631,1
2632,1
2633,0
2634,2
2635,2
2636,2
2637,2
2638,0
2639,0
2640,2
2641,0
2642,0
2643,2
2644,0
2645,2
2646,0
2647,2
2648,0
2649,0
2650,0
2651,2
2652,0
2653,2
2654,1
2655,2
2656,0
2657,2
2658,1
2659,0
2660,0
2661,2
2662,0
2663,1
2664,0
2665,0
2666,0
2667,2
2668,0
2669,2
2670,0
2671,2
2672,1
2673,2
2674,0
2675,2
2676,2
2677,0
2678,0
2679,2
2680,2
2681,0
2682,2
2683,2
2684,0
2685,0
2686,0
2687,0
2688,0
2689,2
2690,2
2691,2
2692,1
2693,0
2694,0
2695,0
2696,0
2697,0
2698,0
2699,0
2700,1
2701,0
2702,0
2703,0
2704,0
2705,0
2706,2
2707,0
2708,2
2709,2
2710,2
2711,0
2712,2
2713,2
2714,0
2715,2
2716,2
2717,0
2718,0
2719,2
2720,0
2721,2
2722,2
2723,2
2724,0
2725,2
2726,2
2727,0
2728,2
2729,2
2730,0
2731,0
2732,0
2733,2
2734,0
2735,0
2736,2
2737,0
2738,2
2739,1
2740,1
2741,2
2742,2
2743,0
2744,2
2745,2
2746,0
2747,2
2748,2
2749,0
2750,0
2751,0
2752,2
2753,2
2754,0
2755,0
2756,2
2757,2
2758,2
2759,0
2760,2
2761,0
2762,2
2763,2
2764,0
2765,0
2766,0
2767,0
2768,2
2769,0
2770,0
2771,0
2772,2
2773,0
2774,0
2775,2
2776,0
2777,0
2778,2
2779,2
2780,0
2781,0
2782,2
2783,2
2784,0
2785,0
2786,2
2787,0
2788,1
2789,0
2790,2
2791,2
2792,0
2793,2
2794,2
2795,0
2796,2
2797,0
2798,0
2799,2
2800,2
2801,0
2802,2
2803,2
2804,0
2805,0
2806,2
2807,2
2808,2
2809,0
2810,2
2811,2
2812,0
2813,2
2814,2
2815,2
2816,2
2817,0
2818,2
2819,2
2820,0
2821,0
2822,0
2823,2
2824,0
2825,2
2826,2
2827,0
2828,0
2829,2
2830,2
2831,2
2832,0
2833,0
2834,0
2835,2
2836,0
2837,0
2838,0
2839,0
2840,1
2841,0
2842,2
2843,2
2844,2
2845,0
2846,2
2847,0
2848,0
2849,0
2850,2
2851,0
2852,0
2853,2
2854,2
2855,2
2856,2
2857,2
2858,0
2859,2
2860,2
2861,0
2862,2
2863,1
2864,2
2865,0
2866,0
2867,0
2868,2
2869,0
2870,0
2871,1
2872,2
2873,0
2874,1
2875,2
2876,0
2877,0
2878,2
2879,2
2880,2
2881,1
2882,2
2883,2
2884,2
2885,2
2886,2
2887,2
2888,0
2889,0
2890,2
2891,0
2892,2
2893,2
2894,2
2895,2
2896,2
2897,0
2898,0
2899,0
2900,0
2901,2
2902,2
2903,2
2904,0
2905,0
2906,2
2907,0
2908,0
2909,2
2910,0
2911,2
2912,2
2913,0
2914,2
2915,2
2916,0
2917,0
2918,2
2919,0
2920,2
2921,0
2922,2
2923,0
2924,0
2925,0
2926,0
2927,0
2928,0
2929,0
2930,0
2931,0
2932,2
2933,1
2934,2
2935,0
2936,2
2937,2
2938,0
2939,0
2940,2
2941,2
2942,0
2943,0
2944,1
2945,0
2946,0
2947,0
2948,0
2949,0
2950,2
2951,2
2952,2
2953,2
2954,2
2955,0
2956,0
2957,2
2958,2
2959,2
2960,0
2961,2
2962,0
2963,1
2964,2
2965,2
2966,2
2967,2
2968,2
2969,0
2970,1
2971,2
2972,2
2973,2
2974,0
2975,2
2976,0
2977,0
2978,0
2979,0
2980,0
2981,0
2982,0
2983,0
2984,0
2985,2
2986,2
2987,2
2988,2
2989,2
2990,0
2991,2
2992,0
2993,0
2994,2
2995,1
2996,2
2997,2
2998,0
2999,0
3000,0
3001,0
3002,2
3003,0
3004,0
3005,0
3006,2
3007,0
3008,0
3009,2
3010,0
3011,2
3012,2
3013,2
3014,0
3015,2
3016,2
3017,0
3018,2
3019,0
3020,2
3021,2
3022,0
3023,0
3024,2
3025,0
3026,1
3027,0
3028,1
3029,1
3030,0
3031,2
3032,2
3033,2
3034,2
3035,0
3036,1
3037,0
3038,0
3039,2
3040,0
3041,0
3042,0
3043,2
3044,2
3045,2
3046,2
3047,0
3048,2
3049,1
3050,0
3051,2
3052,0
3053,0
3054,2
3055,0
3056,2
3057,0
3058,1
3059,0
3060,0
3061,2
3062,2
3063,2
3064,2
3065,2
3066,2
3067,0
3068,0
3069,2
3070,0
3071,0
3072,2
3073,1
3074,2
3075,0
3076,2
3077,2
3078,2
3079,0
3080,2
3081,2
3082,0
3083,0
3084,2
3085,2
3086,2
3087,0
3088,2
3089,0
3090,0
3091,0
3092,0
3093,0
3094,0
3095,0
3096,2
3097,1
3098,0
3099,2
3100,1
3101,0
3102,0
3103,0
3104,2
3105,2
3106,2
3107,0
3108,0
3109,0
3110,2
3111,2
3112,0
3113,0
3114,0
3115,0
3116,2
3117,0
3118,2
3119,0
3120,0
3121,2
3122,0
3123,2
3124,2
3125,0
3126,2
3127,2
3128,1
3129,0
3130,0
3131,2
3132,0
3133,2
3134,2
3135,2
3136,0
3137,0
3138,1
3139,0
3140,1
3141,0
3142,2
3143,1
3144,0
3145,0
3146,0
3147,2
3148,2
3149,0
3150,2
3151,0
3152,0
3153,2
3154,1
3155,2
3156,2
3157,0
3158,0
3159,2
3160,0
3161,0
3162,0
3163,0
3164,2
3165,2
3166,2
3167,2
3168,2
3169,2
3170,0
3171,2
3172,0
3173,0
3174,1
3175,2
3176,2
3177,2
3178,2
3179,2
3180,0
3181,2
3182,2
3183,2
3184,0
3185,1
3186,1
3187,0
3188,0
3189,1
3190,2
3191,0
3192,0
3193,1
3194,2
3195,2
3196,0
3197,2
3198,0
3199,2
3200,0
3201,0
3202,2
3203,2
3204,0
3205,2
3206,0
3207,0
3208,2
3209,0
3210,0
3211,2
3212,0
3213,0
3214,2
3215,0
3216,2
3217,0
3218,0
3219,2
3220,0
3221,2
3222,0
3223,0
3224,2
3225,0
3226,1
3227,0
3228,2
3229,2
3230,2
3231,0
3232,2
3233,1
3234,0
3235,2
3236,1
3237,2
3238,2
3239,2
3240,2
3241,0
3242,2
3243,2
3244,0
3245,0
3246,0
3247,2
3248,0
3249,2
3250,2
3251,2
3252,0
3253,2
3254,0
3255,0
3256,0
3257,2
3258,0
3259,0
3260,2
3261,2
3262,1
3263,2
3264,0
3265,0
3266,0
3267,1
3268,0
3269,2
3270,0
3271,0
3272,2
3273,2
3274,0
3275,0
3276,2
3277,2
3278,2
3279,2
3280,0
3281,0
3282,0
3283,2
3284,0
3285,0
3286,0
3287,0
3288,2
3289,2
3290,2
3291,0
3292,2
3293,2
3294,2
3295,0
3296,2
3297,2
3298,0
3299,0
3300,2
3301,2
3302,2
3303,0
3304,2
3305,2
3306,0
3307,0
3308,2
3309,2
3310,2
3311,2
3312,0
3313,1
3314,0
3315,1
3316,0
3317,2
3318,2
3319,2
3320,0
3321,2
3322,2
3323,0
3324,2
3325,0
3326,2
3327,0
3328,2
3329,2
3330,0
3331,0
3332,0
3333,2
3334,0
3335,2
3336,2
3337,0
3338,0
3339,0
3340,2
3341,0
3342,0
3343,2
3344,0
3345,2
3346,0
3347,0
3348,2
3349,2
3350,0
3351,0
3352,1
3353,0
3354,2
3355,2
3356,0
3357,2
3358,2
3359,0
3360,2
3361,0
3362,2
3363,0
3364,2
3365,0
3366,2
3367,2
3368,2
3369,2
3370,0
3371,2
3372,0
3373,2
3374,0
3375,0
3376,2
3377,0
3378,2
3379,0
3380,0
3381,2
3382,0
3383,2
3384,1
3385,0
3386,2
3387,0
3388,0
3389,0
3390,2
3391,0
3392,2
3393,0
3394,0
3395,0
3396,0
3397,2
3398,2
3399,0
3400,1
3401,0
3402,1
3403,0
3404,0
3405,1
3406,0
3407,2
3408,2
3409,0
3410,0
3411,0
3412,0
3413,0
3414,2
3415,0
3416,0
3417,1
3418,0
3419,2
3420,2
3421,0
3422,2
3423,0
3424,2
3425,0
3426,2
3427,2
3428,2
3429,2
3430,2
3431,2
3432,0
3433,2
3434,0
3435,0
3436,0
3437,0
3438,0
3439,0
3440,0
3441,2
3442,2
3443,1
3444,2
3445,2
3446,0
3447,0
3448,0
3449,0
3450,0
3451,0
3452,0
3453,1
3454,0
3455,2
3456,0
3457,2
3458,2
3459,2
3460,0
3461,0
3462,2
3463,0
3464,0
3465,2
3466,2
3467,1
3468,0
3469,1
3470,0
3471,2
3472,2
3473,0
3474,2
3475,2
3476,0
3477,2
3478,0
3479,2
3480,2
3481,0
3482,0
3483,0
3484,2
3485,2
3486,2
3487,0
3488,2
3489,2
3490,0
3491,2
3492,0
3493,0
3494,2
3495,2
3496,2
3497,2
3498,2
3499,0
3500,0
3501,0
3502,2
3503,0
3504,0
3505,2
3506,2
3507,0
3508,2
3509,2
3510,0
3511,0
3512,0
3513,2
3514,0
3515,0
3516,0
3517,0
3518,0
3519,2
3520,2
3521,2
3522,2
3523,2
3524,0
3525,0
3526,2
3527,2
3528,0
3529,0
3530,2
3531,0
3532,2
3533,0
3534,2
3535,0
3536,0
3537,2
3538,0
3539,2
3540,0
3541,2
3542,0
3543,2
3544,2
3545,2
3546,2
3547,0
3548,2
3549,1
3550,0
3551,2
3552,2
3553,2
3554,0
3555,1
3556,1
3557,0
3558,2
3559,2
3560,2
3561,2
3562,1
3563,0
3564,1
3565,0
3566,2
3567,0
3568,0
3569,0
3570,0
3571,0
3572,2
3573,0
3574,0
3575,0
3576,2
3577,2
3578,2
3579,0
3580,0
3581,0
3582,2
3583,2
3584,2
3585,0
3586,0
3587,2
3588,0
3589,0
3590,0
3591,2
3592,1
3593,2
3594,2
3595,2
3596,2
3597,0
3598,2
3599,2
3600,0
3601,0
3602,0
3603,2
3604,0
3605,0
3606,0
3607,0
3608,0
3609,2
3610,0
3611,1
3612,1
3613,0
3614,2
3615,1
3616,2
3617,1
3618,0
3619,0
3620,0
3621,2
3622,0
3623,0
3624,1
3625,2
3626,1
3627,2
3628,0
3629,0
3630,0
3631,2
3632,2
3633,0
3634,0
3635,2
3636,0
3637,2
3638,2
3639,2
3640,2
3641,2
3642,2
3643,2
3644,0
3645,1
3646,0
3647,2
3648,1
3649,0
3650,2
3651,0
3652,0
3653,0
3654,0
3655,2
3656,0
3657,1
3658,0
3659,0
3660,2
3661,2
3662,2
3663,1
3664,2
3665,2
3666,0
3667,2
3668,2
3669,2
3670,0
3671,0
3672,2
3673,0
3674,2
3675,0
3676,2
3677,2
3678,2
3679,2
3680,2
3681,2
3682,2
3683,2
3684,0
3685,0
3686,2
3687,2
3688,0
3689,0
3690,0
3691,0
3692,2
3693,0
3694,2
3695,2
3696,1
3697,0
3698,0
3699,2
3700,2
3701,2
3702,0
3703,0
3704,2
3705,2
3706,0
3707,2
3708,0
3709,1
3710,2
3711,2
3712,2
3713,2
3714,0
3715,1
3716,0
3717,0
3718,2
3719,2
3720,0
3721,2
3722,2
3723,2
3724,2
3725,2
3726,0
3727,0
3728,0
3729,0
3730,2
3731,0
3732,2
3733,2
3734,0
3735,0
3736,2
3737,2
3738,2
3739,2
3740,2
3741,2
3742,0
3743,2
3744,0
3745,2
3746,2
3747,2
3748,2
3749,2
3750,0
3751,0
3752,2
3753,2
3754,0
3755,0
3756,1
3757,0
3758,2
3759,0
3760,2
3761,2
3762,0
3763,0
3764,0
3765,2
3766,2
3767,2
3768,0
3769,2
3770,0
3771,0
3772,1
3773,0
3774,2
3775,2
3776,0
3777,0
3778,2
3779,2
3780,0
3781,0
3782,0
3783,2
3784,2
3785,0
3786,2
3787,2
3788,0
3789,0
3790,2
3791,2
3792,0
3793,2
3794,0
3795,2
3796,2
3797,0
3798,0
3799,2
3800,2
3801,0
3802,0
3803,0
3804,1
3805,0
3806,0
3807,0
3808,0
3809,0
3810,0
3811,2
3812,0
3813,0
3814,2
3815,0
3816,2
3817,0
3818,0
3819,0
3820,2
3821,0
3822,2
3823,2
3824,2
3825,0
3826,0
3827,0
3828,0
3829,0
3830,0
3831,2
3832,0
3833,2
3834,0
3835,2
3836,0
3837,2
3838,2
3839,2
3840,0
3841,0
3842,2
3843,2
3844,0
3845,2
3846,0
3847,2
3848,0
3849,0
3850,0
3851,1
3852,2
3853,2
3854,1
3855,2
3856,2
3857,0
3858,2
3859,2
3860,0
3861,2
3862,2
3863,2
3864,0
3865,2
3866,2
3867,2
3868,0
3869,0
3870,0
3871,0
3872,2
3873,0
3874,0
3875,0
3876,0
3877,1
3878,2
3879,0
3880,0
3881,0
3882,1
3883,1
3884,0
3885,2
3886,2
3887,2
3888,2
3889,2
3890,2
3891,2
3892,0
3893,0
3894,2
3895,2
3896,0
3897,0
3898,2
3899,0
3900,0
3901,0
3902,2
3903,2
3904,2
3905,0
3906,2
3907,0
3908,0
3909,0
3910,2
3911,0
3912,2
3913,2
3914,2
3915,1
3916,2
3917,2
3918,0
3919,2
3920,2
3921,2
3922,2
3923,0
3924,0
3925,2
3926,0
3927,0
3928,0
3929,0
3930,2
3931,1
3932,2
3933,2
3934,0
3935,2
3936,2
3937,2
3938,2
3939,2
3940,2
3941,2
3942,2
3943,2
3944,0
3945,0
3946,2
3947,0
3948,0
3949,2
3950,2
3951,0
3952,0
3953,0
3954,2
3955,2
3956,0
3957,0
3958,2
3959,0
3960,0
3961,2
3962,2
3963,2
3964,0
3965,2
3966,2
3967,0
3968,0
3969,2
3970,2
3971,2
3972,2
3973,2
3974,0
3975,0
3976,0
3977,0
3978,2
3979,0
3980,0
3981,2
3982,0
3983,0
3984,2
3985,0
3986,1
3987,2
3988,2
3989,0
3990,2
3991,2
3992,2
3993,2
3994,2
3995,0
3996,2
3997,0
3998,2
3999,0
4000,2
4001,2
4002,0
4003,1
4004,2
4005,1
4006,0
4007,0
4008,2
4009,2
4010,2
4011,0
4012,2
4013,2
4014,1
4015,1
4016,0
4017,2
4018,0
4019,2
4020,1
4021,0
4022,0
4023,2
4024,2
4025,0
4026,2
4027,0
4028,2
4029,0
4030,2
4031,0
4032,2
4033,0
4034,2
4035,1
4036,2
4037,0
4038,2
4039,0
4040,2
4041,2
4042,2
4043,2
4044,2
4045,0
4046,0
4047,0
4048,2
4049,2
4050,2
4051,0
4052,0
4053,1
4054,0
4055,2
4056,0
4057,2
4058,1
4059,0
4060,2
4061,2
4062,2
4063,0
4064,0
4065,0
4066,0
4067,2
4068,1
4069,2
4070,1
4071,0
4072,0
4073,2
4074,0
4075,0
4076,2
4077,2
4078,0
4079,2
4080,0
4081,0
4082,1
4083,0
4084,1
4085,0
4086,0
4087,0
4088,2
4089,2
4090,0
4091,0
4092,0
4093,2
4094,0
4095,1
4096,2
4097,2
4098,0
4099,0
4100,0
4101,2
4102,0
4103,2
4104,2
4105,0
4106,0
4107,0
4108,0
4109,0
4110,0
4111,2
4112,0
4113,0
4114,2
4115,0
4116,0
4117,2
4118,0
4119,0
4120,0
4121,2
4122,2
4123,0
4124,2
4125,0
4126,2
4127,1
4128,0
4129,2
4130,1
4131,0
4132,0
4133,2
4134,0
4135,2
4136,2
4137,2
4138,0
4139,2
4140,0
4141,2
4142,0
4143,2
4144,0
4145,2
4146,2
4147,0
4148,0
4149,0
4150,2
4151,2
4152,0
4153,0
4154,2
4155,0
4156,0
4157,2
4158,0
4159,2
4160,0
4161,1
4162,1
4163,2
4164,0
4165,2
4166,0
4167,0
4168,0
4169,0
4170,2
4171,1
4172,2
4173,2
4174,0
4175,0
4176,2
4177,0
4178,2
4179,2
4180,0
4181,0
4182,0
4183,1
4184,2
4185,2
4186,2
4187,0
4188,2
4189,0
4190,2
4191,2
4192,2
4193,0
4194,0
4195,0
4196,2
4197,0
4198,2
4199,2
4200,0
4201,1
4202,0
4203,0
4204,0
4205,0
4206,2
4207,2
4208,2
4209,2
4210,2
4211,2
4212,0
4213,0
4214,0
4215,0
4216,0
4217,0
4218,0
4219,0
4220,2
4221,2
4222,2
4223,2
4224,0
4225,0
4226,1
4227,0
4228,0
4229,2
4230,2
4231,2
4232,2
4233,0
4234,0
4235,2
4236,0
4237,2
4238,0
4239,2
4240,0
4241,2
4242,2
4243,2
4244,0
4245,2
4246,1
4247,2
4248,2
4249,0
4250,2
4251,0
4252,2
4253,0
4254,0
4255,0
4256,2
4257,2
4258,0
4259,2
4260,2
4261,0
4262,0
4263,0
4264,2
4265,0
4266,2
4267,2
4268,0
4269,0
4270,2
4271,0
4272,2
4273,2
4274,2
4275,0
4276,0
4277,0
4278,0
4279,0
4280,0
4281,2
4282,2
4283,2
4284,1
4285,2
4286,2
4287,0
4288,2
4289,0
4290,0
4291,0
4292,2
4293,2
4294,2
4295,0
4296,2
4297,2
4298,0
4299,2
4300,0
4301,2
4302,2
4303,0
4304,0
4305,0
4306,2
4307,2
4308,0
4309,0
4310,2
4311,2
4312,0
4313,0
4314,0
4315,0
4316,0
4317,2
4318,2
4319,2
4320,2
4321,1
4322,2
4323,2
4324,2
4325,2
4326,0
4327,0
4328,2
4329,2
4330,0
4331,0
4332,1
4333,0
4334,2
4335,2
4336,0
4337,2
4338,0
4339,0
4340,0
4341,2
4342,2
4343,2
4344,2
4345,0
4346,2
4347,0
4348,0
4349,0
4350,1
4351,0
4352,2
4353,0
4354,1
4355,0
4356,0
4357,0
4358,0
4359,0
4360,0
4361,2
4362,0
4363,0
4364,0
4365,2
4366,1
4367,0
4368,2
4369,2
4370,0
4371,2
4372,2
4373,0
4374,2
4375,0
4376,2
4377,2
4378,2
4379,0
4380,0
4381,0
4382,2
4383,0
4384,2
4385,1
4386,2
4387,1
4388,1
4389,2
4390,0
4391,0
4392,2
4393,0
4394,0
4395,0
4396,0
4397,0
4398,2
4399,1
4400,0
4401,2
4402,2
4403,2
4404,1
4405,0
4406,1
4407,2
4408,0
4409,0
4410,0
4411,2
4412,0
4413,0
4414,0
4415,2
4416,0
4417,0
4418,0
4419,1
4420,2
4421,2
4422,2
4423,0
4424,2
4425,2
4426,2
4427,2
4428,0
4429,1
4430,0
4431,0
4432,0
4433,2
4434,0
4435,2
4436,0
4437,0
4438,0
4439,2
4440,2
4441,0
4442,2
4443,0
4444,2
4445,2
4446,2
4447,0
4448,2
4449,0
4450,1
4451,2
4452,2
4453,2
4454,0
4455,2
4456,0
4457,0
4458,0
4459,0
4460,1
4461,0
4462,2
4463,2
4464,0
4465,2
4466,0
4467,0
4468,2
4469,2
4470,0
4471,2
4472,0
4473,0
4474,0
4475,2
4476,2
4477,0
4478,0
4479,0
4480,0
4481,0
4482,2
4483,2
4484,0
4485,2
4486,2
4487,2
4488,0
4489,0
4490,2
4491,2
4492,2
4493,2
4494,1
4495,2
4496,2
4497,0
4498,0
4499,0
4500,1
4501,0
4502,1
4503,0
4504,2
4505,2
4506,0
4507,2
4508,0
4509,0
4510,2
4511,0
4512,0
4513,1
4514,2
4515,0
4516,0
4517,0
4518,0
4519,0
4520,2
4521,0
4522,0
4523,0
4524,0
4525,0
4526,2
4527,1
4528,0
4529,2
4530,0
4531,0
4532,0
4533,0
4534,0
4535,2
4536,0
4537,2
4538,1
4539,2
4540,2
4541,2
4542,2
4543,0
4544,0
4545,0
4546,0
4547,2
4548,2
4549,2
4550,0
4551,0
4552,2
4553,0
4554,0
4555,1
4556,2
4557,0
4558,2
4559,2
4560,0
4561,0
4562,0
4563,2
4564,0
4565,2
4566,0
4567,0
4568,2
4569,0
4570,0
4571,0
4572,2
4573,2
4574,2
4575,2
4576,2
4577,2
4578,2
4579,1
4580,2
4581,0
4582,2
4583,0
4584,2
4585,0
4586,2
4587,2
4588,0
4589,0
4590,0
4591,0
4592,2
4593,0
4594,0
4595,0
4596,0
4597,0
4598,2
4599,0
4600,0
4601,0
4602,2
4603,0
4604,0
4605,0
4606,0
4607,0
4608,0
4609,2
4610,0
4611,0
4612,0
4613,0
4614,0
4615,0
4616,2
4617,0
4618,0
4619,0
4620,0
4621,0
4622,2
4623,2
4624,0
4625,0
4626,0
4627,2
4628,2
4629,0
4630,0
4631,2
4632,2
4633,2
4634,0
4635,0
4636,0
4637,2
4638,2
4639,0
4640,0
4641,0
4642,0
4643,2
4644,0
4645,2
4646,2
4647,0
4648,0
4649,0
4650,2
4651,2
4652,0
4653,1
4654,2
4655,2
4656,0
4657,0
4658,2
4659,0
4660,2
4661,0
4662,0
4663,0
4664,0
4665,0
4666,0
4667,0
4668,2
4669,2
4670,0
4671,0
4672,2
4673,0
4674,2
4675,1
4676,0
4677,2
4678,0
4679,0
4680,2
4681,0
4682,2
4683,2
4684,0
4685,2
4686,0
4687,1
4688,0
4689,2
4690,2
4691,2
4692,2
4693,2
4694,2
4695,2
4696,2
4697,2
4698,2
4699,1
4700,2
4701,2
4702,2
4703,2
4704,2
4705,1
4706,0
4707,2
4708,1
4709,0
4710,0
4711,2
4712,2
4713,0
4714,2
4715,2
4716,2
4717,2
4718,0
4719,2
4720,2
4721,2
4722,2
4723,2
4724,0
4725,1
4726,0
4727,2
4728,2
4729,0
4730,0
4731,2
4732,2
4733,0
4734,1
4735,2
4736,1
4737,2
4738,2
4739,2
4740,2
4741,2
4742,2
4743,2
4744,2
4745,0
4746,2
4747,0
4748,0
4749,0
4750,1
4751,2
4752,2
4753,2
4754,2
4755,0
4756,2
4757,0
4758,2
4759,2
4760,0
4761,2
4762,0
4763,0
4764,0
4765,0
4766,0
4767,2
4768,0
4769,0
4770,2
4771,0
4772,0
4773,2
4774,0
4775,0
4776,0
4777,0
4778,2
4779,2
4780,1
4781,2
4782,1
4783,0
4784,2
4785,2
4786,1
4787,2
4788,0
4789,2
4790,0
4791,0
4792,2
4793,0
4794,0
4795,0
4796,2
4797,2
4798,0
4799,0
4800,1
4801,2
4802,0
4803,2
4804,2
4805,2
4806,1
4807,2
4808,0
4809,0
4810,1
4811,0
4812,0
4813,2
4814,2
4815,0
4816,0
4817,2
4818,0
4819,2
4820,0
4821,0
4822,0
4823,0
4824,2
4825,2
4826,0
4827,2
4828,2
4829,0
4830,0
4831,0
4832,0
4833,2
4834,2
4835,2
4836,0
4837,2
4838,2
4839,2
4840,0
4841,0
4842,0
4843,0
4844,0
4845,2
4846,2
4847,2
4848,2
4849,0
4850,0
4851,0
4852,2
4853,1
4854,2
4855,1
4856,2
4857,0
4858,2
4859,2
4860,2
4861,2
4862,1
4863,0
4864,0
4865,2
4866,2
4867,0
4868,0
4869,1
4870,0
4871,1
4872,0
4873,2
4874,0
4875,2
4876,1
4877,0
4878,2
4879,2
4880,2
4881,2
4882,2
4883,2
4884,2
4885,0
4886,0
4887,2
4888,0
4889,1
4890,1
4891,0
4892,2
4893,2
4894,0
4895,0
4896,2
4897,0
4898,0
4899,2
4900,2
4901,1
4902,2
4903,0
4904,0
4905,2
4906,0
4907,0
4908,2
4909,2
4910,2
4911,2
4912,0
4913,2
4914,2
4915,0
4916,2
4917,0
4918,0
4919,2
4920,2
4921,0
4922,0
4923,1
4924,0
4925,2
4926,0
4927,2
4928,0
4929,1
4930,2
4931,2
4932,0
4933,2
4934,2
4935,0
4936,2
4937,0
4938,0
4939,0
4940,2
4941,0
4942,2
4943,2
4944,0
4945,2
4946,0
4947,0
4948,1
4949,2
4950,0
4951,2
4952,2
4953,0
4954,2
4955,2
4956,0
4957,0
4958,2
4959,0
4960,2
4961,2
4962,2
4963,2
4964,0
4965,0
4966,0
4967,2
4968,0
4969,0
4970,2
4971,2
4972,0
4973,0
4974,0
4975,2
4976,2
4977,0
4978,0
4979,2
4980,2
4981,0
4982,0
4983,2
4984,0
4985,1
4986,0
4987,2
4988,1
4989,2
4990,2
4991,2
4992,2
4993,0
4994,0
4995,0
4996,0
4997,2
4998,0
4999,0
5000,0
5001,0
5002,2
5003,0
5004,1
5005,0
5006,0
5007,0
5008,0
5009,2
5010,0
5011,0
5012,0
5013,2
5014,0
5015,2
5016,2
5017,2
5018,2
5019,1
5020,0
5021,2
5022,2
5023,2
5024,0
5025,2
5026,2
5027,0
5028,1
5029,2
5030,0
5031,0
5032,0
5033,0
5034,2
5035,2
5036,0
5037,0
5038,1
5039,2
5040,0
5041,2
5042,2
5043,2
5044,0
5045,2
5046,0
5047,2
5048,0
5049,0
5050,0
5051,2
5052,0
5053,0
5054,2
5055,0
5056,2
5057,2
5058,0
5059,0
5060,0
5061,0
5062,0
5063,2
5064,2
5065,0
5066,1
5067,0
5068,0
5069,2
5070,1
5071,2
5072,0
5073,0
5074,2
5075,0
5076,2
5077,1
5078,0
5079,0
5080,0
5081,2
5082,2
5083,2
5084,0
5085,2
5086,2
5087,0
5088,2
5089,0
5090,1
5091,0
5092,2
5093,0
5094,0
5095,2
5096,2
5097,2
5098,2
5099,2
5100,2
5101,0
5102,0
5103,0
5104,0
5105,0
5106,0
5107,0
5108,1
5109,0
5110,2
5111,1
5112,0
5113,2
5114,1
5115,2
5116,2
5117,2
5118,1
5119,1
5120,1
5121,0
5122,2
5123,2
5124,0
5125,2
5126,0
5127,0
5128,2
5129,2
5130,0
5131,0
5132,0
5133,2
5134,2
5135,0
5136,2
5137,2
5138,2
5139,0
5140,2
5141,0
5142,0
5143,1
5144,2
5145,0
5146,0
5147,0
5148,2
5149,2
5150,2
5151,0
5152,0
5153,0
5154,0
5155,0
5156,0
5157,0
5158,2
5159,0
5160,2
5161,1
5162,0
5163,0
5164,2
5165,2
5166,2
5167,2
5168,0
5169,0
5170,0
5171,0
5172,2
5173,2
5174,2
5175,2
5176,0
5177,0
5178,0
5179,0
5180,2
5181,2
5182,0
5183,0
5184,2
5185,2
5186,2
5187,2
5188,2
5189,0
5190,2
5191,2
5192,2
5193,0
5194,2
5195,2
5196,0
5197,2
5198,0
5199,2
5200,0
5201,2
5202,2
5203,1
5204,2
5205,2
5206,0
5207,2
5208,0
5209,0
5210,2
5211,2
5212,2
5213,0
5214,2
5215,0
5216,2
5217,2
5218,0
5219,0
5220,2
5221,0
5222,2
5223,0
5224,0
5225,2
5226,0
5227,0
5228,0
5229,0
5230,1
5231,0
5232,0
5233,2
5234,2
5235,0
5236,2
5237,0
5238,2
5239,2
5240,2
5241,2
5242,2
5243,2
5244,0
5245,2
5246,0
5247,0
5248,0
5249,0
5250,2
5251,2
5252,0
5253,1
5254,0
5255,2
5256,0
5257,2
5258,2
5259,0
5260,0
5261,2
5262,2
5263,0
5264,2
5265,0
5266,0
5267,0
5268,2
5269,2
5270,0
5271,2
5272,0
5273,0
5274,0
5275,0
5276,2
5277,2
5278,0
5279,2
5280,0
5281,2
5282,2
5283,0
5284,0
5285,2
5286,2
5287,2
5288,2
5289,2
5290,2
5291,2
5292,2
5293,2
5294,0
5295,0
5296,0
5297,2
5298,0
5299,2
5300,2
5301,0
5302,2
5303,2
5304,0
5305,2
5306,0
5307,0
5308,0
5309,0
5310,0
5311,0
5312,0
5313,2
5314,0
5315,0
5316,2
5317,1
5318,2
5319,2
5320,0
5321,2
5322,2
5323,0
5324,0
5325,2
5326,2
5327,2
5328,0
5329,0
5330,0
5331,0
5332,2
5333,0
5334,2
5335,0
5336,0
5337,0
5338,2
5339,2
5340,0
5341,2
5342,0
5343,2
5344,2
5345,2
5346,0
5347,0
5348,0
5349,2
5350,0
5351,2
5352,2
5353,0
5354,2
5355,2
5356,2
5357,2
5358,2
5359,0
5360,0
5361,2
5362,0
5363,0
5364,2
5365,2
5366,0
5367,2
5368,2
5369,2
5370,2
5371,0
5372,0
5373,0
5374,2
5375,2
5376,2
5377,0
5378,0
5379,0
5380,2
5381,2
5382,2
5383,0
5384,2
5385,2
5386,0
5387,0
5388,0
5389,0
5390,1
5391,0
5392,0
5393,0
5394,2
5395,2
5396,0
5397,1
5398,0
5399,2
5400,0
5401,0
5402,0
5403,0
5404,0
5405,2
5406,0
5407,0
5408,2
5409,1
5410,0
5411,0
5412,2
5413,1
5414,0
5415,1
5416,2
5417,0
5418,0
5419,2
5420,0
5421,2
5422,2
5423,0
5424,2
5425,0
5426,0
5427,0
5428,0
5429,0
5430,2
5431,2
5432,0
5433,0
5434,1
5435,2
5436,0
5437,0
5438,2
5439,2
5440,2
5441,0
5442,0
5443,1
5444,2
5445,0
5446,0
5447,0
5448,2
5449,2
5450,0
5451,0
5452,2
5453,2
5454,1
5455,0
5456,0
5457,0
5458,0
5459,0
5460,2
5461,2
5462,2
5463,2
5464,2
5465,0
5466,2
5467,0
5468,0
5469,1
5470,0
5471,2
5472,2
5473,2
5474,2
5475,0
5476,2
5477,2
5478,2
5479,2
5480,0
5481,1
5482,2
5483,2
5484,2
5485,2
5486,0
5487,0
5488,0
5489,0
5490,0
5491,2
5492,0
5493,0
5494,2
5495,2
5496,2
5497,2
5498,2
5499,2
5500,2
5501,0
5502,0
5503,2
5504,2
5505,2
5506,2
5507,0
5508,2
5509,0
5510,2
5511,2
5512,0
5513,0
5514,0
5515,0
5516,0
5517,0
5518,0
5519,2
5520,2
5521,2
5522,2
5523,2
5524,2
5525,2
5526,2
5527,2
5528,2
5529,2
5530,0
5531,0
5532,0
5533,0
5534,0
5535,2
5536,0
5537,0
5538,0
5539,2
5540,2
5541,0
5542,2
5543,0
5544,0
5545,2
5546,0
5547,2
5548,2
5549,2
5550,2
5551,2
5552,1
5553,0
5554,2
5555,0
5556,2
5557,0
5558,2
5559,1
5560,2
5561,0
5562,0
5563,2
5564,2
5565,0
5566,0
5567,2
5568,2
5569,0
5570,0
5571,2
5572,0
5573,0
5574,0
5575,2
5576,2
5577,0
5578,1
5579,2
5580,0
5581,2
5582,2
5583,1
5584,2
5585,1
5586,0
5587,2
5588,2
5589,0
5590,2
5591,2
5592,0
5593,2
5594,1
5595,0
5596,2
5597,1
5598,2
5599,2
5600,1
5601,2
5602,0
5603,0
5604,2
5605,0
5606,0
5607,2
5608,2
5609,0
5610,0
5611,2
5612,2
5613,0
5614,2
5615,0
5616,2
5617,2
5618,2
5619,0
5620,2
5621,0
5622,0
5623,0
5624,2
5625,0
5626,0
5627,0
5628,2
5629,2
5630,0
5631,2
5632,2
5633,1
5634,2
5635,2
5636,2
5637,0
5638,0
5639,2
5640,0
5641,2
5642,0
5643,2
5644,2
5645,2
5646,0
5647,2
5648,0
5649,2
5650,2
5651,1
5652,0
5653,0
5654,2
5655,0
5656,0
5657,2
5658,0
5659,0
5660,2
5661,2
5662,0
5663,2
5664,0
5665,2
5666,0
5667,2
5668,0
5669,0
5670,2
5671,2
5672,0
5673,0
5674,2
5675,2
5676,0
5677,0
5678,0
5679,2
5680,0
5681,0
5682,0
5683,2
5684,0
5685,0
5686,0
5687,2
5688,0
5689,0
5690,2
5691,0
5692,0
5693,0
5694,2
5695,0
5696,0
5697,1
5698,0
5699,2
5700,1
5701,1
5702,2
5703,0
5704,0
5705,0
5706,0
5707,0
5708,0
5709,2
5710,2
5711,2
5712,2
5713,0
5714,1
5715,2
5716,0
5717,0
5718,2
5719,1
5720,0
5721,2
5722,0
5723,0
5724,0
5725,2
5726,0
5727,2
5728,2
5729,0
5730,0
5731,0
5732,0
5733,0
5734,2
5735,1
5736,2
5737,2
5738,2
5739,2
5740,0
5741,2
5742,2
5743,2
5744,0
5745,2
5746,0
5747,2
5748,2
5749,2
5750,0
5751,2
5752,0
5753,1
5754,2
5755,0
5756,2
5757,2
5758,2
5759,0
5760,2
5761,2
5762,2
5763,2
5764,0
5765,2
5766,2
5767,0
5768,0
5769,0
5770,2
5771,0
5772,0
5773,2
5774,2
5775,0
5776,2
5777,2
5778,0
5779,0
5780,0
5781,2
5782,0
5783,0
5784,0
5785,0
5786,0
5787,1
5788,2
5789,2
5790,0
5791,2
5792,2
5793,2
5794,0
5795,2
5796,2
5797,1
5798,0
5799,0
5800,2
5801,2
5802,1
5803,2
5804,0
5805,0
5806,0
5807,2
5808,1
5809,2
5810,2
5811,0
5812,0
5813,2
5814,2
5815,2
5816,0
5817,2
5818,2
5819,2
5820,2
5821,0
5822,0
5823,2
5824,0
5825,0
5826,2
5827,0
5828,2
5829,0
5830,0
5831,2
5832,2
5833,0
5834,2
5835,0
5836,2
5837,0
5838,0
5839,0
5840,2
5841,2
5842,0
5843,2
5844,2
5845,1
5846,2
5847,0
5848,0
5849,0
5850,0
5851,0
5852,0
5853,2
5854,2
5855,2
5856,0
5857,0
5858,0
5859,2
5860,1
5861,0
5862,0
5863,2
5864,2
5865,0
5866,2
5867,2
5868,2
5869,1
5870,1
5871,2
5872,0
5873,2
5874,2
5875,0
5876,2
5877,0
5878,2
5879,0
5880,1
5881,0
5882,2
5883,0
5884,0
5885,1
5886,0
5887,0
5888,2
5889,2
5890,0
5891,0
5892,0
5893,0
5894,2
5895,0
5896,0
5897,2
5898,2
5899,2
5900,2
5901,0
5902,0
5903,2
5904,2
5905,1
5906,2
5907,2
5908,2
5909,2
5910,0
5911,0
5912,0
5913,2
5914,2
5915,0
5916,1
5917,2
5918,0
5919,0
5920,0
5921,0
5922,2
5923,2
5924,2
5925,2
5926,0
5927,2
5928,0
5929,2
5930,0
5931,2
5932,0
5933,0
5934,2
5935,2
5936,0
5937,0
5938,2
5939,2
5940,2
5941,2
5942,2
5943,2
5944,0
5945,0
5946,0
5947,2
5948,2
5949,0
5950,0
5951,2
5952,2
5953,0
5954,1
5955,2
5956,2
5957,2
5958,0
5959,2
5960,0
5961,2
5962,2
5963,2
5964,2
5965,0
5966,0
5967,2
5968,1
5969,0
5970,2
5971,0
5972,0
5973,0
5974,2
5975,2
5976,2
5977,1
5978,0
5979,2
5980,0
5981,0
5982,2
5983,2
5984,2
5985,2
5986,0
5987,0
5988,0
5989,2
5990,2
5991,0
5992,0
5993,0
5994,0
5995,2
5996,2
5997,1
5998,0
5999,1
6000,2
6001,2
6002,0
6003,2
6004,2
6005,0
6006,2
6007,0
6008,2
6009,2
6010,2
6011,2
6012,2
6013,2
6014,0
6015,0
6016,2
6017,2
6018,0
6019,0
6020,0
6021,2
6022,2
6023,0
6024,2
6025,2
6026,2
6027,0
6028,2
6029,1
6030,1
6031,2
6032,0
6033,2
6034,2
6035,0
6036,0
6037,2
6038,0
6039,1
6040,2
6041,2
6042,0
6043,0
6044,0
6045,0
6046,0
6047,2
6048,2
6049,2
6050,0
6051,2
6052,0
6053,2
6054,1
6055,2
6056,0
6057,0
6058,0
6059,0
6060,2
6061,2
6062,0
6063,2
6064,2
6065,0
6066,0
6067,2
6068,2
6069,2
6070,2
6071,2
6072,0
6073,2
6074,0
6075,2
6076,2
6077,0
6078,2
6079,2
6080,0
6081,1
6082,0
6083,0
6084,2
6085,2
6086,2
6087,0
6088,1
6089,1
6090,2
6091,0
6092,0
6093,2
6094,2
6095,2
6096,0
6097,0
6098,0
6099,2
6100,0
6101,2
6102,0
6103,0
6104,0
6105,0
6106,2
6107,2
6108,2
6109,0
6110,1
6111,2
6112,0
6113,2
6114,0
6115,0
6116,2
6117,2
6118,0
6119,1
6120,0
6121,1
6122,0
6123,0
6124,0
6125,0
6126,2
6127,2
6128,2
6129,2
6130,2
6131,0
6132,0
6133,0
6134,0
6135,2
6136,2
6137,2
6138,0
6139,2
6140,2
6141,2
6142,2
6143,0
6144,2
6145,2
6146,2
6147,0
6148,0
6149,0
6150,0
6151,2
6152,1
6153,2
6154,2
6155,0
6156,0
6157,2
6158,0
6159,2
6160,0
6161,0
6162,0
6163,2
6164,0
6165,2
6166,0
6167,0
6168,2
6169,2
6170,0
6171,0
6172,2
6173,2
6174,0
6175,2
6176,2
6177,2
6178,0
6179,0
6180,1
6181,0
6182,0
6183,2
6184,2
6185,0
6186,2
6187,0
6188,0
6189,0
6190,2
6191,2
6192,2
6193,0
6194,2
6195,1
6196,0
6197,1
6198,0
6199,0
6200,2
6201,2
6202,0
6203,2
6204,1
6205,0
6206,2
6207,2
6208,0
6209,2
6210,0
6211,0
6212,0
6213,0
6214,2
6215,1
6216,0
6217,2
6218,0
6219,0
6220,2
6221,0
6222,2
6223,0
6224,0
6225,2
6226,0
6227,2
6228,2
6229,1
6230,2
6231,2
6232,2
6233,2
6234,2
6235,0
6236,2
6237,0
6238,2
6239,2
6240,0
6241,2
6242,0
6243,0
6244,0
6245,2
6246,0
6247,0
6248,0
6249,2
6250,2
6251,2
6252,2
6253,0
6254,0
6255,2
6256,2
6257,2
6258,1
6259,2
6260,2
6261,0
6262,2
6263,0
6264,2
6265,0
6266,0
6267,2
6268,0
6269,2
6270,2
6271,2
6272,2
6273,1
6274,0
6275,1
6276,0
6277,0
6278,0
6279,0
6280,0
6281,2
6282,0
6283,1
6284,0
6285,2
6286,0
6287,0
6288,2
6289,1
6290,2
6291,0
6292,0
6293,2
6294,0
6295,2
6296,0
6297,0
6298,2
6299,2
6300,0
6301,0
6302,1
6303,0
6304,2
6305,0
6306,0
6307,0
6308,0
6309,0
6310,0
6311,2
6312,2
6313,0
6314,0
6315,1
6316,0
6317,2
6318,1
6319,2
6320,0
6321,1
6322,2
6323,0
6324,2
6325,2
6326,2
6327,2
6328,2
6329,2
6330,2
6331,0
6332,2
6333,0
6334,0
6335,0
6336,0
6337,2
6338,2
6339,0
6340,2
6341,0
6342,0
6343,0
6344,2
6345,2
6346,2
6347,0
6348,2
6349,0
6350,0
6351,0
6352,2
6353,0
6354,2
6355,2
6356,2
6357,0
6358,0
6359,0
6360,2
6361,0
6362,2
6363,0
6364,0
6365,1
6366,0
6367,0
6368,0
6369,0
6370,2
6371,2
6372,2
6373,2
6374,2
6375,0
6376,2
6377,0
6378,0
6379,0
6380,0
6381,0
6382,0
6383,2
6384,2
6385,1
6386,0
6387,2
6388,2
6389,2
6390,2
6391,2
6392,2
6393,0
6394,2
6395,0
6396,0
6397,0
6398,2
6399,2
6400,0
6401,2
6402,0
6403,2
6404,2
6405,0
6406,0
6407,0
6408,2
6409,0
6410,2
6411,0
6412,2
6413,2
6414,2
6415,2
6416,0
6417,2
6418,0
6419,2
6420,2
6421,0
6422,0
6423,0
6424,2
6425,0
6426,0
6427,2
6428,0
6429,2
6430,0
6431,0
6432,2
6433,0
6434,2
6435,2
6436,2
6437,0
6438,0
6439,2
6440,2
6441,0
6442,2
6443,2
6444,2
6445,0
6446,2
6447,0
6448,2
6449,2
6450,0
6451,0
6452,0
6453,0
6454,2
6455,0
6456,0
6457,0
6458,2
6459,0
6460,2
6461,0
6462,2
6463,2
6464,0
6465,2
6466,0
6467,2
6468,2
6469,2
6470,2
6471,2
6472,2
6473,2
6474,2
6475,0
6476,0
6477,0
6478,2
6479,2
6480,0
6481,0
6482,2
6483,0
6484,0
6485,2
6486,2
6487,0
6488,0
6489,2
6490,0
6491,0
6492,0
6493,1
6494,0
6495,0
6496,0
6497,0
6498,0
6499,2
6500,0
6501,0
6502,0
6503,2
6504,2
6505,0
6506,2
6507,2
6508,2
6509,0
6510,0
6511,0
6512,0
6513,0
6514,2
6515,2
6516,0
6517,2
6518,0
6519,1
6520,0
6521,2
6522,2
6523,0
6524,0
6525,0
6526,2
6527,0
6528,0
6529,2
6530,0
6531,2
6532,0
6533,0
6534,0
6535,2
6536,0
6537,0
6538,1
6539,2
6540,2
6541,0
6542,2
6543,0
6544,2
6545,0
6546,0
6547,0
6548,0
6549,2
6550,0
6551,0
6552,0
6553,2
6554,2
6555,0
6556,2
6557,2
6558,2
6559,0
6560,2
6561,0
6562,2
6563,0
6564,2
6565,2
6566,2
6567,0
6568,0
6569,2
6570,2
6571,0
6572,2
6573,0
6574,0
6575,0
6576,2
6577,2
6578,0
6579,2
6580,2
6581,2
6582,0
6583,2
6584,2
6585,0
6586,2
6587,0
6588,2
6589,0
6590,2
6591,2
6592,0
6593,2
6594,2
6595,0
6596,0
6597,2
6598,1
6599,2
6600,2
6601,2
6602,1
6603,0
6604,0
6605,0
6606,0
6607,0
6608,2
6609,0
6610,0
6611,1
6612,2
6613,2
6614,0
6615,0
6616,0
6617,0
6618,0
6619,2
6620,1
6621,2
6622,1
6623,2
6624,0
6625,2
6626,2
6627,2
6628,0
6629,2
6630,0
6631,1
6632,0
6633,0
6634,2
6635,0
6636,2
6637,2
6638,2
6639,1
6640,2
6641,2
6642,0
6643,0
6644,0
6645,2
6646,2
6647,0
6648,2
6649,2
6650,0
6651,2
6652,0
6653,0
6654,0
6655,2
6656,2
6657,0
6658,2
6659,1
6660,2
6661,2
6662,0
6663,0
6664,0
6665,0
6666,0
6667,2
6668,2
6669,0
6670,0
6671,2
6672,0
6673,0
6674,2
6675,0
6676,2
6677,0
6678,2
6679,2
6680,0
6681,2
6682,2
6683,2
6684,1
6685,1
6686,2
6687,2
6688,2
6689,2
6690,0
6691,2
6692,2
6693,1
6694,2
6695,2
6696,2
6697,0
6698,0
6699,1
6700,0
6701,0
6702,2
6703,2
6704,0
6705,0
6706,0
6707,0
6708,2
6709,0
6710,0
6711,2
6712,2
6713,0
6714,2
6715,0
6716,0
6717,2
6718,2
6719,2
6720,0
6721,0
6722,2
6723,0
6724,2
6725,0
6726,0
6727,2
6728,2
6729,0
6730,1
6731,2
6732,2
6733,2
6734,2
6735,0
6736,0
6737,2
6738,0
6739,0
6740,0
6741,1
6742,2
6743,2
6744,2
6745,2
6746,0
6747,2
6748,0
6749,0
6750,2
6751,0
6752,0
6753,1
6754,2
6755,2
6756,0
6757,2
6758,0
6759,1
6760,0
6761,0
6762,0
6763,0
6764,1
6765,2
6766,2
6767,2
6768,2
6769,0
6770,1
6771,0
6772,2
6773,2
6774,0
6775,0
6776,1
6777,2
6778,0
6779,0
6780,0
6781,2
6782,2
6783,0
6784,2
6785,2
6786,0
6787,2
6788,0
6789,2
6790,0
6791,2
6792,1
6793,0
6794,0
6795,0
6796,0
6797,2
6798,0
6799,2
6800,2
6801,2
6802,2
6803,0
6804,0
6805,1
6806,2
6807,0
6808,2
6809,2
6810,0
6811,2
6812,2
6813,2
6814,0
6815,0
6816,2
6817,2
6818,0
6819,2
6820,1
6821,2
6822,2
6823,2
6824,0
6825,0
6826,0
6827,0
6828,2
6829,2
6830,0
6831,0
6832,2
6833,2
6834,2
6835,2
6836,0
6837,2
6838,2
6839,2
6840,0
6841,0
6842,2
6843,2
6844,2
6845,2
6846,0
6847,0
6848,0
6849,0
6850,2
6851,2
6852,2
6853,2
6854,2
6855,2
6856,2
6857,0
6858,1
6859,0
6860,2
6861,2
6862,2
6863,2
6864,2
6865,2
6866,2
6867,2
6868,2
6869,1
6870,2
6871,0
6872,2
6873,0
6874,2
6875,2
6876,2
6877,0
6878,2
6879,2
6880,2
6881,0
6882,0
6883,2
6884,0
6885,2
6886,2
6887,0
6888,2
6889,0
6890,0
6891,2
6892,0
6893,0
6894,0
6895,0
6896,1
6897,2
6898,0
6899,2
6900,1
6901,2
6902,0
6903,0
6904,0
6905,2
6906,2
6907,0
6908,0
6909,2
6910,0
6911,0
6912,0
6913,2
6914,2
6915,0
6916,1
6917,0
6918,0
6919,2
6920,0
6921,2
6922,0
6923,2
6924,0
6925,0
6926,2
6927,2
6928,2
6929,0
6930,2
6931,0
6932,2
6933,2
6934,2
6935,0
6936,0
6937,0
6938,1
6939,0
6940,0
6941,0
6942,2
6943,0
6944,2
6945,0
6946,0
6947,0
6948,0
6949,2
6950,2
6951,2
6952,2
6953,0
6954,2
6955,2
6956,2
6957,2
6958,2
6959,2
6960,2
6961,2
6962,0
6963,2
6964,2
6965,0
6966,0
6967,0
6968,2
6969,0
6970,0
6971,2
6972,2
6973,0
6974,0
6975,2
6976,2
6977,0
6978,2
6979,2
6980,2
6981,0
6982,0
6983,2
6984,2
6985,2
6986,2
6987,2
6988,0
6989,2
6990,2
6991,0
6992,0
6993,2
6994,2
6995,2
6996,2
6997,2
6998,0
6999,2
7000,2
7001,0
7002,0
7003,0
7004,0
7005,0
7006,2
7007,2
7008,0
7009,0
7010,2
7011,0
7012,2
7013,0
7014,0
7015,2
7016,2
7017,2
7018,0
7019,2
7020,2
7021,2
7022,2
7023,2
7024,2
7025,2
7026,0
7027,0
7028,0
7029,0
7030,0
7031,0
7032,0
7033,0
7034,2
7035,0
7036,0
7037,2
7038,0
7039,2
7040,0
7041,0
7042,2
7043,2
7044,0
7045,2
7046,2
7047,2
7048,2
7049,0
7050,1
7051,2
7052,0
7053,2
7054,0
7055,2
7056,2
7057,2
7058,0
7059,0
7060,2
7061,0
7062,0
7063,0
7064,0
7065,1
7066,0
7067,0
7068,2
7069,0
7070,0
7071,2
7072,2
7073,2
7074,2
7075,0
7076,2
7077,2
7078,0
7079,0
7080,2
7081,2
7082,2
7083,2
7084,2
7085,0
7086,0
7087,1
7088,1
7089,0
7090,2
7091,2
7092,1
7093,2
7094,2
7095,2
7096,0
7097,0
7098,0
7099,1
7100,2
7101,2
7102,2
7103,0
7104,2
7105,0
7106,2
7107,2
7108,0
7109,2
7110,0
7111,0
7112,0
7113,0
7114,2
7115,0
7116,2
7117,2
7118,2
7119,0
7120,2
7121,2
7122,0
7123,0
7124,0
7125,2
7126,2
7127,0
7128,1
7129,2
7130,2
7131,0
7132,2
7133,0
7134,0
7135,2
7136,0
7137,2
7138,2
7139,1
7140,2
7141,0
7142,0
7143,2
7144,2
7145,2
7146,2
7147,2
7148,2
7149,0
7150,1
7151,0
7152,0
7153,0
7154,0
7155,2
7156,2
7157,0
7158,2
7159,2
7160,0
7161,2
7162,0
7163,2
7164,2
7165,1
7166,0
7167,1
7168,0
7169,2
7170,2
7171,0
7172,2
7173,2
7174,0
7175,2
7176,0
7177,2
7178,2
7179,2
7180,2
7181,2
7182,2
7183,0
7184,2
7185,0
7186,2
7187,2
7188,2
7189,0
7190,0
7191,0
7192,0
7193,0
7194,0
7195,2
7196,2
7197,2
7198,0
7199,2
7200,0
7201,2
7202,2
7203,0
7204,2
7205,0
7206,0
7207,0
7208,2
7209,0
7210,2
7211,0
7212,2
7213,2
7214,0
7215,2
7216,2
7217,2
7218,2
7219,2
7220,0
7221,2
7222,0
7223,2
7224,2
7225,2
7226,2
7227,1
7228,2
7229,2
7230,2
7231,0
7232,2
7233,0
7234,0
7235,0
7236,0
7237,2
7238,0
7239,2
7240,0
7241,0
7242,0
7243,0
7244,0
7245,0
7246,1
7247,0
7248,0
7249,0
7250,2
7251,2
7252,0
7253,2
7254,2
7255,0
7256,0
7257,2
7258,0
7259,0
7260,2
7261,2
7262,2
7263,0
7264,1
7265,0
7266,0
7267,0
7268,2
7269,0
7270,0
7271,2
7272,2
7273,2
7274,0
7275,0
7276,2
7277,2
7278,0
7279,2
7280,2
7281,2
7282,0
7283,0
7284,0
7285,0
7286,0
7287,2
7288,0
7289,2
7290,2
7291,2
7292,0
7293,0
7294,2
7295,2
7296,2
7297,2
7298,0
7299,2
7300,0
7301,2
7302,1
7303,0
7304,2
7305,2
7306,0
7307,2
7308,0
7309,2
7310,1
7311,0
7312,0
7313,2
7314,0
7315,2
7316,0
7317,2
7318,0
7319,2
7320,2
7321,0
7322,1
7323,0
7324,0
7325,2
7326,2
7327,2
7328,0
7329,2
7330,2
7331,0
7332,0
7333,2
7334,0
7335,2
7336,0
7337,2
7338,2
7339,2
7340,2
7341,2
7342,2
7343,0
7344,2
7345,1
7346,0
7347,2
7348,0
7349,0
7350,2
7351,0
7352,0
7353,2
7354,0
7355,0
7356,0
7357,0
7358,2
7359,0
7360,2
7361,0
7362,0
7363,0
7364,0
7365,2
7366,0
7367,0
7368,0
7369,2
7370,2
7371,2
7372,0
7373,0
7374,2
7375,1
7376,0
7377,1
7378,2
7379,0
7380,2
7381,0
7382,2
7383,0
7384,0
7385,2
7386,2
7387,0
7388,2
7389,2
7390,2
7391,0
7392,2
7393,0
7394,0
7395,2
7396,2
7397,0
7398,2
7399,0
7400,2
7401,0
7402,2
7403,2
7404,2
7405,2
7406,2
7407,0
7408,0
7409,0
7410,0
7411,0
7412,0
7413,2
7414,2
7415,0
7416,2
7417,2
7418,0
7419,0
7420,0
7421,1
7422,2
7423,2
7424,0
7425,2
7426,0
7427,0
7428,0
7429,2
7430,0
7431,0
7432,0
7433,2
7434,2
7435,2
7436,2
7437,2
7438,0
7439,0
7440,2
7441,2
7442,0
7443,2
7444,0
7445,0
7446,0
7447,2
7448,0
7449,2
7450,2
7451,1
7452,1
7453,0
7454,0
7455,2
7456,0
7457,2
7458,2
7459,0
7460,0
7461,2
7462,2
7463,1
7464,0
7465,0
7466,2
7467,2
7468,2
7469,0
7470,2
7471,1
7472,2
7473,2
7474,2
7475,2
7476,2
7477,2
7478,0
7479,2
7480,2
7481,2
7482,2
7483,2
7484,0
7485,2
7486,2
7487,2
7488,0
7489,2
7490,2
7491,2
7492,0
7493,0
7494,0
7495,0
7496,2
7497,2
7498,0
7499,2
7500,0
7501,2
7502,2
7503,0
7504,1
7505,1
7506,0
7507,2
7508,2
7509,0
7510,2
7511,2
7512,0
7513,0
7514,2
7515,2
7516,0
7517,0
7518,2
7519,2
7520,0
7521,1
7522,0
7523,2
7524,2
7525,0
7526,2
7527,0
7528,0
7529,2
7530,0
7531,1
7532,2
7533,0
7534,2
7535,2
7536,0
7537,0
7538,0
7539,0
7540,2
7541,0
7542,0
7543,0
7544,2
7545,0
7546,2
7547,0
7548,2
7549,2
7550,0
7551,2
7552,0
7553,2
7554,0
7555,0
7556,2
7557,2
7558,0
7559,2
7560,0
7561,0
7562,2
7563,0
7564,0
7565,2
7566,2
7567,2
7568,2
7569,0
7570,0
7571,0
7572,2
7573,2
7574,2
7575,2
7576,0
7577,1
7578,0
7579,2
7580,0
7581,0
7582,2
7583,2
7584,0
7585,1
7586,0
7587,2
7588,2
7589,2
7590,2
7591,2
7592,0
7593,0
7594,2
7595,2
7596,1
7597,2
7598,2
7599,2
7600,0
7601,2
7602,0
7603,1
7604,2
7605,2
7606,2
7607,2
7608,2
7609,0
7610,0
7611,1
7612,0
7613,2
7614,0
7615,2
7616,0
7617,0
7618,2
7619,0
7620,2
7621,2
7622,0
7623,2
7624,1
7625,2
7626,2
7627,2
7628,2
7629,0
7630,0
7631,2
7632,2
7633,2
7634,2
7635,0
7636,1
7637,2
7638,0
7639,2
7640,0
7641,0
7642,0
7643,0
7644,2
7645,0
7646,0
7647,2
7648,2
7649,0
7650,2
7651,2
7652,0
7653,0
7654,2
7655,2
7656,0
7657,2
7658,2
7659,0
7660,0
7661,2
7662,0
7663,1
7664,0
7665,0
7666,2
7667,0
7668,0
7669,0
7670,0
7671,2
7672,0
7673,0
7674,0
7675,0
7676,1
7677,2
7678,2
7679,2
7680,2
7681,0
7682,2
7683,0
7684,2
7685,0
7686,0
7687,2
7688,0
7689,0
7690,0
7691,2
7692,0
7693,1
7694,2
7695,1
7696,2
7697,2
7698,0
7699,2
7700,2
7701,0
7702,0
7703,0
7704,0
7705,0
7706,0
7707,2
7708,2
7709,0
7710,0
7711,1
7712,2
7713,0
7714,2
7715,2
7716,0
7717,2
7718,0
7719,2
7720,1
7721,0
7722,0
7723,0
7724,0
7725,0
7726,2
7727,1
7728,2
7729,0
7730,2
7731,0
7732,2
7733,2
7734,0
7735,2
7736,0
7737,2
7738,0
7739,0
7740,0
7741,0
7742,0
7743,2
7744,2
7745,0
7746,0
7747,2
7748,1
7749,2
7750,1
7751,0
7752,0
7753,2
7754,2
7755,0
7756,0
7757,0
7758,0
7759,0
7760,0
7761,0
7762,0
7763,0
7764,2
7765,0
7766,0
7767,0
7768,0
7769,0
7770,2
7771,0
7772,0
7773,2
7774,0
7775,0
7776,0
7777,0
7778,1
7779,0
7780,2
7781,1
7782,0
7783,0
7784,0
7785,2
7786,0
7787,2
7788,0
7789,0
7790,0
7791,2
7792,0
7793,2
7794,0
7795,0
7796,2
7797,0
7798,2
7799,2
7800,0
7801,2
7802,0
7803,0
7804,2
7805,0
7806,0
7807,2
7808,0
7809,2
7810,2
7811,2
7812,1
7813,0
7814,2
7815,0
7816,2
7817,1
7818,2
7819,0
7820,0
7821,2
7822,2
7823,0
7824,0
7825,1
7826,2
7827,2
7828,2
7829,0
7830,2
7831,2
7832,0
7833,0
7834,0
7835,2
7836,0
7837,0
7838,2
7839,2
7840,2
7841,0
7842,2
7843,2
7844,0
7845,0
7846,0
7847,0
7848,2
7849,0
7850,2
7851,0
7852,2
7853,0
7854,0
7855,2
7856,2
7857,2
7858,0
7859,2
7860,1
7861,2
7862,2
7863,2
7864,0
7865,0
7866,2
7867,1
7868,2
7869,2
7870,0
7871,2
7872,0
7873,0
7874,0
7875,0
7876,1
7877,2
7878,2
7879,2
7880,2
7881,0
7882,2
7883,2
7884,2
7885,0
7886,2
7887,0
7888,1
7889,1
7890,0
7891,0
7892,2
7893,0
7894,2
7895,2
7896,0
7897,2
7898,0
7899,1
7900,2
7901,1
7902,2
7903,2
7904,2
7905,0
7906,2
7907,0
7908,2
7909,1
7910,0
7911,0
7912,0
7913,0
7914,0
7915,2
7916,0
7917,0
7918,1
7919,0
7920,2
7921,0
7922,0
7923,1
7924,0
7925,0
7926,2
7927,2
7928,2
7929,2
7930,2
7931,2
7932,0
7933,0
7934,0
7935,2
7936,0
7937,0
7938,0
7939,2
7940,2
7941,2
7942,0
7943,0
7944,0
7945,0
7946,0
7947,2
7948,2
7949,2
7950,0
7951,1
7952,1
7953,1
7954,2
7955,2
7956,2
7957,0
7958,0
7959,0
7960,0
7961,2
7962,2
7963,2
7964,0
7965,0
7966,0
7967,0
7968,2
7969,0
7970,0
7971,1
7972,0
7973,2
7974,0
7975,2
7976,0
7977,1
7978,0
7979,2
7980,0
7981,2
7982,0
7983,1
7984,2
7985,2
7986,0
7987,0
7988,2
7989,2
7990,0
7991,0
7992,0
7993,0
7994,2
7995,0
7996,0
7997,0
7998,0
7999,2
8000,2
8001,0
8002,2
8003,0
8004,2
8005,1
8006,0
8007,2
8008,2
8009,0
8010,2
8011,0
8012,0
8013,0
8014,1
8015,0
8016,0
8017,2
8018,0
8019,0
8020,0
8021,2
8022,0
8023,0
8024,2
8025,0
8026,2
8027,0
8028,0
8029,2
8030,2
8031,2
8032,2
8033,0
8034,2
8035,2
8036,0
8037,1
8038,0
8039,2
8040,0
8041,2
8042,2
8043,0
8044,2
8045,0
8046,2
8047,0
8048,0
8049,0
8050,0
8051,2
8052,2
8053,0
8054,0
8055,0
8056,0
8057,2
8058,2
8059,2
8060,0
8061,0
8062,0
8063,0
8064,0
8065,2
8066,2
8067,2
8068,0
8069,0
8070,2
8071,0
8072,2
8073,0
8074,0
8075,2
8076,2
8077,0
8078,2
8079,0
8080,0
8081,0
8082,2
8083,2
8084,2
8085,2
8086,2
8087,0
8088,0
8089,0
8090,0
8091,0
8092,2
8093,0
8094,2
8095,0
8096,0
8097,2
8098,2
8099,2
8100,2
8101,2
8102,0
8103,0
8104,0
8105,0
8106,2
8107,0
8108,0
8109,2
8110,1
8111,2
8112,2
8113,2
8114,2
8115,2
8116,0
8117,0
8118,0
8119,0
8120,0
8121,0
8122,0
8123,2
8124,0
8125,2
8126,0
8127,0
8128,1
8129,0
8130,2
8131,2
8132,2
8133,2
8134,2
8135,0
8136,0
8137,2
8138,0
8139,0
8140,0
8141,0
8142,2
8143,2
8144,0
8145,2
8146,2
8147,2
8148,0
8149,0
8150,0
8151,2
8152,0
8153,2
8154,0
8155,0
8156,0
8157,2
8158,0
8159,2
8160,2
8161,2
8162,1
8163,0
8164,2
8165,1
8166,0
8167,0
8168,0
8169,0
8170,0
8171,0
8172,2
8173,2
8174,0
8175,2
8176,0
8177,0
8178,0
8179,2
8180,2
8181,1
8182,2
8183,0
8184,2
8185,0
8186,0
8187,0
8188,2
8189,0
8190,0
8191,2
8192,0
8193,0
8194,2
8195,2
8196,0
8197,2
8198,1
8199,0
8200,2
8201,2
8202,2
8203,2
8204,2
8205,2
8206,2
8207,2
8208,2
8209,2
8210,2
8211,0
8212,2
8213,0
8214,2
8215,0
8216,0
8217,1
8218,2
8219,0
8220,0
8221,2
8222,0
8223,0
8224,0
8225,2
8226,0
8227,0
8228,0
8229,0
8230,2
8231,2
8232,2
8233,2
8234,2
8235,0
8236,2
8237,2
8238,0
8239,2
8240,1
8241,2
8242,0
8243,0
8244,0
8245,0
8246,2
8247,0
8248,0
8249,0
8250,0
8251,2
8252,2
8253,2
8254,2
8255,2
8256,2
8257,0
8258,1
8259,2
8260,0
8261,0
8262,0
8263,0
8264,2
8265,2
8266,0
8267,2
8268,0
8269,2
8270,0
8271,2
8272,2
8273,0
8274,2
8275,1
8276,1
8277,2
8278,2
8279,2
8280,2
8281,0
8282,0
8283,2
8284,0
8285,0
8286,0
8287,0
8288,0
8289,0
8290,2
8291,0
8292,1
8293,2
8294,0
8295,0
8296,2
8297,0
8298,0
8299,0
8300,0
8301,0
8302,0
8303,2
8304,0
8305,2
8306,0
8307,0
8308,0
8309,2
8310,2
8311,2
8312,2
8313,1
8314,2
8315,2
8316,2
8317,0
8318,0
8319,2
8320,2
8321,2
8322,2
8323,0
8324,0
8325,0
8326,0
8327,0
8328,0
8329,2
8330,0
8331,2
8332,2
8333,2
8334,0
8335,0
8336,2
8337,0
8338,0
8339,2
8340,0
8341,2
8342,0
8343,2
8344,2
8345,2
8346,0
8347,2
8348,0
8349,2
8350,0
8351,2
8352,0
8353,2
8354,2
8355,2
8356,2
8357,0
8358,0
8359,2
8360,0
8361,2
8362,0
8363,2
8364,2
8365,2
8366,0
8367,1
8368,2
8369,2
8370,0
8371,0
8372,0
8373,0
8374,2
8375,0
8376,1
8377,0
8378,2
8379,0
8380,0
8381,2
8382,2
8383,2
8384,0
8385,0
8386,0
8387,0
8388,2
8389,0
8390,0
8391,0
8392,2
8393,2
8394,2
8395,2
8396,1
8397,2
8398,2
8399,0
8400,2
8401,2
8402,0
8403,0
8404,2
8405,2
8406,0
8407,2
8408,0
8409,0
8410,2
8411,0
8412,0
8413,2
8414,0
8415,0
8416,0
8417,1
8418,0
8419,0
8420,2
8421,1
8422,2
8423,0
8424,0
8425,2
8426,0
8427,0
8428,1
8429,0
8430,2
8431,0
8432,2
8433,0
8434,0
8435,2
8436,2
8437,2
8438,0
8439,0
8440,2
8441,2
8442,0
8443,2
8444,2
8445,0
8446,0
8447,0
8448,2
8449,2
8450,0
8451,2
8452,2
8453,2
8454,0
8455,0
8456,2
8457,0
8458,0
8459,0
8460,2
8461,0
8462,2
8463,0
8464,0
8465,0
8466,2
8467,0
8468,2
8469,2
8470,2
8471,2
8472,2
8473,2
8474,1
8475,0
8476,2
8477,1
8478,2
8479,0
8480,0
8481,2
8482,2
8483,0
8484,1
8485,0
8486,2
8487,0
8488,2
8489,2
8490,0
8491,0
8492,2
8493,0
8494,0
8495,0
8496,1
8497,0
8498,0
8499,0
8500,0
8501,2
8502,2
8503,0
8504,0
8505,2
8506,0
8507,1
8508,0
8509,0
8510,0
8511,2
8512,0
8513,2
8514,0
8515,2
8516,2
8517,2
8518,2
8519,0
8520,2
8521,0
8522,2
8523,2
8524,1
8525,1
8526,2
8527,0
8528,2
8529,2
8530,0
8531,0
8532,0
8533,2
8534,0
8535,0
8536,0
8537,0
8538,2
8539,0
8540,2
8541,2
8542,0
8543,0
8544,0
8545,0
8546,2
8547,2
8548,2
8549,0
8550,0
8551,0
8552,2
8553,0
8554,2
8555,2
8556,2
8557,2
8558,1
8559,0
8560,0
8561,2
8562,2
8563,0
8564,2
8565,2
8566,2
8567,0
8568,2
8569,0
8570,2
8571,0
8572,2
8573,0
8574,0
8575,0
8576,0
8577,0
8578,2
8579,2
8580,2
8581,2
8582,2
8583,0
8584,2
8585,2
8586,0
8587,0
8588,2
8589,0
8590,2
8591,0
8592,2
8593,2
8594,2
8595,2
8596,0
8597,0
8598,0
8599,0
8600,0
8601,0
8602,2
8603,2
8604,0
8605,0
8606,0
8607,0
8608,2
8609,2
8610,2
8611,1
8612,0
8613,2
8614,2
8615,0
8616,2
8617,2
8618,2
8619,0
8620,2
8621,2
8622,2
8623,2
8624,2
8625,0
8626,2
8627,2
8628,0
8629,0
8630,1
8631,2
8632,2
8633,0
8634,0
8635,2
8636,0
8637,2
8638,2
8639,0
8640,0
8641,0
8642,2
8643,0
8644,0
8645,2
8646,0
8647,2
8648,0
8649,2
8650,2
8651,0
8652,1
8653,0
8654,0
8655,2
8656,2
8657,2
8658,1
8659,0
8660,2
8661,2
8662,0
8663,2
8664,1
8665,2
8666,0
8667,0
8668,0
8669,2
8670,0
8671,0
8672,2
8673,2
8674,2
8675,0
8676,1
8677,2
8678,2
8679,2
8680,2
8681,0
8682,2
8683,0
8684,2
8685,0
8686,0
8687,0
8688,0
8689,2
8690,0
8691,0
8692,0
8693,0
8694,2
8695,2
8696,0
8697,2
8698,2
8699,2
8700,2
8701,0
8702,1
8703,2
8704,0
8705,2
8706,0
8707,1
8708,0
8709,2
8710,0
8711,2
8712,0
8713,0
8714,2
8715,0
8716,0
8717,2
8718,2
8719,2
8720,0
8721,2
8722,2
8723,2
8724,2
8725,0
8726,0
8727,2
8728,2
8729,2
8730,2
8731,2
8732,0
8733,2
8734,0
8735,0
8736,0
8737,0
8738,2
8739,2
8740,2
8741,2
8742,0
8743,2
8744,2
8745,0
8746,2
8747,2
8748,0
8749,2
8750,2
8751,2
8752,0
8753,0
8754,2
8755,2
8756,0
8757,2
8758,0
8759,2
8760,0
8761,2
8762,1
8763,2
8764,0
8765,0
8766,0
8767,0
8768,0
8769,1
8770,0
8771,0
8772,2
8773,2
8774,2
8775,2
8776,2
8777,0
8778,2
8779,2
8780,0
8781,0
8782,0
8783,2
8784,0
8785,2
8786,1
8787,2
8788,0
8789,2
8790,2
8791,0
8792,2
8793,0
8794,2
8795,2
8796,2
8797,0
8798,2
8799,1
8800,0
8801,2
8802,0
8803,0
8804,2
8805,2
8806,0
8807,2
8808,2
8809,0
8810,0
8811,1
8812,2
8813,2
8814,2
8815,0
8816,2
8817,0
8818,2
8819,2
8820,2
8821,2
8822,2
8823,0
8824,0
8825,0
8826,2
8827,2
8828,0
8829,2
8830,2
8831,2
8832,0
8833,2
8834,0
8835,2
8836,2
8837,0
8838,2
8839,2
8840,2
8841,1
8842,2
8843,0
8844,2
8845,1
8846,0
8847,2
8848,0
8849,0
8850,0
8851,0
8852,0
8853,2
8854,2
8855,2
8856,2
8857,0
8858,0
8859,0
8860,0
8861,1
8862,2
8863,1
8864,0
8865,2
8866,0
8867,2
8868,0
8869,1
8870,0
8871,2
8872,2
8873,0
8874,0
8875,0
8876,0
8877,0
8878,0
8879,2
8880,0
8881,2
8882,2
8883,2
8884,2
8885,2
8886,0
8887,0
8888,2
8889,2
8890,0
8891,1
8892,2
8893,1
8894,0
8895,2
8896,0
8897,2
8898,2
8899,2
8900,0
8901,0
8902,0
8903,0
8904,1
8905,2
8906,2
8907,2
8908,2
8909,1
8910,2
8911,2
8912,2
8913,2
8914,2
8915,0
8916,2
8917,2
8918,0
8919,2
8920,0
8921,0
8922,0
8923,0
8924,0
8925,0
8926,0
8927,0
8928,0
8929,0
8930,2
8931,2
8932,2
8933,2
8934,0
8935,0
8936,2
8937,2
8938,1
8939,2
8940,2
8941,2
8942,0
8943,0
8944,0
8945,2
8946,0
8947,2
8948,0
8949,2
8950,0
8951,2
8952,0
8953,2
8954,0
8955,2
8956,0
8957,0
8958,2
8959,2
8960,0
8961,1
8962,2
8963,0
8964,2
8965,0
8966,2
8967,2
8968,0
8969,0
8970,0
8971,2
8972,2
8973,2
8974,0
8975,0
8976,2
8977,2
8978,1
8979,1
8980,0
8981,2
8982,2
8983,0
8984,0
8985,0
8986,1
8987,2
8988,1
8989,0
8990,2
8991,2
8992,2
8993,2
8994,0
8995,0
8996,2
8997,2
8998,2
8999,0
9000,1
9001,0
9002,2
9003,2
9004,0
9005,0
9006,1
9007,0
9008,0
9009,2
9010,0
9011,2
9012,2
9013,0
9014,0
9015,2
9016,0
9017,0
9018,0
9019,1
9020,0
9021,0
9022,2
9023,0
9024,0
9025,2
9026,0
9027,0
9028,0
9029,2
9030,1
9031,2
9032,1
9033,1
9034,2
9035,0
9036,2
9037,0
9038,2
9039,0
9040,0
9041,0
9042,1
9043,0
9044,2
9045,2
9046,1
9047,0
9048,0
9049,0
9050,2
9051,0
9052,2
9053,1
9054,2
9055,2
9056,0
9057,2
9058,2
9059,2
9060,1
9061,0
9062,2
9063,2
9064,2
9065,0
9066,2
9067,2
9068,2
9069,0
9070,0
9071,0
9072,0
9073,0
9074,2
9075,2
9076,2
9077,0
9078,0
9079,2
9080,2
9081,0
9082,2
9083,0
9084,0
9085,0
9086,1
9087,2
9088,0
9089,2
9090,2
9091,2
9092,2
9093,0
9094,2
9095,0
9096,0
9097,2
9098,2
9099,2
9100,2
9101,0
9102,2
9103,2
9104,2
9105,2
9106,2
9107,2
9108,1
9109,2
9110,2
9111,2
9112,0
9113,0
9114,0
9115,0
9116,0
9117,0
9118,0
9119,2
9120,1
9121,1
9122,2
9123,0
9124,0
9125,2
9126,2
9127,0
9128,0
9129,2
9130,2
9131,2
9132,0
9133,0
9134,2
9135,0
9136,2
9137,1
9138,2
9139,1
9140,2
9141,0
9142,2
9143,2
9144,0
9145,2
9146,0
9147,0
9148,0
9149,0
9150,0
9151,2
9152,2
9153,0
9154,2
9155,2
9156,2
9157,1
9158,0
9159,0
9160,2
9161,2
9162,2
9163,0
9164,0
9165,0
9166,2
9167,0
9168,0
9169,0
9170,2
9171,2
9172,0
9173,0
9174,2
9175,2
9176,2
9177,2
9178,2
9179,0
9180,2
9181,2
9182,0
9183,1
9184,2
9185,0
9186,0
9187,1
9188,0
9189,2
9190,2
9191,2
9192,0
9193,2
9194,0
9195,2
9196,0
9197,2
9198,0
9199,0
9200,0
9201,0
9202,2
9203,0
9204,1
9205,2
9206,2
9207,0
9208,2
9209,2
9210,2
9211,2
9212,0
9213,0
9214,2
9215,2
9216,0
9217,2
9218,0
9219,0
9220,2
9221,1
9222,1
9223,2
9224,2
9225,0
9226,2
9227,0
9228,1
9229,2
9230,0
9231,2
9232,0
9233,2
9234,0
9235,1
9236,2
9237,2
9238,0
9239,2
9240,2
9241,2
9242,0
9243,0
9244,0
9245,2
9246,0
9247,0
9248,0
9249,0
9250,0
9251,0
9252,2
9253,2
9254,0
9255,2
9256,1
9257,2
9258,2
9259,2
9260,0
9261,0
9262,0
9263,0
9264,2
9265,1
9266,2
9267,2
9268,0
9269,2
9270,0
9271,2
9272,0
9273,0
9274,0
9275,0
9276,2
9277,2
9278,0
9279,2
9280,2
9281,0
9282,2
9283,0
9284,2
9285,2
9286,0
9287,0
9288,2
9289,2
9290,2
9291,2
9292,2
9293,0
9294,2
9295,0
9296,2
9297,0
9298,2
9299,0
9300,0
9301,0
9302,0
9303,2
9304,2
9305,2
9306,2
9307,0
9308,0
9309,2
9310,2
9311,2
9312,0
9313,0
9314,2
9315,1
9316,0
9317,0
9318,2
9319,0
9320,0
9321,2
9322,1
9323,2
9324,2
9325,0
9326,0
9327,0
9328,2
9329,2
9330,2
9331,2
9332,0
9333,2
9334,0
9335,0
9336,0
9337,2
9338,0
9339,1
9340,0
9341,2
9342,0
9343,2
9344,2
9345,2
9346,0
9347,2
9348,2
9349,2
9350,2
9351,0
9352,0
9353,0
9354,2
9355,2
9356,0
9357,0
9358,0
9359,2
9360,2
9361,2
9362,2
9363,0
9364,0
9365,1
9366,0
9367,0
9368,2
9369,2
9370,0
9371,1
9372,2
9373,0
9374,2
9375,2
9376,1
9377,2
9378,2
9379,0
9380,0
9381,1
9382,2
9383,0
9384,0
9385,2
9386,0
9387,0
9388,0
9389,0
9390,2
9391,0
9392,0
9393,0
9394,0
9395,2
9396,0
9397,2
9398,2
9399,2
9400,0
9401,0
9402,0
9403,2
9404,0
9405,2
9406,0
9407,0
9408,2
9409,1
9410,0
9411,0
9412,0
9413,0
9414,0
9415,2
9416,0
9417,0
9418,2
9419,2
9420,0
9421,2
9422,0
9423,0
9424,2
9425,0
9426,0
9427,0
9428,1
9429,2
9430,2
9431,2
9432,2
9433,2
9434,0
9435,0
9436,2
9437,0
9438,0
9439,2
9440,0
9441,2
9442,2
9443,2
9444,0
9445,1
9446,0
9447,2
9448,2
9449,1
9450,0
9451,2
9452,2
9453,2
9454,0
9455,0
9456,2
9457,0
9458,0
9459,2
9460,0
9461,0
9462,0
9463,0
9464,0
9465,0
9466,2
9467,2
9468,2
9469,0
9470,2
9471,2
9472,0
9473,2
9474,0
9475,2
9476,2
9477,0
9478,1
9479,2
9480,2
9481,2
9482,1
9483,1
9484,2
9485,2
9486,2
9487,2
9488,2
9489,0
9490,2
9491,0
9492,2
9493,0
9494,2
9495,0
9496,0
9497,0
9498,0
9499,2
9500,0
9501,0
9502,2
9503,2
9504,0
9505,0
9506,0
9507,2
9508,0
9509,2
9510,0
9511,2
9512,1
9513,2
9514,2
9515,2
9516,0
9517,2
9518,2
9519,0
9520,2
9521,2
9522,1
9523,0
9524,1
9525,0
9526,1
9527,2
9528,2
9529,0
9530,0
9531,2
9532,0
9533,0
9534,0
9535,0
9536,0
9537,0
9538,1
9539,0
9540,2
9541,0
9542,0
9543,2
9544,2
9545,0
9546,0
9547,2
9548,0
9549,2
9550,0
9551,2
9552,2
9553,2
9554,1
9555,0
9556,2
9557,0
9558,0
9559,2
9560,2
9561,2
9562,2
9563,2
9564,0
9565,2
9566,0
9567,0
9568,0
9569,2
9570,0
9571,0
9572,2
9573,1
9574,0
9575,0
9576,0
9577,0
9578,0
9579,2
9580,0
9581,2
9582,2
9583,0
9584,2
9585,2
9586,2
9587,2
9588,0
9589,2
9590,0
9591,0
9592,0
9593,2
9594,0
9595,2
9596,1
9597,2
9598,2
9599,1
9600,0
9601,0
9602,0
9603,2
9604,2
9605,0
9606,2
9607,0
9608,0
9609,1
9610,2
9611,2
9612,1
9613,2
9614,2
9615,2
9616,2
9617,0
9618,0
9619,0
9620,2
9621,2
9622,0
9623,0
9624,2
9625,2
9626,0
9627,0
9628,0
9629,0
9630,2
9631,0
9632,0
9633,2
9634,0
9635,2
9636,0
9637,0
9638,2
9639,2
9640,0
9641,0
9642,2
9643,2
9644,0
9645,0
9646,2
9647,0
9648,2
9649,1
9650,2
9651,1
9652,2
9653,2
9654,0
9655,2
9656,1
9657,0
9658,2
9659,2
9660,0
9661,0
9662,2
9663,0
9664,2
9665,0
9666,0
9667,2
9668,2
9669,1
9670,2
9671,2
9672,2
9673,0
9674,0
9675,2
9676,0
9677,2
9678,0
9679,2
9680,2
9681,0
9682,2
9683,2
9684,2
9685,0
9686,0
9687,1
9688,2
9689,2
9690,2
9691,1
9692,1
9693,2
9694,2
9695,0
9696,2
9697,0
9698,0
9699,1
9700,1
9701,2
9702,2
9703,0
9704,2
9705,2
9706,2
9707,0
9708,2
9709,0
9710,2
9711,0
9712,2
9713,2
9714,2
9715,2
9716,2
9717,0
9718,2
9719,2
9720,0
9721,0
9722,0
9723,2
9724,0
9725,2
9726,2
9727,2
9728,2
9729,0
9730,0
9731,2
9732,2
9733,0
9734,0
9735,0
9736,2
9737,0
9738,2
9739,0
9740,2
9741,2
9742,0
9743,2
9744,2
9745,2
9746,2
9747,2
9748,0
9749,2
9750,0
9751,0
9752,0
9753,2
9754,2
9755,2
9756,0
9757,2
9758,0
9759,2
9760,1
9761,0
9762,0
9763,0
9764,0
9765,0
9766,2
9767,1
9768,2
9769,2
9770,0
9771,1
9772,0
9773,2
9774,2
9775,2
9776,0
9777,0
9778,2
9779,0
9780,2
9781,2
9782,0
9783,0
9784,2
9785,0
9786,0
9787,2
9788,2
9789,2
9790,2
9791,0
9792,2
9793,0
9794,2
9795,2
9796,0
9797,2
9798,1
9799,0
9800,0
9801,2
9802,1
9803,1
9804,0
9805,2
9806,2
9807,0
9808,2
9809,2
9810,2
9811,2
9812,2
9813,2
9814,2
9815,2
9816,2
9817,2
9818,2
9819,2
9820,0
9821,2
9822,2
9823,0
9824,2
9825,2
9826,0
9827,0
9828,2
9829,0
9830,0
9831,0
9832,2
9833,1
9834,2
9835,2
9836,0
9837,0
9838,2
9839,0
9840,1
9841,0
9842,0
9843,0
9844,2
9845,2
9846,2
9847,0
9848,0
9849,2
9850,2
9851,1
9852,0
9853,0
9854,2
9855,0
9856,2
9857,0
9858,2
9859,0
9860,0
9861,0
9862,0
9863,2
9864,2
9865,2
9866,0
9867,0
9868,0
9869,0
9870,1
9871,0
9872,2
9873,2
9874,0
9875,0
9876,0
9877,2
9878,2
9879,2
9880,2
9881,2
9882,0
9883,0
9884,0
9885,2
9886,2
9887,0
9888,0
9889,2
9890,1
9891,2
9892,2
9893,0
9894,0
9895,0
9896,1
9897,2
9898,0
9899,0
9900,0
9901,0
9902,0
9903,0
9904,2
9905,0
9906,0
9907,0
9908,2
9909,2
9910,2
9911,0
9912,0
9913,0
9914,0
9915,2
9916,0
9917,0
9918,2
9919,2
9920,2
9921,0
9922,0
9923,2
9924,0
9925,2
9926,0
9927,0
9928,0
9929,2
9930,0
9931,0
9932,0
9933,2
9934,0
9935,2
9936,0
9937,0
9938,2
9939,0
9940,2
9941,2
9942,0
9943,0
9944,2
9945,0
9946,2
9947,0
9948,2
9949,2
9950,0
9951,0
9952,2
9953,0
9954,0
9955,0
9956,2
9957,1
9958,0
9959,2
9960,2
9961,0
9962,0
9963,2
9964,0
9965,0
9966,0
9967,2
9968,2
9969,2
9970,0
9971,0
9972,0
9973,2
9974,2
9975,0
9976,2
9977,0
9978,2
9979,1
9980,2
9981,0
9982,2
9983,0
9984,2
9985,2
9986,0
9987,0
9988,1
9989,2
9990,0
9991,0
9992,2
9993,0
9994,0
9995,2
9996,0
9997,0
9998,2
9999,0
10000,2
10001,2
10002,2
10003,2
10004,0
10005,2
10006,0
10007,2
10008,2
10009,2
10010,0
10011,0
10012,2
10013,0
10014,0
10015,2
10016,0
10017,2
10018,2
10019,0
10020,0
10021,0
10022,2
10023,2
10024,0
10025,2
10026,0
10027,0
10028,0
10029,2
10030,2
10031,0
10032,2
10033,0
10034,2
10035,2
10036,0
10037,2
10038,0
10039,1
10040,2
10041,2
10042,0
10043,2
10044,2
10045,1
10046,0
10047,0
10048,2
10049,2
10050,2
10051,2
10052,2
10053,2
10054,2
10055,2
10056,2
10057,2
10058,2
10059,0
10060,0
10061,0
10062,0
10063,2
10064,0
10065,0
10066,0
10067,0
10068,0
10069,0
10070,0
10071,0
10072,2
10073,0
10074,0
10075,0
10076,2
10077,2
10078,2
10079,0
10080,2
10081,2
10082,1
10083,2
10084,0
10085,2
10086,2
10087,0
10088,2
10089,2
10090,0
10091,0
10092,2
10093,1
10094,2
10095,2
10096,2
10097,1
10098,2
10099,2
10100,0
10101,2
10102,2
10103,2
10104,0
10105,2
10106,2
10107,0
10108,0
10109,0
10110,0
10111,0
10112,2
10113,2
10114,0
10115,0
10116,0
10117,2
10118,2
10119,2
10120,2
10121,1
10122,2
10123,2
10124,2
10125,0
10126,2
10127,0
10128,2
10129,2
10130,0
10131,2
10132,0
10133,2
10134,2
10135,2
10136,1
10137,2
10138,1
10139,2
10140,2
10141,2
10142,0
10143,2
10144,0
10145,0
10146,2
10147,2
10148,2
10149,0
10150,0
10151,0
10152,2
10153,2
10154,0
10155,2
10156,2
10157,1
10158,1
10159,2
10160,0
10161,0
10162,2
10163,0
10164,2
10165,0
10166,2
10167,0
10168,0
10169,0
10170,1
10171,0
10172,1
10173,0
10174,2
10175,0
10176,0
10177,0
10178,2
10179,2
10180,0
10181,0
10182,1
10183,0
10184,2
10185,2
10186,2
10187,1
10188,2
10189,2
10190,2
10191,0
10192,2
10193,2
10194,0
10195,0
10196,2
10197,2
10198,0
10199,0
10200,2
10201,2
10202,0
10203,0
10204,0
10205,2
10206,2
10207,1
10208,0
10209,0
10210,2
10211,2
10212,1
10213,0
10214,0
10215,2
10216,0
10217,0
10218,0
10219,2
10220,1
10221,2
10222,2
10223,2
10224,2
10225,0
10226,2
10227,0
10228,1
10229,0
10230,2
10231,0
10232,0
10233,0
10234,2
10235,2
10236,0
10237,0
10238,0
10239,2
10240,2
10241,2
10242,2
10243,1
10244,0
10245,2
10246,2
10247,2
10248,0
10249,2
10250,2
10251,0
10252,0
10253,2
10254,0
10255,2
10256,2
10257,1
10258,0
10259,2
10260,0
10261,2
10262,1
10263,0
10264,0
10265,0
10266,1
10267,0
10268,2
10269,0
10270,2
10271,0
10272,0
10273,2
10274,2
10275,0
10276,2
10277,2
10278,2
10279,0
10280,2
10281,2
10282,2
10283,0
10284,1
10285,0
10286,0
10287,2
10288,0
10289,2
10290,2
10291,0
10292,0
10293,2
10294,2
10295,2
10296,0
10297,2
10298,2
10299,0
10300,0
10301,0
10302,0
10303,2
10304,2
10305,2
10306,0
10307,2
10308,1
10309,2
10310,0
10311,2
10312,1
10313,2
10314,2
10315,1
10316,1
10317,2
10318,0
10319,2
10320,1
10321,0
10322,0
10323,2
10324,2
10325,2
10326,0
10327,0
10328,2
10329,0
10330,0
10331,0
10332,2
10333,0
10334,2
10335,2
10336,0
10337,2
10338,0
10339,2
10340,2
10341,0
10342,0
10343,2
10344,1
10345,2
10346,2
10347,0
10348,0
10349,1
10350,0
10351,0
10352,0
10353,0
10354,2
10355,2
10356,2
10357,0
10358,1
10359,0
10360,2
10361,0
10362,1
10363,0
10364,0
10365,0
10366,0
10367,0
10368,0
10369,0
10370,0
10371,0
10372,2
10373,0
10374,2
10375,0
10376,2
10377,0
10378,0
10379,0
10380,2
10381,0
10382,2
10383,2
10384,0
10385,2
10386,2
10387,0
10388,0
10389,0
10390,2
10391,2
10392,1
10393,2
10394,0
10395,2
10396,2
10397,2
10398,2
10399,2
10400,0
10401,0
10402,0
10403,0
10404,2
10405,0
10406,0
10407,0
10408,0
10409,2
10410,0
10411,0
10412,2
10413,2
10414,0
10415,0
10416,2
10417,0
10418,0
10419,0
10420,0
10421,0
10422,0
10423,1
10424,2
10425,0
10426,0
10427,0
10428,2
10429,2
10430,0
10431,2
10432,2
10433,0
10434,0
10435,2
10436,0
10437,1
10438,2
10439,0
10440,2
10441,2
10442,2
10443,2
10444,0
10445,2
10446,0
10447,2
10448,2
10449,2
10450,0
10451,0
10452,0
10453,0
10454,2
10455,2
10456,0
10457,2
10458,0
10459,2
10460,0
10461,2
10462,2
10463,0
10464,2
10465,2
10466,2
10467,2
10468,0
10469,0
10470,1
10471,0
10472,0
10473,2
10474,0
10475,2
10476,0
10477,1
10478,2
10479,1
10480,0
10481,2
10482,0
10483,0
10484,2
10485,2
10486,0
10487,2
10488,0
10489,2
10490,0
10491,0
10492,0
10493,0
10494,2
10495,0
10496,2
10497,1
10498,2
10499,0
10500,0
10501,0
10502,2
10503,0
10504,0
10505,2
10506,2
10507,2
10508,0
10509,0
10510,0
10511,2
10512,2
10513,0
10514,1
10515,0
10516,0
10517,2
10518,0
10519,0
10520,2
10521,2
10522,0
10523,2
10524,2
10525,2
10526,2
10527,0
10528,0
10529,2
10530,0
10531,0
10532,0
10533,0
10534,0
10535,2
10536,0
10537,0
10538,2
10539,2
10540,0
10541,2
10542,2
10543,2
10544,2
10545,0
10546,2
10547,0
10548,2
10549,2
10550,0
10551,0
10552,2
10553,0
10554,1
10555,0
10556,2
10557,0
10558,0
10559,0
10560,0
10561,0
10562,0
10563,2
10564,0
10565,2
10566,2
10567,0
10568,0
10569,1
10570,2
10571,0
10572,0
10573,2
10574,0
10575,1
10576,0
10577,0
10578,2
10579,0
10580,0
10581,0
10582,2
10583,0
10584,2
10585,0
10586,0
10587,0
10588,2
10589,0
10590,0
10591,2
10592,2
10593,0
10594,2
10595,2
10596,1
10597,0
10598,2
10599,1
10600,0
10601,2
10602,2
10603,0
10604,2
10605,2
10606,0
10607,2
10608,0
10609,0
10610,0
10611,2
10612,2
10613,0
10614,2
10615,0
10616,2
10617,0
10618,2
10619,0
10620,2
10621,2
10622,0
10623,2
10624,2
10625,2
10626,0
10627,0
10628,2
10629,0
10630,0
10631,0
10632,2
10633,0
10634,0
10635,2
10636,2
10637,2
10638,0
10639,2
10640,1
10641,1
10642,2
10643,2
10644,2
10645,2
10646,1
10647,0
10648,2
10649,2
10650,0
10651,2
10652,2
10653,2
10654,2
10655,0
10656,2
10657,2
10658,0
10659,0
10660,1
10661,2
10662,0
10663,2
10664,0
10665,0
10666,2
10667,1
10668,0
10669,0
10670,2
10671,2
10672,2
10673,0
10674,1
10675,2
10676,2
10677,0
10678,0
10679,2
10680,0
10681,2
10682,0
10683,2
10684,2
10685,2
10686,0
10687,0
10688,1
10689,2
10690,2
10691,0
10692,0
10693,0
10694,0
10695,0
10696,2
10697,0
10698,2
10699,2
10700,2
10701,0
10702,2
10703,2
10704,2
10705,2
10706,0
10707,2
10708,0
10709,2
10710,0
10711,0
10712,2
10713,0
10714,0
10715,2
10716,0
10717,2
10718,2
10719,2
10720,2
10721,2
10722,0
10723,2
10724,2
10725,2
10726,2
10727,0
10728,2
10729,2
10730,2
10731,0
10732,2
10733,0
10734,0
10735,2
10736,1
10737,2
10738,2
10739,0
10740,0
10741,0
10742,0
10743,2
10744,2
10745,1
10746,0
10747,2
10748,0
10749,0
10750,2
10751,2
10752,0
10753,0
10754,0
10755,2
10756,2
10757,0
10758,2
10759,2
10760,0
10761,0
10762,2
10763,2
10764,2
10765,2
10766,2
10767,0
10768,0
10769,0
10770,2
10771,0
10772,2
10773,0
10774,0
10775,2
10776,0
10777,2
10778,2
10779,2
10780,2
10781,2
10782,0
10783,1
10784,2
10785,2
10786,2
10787,0
10788,0
10789,2
10790,0
10791,0
10792,0
10793,2
10794,0
10795,0
10796,2
10797,0
10798,0
10799,2
10800,0
10801,0
10802,0
10803,2
10804,1
10805,2
10806,2
10807,2
10808,0
10809,0
10810,2
10811,0
10812,0
10813,2
10814,0
10815,0
10816,2
10817,2
10818,1
10819,1
10820,1
10821,0
10822,2
10823,2
10824,2
10825,0
10826,0
10827,2
10828,2
10829,0
10830,2
10831,0
10832,2
10833,2
10834,2
10835,0
10836,2
10837,0
10838,2
10839,0
10840,0
10841,2
10842,0
10843,0
10844,0
10845,0
10846,1
10847,2
10848,1
10849,2
10850,0
10851,0
10852,0
10853,0
10854,2
10855,2
10856,0
10857,1
10858,2
10859,2
10860,0
10861,0
10862,0
10863,0
10864,0
10865,2
10866,0
10867,2
10868,1
10869,2
10870,2
10871,2
10872,0
10873,0
10874,2
10875,0
10876,2
10877,2
10878,0
10879,2
10880,2
10881,2
10882,0
10883,0
10884,2
10885,0
10886,2
10887,0
10888,2
10889,2
10890,0
10891,2
10892,0
10893,2
10894,2
10895,2
10896,0
10897,2
10898,0
10899,0
10900,2
10901,1
10902,2
10903,0
10904,2
10905,0
10906,2
10907,2
10908,2
10909,0
10910,0
10911,1
10912,0
10913,2
10914,2
10915,1
10916,2
10917,0
10918,0
10919,0
10920,0
10921,1
10922,2
10923,0
10924,0
10925,0
10926,2
10927,2
10928,0
10929,2
10930,2
10931,0
10932,0
10933,2
10934,0
10935,2
10936,0
10937,0
10938,0
10939,1
10940,2
10941,0
10942,0
10943,2
10944,1
10945,2
10946,2
10947,2
10948,0
10949,2
10950,2
10951,0
10952,0
10953,2
10954,0
10955,2
10956,2
10957,0
10958,2
10959,2
10960,1
10961,2
10962,0
10963,2
10964,2
10965,2
10966,0
10967,0
10968,2
10969,2
10970,1
10971,0
10972,2
10973,0
10974,2
10975,2
10976,2
10977,2
10978,0
10979,0
10980,0
10981,2
10982,0
10983,2
10984,2
10985,2
10986,2
10987,0
10988,0
10989,2
10990,2
10991,2
10992,0
10993,0
10994,2
10995,2
10996,2
10997,2
10998,0
10999,0
11000,2
11001,2
11002,1
11003,2
11004,0
11005,2
11006,0
11007,0
11008,0
11009,2
11010,2
11011,2
11012,0
11013,2
11014,0
11015,1
11016,0
11017,0
11018,0
11019,0
11020,2
11021,0
11022,2
11023,0
11024,2
11025,0
11026,0
11027,2
11028,1
11029,0
11030,0
11031,0
11032,2
11033,2
11034,0
11035,2
11036,2
11037,1
11038,0
11039,2
11040,0
11041,0
11042,2
11043,0
11044,0
11045,0
11046,2
11047,0
11048,2
11049,0
11050,0
11051,0
11052,2
11053,0
11054,0
11055,2
11056,2
11057,2
11058,1
11059,2
11060,2
11061,0
11062,0
11063,2
11064,2
11065,2
11066,0
11067,2
11068,0
11069,2
11070,0
11071,2
11072,0
11073,1
11074,1
11075,0
11076,0
11077,0
11078,0
11079,0
11080,2
11081,0
11082,0
11083,0
11084,0
11085,0
11086,2
11087,2
11088,2
11089,2
11090,1
11091,2
11092,2
11093,2
11094,2
11095,0
11096,2
11097,2
11098,0
11099,0
11100,0
11101,2
11102,0
11103,2
11104,0
11105,2
11106,2
11107,0
11108,2
11109,0
11110,2
11111,0
11112,0
11113,1
11114,2
11115,0
11116,2
11117,0
11118,0
11119,2
11120,0
11121,0
11122,2
11123,0
11124,2
11125,0
11126,0
11127,0
11128,0
11129,0
11130,2
11131,0
11132,0
11133,0
11134,1
11135,2
11136,2
11137,0
11138,0
11139,2
11140,0
11141,0
11142,2
11143,2
11144,0
11145,0
11146,2
11147,0
11148,0
11149,2
11150,0
11151,0
11152,2
11153,0
11154,0
11155,2
11156,0
11157,0
11158,0
11159,0
11160,0
11161,0
11162,2
11163,1
11164,2
11165,2
11166,2
11167,0
11168,0
11169,0
11170,0
11171,2
11172,0
11173,2
11174,2
11175,0
11176,2
11177,0
11178,2
11179,2
11180,0
11181,2
11182,2
11183,0
11184,0
11185,2
11186,2
11187,2
11188,0
11189,2
11190,0
11191,2
11192,1
11193,0
11194,0
11195,1
11196,2
11197,0
11198,2
11199,2
11200,0
11201,2
11202,0
11203,1
11204,0
11205,2
11206,2
11207,0
11208,2
11209,2
11210,2
11211,2
11212,2
11213,2
11214,2
11215,0
11216,1
11217,1
11218,2
11219,0
11220,2
11221,2
11222,0
11223,0
11224,2
11225,0
11226,0
11227,0
11228,2
11229,0
11230,2
11231,1
11232,0
11233,0
11234,2
11235,0
11236,0
11237,1
11238,2
11239,2
11240,0
11241,0
11242,2
11243,0
11244,2
11245,0
11246,0
11247,0
11248,1
11249,2
11250,0
11251,0
11252,0
11253,2
11254,0
11255,2
11256,0
11257,2
11258,1
11259,2
11260,0
11261,2
11262,2
11263,2
11264,0
11265,2
11266,0
11267,2
11268,0
11269,2
11270,0
11271,1
11272,2
11273,2
11274,0
11275,2
11276,2
11277,2
11278,2
11279,0
11280,2
11281,0
11282,2
11283,2
11284,0
11285,0
11286,2
11287,2
11288,2
11289,2
11290,0
11291,0
11292,2
11293,1
11294,0
11295,1
11296,2
11297,2
11298,2
11299,0
11300,2
11301,2
11302,1
11303,2
11304,2
11305,1
11306,0
11307,2
11308,0
11309,0
11310,0
11311,0
11312,0
11313,0
11314,0
11315,0
11316,2
11317,0
11318,0
11319,0
11320,0
11321,2
11322,0
11323,0
11324,0
11325,2
11326,0
11327,2
11328,1
11329,0
11330,0
11331,2
11332,0
11333,0
11334,0
11335,0
11336,0
11337,0
11338,1
11339,2
11340,2
11341,0
11342,0
11343,2
11344,1
11345,2
11346,2
11347,2
11348,2
11349,0
11350,0
11351,2
11352,2
11353,0
11354,0
11355,0
11356,2
11357,2
11358,0
11359,1
11360,0
11361,2
11362,0
11363,2
11364,0
11365,2
11366,2
11367,0
11368,0
11369,2
11370,2
11371,0
11372,0
11373,1
11374,0
11375,2
11376,2
11377,0
11378,2
11379,2
11380,0
11381,0
11382,2
11383,0
11384,2
11385,0
11386,2
11387,0
11388,2
11389,0
11390,2
11391,0
11392,0
11393,2
11394,2
11395,0
11396,0
11397,2
11398,2
11399,2
11400,0
11401,2
11402,0
11403,0
11404,0
11405,0
11406,2
11407,0
11408,0
11409,0
11410,2
11411,2
11412,0
11413,1
11414,0
11415,2
11416,2
11417,0
11418,2
11419,2
11420,2
11421,0
11422,2
11423,2
11424,1
11425,0
11426,2
11427,2
11428,0
11429,0
11430,2
11431,0
11432,0
11433,0
11434,0
11435,2
11436,1
11437,0
11438,2
11439,2
11440,2
11441,0
11442,2
11443,0
11444,2
11445,2
11446,2
11447,2
11448,0
11449,0
11450,0
11451,0
11452,0
11453,2
11454,1
11455,1
11456,2
11457,2
11458,0
11459,2
11460,0
11461,2
11462,0
11463,0
11464,0
11465,2
11466,2
11467,2
11468,0
11469,2
11470,2
11471,0
11472,0
11473,2
11474,2
11475,2
11476,1
11477,2
11478,2
11479,2
11480,0
11481,2
11482,2
11483,0
11484,0
11485,0
11486,1
11487,0
11488,2
11489,0
11490,2
11491,2
11492,0
11493,2
11494,2
11495,0
11496,1
11497,2
11498,0
11499,2
11500,2
11501,0
11502,2
11503,0
11504,0
11505,0
11506,2
11507,0
11508,2
11509,1
11510,0
11511,0
11512,0
11513,2
11514,2
11515,2
11516,2
11517,2
11518,0
11519,0
11520,0
11521,0
11522,2
11523,2
11524,2
11525,2
11526,0
11527,0
11528,2
11529,0
11530,2
11531,2
11532,2
11533,0
11534,0
11535,0
11536,0
11537,0
11538,0
11539,0
11540,2
11541,0
11542,0
11543,0
11544,2
11545,2
11546,0
11547,2
11548,2
11549,0
11550,0
11551,0
11552,2
11553,0
11554,0
11555,2
11556,0
11557,0
11558,0
11559,0
11560,0
11561,0
11562,2
11563,0
11564,0
11565,2
11566,1
11567,2
11568,2
11569,0
11570,2
11571,2
11572,2
11573,2
11574,2
11575,2
11576,2
11577,0
11578,2
11579,2
11580,2
11581,0
11582,0
11583,0
11584,2
11585,2
11586,0
11587,0
11588,2
11589,0
11590,0
11591,0
11592,0
11593,2
11594,0
11595,0
11596,2
11597,2
11598,2
11599,2
11600,2
11601,0
11602,2
11603,0
11604,0
11605,0
11606,2
11607,1
11608,2
11609,0
11610,0
11611,0
11612,2
11613,2
11614,2
11615,1
11616,0
11617,2
11618,2
11619,0
11620,2
11621,2
11622,0
11623,2
11624,0
11625,2
11626,2
11627,2
11628,0
11629,2
11630,2
11631,0
11632,2
11633,2
11634,1
11635,0
11636,2
11637,0
11638,2
11639,1
11640,0
11641,0
11642,2
11643,2
11644,0
11645,0
11646,2
11647,2
11648,0
11649,0
11650,2
11651,0
11652,0
11653,0
11654,2
11655,2
11656,2
11657,0
11658,2
11659,2
11660,2
11661,0
11662,2
11663,2
11664,0
11665,0
11666,0
11667,2
11668,2
11669,0
11670,2
11671,1
11672,0
11673,2
11674,0
11675,0
11676,0
11677,0
11678,1
11679,2
11680,0
11681,2
11682,0
11683,2
11684,2
11685,2
11686,2
11687,1
11688,2
11689,0
11690,0
11691,1
11692,0
11693,2
11694,0
11695,0
11696,2
11697,0
11698,2
11699,2
11700,2
11701,2
11702,1
11703,0
11704,0
11705,2
11706,2
11707,2
11708,2
11709,0
11710,2
11711,0
11712,0
11713,0
11714,2
11715,2
11716,0
11717,2
11718,1
11719,0
11720,0
11721,1
11722,2
11723,0
11724,2
11725,0
11726,2
11727,2
11728,2
11729,1
11730,2
11731,0
11732,2
11733,2
11734,2
11735,0
11736,0
11737,0
11738,0
11739,2
11740,0
11741,0
11742,2
11743,0
11744,0
11745,2
11746,0
11747,0
11748,2
11749,2
11750,0
11751,2
11752,2
11753,0
11754,0
11755,0
11756,2
11757,0
11758,0
11759,0
11760,2
11761,2
11762,0
11763,2
11764,1
11765,2
11766,2
11767,0
11768,0
11769,0
11770,0
11771,2
11772,0
11773,2
11774,0
11775,0
11776,2
11777,0
11778,2
11779,2
11780,0
11781,2
11782,2
11783,0
11784,2
11785,2
11786,0
11787,2
11788,2
11789,0
11790,0
11791,0
11792,0
11793,0
11794,2
11795,2
11796,2
11797,0
11798,0
11799,0
11800,2
11801,0
11802,2
11803,1
11804,1
11805,0
11806,2
11807,0
11808,0
11809,2
11810,2
11811,2
11812,1
11813,0
11814,0
11815,2
11816,2
11817,0
11818,0
11819,0
11820,2
11821,0
11822,2
11823,2
11824,2
11825,2
11826,2
11827,2
11828,2
11829,2
11830,0
11831,0
11832,0
11833,2
11834,0
11835,0
11836,0
11837,0
11838,0
11839,0
11840,2
11841,2
11842,0
11843,0
11844,2
11845,0
11846,2
11847,0
11848,0
11849,1
11850,2
11851,2
11852,0
11853,0
11854,1
11855,0
11856,0
11857,2
11858,2
11859,2
11860,0
11861,0
11862,2
11863,0
11864,2
11865,0
11866,0
11867,2
11868,0
11869,2
11870,0
11871,0
11872,2
11873,2
11874,2
11875,0
11876,2
11877,2
11878,0
11879,0
11880,0
11881,2
11882,2
11883,1
11884,0
11885,2
11886,2
11887,2
11888,0
11889,0
11890,2
11891,2
11892,0
11893,0
11894,0
11895,0
11896,2
11897,2
11898,1
11899,0
11900,2
11901,0
11902,2
11903,0
11904,2
11905,0
11906,2
11907,2
11908,0
11909,2
11910,2
11911,0
11912,2
11913,0
11914,2
11915,0
11916,2
11917,0
11918,2
11919,2
11920,2
11921,2
11922,0
11923,0
11924,2
11925,0
11926,1
11927,0
11928,2
11929,1
11930,2
11931,0
11932,0
11933,1
11934,0
11935,2
11936,2
11937,2
11938,2
11939,0
11940,2
11941,0
11942,0
11943,2
11944,0
11945,2
11946,2
11947,1
11948,2
11949,2
11950,0
11951,0
11952,1
11953,0
11954,0
11955,1
11956,0
11957,0
11958,2
11959,2
11960,2
11961,0
11962,2
11963,2
11964,1
11965,0
11966,0
11967,1
11968,2
11969,2
11970,0
11971,0
11972,2
11973,0
11974,2
11975,1
11976,0
11977,2
11978,0
11979,0
11980,0
11981,0
11982,2
11983,1
11984,0
11985,2
11986,0
11987,1
11988,2
11989,2
11990,0
11991,0
11992,2
11993,2
11994,0
11995,2
11996,0
11997,2
11998,2
11999,0
12000,0
12001,0
12002,2
12003,2
12004,0
12005,0
12006,1
12007,0
12008,0
12009,2
12010,0
12011,0
12012,2
12013,0
12014,0
12015,1
12016,2
12017,1
12018,0
12019,2
12020,2
12021,0
12022,2
12023,0
12024,2
12025,2
12026,0
12027,0
12028,2
12029,0
12030,2
12031,0
12032,1
12033,0
12034,2
12035,0
12036,2
12037,2
12038,0
12039,2
12040,2
12041,2
12042,0
12043,0
12044,1
12045,0
12046,0
12047,1
12048,2
12049,2
12050,0
12051,2
12052,0
12053,2
12054,0
12055,1
12056,0
12057,2
12058,2
12059,0
12060,0
12061,0
12062,2
12063,2
12064,2
12065,0
12066,0
12067,0
12068,2
12069,2
12070,2
12071,2
12072,1
12073,2
12074,0
12075,0
12076,2
12077,2
12078,2
12079,0
12080,0
12081,2
12082,2
12083,0
12084,0
12085,1
12086,2
12087,2
12088,0
12089,2
12090,0
12091,0
12092,0
12093,2
12094,1
12095,0
12096,2
12097,0
12098,0
12099,0
12100,0
12101,2
12102,0
12103,0
12104,2
12105,1
12106,2
12107,0
12108,2
12109,2
12110,0
12111,2
12112,0
12113,2
12114,0
12115,0
12116,0
12117,0
12118,0
12119,0
12120,0
12121,2
12122,0
12123,2
12124,0
12125,0
12126,0
12127,2
12128,2
12129,2
12130,0
12131,2
12132,0
12133,2
12134,2
12135,0
12136,0
12137,0
12138,0
12139,2
12140,2
12141,2
12142,0
12143,2
12144,2
12145,2
12146,2
12147,2
12148,2
12149,0
12150,2
12151,0
12152,1
12153,0
12154,2
12155,0
12156,0
12157,2
12158,0
12159,0
12160,2
12161,2
12162,0
12163,2
12164,0
12165,2
12166,1
12167,0
12168,2
12169,2
12170,2
12171,0
12172,2
12173,2
12174,0
12175,2
12176,0
12177,2
12178,0
12179,0
12180,2
12181,2
12182,2
12183,0
12184,0
12185,0
12186,2
12187,0
12188,2
12189,2
12190,0
12191,2
12192,0
12193,2
12194,2
12195,0
12196,1
12197,2
12198,2
12199,0
12200,0
12201,0
12202,2
12203,0
12204,0
12205,2
12206,0
12207,0
12208,0
12209,2
12210,0
12211,0
12212,0
12213,0
12214,0
12215,2
12216,2
12217,2
12218,0
12219,2
12220,2
12221,0
12222,2
12223,2
12224,2
12225,0
12226,2
12227,2
12228,0
12229,0
12230,0
12231,0
12232,0
12233,2
12234,0
12235,0
12236,2
12237,0
12238,0
12239,2
12240,1
12241,0
12242,0
12243,0
12244,0
12245,2
12246,0
12247,0
12248,2
12249,2
12250,2
12251,0
12252,0
12253,2
12254,0
12255,2
12256,0
12257,0
12258,2
12259,0
12260,2
12261,0
12262,0
12263,0
12264,2
12265,2
12266,0
12267,2
12268,0
12269,2
12270,0
12271,0
12272,1
12273,2
12274,1
12275,0
12276,0
12277,2
12278,2
12279,2
12280,2
12281,2
12282,0
12283,0
12284,0
12285,0
12286,1
12287,0
12288,2
12289,1
12290,2
12291,2
12292,0
12293,2
12294,0
12295,0
12296,2
12297,2
12298,2
12299,0
12300,0
12301,2
12302,1
12303,2
12304,2
12305,2
12306,1
12307,0
12308,2
12309,1
12310,2
12311,2
12312,2
12313,0
12314,0
12315,0
12316,0
12317,0
12318,2
12319,0
12320,2
12321,0
12322,0
12323,0
12324,2
12325,0
12326,0
12327,2
12328,2
12329,0
12330,0
12331,0
12332,0
12333,0
12334,0
12335,2
12336,0
12337,2
12338,2
12339,0
12340,2
12341,1
12342,2
12343,2
12344,0
12345,2
12346,2
12347,2
12348,2
12349,2
12350,2
12351,1
12352,2
12353,2
12354,2
12355,2
12356,2
12357,0
12358,2
12359,0
12360,2
12361,1
12362,0
12363,1
12364,2
12365,0
12366,0
12367,0
12368,1
12369,0
12370,1
12371,0
12372,0
12373,2
12374,2
12375,2
12376,2
12377,0
12378,1
12379,1
12380,2
12381,2
12382,2
12383,0
12384,0
12385,0
12386,2
12387,2
12388,0
12389,2
12390,0
12391,0
12392,2
12393,0
12394,0
12395,2
12396,0
12397,0
12398,0
12399,2
12400,2
12401,0
12402,2
12403,0
12404,2
12405,2
12406,0
12407,1
12408,0
12409,2
12410,2
12411,2
12412,1
12413,1
12414,2
12415,0
12416,1
12417,2
12418,0
12419,0
12420,0
12421,0
12422,1
12423,0
12424,2
12425,2
12426,2
12427,0
12428,2
12429,2
12430,0
12431,0
12432,2
12433,0
12434,2
12435,0
12436,0
12437,0
12438,2
12439,2
12440,0
12441,0
12442,0
12443,2
12444,1
12445,2
12446,2
12447,0
12448,2
12449,2
12450,2
12451,2
12452,2
12453,2
12454,2
12455,2
12456,0
12457,0
12458,0
12459,0
12460,2
12461,0
12462,0
12463,0
12464,2
12465,2
12466,2
12467,2
12468,2
12469,0
12470,0
12471,0
12472,0
12473,0
12474,2
12475,2
12476,0
12477,2
12478,2
12479,2
12480,2
12481,0
12482,2
12483,0
12484,2
12485,0
12486,2
12487,0
12488,1
12489,0
12490,0
12491,2
12492,0
12493,2
12494,0
12495,2
12496,2
12497,0
12498,1
12499,2
12500,2
12501,0
12502,0
12503,2
12504,0
12505,2
12506,2
12507,0
12508,1
12509,0
12510,2
12511,2
12512,0
12513,0
12514,0
12515,2
12516,0
12517,2
12518,0
12519,2
12520,2
12521,2
12522,1
12523,0
12524,0
12525,2
12526,0
12527,2
12528,2
12529,2
12530,0
12531,2
12532,2
12533,0
12534,2
12535,2
12536,2
12537,0
12538,1
12539,2
12540,1
12541,0
12542,0
12543,0
12544,0
12545,2
12546,2
12547,0
12548,1
12549,0
12550,0
12551,2
12552,0
12553,0
12554,2
12555,2
12556,2
12557,0
12558,2
12559,0
12560,0
12561,2
12562,2
12563,2
12564,0
12565,0
12566,0
12567,2
12568,2
12569,0
12570,0
12571,0
12572,0
12573,0
12574,2
12575,2
12576,0
12577,1
12578,2
12579,2
12580,2
12581,0
12582,2
12583,0
12584,2
12585,2
12586,0
12587,2
12588,2
12589,0
12590,0
12591,2
12592,0
12593,0
12594,0
12595,2
12596,0
12597,1
12598,2
12599,0
12600,0
12601,0
12602,2
12603,0
12604,0
12605,0
12606,2
12607,2
12608,0
12609,0
12610,1
12611,0
12612,0
12613,2
12614,2
12615,2
12616,0
12617,0
12618,2
12619,2
12620,1
12621,0
12622,2
12623,2
12624,0
12625,2
12626,2
12627,2
12628,2
12629,2
12630,0
12631,2
12632,0
12633,2
12634,0
12635,0
12636,0
12637,2
12638,0
12639,0
12640,2
12641,2
12642,0
12643,0
12644,0
12645,2
12646,0
12647,0
12648,2
12649,2
12650,0
12651,0
12652,2
12653,1
12654,1
12655,2
12656,0
12657,2
12658,0
12659,2
12660,0
12661,2
12662,2
12663,0
12664,0
12665,2
12666,0
12667,2
12668,2
12669,0
12670,2
12671,2
12672,2
12673,2
12674,2
12675,0
12676,2
12677,2
12678,2
12679,0
12680,2
12681,1
12682,2
12683,0
12684,0
12685,0
12686,0
12687,0
12688,2
12689,2
12690,1
12691,0
12692,2
12693,2
12694,0
12695,1
12696,2
12697,0
12698,2
12699,0
12700,0
12701,0
12702,0
12703,2
12704,2
12705,0
12706,2
12707,2
12708,0
12709,2
12710,0
12711,2
12712,2
12713,1
12714,2
12715,0
12716,2
12717,2
12718,2
12719,0
12720,2
12721,2
12722,0
12723,0
12724,0
12725,2
12726,0
12727,2
12728,0
12729,2
12730,2
12731,0
12732,0
12733,2
12734,0
12735,0
12736,0
12737,2
12738,0
12739,2
12740,0
12741,2
12742,2
12743,0
12744,1
12745,2
12746,2
12747,0
12748,2
12749,0
12750,2
12751,0
12752,0
12753,0
12754,2
12755,0
12756,0
12757,1
12758,2
12759,0
12760,2
12761,0
12762,2
12763,2
12764,0
12765,0
12766,0
12767,0
12768,2
12769,0
12770,2
12771,1
12772,1
12773,2
12774,0
12775,0
12776,2
12777,2
12778,0
12779,2
12780,0
12781,2
12782,2
12783,0
12784,2
12785,0
12786,1
12787,0
12788,2
12789,1
12790,0
12791,2
12792,2
12793,2
12794,2
12795,0
12796,2
12797,2
12798,2
12799,2
12800,1
12801,0
12802,2
12803,2
12804,2
12805,0
12806,0
12807,0
12808,0
12809,0
12810,2
12811,2
12812,2
12813,2
12814,0
12815,2
12816,2
12817,2
12818,2
12819,0
12820,2
12821,0
12822,0
12823,0
12824,0
12825,2
12826,0
12827,0
12828,0
12829,2
12830,2
12831,2
12832,2
12833,0
12834,2
12835,2
12836,2
12837,2
12838,2
12839,0
12840,0
12841,2
12842,2
12843,0
12844,0
12845,2
12846,0
12847,0
12848,2
12849,2
12850,2
12851,2
12852,0
12853,0
12854,2
12855,2
12856,2
12857,2
12858,0
12859,0
12860,0
12861,1
12862,2
12863,0
12864,0
12865,2
12866,2
12867,0
12868,2
12869,0
12870,0
12871,2
12872,0
12873,0
12874,2
12875,2
12876,0
12877,2
12878,1
12879,0
12880,0
12881,2
12882,2
12883,2
12884,0
12885,0
12886,0
12887,0
12888,0
12889,0
12890,2
12891,2
12892,0
12893,0
12894,2
12895,2
12896,1
12897,0
12898,2
12899,2
12900,2
12901,0
12902,0
12903,2
12904,1
12905,2
12906,0
12907,0
12908,0
12909,2
12910,0
12911,2
12912,0
12913,0
12914,2
12915,0
12916,2
12917,2
12918,2
12919,1
12920,2
12921,2
12922,0
12923,0
12924,1
12925,0
12926,1
12927,0
12928,2
12929,0
12930,0
12931,0
12932,2
12933,2
12934,2
12935,0
12936,2
12937,2
12938,0
12939,0
12940,0
12941,2
12942,2
12943,2
12944,2
12945,0
12946,0
12947,2
12948,0
12949,2
12950,0
12951,0
12952,1
12953,2
12954,0
12955,2
12956,0
12957,0
12958,2
12959,0
12960,0
12961,2
12962,2
12963,2
12964,2
12965,0
12966,0
12967,2
12968,2
12969,1
12970,0
12971,2
12972,2
12973,0
12974,0
12975,0
12976,2
12977,0
12978,0
12979,2
12980,0
12981,2
12982,2
12983,0
12984,1
12985,2
12986,2
12987,2
12988,1
12989,1
12990,0
12991,0
12992,0
12993,2
12994,0
12995,0
12996,0
12997,2
12998,2
12999,0
13000,0
13001,0
13002,0
13003,0
13004,2
13005,2
13006,0
13007,2
13008,2
13009,2
13010,0
13011,0
13012,2
13013,0
13014,1
13015,2
13016,1
13017,2
13018,0
13019,0
13020,2
13021,2
13022,2
13023,0
13024,2
13025,2
13026,2
13027,2
13028,0
13029,2
13030,0
13031,2
13032,0
13033,0
13034,0
13035,2
13036,0
13037,2
13038,2
13039,0
13040,0
13041,0
13042,0
13043,2
13044,2
13045,0
13046,2
13047,2
13048,2
13049,2
13050,0
13051,2
13052,2
13053,0
13054,2
13055,0
13056,2
13057,2
13058,2
13059,0
13060,2
13061,0
13062,0
13063,0
13064,0
13065,2
13066,2
13067,0
13068,2
13069,1
13070,0
13071,2
13072,2
13073,2
13074,2
13075,0
13076,0
13077,0
13078,0
13079,0
13080,2
13081,0
13082,2
13083,2
13084,2
13085,1
13086,2
13087,2
13088,2
13089,2
13090,2
13091,2
13092,2
13093,0
13094,2
13095,0
13096,2
13097,0
13098,0
13099,2
13100,2
13101,0
13102,2
13103,0
13104,1
13105,2
13106,0
13107,2
13108,0
13109,0
13110,0
13111,0
13112,0
13113,0
13114,0
13115,2
13116,2
13117,0
13118,0
13119,2
13120,1
13121,0
13122,2
13123,2
13124,0
13125,0
13126,2
13127,0
13128,0
13129,2
13130,1
13131,0
13132,0
13133,2
13134,0
13135,2
13136,0
13137,2
13138,0
13139,2
13140,2
13141,2
13142,0
13143,0
13144,0
13145,0
13146,0
13147,0
13148,0
13149,2
13150,2
13151,2
13152,0
13153,0
13154,1
13155,0
13156,0
13157,0
13158,2
13159,2
13160,2
13161,2
13162,0
13163,0
13164,2
13165,2
13166,2
13167,2
13168,0
13169,2
13170,0
13171,2
13172,2
13173,2
13174,2
13175,2
13176,0
13177,2
13178,0
13179,0
13180,0
13181,0
13182,2
13183,0
13184,2
13185,0
13186,0
13187,2
13188,2
13189,2
13190,0
13191,2
13192,2
13193,1
13194,2
13195,2
13196,0
13197,2
13198,0
13199,2
13200,2
13201,0
13202,0
13203,0
13204,0
13205,2
13206,0
13207,2
13208,0
13209,2
13210,0
13211,2
13212,0
13213,2
13214,0
13215,0
13216,2
13217,0
13218,2
13219,0
13220,0
13221,0
13222,2
13223,1
13224,2
13225,0
13226,2
13227,2
13228,2
13229,2
13230,0
13231,0
13232,0
13233,2
13234,2
13235,1
13236,0
13237,0
13238,0
13239,2
13240,0
13241,2
13242,2
13243,0
13244,2
13245,0
13246,2
13247,1
13248,0
13249,0
13250,2
13251,1
13252,2
13253,2
13254,1
13255,0
13256,0
13257,0
13258,2
13259,0
13260,2
13261,0
13262,0
13263,0
13264,2
13265,0
13266,2
13267,0
13268,0
13269,0
13270,0
13271,2
13272,2
13273,2
13274,0
13275,2
13276,0
13277,2
13278,0
13279,2
13280,2
13281,2
13282,0
13283,0
13284,0
13285,2
13286,2
13287,2
13288,0
13289,2
13290,2
13291,0
13292,0
13293,0
13294,0
13295,2
13296,0
13297,2
13298,2
13299,2
13300,0
13301,2
13302,2
13303,0
13304,0
13305,2
13306,2
13307,2
13308,0
13309,2
13310,0
13311,2
13312,0
13313,0
13314,2
13315,0
13316,2
13317,2
13318,2
13319,0
13320,0
13321,2
13322,2
13323,0
13324,0
13325,2
13326,0
13327,2
13328,2
13329,2
13330,0
13331,2
13332,0
13333,2
13334,0
13335,0
13336,2
13337,2
13338,0
13339,2
13340,0
13341,2
13342,2
13343,0
13344,2
13345,2
13346,2
13347,0
13348,0
13349,2
13350,0
13351,2
13352,2
13353,2
13354,2
13355,0
13356,0
13357,0
13358,0
13359,0
13360,0
13361,2
13362,0
13363,0
13364,2
13365,2
13366,2
13367,0
13368,2
13369,2
13370,0
13371,2
13372,0
13373,2
13374,0
13375,0
13376,2
13377,2
13378,0
13379,0
13380,0
13381,2
13382,0
13383,0
13384,0
13385,0
13386,0
13387,2
13388,0
13389,0
13390,0
13391,2
13392,0
13393,2
13394,0
13395,0
13396,0
13397,0
13398,0
13399,0
13400,0
13401,2
13402,2
13403,0
13404,0
13405,0
13406,0
13407,0
13408,0
13409,2
13410,2
13411,2
13412,0
13413,0
13414,2
13415,2
13416,0
13417,0
13418,0
13419,0
13420,1
13421,2
13422,2
13423,2
13424,2
13425,0
13426,0
13427,2
13428,0
13429,0
13430,2
13431,0
13432,0
13433,0
13434,2
13435,2
13436,2
13437,0
13438,0
13439,2
13440,2
13441,0
13442,2
13443,0
13444,2
13445,2
13446,2
13447,2
13448,0
13449,0
13450,0
13451,0
13452,2
13453,1
13454,2
13455,1
13456,2
13457,0
13458,0
13459,2
13460,2
13461,2
13462,2
13463,1
13464,0
13465,2
13466,0
13467,2
13468,2
13469,0
13470,2
13471,0
13472,0
13473,2
13474,2
13475,0
13476,2
13477,1
13478,0
13479,0
13480,0
13481,2
13482,0
13483,2
13484,2
13485,2
13486,2
13487,2
13488,2
13489,1
13490,2
13491,2
13492,2
13493,2
13494,2
13495,2
13496,2
13497,0
13498,0
13499,1
13500,2
13501,0
13502,0
13503,0
13504,0
13505,2
13506,0
13507,2
13508,0
13509,2
13510,2
13511,0
13512,0
13513,2
13514,0
13515,2
13516,0
13517,2
13518,1
13519,0
13520,2
13521,0
13522,2
13523,2
13524,0
13525,2
13526,0
13527,0
13528,2
13529,2
13530,2
13531,2
13532,2
13533,2
13534,2
13535,2
13536,2
13537,0
13538,0
13539,0
13540,0
13541,0
13542,0
13543,2
13544,0
13545,2
13546,0
13547,2
13548,2
13549,2
13550,0
13551,2
13552,0
13553,0
13554,2
13555,2
13556,2
13557,2
13558,2
13559,0
13560,0
13561,0
13562,0
13563,0
13564,0
13565,2
13566,0
13567,0
13568,2
13569,0
13570,2
13571,2
13572,0
13573,0
13574,2
13575,2
13576,2
13577,2
13578,2
13579,2
13580,2
13581,2
13582,2
13583,0
13584,0
13585,1
13586,2
13587,0
13588,2
13589,2
13590,0
13591,2
13592,2
13593,0
13594,2
13595,2
13596,2
13597,0
13598,0
13599,0
13600,0
13601,2
13602,1
13603,0
13604,0
13605,0
13606,2
13607,1
13608,2
13609,0
13610,0
13611,2
13612,0
13613,2
13614,0
13615,1
13616,2
13617,0
13618,2
13619,0
13620,0
13621,0
13622,0
13623,2
13624,2
13625,2
13626,2
13627,0
13628,2
13629,0
13630,2
13631,0
13632,0
13633,0
13634,0
13635,0
13636,2
13637,1
13638,2
13639,2
13640,0
13641,2
13642,0
13643,2
13644,2
13645,0
13646,1
13647,0
13648,0
13649,2
13650,2
13651,0
13652,0
13653,2
13654,1
13655,2
13656,0
13657,2
13658,2
13659,2
13660,2
13661,0
13662,1
13663,0
13664,0
13665,2
13666,0
13667,2
13668,2
13669,2
13670,2
13671,0
13672,2
13673,2
13674,0
13675,2
13676,2
13677,0
13678,1
13679,0
13680,0
13681,2
13682,2
13683,0
13684,0
13685,0
13686,2
13687,2
13688,0
13689,0
13690,2
13691,0
13692,0
13693,2
13694,2
13695,0
13696,2
13697,0
13698,0
13699,0
13700,0
13701,2
13702,1
13703,0
13704,0
13705,0
13706,0
13707,0
13708,2
13709,2
13710,0
13711,0
13712,0
13713,2
13714,0
13715,0
13716,0
13717,2
13718,1
13719,2
13720,2
13721,2
13722,2
13723,2
13724,0
13725,2
13726,0
13727,2
13728,2
13729,2
13730,0
13731,0
13732,2
13733,2
13734,2
13735,2
13736,2
13737,0
13738,0
13739,2
13740,0
13741,0
13742,0
13743,1
13744,0
13745,0
13746,0
13747,0
13748,2
13749,0
13750,0
13751,0
13752,0
13753,2
13754,2
13755,0
13756,0
13757,2
13758,2
13759,0
13760,0
13761,2
13762,2
13763,2
13764,0
13765,2
13766,2
13767,0
13768,0
13769,0
13770,0
13771,2
13772,0
13773,2
13774,2
13775,0
13776,1
13777,0
13778,2
13779,0
13780,2
13781,2
13782,0
13783,2
13784,2
13785,2
13786,0
13787,0
13788,2
13789,0
13790,2
13791,2
13792,0
13793,0
13794,0
13795,0
13796,1
13797,0
13798,2
13799,0
13800,0
13801,2
13802,2
13803,0
13804,2
13805,2
13806,2
13807,0
13808,1
13809,1
13810,0
13811,0
13812,2
13813,2
13814,2
13815,0
13816,0
13817,0
13818,0
13819,0
13820,0
13821,0
13822,0
13823,0
13824,0
13825,2
13826,2
13827,0
13828,2
13829,0
13830,0
13831,0
13832,0
13833,0
13834,0
13835,2
13836,1
13837,0
13838,1
13839,0
13840,0
13841,0
13842,0
13843,0
13844,0
13845,0
13846,2
13847,0
13848,0
13849,0
13850,0
13851,0
13852,0
13853,0
13854,0
13855,2
13856,2
13857,2
13858,2
13859,0
13860,0
13861,1
13862,2
13863,0
13864,2
13865,2
13866,0
13867,0
13868,0
13869,2
13870,0
13871,0
13872,2
13873,2
13874,2
13875,2
13876,0
13877,2
13878,0
13879,0
13880,0
13881,2
13882,0
13883,2
13884,2
13885,2
13886,1
13887,0
13888,0
13889,2
13890,2
13891,2
13892,2
13893,0
13894,2
13895,0
13896,2
13897,2
13898,0
13899,2
13900,0
13901,2
13902,2
13903,0
13904,2
13905,2
13906,0
13907,1
13908,2
13909,0
13910,2
13911,2
13912,2
13913,2
13914,2
13915,2
13916,2
13917,2
13918,0
13919,2
13920,1
13921,2
13922,0
13923,0
13924,1
13925,0
13926,2
13927,0
13928,0
13929,2
13930,2
13931,0
13932,2
13933,2
13934,2
13935,0
13936,0
13937,2
13938,0
13939,0
13940,2
13941,2
13942,0
13943,2
13944,2
13945,0
13946,2
13947,0
13948,0
13949,0
13950,2
13951,0
13952,0
13953,0
13954,0
13955,2
13956,0
13957,2
13958,0
13959,2
13960,2
13961,1
13962,2
13963,0
13964,2
13965,2
13966,2
13967,2
13968,2
13969,0
13970,2
13971,2
13972,2
13973,0
13974,1
13975,2
13976,2
13977,2
13978,1
13979,0
13980,0
13981,2
13982,0
13983,0
13984,2
13985,2
13986,2
13987,2
13988,0
13989,0
13990,2
13991,2
13992,2
13993,2
13994,2
13995,0
13996,2
13997,1
13998,2
13999,2
14000,2
14001,0
14002,0
14003,2
14004,2
14005,2
14006,2
14007,2
14008,2
14009,2
14010,1
14011,2
14012,0
14013,2
14014,0
14015,1
14016,0
14017,2
14018,2
14019,2
14020,0
14021,0
14022,2
14023,0
14024,1
14025,2
14026,0
14027,0
14028,1
14029,0
14030,0
14031,2
14032,1
14033,0
14034,2
14035,0
14036,2
14037,2
14038,2
14039,1
14040,0
14041,2
14042,0
14043,0
14044,2
14045,2
14046,0
14047,1
14048,0
14049,0
14050,2
14051,2
14052,0
14053,1
14054,2
14055,0
14056,2
14057,0
14058,0
14059,2
14060,0
14061,0
14062,0
14063,1
14064,2
14065,0
14066,0
14067,0
14068,2
14069,2
14070,2
14071,0
14072,0
14073,2
14074,0
14075,0
14076,2
14077,2
14078,0
14079,2
14080,0
14081,0
14082,2
14083,0
14084,2
14085,2
14086,2
14087,0
14088,0
14089,2
14090,0
14091,0
14092,0
14093,2
14094,0
14095,0
14096,2
14097,2
14098,0
14099,0
14100,0
14101,0
14102,2
14103,0
14104,0
14105,2
14106,0
14107,2
14108,2
14109,0
14110,2
14111,0
14112,1
14113,2
14114,2
14115,2
14116,2
14117,2
14118,0
14119,2
14120,0
14121,2
14122,2
14123,0
14124,0
14125,0
14126,2
14127,0
14128,2
14129,0
14130,2
14131,2
14132,0
14133,0
14134,2
14135,0
14136,0
14137,1
14138,2
14139,0
14140,2
14141,2
14142,2
14143,0
14144,0
14145,2
14146,2
14147,2
14148,2
14149,0
14150,0
14151,2
14152,2
14153,0
14154,2
14155,0
14156,2
14157,0
14158,0
14159,2
14160,1
14161,0
14162,0
14163,0
14164,0
14165,2
14166,2
14167,0
14168,2
14169,0
14170,0
14171,0
14172,2
14173,2
14174,0
14175,0
14176,0
14177,2
14178,2
14179,0
14180,1
14181,0
14182,0
14183,2
14184,2
14185,2
14186,2
14187,0
14188,0
14189,0
14190,2
14191,0
14192,0
14193,1
14194,2
14195,0
14196,2
14197,2
14198,0
14199,0
14200,2
14201,0
14202,1
14203,2
14204,0
14205,2
14206,2
14207,2
14208,2
14209,2
14210,2
14211,2
14212,0
14213,0
14214,2
14215,2
14216,2
14217,0
14218,0
14219,0
14220,0
14221,2
14222,2
14223,0
14224,2
14225,2
14226,2
14227,0
14228,0
14229,2
14230,0
14231,0
14232,0
14233,2
14234,2
14235,1
14236,0
14237,2
14238,0
14239,0
14240,1
14241,0
14242,2
14243,2
14244,2
14245,0
14246,0
14247,0
14248,2
14249,0
14250,1
14251,0
14252,0
14253,0
14254,0
14255,0
14256,2
14257,2
14258,0
14259,0
14260,1
14261,2
14262,0
14263,2
14264,2
14265,0
14266,0
14267,0
14268,0
14269,2
14270,2
14271,2
14272,2
14273,0
14274,1
14275,2
14276,0
14277,2
14278,0
14279,0
14280,2
14281,0
14282,2
14283,2
14284,0
14285,2
14286,0
14287,0
14288,2
14289,1
14290,2
14291,0
14292,2
14293,2
14294,0
14295,2
14296,1
14297,2
14298,2
14299,2
14300,0
14301,0
14302,0
14303,0
14304,2
14305,0
14306,2
14307,2
14308,0
14309,0
14310,2
14311,0
14312,0
14313,0
14314,2
14315,0
14316,2
14317,0
14318,0
14319,2
14320,2
14321,0
14322,2
14323,0
14324,0
14325,2
14326,2
14327,0
14328,0
14329,0
14330,2
14331,2
14332,0
14333,2
14334,2
14335,2
14336,0
14337,2
14338,1
14339,2
14340,2
14341,1
14342,0
14343,1
14344,2
14345,2
14346,2
14347,0
14348,0
14349,0
14350,1
14351,0
14352,2
14353,2
14354,2
14355,2
14356,0
14357,0
14358,2
14359,0
14360,2
14361,2
14362,2
14363,0
14364,0
14365,2
14366,2
14367,2
14368,2
14369,0
14370,0
14371,0
14372,0
14373,2
14374,0
14375,2
14376,0
14377,0
14378,0
14379,0
14380,2
14381,0
14382,2
14383,2
14384,0
14385,1
14386,0
14387,2
14388,2
14389,2
14390,2
14391,2
14392,2
14393,2
14394,2
14395,2
14396,0
14397,2
14398,0
14399,2
14400,1
14401,2
14402,2
14403,2
14404,2
14405,0
14406,0
14407,2
14408,0
14409,2
14410,0
14411,0
14412,0
14413,1
14414,1
14415,2
14416,0
14417,2
14418,2
14419,0
14420,2
14421,2
14422,0
14423,0
14424,2
14425,0
14426,0
14427,0
14428,0
14429,1
14430,2
14431,0
14432,2
14433,0
14434,2
14435,0
14436,2
14437,0
14438,2
14439,0
14440,2
14441,2
14442,1
14443,1
14444,2
14445,0
14446,2
14447,0
14448,2
14449,2
14450,0
14451,0
14452,0
14453,0
14454,0
14455,2
14456,0
14457,0
14458,0
14459,0
14460,0
14461,0
14462,2
14463,2
14464,0
14465,2
14466,0
14467,2
14468,2
14469,2
14470,0
14471,0
14472,0
14473,2
14474,2
14475,0
14476,0
14477,0
14478,2
14479,2
14480,0
14481,0
14482,2
14483,0
14484,0
14485,2
14486,2
14487,0
14488,0
14489,0
14490,0
14491,0
14492,0
14493,2
14494,0
14495,2
14496,0
14497,1
14498,0
14499,2
14500,2
14501,0
14502,2
14503,0
14504,0
14505,1
14506,1
14507,2
14508,2
14509,0
14510,0
14511,0
14512,2
14513,2
14514,2
14515,2
14516,0
14517,2
14518,2
14519,2
14520,0
14521,0
14522,2
14523,2
14524,2
14525,2
14526,2
14527,2
14528,2
14529,0
14530,2
14531,2
14532,0
14533,2
14534,2
14535,0
14536,1
14537,0
14538,2
14539,0
14540,0
14541,2
14542,0
14543,0
14544,2
14545,0
14546,2
14547,0
14548,0
14549,2
14550,2
14551,2
14552,2
14553,0
14554,2
14555,2
14556,0
14557,2
14558,2
14559,0
14560,2
14561,0
14562,0
14563,0
14564,0
14565,2
14566,0
14567,1
14568,2
14569,2
14570,2
14571,2
14572,0
14573,0
14574,2
14575,0
14576,0
14577,2
14578,1
14579,2
14580,2
14581,2
14582,1
14583,0
14584,0
14585,2
14586,2
14587,2
14588,2
14589,2
14590,2
14591,0
14592,2
14593,0
14594,0
14595,2
14596,0
14597,0
14598,0
14599,2
14600,0
14601,0
14602,0
14603,2
14604,1
14605,2
14606,0
14607,2
14608,0
14609,1
14610,0
14611,1
14612,2
14613,0
14614,2
14615,0
14616,0
14617,2
14618,2
14619,0
14620,2
14621,0
14622,2
14623,2
14624,0
14625,2
14626,0
14627,1
14628,2
14629,2
14630,0
14631,2
14632,0
14633,0
14634,0
14635,2
14636,2
14637,0
14638,2
14639,0
14640,2
14641,0
14642,0
14643,2
14644,0
14645,2
14646,0
14647,1
14648,0
14649,2
14650,1
14651,2
14652,2
14653,0
14654,0
14655,2
14656,0
14657,2
14658,2
14659,0
14660,2
14661,0
14662,0
14663,0
14664,0
14665,0
14666,0
14667,1
14668,2
14669,0
14670,0
14671,0
14672,2
14673,0
14674,2
14675,0
14676,0
14677,2
14678,0
14679,2
14680,0
14681,2
14682,0
14683,2
14684,2
14685,2
14686,0
14687,0
14688,2
14689,2
14690,0
14691,2
14692,0
14693,0
14694,1
14695,2
14696,2
14697,0
14698,1
14699,0
14700,2
14701,2
14702,2
14703,0
14704,1
14705,0
14706,0
14707,2
14708,1
14709,0
14710,0
14711,2
14712,0
14713,2
14714,2
14715,0
14716,2
14717,0
14718,0
14719,0
14720,2
14721,2
14722,2
14723,0
14724,0
14725,2
14726,0
14727,0
14728,0
14729,1
14730,2
14731,1
14732,0
14733,0
14734,0
14735,2
14736,2
14737,2
14738,0
14739,2
14740,2
14741,2
14742,2
14743,2
14744,2
14745,0
14746,2
14747,2
14748,2
14749,0
14750,0
14751,2
14752,0
14753,0
14754,0
14755,0
14756,0
14757,0
14758,0
14759,0
14760,2
14761,2
14762,2
14763,2
14764,0
14765,0
14766,2
14767,0
14768,2
14769,2
14770,0
14771,2
14772,2
14773,2
14774,0
14775,0
14776,0
14777,0
14778,1
14779,1
14780,2
14781,0
14782,2
14783,0
14784,1
14785,0
14786,2
14787,0
14788,1
14789,2
14790,0
14791,1
14792,2
14793,0
14794,0
14795,0
14796,2
14797,0
14798,0
14799,0
14800,2
14801,2
14802,2
14803,0
14804,2
14805,2
14806,2
14807,0
14808,0
14809,0
14810,0
14811,0
14812,2
14813,2
14814,0
14815,2
14816,2
14817,2
14818,0
14819,2
14820,2
14821,2
14822,0
14823,0
14824,2
14825,0
14826,2
14827,2
14828,2
14829,0
14830,2
14831,0
14832,0
14833,2
14834,0
14835,1
14836,0
14837,0
14838,2
14839,0
14840,2
14841,2
14842,0
14843,2
14844,0
14845,1
14846,1
14847,2
14848,0
14849,1
14850,0
14851,2
14852,0
14853,2
14854,0
14855,0
14856,2
14857,2
14858,2
14859,2
14860,0
14861,2
14862,0
14863,2
14864,2
14865,2
14866,2
14867,1
14868,2
14869,0
14870,2
14871,2
14872,0
14873,2
14874,0
14875,2
14876,1
14877,2
14878,0
14879,0
14880,0
14881,1
14882,0
14883,0
14884,0
14885,2
14886,2
14887,0
14888,0
14889,0
14890,0
14891,2
14892,0
14893,0
14894,2
14895,2
14896,0
14897,2
14898,1
14899,0
14900,0
14901,0
14902,2
14903,0
14904,0
14905,0
14906,0
14907,0
14908,2
14909,0
14910,0
14911,0
14912,2
14913,2
14914,2
14915,2
14916,0
14917,2
14918,0
14919,0
14920,2
14921,0
14922,1
14923,0
14924,2
14925,1
14926,2
14927,0
14928,0
14929,2
14930,2
14931,2
14932,2
14933,0
14934,2
14935,0
14936,1
14937,0
14938,2
14939,2
14940,0
14941,0
14942,0
14943,2
14944,0
14945,2
14946,2
14947,0
14948,1
14949,0
14950,1
14951,1
14952,0
14953,2
14954,0
14955,0
14956,0
14957,2
14958,2
14959,2
14960,2
14961,2
14962,2
14963,0
14964,2
14965,0
14966,2
14967,0
14968,2
14969,0
14970,2
14971,2
14972,0
14973,0
14974,0
14975,2
14976,2
14977,2
14978,1
14979,0
14980,0
14981,2
14982,0
14983,2
14984,0
14985,0
14986,2
14987,2
14988,0
14989,0
14990,0
14991,2
14992,0
14993,0
14994,0
14995,0
14996,2
14997,2
14998,0
14999,2
15000,2
15001,2
15002,2
15003,0
15004,2
15005,2
15006,0
15007,0
15008,2
15009,2
15010,2
15011,0
15012,0
15013,2
15014,0
15015,0
15016,0
15017,2
15018,0
15019,0
15020,1
15021,2
15022,0
15023,0
15024,0
15025,2
15026,2
15027,2
15028,0
15029,0
15030,0
15031,2
15032,2
15033,2
15034,2
15035,0
15036,0
15037,0
15038,0
15039,2
15040,2
15041,0
15042,0
15043,2
15044,2
15045,2
15046,0
15047,2
15048,0
15049,0
15050,2
15051,0
15052,0
15053,0
15054,2
15055,0
15056,1
15057,0
15058,0
15059,2
15060,2
15061,2
15062,2
15063,0
15064,1
15065,2
15066,0
15067,2
15068,2
15069,2
15070,0
15071,0
15072,2
15073,1
15074,2
15075,2
15076,0
15077,0
15078,2
15079,2
15080,0
15081,0
15082,2
15083,0
15084,0
15085,0
15086,0
15087,2
15088,0
15089,1
15090,0
15091,0
15092,2
15093,2
15094,0
15095,0
15096,2
15097,2
15098,1
15099,2
15100,0
15101,0
15102,0
15103,0
15104,0
15105,0
15106,2
15107,2
15108,0
15109,2
15110,2
15111,2
15112,2
15113,2
15114,2
15115,0
15116,0
15117,0
15118,2
15119,0
15120,2
15121,0
15122,2
15123,0
15124,2
15125,0
15126,2
15127,0
15128,1
15129,0
15130,0
15131,0
15132,2
15133,2
15134,0
15135,0
15136,0
15137,2
15138,2
15139,0
15140,0
15141,2
15142,0
15143,0
15144,0
15145,0
15146,0
15147,2
15148,1
15149,0
15150,0
15151,2
15152,0
15153,2
15154,2
15155,0
15156,0
15157,0
15158,0
15159,0
15160,0
15161,2
15162,0
15163,2
15164,0
15165,2
15166,0
15167,2
15168,0
15169,0
15170,0
15171,0
15172,1
15173,0
15174,0
15175,2
15176,2
15177,2
15178,0
15179,0
15180,2
15181,2
15182,2
15183,0
15184,0
15185,2
15186,0
15187,0
15188,2
15189,2
15190,2
15191,2
15192,0
15193,0
15194,2
15195,0
15196,0
15197,2
15198,2
15199,0
15200,2
15201,2
15202,0
15203,0
15204,1
15205,0
15206,0
15207,0
15208,2
15209,0
15210,2
15211,2
15212,0
15213,2
15214,0
15215,2
15216,0
15217,0
15218,0
15219,2
15220,0
15221,0
15222,1
15223,0
15224,0
15225,0
15226,0
15227,0
15228,2
15229,2
15230,2
15231,0
15232,0
15233,0
15234,0
15235,0
15236,2
15237,0
15238,2
15239,0
15240,0
15241,2
15242,0
15243,2
15244,0
15245,0
15246,0
15247,2
15248,2
15249,1
15250,0
15251,2
15252,2
15253,2
15254,2
15255,0
15256,2
15257,2
15258,0
15259,2
15260,0
15261,2
15262,2
15263,2
15264,2
15265,0
15266,2
15267,0
15268,2
15269,2
15270,2
15271,0
15272,0
15273,0
15274,2
15275,2
15276,2
15277,0
15278,0
15279,0
15280,2
15281,0
15282,0
15283,2
15284,0
15285,0
15286,0
15287,0
15288,2
15289,0
15290,2
15291,2
15292,2
15293,0
15294,2
15295,2
15296,2
15297,2
15298,1
15299,0
15300,0
15301,2
15302,0
15303,0
15304,2
15305,1
15306,0
15307,2
15308,2
15309,2
15310,0
15311,2
15312,2
15313,2
15314,1
15315,2
15316,2
15317,0
15318,0
15319,2
15320,0
15321,2
15322,2
15323,1
15324,2
15325,2
15326,2
15327,2
15328,2
15329,0
15330,2
15331,2
15332,2
15333,0
15334,0
15335,2
15336,0
15337,0
15338,2
15339,2
15340,0
15341,2
15342,0
15343,2
15344,2
15345,0
15346,0
15347,2
15348,0
15349,2
15350,0
15351,0
15352,0
15353,1
15354,0
15355,0
15356,2
15357,2
15358,0
15359,0
15360,0
15361,2
15362,2
15363,0
15364,2
15365,0
15366,2
15367,2
15368,2
15369,2
15370,2
15371,2
15372,2
15373,2
15374,2
15375,2
15376,0
15377,2
15378,2
15379,2
15380,0
15381,2
15382,0
15383,2
15384,1
15385,0
15386,2
15387,2
15388,0
15389,0
15390,2
15391,1
15392,0
15393,1
15394,1
15395,1
15396,2
15397,2
15398,1
15399,2
15400,2
15401,2
15402,2
15403,2
15404,2
15405,2
15406,0
15407,2
15408,0
15409,2
15410,0
15411,2
15412,2
15413,0
15414,2
15415,2
15416,2
15417,0
15418,0
15419,0
15420,1
15421,2
15422,1
15423,1
15424,2
15425,2
15426,0
15427,2
15428,0
15429,0
15430,1
15431,2
15432,2
15433,2
15434,0
15435,2
15436,2
15437,2
15438,0
15439,2
15440,0
15441,2
15442,2
15443,2
15444,0
15445,2
15446,0
15447,2
15448,2
15449,2
15450,2
15451,2
15452,2
15453,2
15454,2
15455,2
15456,1
15457,0
15458,0
15459,0
15460,0
15461,0
15462,2
15463,0
15464,2
15465,2
15466,0
15467,1
15468,0
15469,2
15470,2
15471,2
15472,2
15473,2
15474,0
15475,0
15476,2
15477,2
15478,0
15479,2
15480,2
15481,0
15482,0
15483,1
15484,2
15485,0
15486,2
15487,0
15488,2
15489,2
15490,0
15491,2
15492,2
15493,1
15494,2
15495,2
15496,1
15497,2
15498,1
15499,2
15500,2
15501,0
15502,1
15503,2
15504,0
15505,0
15506,1
15507,0
15508,0
15509,0
15510,0
15511,2
15512,0
15513,0
15514,2
15515,0
15516,2
15517,2
15518,0
15519,2
15520,0
15521,0
15522,0
15523,2
15524,2
15525,2
15526,2
15527,0
15528,0
15529,1
15530,0
15531,2
15532,2
15533,2
15534,0
15535,2
15536,2
15537,2
15538,2
15539,1
15540,0
15541,0
15542,2
15543,2
15544,2
15545,2
15546,2
15547,0
15548,2
15549,0
15550,2
15551,0
15552,2
15553,2
15554,2
15555,0
15556,0
15557,0
15558,2
15559,2
15560,2
15561,2
15562,2
15563,0
15564,2
15565,2
15566,0
15567,0
15568,2
15569,2
15570,0
15571,2
15572,0
15573,0
15574,2
15575,2
15576,0
15577,1
15578,2
15579,0
15580,0
15581,2
15582,0
15583,0
15584,0
15585,2
15586,2
15587,2
15588,0
15589,0
15590,0
15591,0
15592,2
15593,0
15594,2
15595,1
15596,0
15597,2
15598,0
15599,2
15600,0
15601,0
15602,2
15603,2
15604,2
15605,0
15606,0
15607,0
15608,0
15609,2
15610,1
15611,2
15612,2
15613,2
15614,2
15615,1
15616,2
15617,2
15618,0
15619,0
15620,2
15621,0
15622,2
15623,2
15624,2
15625,2
15626,2
15627,0
15628,2
15629,2
15630,0
15631,2
15632,0
15633,2
15634,2
15635,2
15636,2
15637,2
15638,2
15639,2
15640,0
15641,0
15642,2
15643,0
15644,2
15645,2
15646,2
15647,2
15648,2
15649,2
15650,2
15651,2
15652,2
15653,0
15654,0
15655,1
15656,0
15657,0
15658,2
15659,0
15660,2
15661,2
15662,2
15663,2
15664,0
15665,0
15666,2
15667,0
15668,2
15669,0
15670,2
15671,2
15672,2
15673,0
15674,2
15675,2
15676,1
15677,2
15678,1
15679,0
15680,0
15681,0
15682,1
15683,2
15684,0
15685,0
15686,2
15687,2
15688,0
15689,0
15690,2
15691,0
15692,2
15693,2
15694,2
15695,0
15696,0
15697,0
15698,2
15699,0
15700,2
15701,0
15702,1
15703,2
15704,0
15705,2
15706,2
15707,2
15708,0
15709,2
15710,2
15711,0
15712,0
15713,2
15714,2
15715,2
15716,2
15717,2
15718,1
15719,2
15720,0
15721,0
15722,0
15723,1
15724,0
15725,0
15726,0
15727,1
15728,2
15729,2
15730,0
15731,2
15732,2
15733,2
15734,0
15735,0
15736,2
15737,0
15738,2
15739,0
15740,2
15741,0
15742,0
15743,2
15744,0
15745,2
15746,0
15747,0
15748,0
15749,2
15750,2
15751,2
15752,0
15753,0
15754,2
15755,0
15756,0
15757,0
15758,2
15759,2
15760,2
15761,0
15762,2
15763,0
15764,2
15765,0
15766,0
15767,0
15768,2
15769,2
15770,2
15771,2
15772,1
15773,2
15774,0
15775,0
15776,2
15777,2
15778,0
15779,2
15780,2
15781,2
15782,2
15783,2
15784,0
15785,0
15786,0
15787,2
15788,2
15789,0
15790,2
15791,2
15792,0
15793,0
15794,0
15795,1
15796,0
15797,0
15798,2
15799,0
15800,2
15801,0
15802,0
15803,2
15804,0
15805,2
15806,0
15807,0
15808,2
15809,2
15810,0
15811,0
15812,2
15813,2
15814,0
15815,2
15816,2
15817,2
15818,0
15819,2
15820,1
15821,2
15822,0
15823,0
15824,0
15825,2
15826,2
15827,0
15828,2
15829,0
15830,0
15831,0
15832,2
15833,2
15834,2
15835,0
15836,2
15837,1
15838,1
15839,2
15840,0
15841,2
15842,2
15843,2
15844,2
15845,2
15846,0
15847,2
15848,2
15849,2
15850,2
15851,0
15852,0
15853,2
15854,0
15855,0
15856,2
15857,0
15858,2
15859,0
15860,2
15861,0
15862,2
15863,0
15864,2
15865,0
15866,0
15867,2
15868,0
15869,2
15870,2
15871,2
15872,2
15873,2
15874,2
15875,0
15876,2
15877,2
15878,0
15879,0
15880,2
15881,0
15882,1
15883,0
15884,0
15885,2
15886,2
15887,2
15888,2
15889,0
15890,0
15891,2
15892,0
15893,1
15894,1
15895,0
15896,0
15897,2
15898,0
15899,0
15900,0
15901,0
15902,2
15903,0
15904,2
15905,2
15906,2
15907,2
15908,2
15909,0
15910,0
15911,2
15912,0
15913,0
15914,2
15915,2
15916,0
15917,0
15918,2
15919,0
15920,0
15921,0
15922,0
15923,0
15924,2
15925,0
15926,2
15927,0
15928,2
15929,2
15930,0
15931,0
15932,2
15933,1
15934,0
15935,0
15936,2
15937,2
15938,2
15939,2
15940,0
15941,2
15942,2
15943,0
15944,0
15945,0
15946,0
15947,0
15948,2
15949,0
15950,2
15951,0
15952,0
15953,2
15954,2
15955,2
15956,2
15957,2
15958,2
15959,1
15960,2
15961,2
15962,0
15963,0
15964,0
15965,2
15966,2
15967,2
15968,2
15969,0
15970,2
15971,2
15972,2
15973,0
15974,2
15975,2
15976,1
15977,2
15978,0
15979,2
15980,0
15981,0
15982,0
15983,2
15984,2
15985,0
15986,0
15987,2
15988,2
15989,2
15990,2
15991,0
15992,0
15993,0
15994,0
15995,0
15996,2
15997,2
15998,2
15999,0
16000,0
16001,0
16002,2
16003,0
16004,0
16005,2
16006,2
16007,2
16008,2
16009,0
16010,2
16011,2
16012,2
16013,0
16014,0
16015,0
16016,0
16017,1
16018,0
16019,2
16020,0
16021,0
16022,1
16023,0
16024,0
16025,2
16026,2
16027,2
16028,0
16029,0
16030,0
16031,2
16032,1
16033,2
16034,0
16035,1
16036,2
16037,2
16038,2
16039,0
16040,0
16041,2
16042,2
16043,0
16044,2
16045,2
16046,0
16047,0
16048,2
16049,2
16050,2
16051,2
16052,2
16053,2
16054,2
16055,2
16056,0
16057,1
16058,1
16059,2
16060,2
16061,2
16062,0
16063,1
16064,1
16065,2
16066,0
16067,2
16068,0
16069,0
16070,0
16071,2
16072,2
16073,0
16074,1
16075,2
16076,0
16077,0
16078,0
16079,2
16080,0
16081,2
16082,2
16083,2
16084,0
16085,2
16086,0
16087,2
16088,2
16089,2
16090,0
16091,0
16092,1
16093,2
16094,2
16095,0
16096,2
16097,0
16098,2
16099,0
16100,2
16101,0
16102,0
16103,1
16104,2
16105,2
16106,0
16107,0
16108,0
16109,0
16110,0
16111,2
16112,2
16113,0
16114,2
16115,2
16116,2
16117,0
16118,0
16119,2
16120,2
16121,0
16122,2
16123,2
16124,2
16125,0
16126,2
16127,0
16128,2
16129,2
16130,2
16131,2
16132,0
16133,0
16134,0
16135,2
16136,2
16137,0
16138,2
16139,0
16140,0
16141,1
16142,1
16143,2
16144,0
16145,0
16146,2
16147,0
16148,0
16149,2
16150,0
16151,1
16152,2
16153,0
16154,2
16155,0
16156,1
16157,2
16158,2
16159,2
16160,2
16161,1
16162,0
16163,2
16164,0
16165,0
16166,0
16167,0
16168,0
16169,0
16170,2
16171,2
16172,2
16173,2
16174,2
16175,2
16176,2
16177,2
16178,0
16179,2
16180,0
16181,0
16182,0
16183,0
16184,0
16185,2
16186,2
16187,2
16188,0
16189,2
16190,2
16191,0
16192,0
16193,2
16194,0
16195,0
16196,2
16197,0
16198,0
16199,0
16200,0
16201,1
16202,2
16203,0
16204,0
16205,2
16206,2
16207,0
16208,2
16209,0
16210,0
16211,0
16212,2
16213,2
16214,2
16215,0
16216,0
16217,2
16218,2
16219,0
16220,1
16221,2
16222,2
16223,0
16224,2
16225,2
16226,2
16227,2
16228,2
16229,2
16230,2
16231,2
16232,0
16233,0
16234,2
16235,0
16236,2
16237,0
16238,0
16239,0
16240,0
16241,0
16242,2
16243,0
16244,2
16245,0
16246,0
16247,2
16248,1
16249,0
16250,2
16251,0
16252,0
16253,0
16254,0
16255,0
16256,2
16257,0
16258,0
16259,0
16260,2
16261,0
16262,2
16263,0
16264,0
16265,0
16266,2
16267,2
16268,0
16269,2
16270,2
16271,2
16272,0
16273,0
16274,2
16275,2
16276,2
16277,0
16278,0
16279,2
16280,0
16281,2
16282,2
16283,2
16284,2
16285,2
16286,2
16287,2
16288,0
16289,2
16290,0
16291,2
16292,0
16293,0
16294,0
16295,2
16296,0
16297,1
16298,0
16299,2
16300,2
16301,0
16302,0
16303,2
16304,0
16305,2
16306,0
16307,0
16308,2
16309,0
16310,2
16311,2
16312,0
16313,2
16314,2
16315,2
16316,0
16317,1
16318,2
16319,0
16320,2
16321,0
16322,0
16323,0
16324,2
16325,0
16326,2
16327,2
16328,0
16329,2
16330,0
16331,2
16332,0
16333,0
16334,0
16335,0
16336,2
16337,0
16338,0
16339,0
16340,2
16341,0
16342,2
16343,1
16344,2
16345,0
16346,2
16347,2
16348,0
16349,2
16350,2
16351,0
16352,2
16353,1
16354,0
16355,0
16356,1
16357,2
16358,0
16359,2
16360,0
16361,2
16362,0
16363,0
16364,2
16365,0
16366,2
16367,0
16368,2
16369,2
16370,2
16371,2
16372,1
16373,2
16374,0
16375,0
16376,1
16377,2
16378,2
16379,0
16380,2
16381,0
16382,2
16383,2
16384,2
16385,1
16386,0
16387,0
16388,1
16389,0
16390,0
16391,2
16392,2
16393,2
16394,0
16395,2
16396,2
16397,0
16398,1
16399,0
16400,0
16401,2
16402,2
16403,0
16404,1
16405,0
16406,0
16407,2
16408,0
16409,2
16410,0
16411,0
16412,0
16413,2
16414,0
16415,0
16416,2
16417,0
16418,0
16419,2
16420,2
16421,2
16422,1
16423,2
16424,2
16425,0
16426,2
16427,0
16428,2
16429,2
16430,0
16431,0
16432,1
16433,2
16434,0
16435,0
16436,0
16437,0
16438,1
16439,2
16440,2
16441,0
16442,0
16443,0
16444,0
16445,2
16446,2
16447,0
16448,2
16449,2
16450,0
16451,1
16452,2
16453,1
16454,0
16455,0
16456,1
16457,0
16458,2
16459,0
16460,0
16461,0
16462,2
16463,2
16464,0
16465,2
16466,2
16467,2
16468,0
16469,2
16470,0
16471,0
16472,0
16473,0
16474,2
16475,0
16476,1
16477,2
16478,0
16479,0
16480,0
16481,2
16482,2
16483,2
16484,0
16485,2
16486,2
16487,2
16488,0
16489,0
16490,2
16491,1
16492,0
16493,0
16494,0
16495,0
16496,2
16497,1
16498,0
16499,0
16500,0
16501,2
16502,2
16503,0
16504,0
16505,0
16506,2
16507,2
16508,2
16509,0
16510,0
16511,0
16512,2
16513,2
16514,2
16515,1
16516,2
16517,0
16518,2
16519,0
16520,0
16521,0
16522,2
16523,0
16524,2
16525,0
16526,0
16527,2
16528,2
16529,2
16530,2
16531,2
16532,2
16533,1
16534,2
16535,1
16536,2
16537,1
16538,0
16539,0
16540,0
16541,2
16542,2
16543,2
16544,2
16545,2
16546,2
16547,2
16548,2
16549,0
16550,2
16551,0
16552,2
16553,0
16554,2
16555,2
16556,0
16557,0
16558,2
16559,2
16560,1
16561,2
16562,0
16563,2
16564,0
16565,0
16566,2
16567,2
16568,2
16569,2
16570,2
16571,2
16572,2
16573,2
16574,2
16575,2
16576,2
16577,0
16578,2
16579,0
16580,0
16581,2
16582,1
16583,1
16584,2
16585,1
16586,2
16587,0
16588,2
16589,0
16590,0
16591,2
16592,1
16593,0
16594,0
16595,0
16596,0
16597,2
16598,2
16599,2
16600,0
16601,2
16602,2
16603,2
16604,0
16605,2
16606,2
16607,2
16608,2
16609,2
16610,2
16611,0
16612,0
16613,2
16614,0
16615,2
16616,2
16617,2
16618,0
16619,0
16620,0
16621,0
16622,0
16623,2
16624,2
16625,1
16626,2
16627,2
16628,2
16629,2
16630,1
16631,2
16632,2
16633,0
16634,0
16635,1
16636,1
16637,2
16638,2
16639,0
16640,0
16641,2
16642,2
16643,2
16644,2
16645,2
16646,2
16647,2
16648,0
16649,0
16650,1
16651,2
16652,2
16653,0
16654,0
16655,1
16656,0
16657,2
16658,2
16659,2
16660,2
16661,2
16662,0
16663,1
16664,2
16665,2
16666,2
16667,2
16668,2
16669,0
16670,0
16671,0
16672,2
16673,2
16674,0
16675,2
16676,0
16677,0
16678,2
16679,0
16680,2
16681,0
16682,2
16683,2
16684,2
16685,2
16686,2
16687,0
16688,2
16689,2
16690,0
16691,0
16692,2
16693,0
16694,0
16695,2
16696,0
16697,0
16698,2
16699,0
16700,2
16701,2
16702,0
16703,0
16704,2
16705,2
16706,2
16707,0
16708,2
16709,0
16710,2
16711,2
16712,0
16713,2
16714,2
16715,2
16716,0
16717,2
16718,1
16719,0
16720,2
16721,1
16722,0
16723,2
16724,2
16725,0
16726,0
16727,0
16728,0
16729,0
16730,0
16731,0
16732,0
16733,1
16734,0
16735,0
16736,2
16737,0
16738,0
16739,2
16740,1
16741,0
16742,2
16743,2
16744,2
16745,0
16746,1
16747,0
16748,0
16749,0
16750,2
16751,2
16752,0
16753,0
16754,2
16755,2
16756,0
16757,2
16758,0
16759,0
16760,2
16761,1
16762,0
16763,2
16764,0
16765,0
16766,2
16767,0
16768,0
16769,2
16770,0
16771,2
16772,2
16773,0
16774,0
16775,0
16776,1
16777,2
16778,0
16779,0
16780,0
16781,2
16782,0
16783,0
16784,2
16785,2
16786,0
16787,2
16788,2
16789,0
16790,0
16791,0
16792,2
16793,2
16794,2
16795,0
16796,2
16797,2
16798,0
16799,0
16800,0
16801,2
16802,2
16803,0
16804,2
16805,0
16806,2
16807,0
16808,1
16809,2
16810,0
16811,2
16812,1
16813,1
16814,0
16815,2
16816,0
16817,2
16818,2
16819,0
16820,0
16821,0
16822,1
16823,0
16824,2
16825,0
16826,2
16827,0
16828,2
16829,0
16830,2
16831,0
16832,2
16833,2
16834,2
16835,0
16836,0
16837,2
16838,2
16839,0
16840,0
16841,0
16842,2
16843,1
16844,2
16845,2
16846,2
16847,2
16848,2
16849,0
16850,2
16851,2
16852,2
16853,2
16854,0
16855,2
16856,2
16857,0
16858,0
16859,2
16860,0
16861,0
16862,2
16863,0
16864,0
16865,2
16866,2
16867,0
16868,2
16869,0
16870,2
16871,0
16872,0
16873,0
16874,2
16875,0
16876,2
16877,2
16878,2
16879,2
16880,0
16881,2
16882,0
16883,0
16884,0
16885,0
16886,2
16887,2
16888,0
16889,2
16890,2
16891,0
16892,0
16893,0
16894,0
16895,2
16896,2
16897,0
16898,0
16899,0
16900,2
16901,0
16902,2
16903,2
16904,2
16905,1
16906,0
16907,2
16908,0
16909,2
16910,0
16911,0
16912,0
16913,2
16914,0
16915,0
16916,0
16917,0
16918,2
16919,0
16920,0
16921,0
16922,2
16923,0
16924,0
16925,0
16926,0
16927,0
16928,2
16929,2
16930,2
16931,0
16932,2
16933,0
16934,2
16935,2
16936,2
16937,0
16938,0
16939,2
16940,2
16941,0
16942,0
16943,0
16944,1
16945,0
16946,0
16947,2
16948,0
16949,0
16950,2
16951,0
16952,2
16953,2
16954,0
16955,1
16956,2
16957,2
16958,2
16959,0
16960,1
16961,2
16962,0
16963,0
16964,2
16965,0
16966,2
16967,0
16968,1
16969,2
16970,0
16971,2
16972,2
16973,2
16974,0
16975,0
16976,0
16977,2
16978,0
16979,0
16980,0
16981,0
16982,0
16983,0
16984,2
16985,0
16986,0
16987,2
16988,2
16989,0
16990,2
16991,2
16992,0
16993,0
16994,2
16995,0
16996,0
16997,2
16998,0
16999,0
17000,2
17001,0
17002,0
17003,0
17004,0
17005,2
17006,2
17007,0
17008,2
17009,2
17010,2
17011,2
17012,0
17013,2
17014,2
17015,2
17016,0
17017,2
17018,0
17019,2
17020,2
17021,0
17022,0
17023,0
17024,2
17025,0
17026,2
17027,2
17028,2
17029,0
17030,0
17031,2
17032,0
17033,0
17034,0
17035,0
17036,0
17037,2
17038,0
17039,2
17040,0
17041,0
17042,0
17043,0
17044,2
17045,0
17046,0
17047,2
17048,2
17049,1
17050,2
17051,0
17052,2
17053,0
17054,0
17055,0
17056,0
17057,2
17058,0
17059,0
17060,2
17061,2
17062,2
17063,2
17064,1
17065,2
17066,2
17067,0
17068,0
17069,0
17070,2
17071,2
17072,0
17073,0
17074,0
17075,0
17076,2
17077,2
17078,0
17079,0
17080,0
17081,0
17082,0
17083,0
17084,2
17085,2
17086,0
17087,2
17088,0
17089,0
17090,0
17091,0
17092,2
17093,2
17094,0
17095,0
17096,2
17097,1
17098,0
17099,0
17100,0
17101,0
17102,0
17103,2
17104,2
17105,0
17106,0
17107,0
17108,2
17109,2
17110,0
17111,2
17112,0
17113,0
17114,2
17115,0
17116,0
17117,2
17118,2
17119,2
17120,2
17121,2
17122,0
17123,2
17124,0
17125,2
17126,2
17127,0
17128,0
17129,2
17130,2
17131,0
17132,2
17133,0
17134,2
17135,2
17136,0
17137,2
17138,0
17139,0
17140,0
17141,2
17142,0
17143,2
17144,2
17145,2
17146,2
17147,0
17148,2
17149,0
17150,2
17151,0
17152,2
17153,2
17154,0
17155,0
17156,0
17157,0
17158,2
17159,2
17160,0
17161,0
17162,0
17163,0
17164,2
17165,0
17166,0
17167,2
17168,0
17169,2
17170,2
17171,0
17172,0
17173,2
17174,1
17175,0
17176,0
17177,2
17178,2
17179,0
17180,0
17181,0
17182,2
17183,0
17184,2
17185,2
17186,2
17187,0
17188,0
17189,1
17190,2
17191,0
17192,0
17193,2
17194,0
17195,2
17196,0
17197,0
17198,1
17199,1
17200,1
17201,0
17202,2
17203,0
17204,0
17205,0
17206,0
17207,0
17208,2
17209,0
17210,0
17211,2
17212,0
17213,0
17214,2
17215,0
17216,0
17217,0
17218,2
17219,2
17220,2
17221,2
17222,0
17223,1
17224,2
17225,0
17226,2
17227,0
17228,0
17229,0
17230,0
17231,2
17232,0
17233,0
17234,2
17235,0
17236,2
17237,2
17238,0
17239,0
17240,0
17241,2
17242,2
17243,0
17244,0
17245,2
17246,2
17247,0
17248,2
17249,2
17250,2
17251,0
17252,2
17253,2
17254,2
17255,2
17256,2
17257,2
17258,0
17259,2
17260,2
17261,0
17262,2
17263,2
17264,2
17265,2
17266,2
17267,2
17268,2
17269,2
17270,2
17271,2
17272,1
17273,2
17274,0
17275,0
17276,0
17277,2
17278,0
17279,1
17280,2
17281,2
17282,0
17283,2
17284,2
17285,1
17286,2
17287,2
17288,0
17289,2
17290,0
17291,2
17292,0
17293,0
17294,0
17295,2
17296,0
17297,2
17298,2
17299,2
17300,2
17301,1
17302,2
17303,2
17304,0
17305,0
17306,0
17307,1
17308,0
17309,2
17310,2
17311,0
17312,2
17313,0
17314,0
17315,2
17316,2
17317,2
17318,0
17319,2
17320,0
17321,0
17322,0
17323,0
17324,2
17325,0
17326,2
17327,0
17328,0
17329,2
17330,0
17331,2
17332,0
17333,0
17334,2
17335,2
17336,2
17337,2
17338,0
17339,2
17340,0
17341,2
17342,2
17343,2
17344,2
17345,0
17346,0
17347,2
17348,0
17349,1
17350,0
17351,2
17352,2
17353,0
17354,2
17355,0
17356,2
17357,0
17358,1
17359,2
17360,2
17361,2
17362,0
17363,2
17364,2
17365,1
17366,0
17367,0
17368,2
17369,0
17370,0
17371,0
17372,2
17373,2
17374,2
17375,0
17376,0
17377,2
17378,0
17379,2
17380,0
17381,0
17382,0
17383,0
17384,0
17385,0
17386,0
17387,0
17388,0
17389,0
17390,0
17391,0
17392,0
17393,0
17394,1
17395,2
17396,2
17397,2
17398,2
17399,0
17400,2
17401,2
17402,2
17403,2
17404,0
17405,1
17406,2
17407,2
17408,2
17409,2
17410,0
17411,0
17412,0
17413,0
17414,2
17415,2
17416,1
17417,2
17418,0
17419,1
17420,2
17421,0
17422,0
17423,0
17424,0
17425,2
17426,2
17427,0
17428,0
17429,0
17430,2
17431,2
17432,2
17433,2
17434,2
17435,0
17436,2
17437,2
17438,0
17439,2
17440,2
17441,2
17442,2
17443,2
17444,0
17445,2
17446,0
17447,0
17448,0
17449,2
17450,2
17451,0
17452,2
17453,2
17454,2
17455,2
17456,2
17457,0
17458,2
17459,2
17460,2
17461,1
17462,0
17463,2
17464,0
17465,0
17466,2
17467,2
17468,2
17469,2
17470,2
17471,2
17472,2
17473,2
17474,2
17475,0
17476,0
17477,2
17478,0
17479,1
17480,0
17481,0
17482,0
17483,2
17484,2
17485,1
17486,1
17487,0
17488,2
17489,0
17490,0
17491,0
17492,0
17493,0
17494,2
17495,1
17496,0
17497,0
17498,2
17499,0
17500,2
17501,2
17502,0
17503,0
17504,2
17505,2
17506,0
17507,2
17508,2
17509,2
17510,2
17511,0
17512,0
17513,2
17514,0
17515,0
17516,2
17517,2
17518,2
17519,2
17520,0
17521,0
17522,0
17523,2
17524,0
17525,0
17526,2
17527,0
17528,1
17529,2
17530,2
17531,0
17532,0
17533,2
17534,2
17535,0
17536,0
17537,2
17538,2
17539,0
17540,0
17541,0
17542,0
17543,0
17544,1
17545,2
17546,0
17547,2
17548,2
17549,1
17550,0
17551,0
17552,0
17553,0
17554,1
17555,0
17556,2
17557,0
17558,0
17559,0
17560,2
17561,0
17562,2
17563,0
17564,2
17565,2
17566,0
17567,2
17568,0
17569,2
17570,0
17571,0
17572,2
17573,0
17574,0
17575,0
17576,0
17577,0
17578,2
17579,2
17580,2
17581,0
17582,0
17583,2
17584,0
17585,2
17586,0
17587,0
17588,2
17589,2
17590,2
17591,2
17592,2
17593,0
17594,0
17595,0
17596,0
17597,0
17598,0
17599,0
17600,0
17601,2
17602,2
17603,0
17604,2
17605,0
17606,1
17607,1
17608,0
17609,2
17610,0
17611,2
17612,2
17613,2
17614,1
17615,2
17616,2
17617,2
17618,2
17619,2
17620,1
17621,0
17622,2
17623,2
17624,0
17625,2
17626,2
17627,0
17628,2
17629,1
17630,2
17631,0
17632,0
17633,1
17634,2
17635,0
17636,0
17637,0
17638,0
17639,2
17640,2
17641,1
17642,2
17643,0
17644,0
17645,0
17646,2
17647,1
17648,0
17649,0
17650,2
17651,0
17652,0
17653,2
17654,2
17655,0
17656,2
17657,0
17658,0
17659,2
17660,0
17661,2
17662,1
17663,2
17664,2
17665,2
17666,2
17667,0
17668,2
17669,0
17670,0
17671,0
17672,0
17673,2
17674,2
17675,0
17676,2
17677,0
17678,2
17679,2
17680,2
17681,2
17682,0
17683,2
17684,0
17685,0
17686,0
17687,0
17688,0
17689,0
17690,0
17691,2
17692,2
17693,0
17694,2
17695,0
17696,0
17697,0
17698,2
17699,0
17700,0
17701,0
17702,2
17703,1
17704,2
17705,2
17706,0
17707,0
17708,0
17709,2
17710,2
17711,1
17712,0
17713,2
17714,0
17715,2
17716,1
17717,1
17718,2
17719,2
17720,0
17721,0
17722,0
17723,2
17724,0
17725,2
17726,0
17727,0
17728,2
17729,2
17730,0
17731,2
17732,2
17733,0
17734,1
17735,0
17736,0
17737,1
17738,2
17739,2
17740,2
17741,2
17742,0
17743,2
17744,0
17745,0
17746,0
17747,0
17748,2
17749,0
17750,2
17751,2
17752,1
17753,0
17754,2
17755,0
17756,2
17757,2
17758,2
17759,0
17760,0
17761,2
17762,1
17763,2
17764,2
17765,2
17766,0
17767,0
17768,0
17769,0
17770,0
17771,0
17772,2
17773,2
17774,0
17775,2
17776,1
17777,2
17778,2
17779,2
17780,2
17781,0
17782,0
17783,2
17784,2
17785,0
17786,0
17787,2
17788,2
17789,0
17790,2
17791,0
17792,2
17793,2
17794,2
17795,2
17796,0
17797,2
17798,0
17799,0
17800,0
17801,2
17802,2
17803,0
17804,2
17805,0
17806,0
17807,2
17808,0
17809,0
17810,2
17811,0
17812,0
17813,2
17814,2
17815,0
17816,2
17817,2
17818,0
17819,0
17820,2
17821,0
17822,1
17823,2
17824,0
17825,2
17826,0
17827,2
17828,0
17829,0
17830,2
17831,2
17832,2
17833,0
17834,0
17835,2
17836,0
17837,2
17838,2
17839,0
17840,2
17841,2
17842,0
17843,0
17844,0
17845,0
17846,2
17847,2
17848,2
17849,2
17850,2
17851,1
17852,2
17853,0
17854,0
17855,2
17856,0
17857,2
17858,0
17859,0
17860,0
17861,2
17862,2
17863,0
17864,0
17865,2
17866,0
17867,0
17868,2
17869,0
17870,0
17871,0
17872,0
17873,1
17874,0
17875,0
17876,2
17877,2
17878,0
17879,2
17880,0
17881,1
17882,0
17883,0
17884,0
17885,0
17886,0
17887,2
17888,2
17889,2
17890,2
17891,2
17892,0
17893,0
17894,2
17895,0
17896,0
17897,2
17898,2
17899,2
17900,2
17901,2
17902,2
17903,0
17904,2
17905,0
17906,0
17907,2
17908,0
17909,0
17910,0
17911,2
17912,2
17913,0
17914,2
17915,0
17916,0
17917,0
17918,0
17919,0
17920,0
17921,0
17922,0
17923,0
17924,0
17925,2
17926,0
17927,2
17928,0
17929,2
17930,0
17931,2
17932,0
17933,2
17934,2
17935,2
17936,1
17937,0
17938,2
17939,0
17940,0
17941,2
17942,2
17943,2
17944,2
17945,2
17946,0
17947,2
17948,0
17949,2
17950,2
17951,0
17952,2
17953,2
17954,2
17955,2
17956,2
17957,0
17958,0
17959,0
17960,0
17961,0
17962,2
17963,0
17964,0
17965,2
17966,0
17967,2
17968,2
17969,2
17970,0
17971,1
17972,0
17973,0
17974,2
17975,2
17976,2
17977,0
17978,2
17979,2
17980,2
17981,0
17982,2
17983,0
17984,0
17985,2
17986,2
17987,2
17988,2
17989,0
17990,2
17991,2
17992,2
17993,2
17994,2
17995,0
17996,0
17997,2
17998,0
17999,0
18000,0
18001,1
18002,2
18003,2
18004,2
18005,2
18006,0
18007,2
18008,2
18009,2
18010,2
18011,2
18012,2
18013,0
18014,2
18015,0
18016,2
18017,2
18018,0
18019,2
18020,0
18021,0
18022,0
18023,0
18024,0
18025,2
18026,2
18027,0
18028,0
18029,2
18030,2
18031,2
18032,0
18033,2
18034,2
18035,2
18036,0
18037,0
18038,0
18039,0
18040,0
18041,0
18042,2
18043,1
18044,0
18045,2
18046,2
18047,2
18048,1
18049,2
18050,0
18051,0
18052,0
18053,2
18054,0
18055,0
18056,1
18057,0
18058,2
18059,2
18060,0
18061,0
18062,0
18063,0
18064,2
18065,0
18066,2
18067,0
18068,2
18069,2
18070,2
18071,0
18072,0
18073,0
18074,2
18075,1
18076,2
18077,2
18078,2
18079,1
18080,2
18081,2
18082,0
18083,0
18084,0
18085,0
18086,2
18087,0
18088,0
18089,1
18090,2
18091,2
18092,2
18093,2
18094,2
18095,2
18096,1
18097,2
18098,0
18099,2
18100,2
18101,0
18102,2
18103,0
18104,2
18105,0
18106,2
18107,2
18108,0
18109,0
18110,2
18111,2
18112,2
18113,0
18114,1
18115,0
18116,0
18117,2
18118,0
18119,0
18120,0
18121,0
18122,2
18123,2
18124,2
18125,0
18126,2
18127,0
18128,0
18129,0
18130,0
18131,0
18132,0
18133,0
18134,0
18135,0
18136,2
18137,1
18138,0
18139,0
18140,2
18141,2
18142,0
18143,0
18144,0
18145,0
18146,2
18147,0
18148,0
18149,0
18150,0
18151,2
18152,0
18153,2
18154,0
18155,0
18156,2
18157,0
18158,2
18159,2
18160,0
18161,0
18162,1
18163,2
18164,2
18165,2
18166,1
18167,1
18168,0
18169,2
18170,2
18171,0
18172,0
18173,0
18174,0
18175,0
18176,0
18177,0
18178,2
18179,0
18180,0
18181,0
18182,1
18183,2
18184,0
18185,0
18186,2
18187,2
18188,1
18189,2
18190,2
18191,0
18192,0
18193,0
18194,0
18195,2
18196,0
18197,0
18198,2
18199,0
18200,0
18201,0
18202,2
18203,0
18204,0
18205,0
18206,2
18207,2
18208,0
18209,2
18210,0
18211,2
18212,2
18213,2
18214,0
18215,0
18216,0
18217,2
18218,2
18219,2
18220,2
18221,0
18222,0
18223,0
18224,2
18225,0
18226,2
18227,2
18228,0
18229,0
18230,0
18231,0
18232,2
18233,2
18234,0
18235,2
18236,0
18237,2
18238,2
18239,2
18240,0
18241,0
18242,2
18243,0
18244,0
18245,0
18246,2
18247,0
18248,2
18249,2
18250,0
18251,0
18252,2
18253,0
18254,2
18255,2
18256,0
18257,1
18258,2
18259,0
18260,2
18261,0
18262,0
18263,0
18264,2
18265,2
18266,2
18267,0
18268,2
18269,0
18270,2
18271,2
18272,2
18273,0
18274,2
18275,2
18276,2
18277,2
18278,0
18279,0
18280,0
18281,0
18282,0
18283,0
18284,0
18285,0
18286,1
18287,0
18288,2
18289,1
18290,2
18291,0
18292,2
18293,2
18294,0
18295,0
18296,1
18297,0
18298,2
18299,2
18300,0
18301,0
18302,0
18303,0
18304,2
18305,1
18306,0
18307,2
18308,2
18309,0
18310,0
18311,0
18312,0
18313,0
18314,2
18315,2
18316,2
18317,0
18318,0
18319,1
18320,2
18321,0
18322,1
18323,0
18324,2
18325,0
18326,2
18327,1
18328,0
18329,2
18330,0
18331,2
18332,1
18333,0
18334,2
18335,0
18336,0
18337,2
18338,0
18339,2
18340,2
18341,0
18342,0
18343,0
18344,2
18345,2
18346,0
18347,0
18348,0
18349,2
18350,0
18351,2
18352,2
18353,0
18354,0
18355,2
18356,2
18357,1
18358,0
18359,2
18360,2
18361,0
18362,0
18363,0
18364,1
18365,0
18366,1
18367,2
18368,2
18369,0
18370,1
18371,2
18372,2
18373,2
18374,0
18375,2
18376,2
18377,2
18378,1
18379,0
18380,1
18381,2
18382,2
18383,0
18384,2
18385,1
18386,1
18387,2
18388,0
18389,2
18390,1
18391,2
18392,0
18393,0
18394,2
18395,2
18396,0
18397,0
18398,0
18399,2
18400,2
18401,0
18402,2
18403,0
18404,2
18405,0
18406,0
18407,0
18408,2
18409,0
18410,2
18411,2
18412,2
18413,2
18414,0
18415,2
18416,0
18417,0
18418,0
18419,0
18420,0
18421,1
18422,0
18423,0
18424,2
18425,0
18426,0
18427,2
18428,0
18429,1
18430,0
18431,2
18432,2
18433,1
18434,2
18435,2
18436,2
18437,0
18438,2
18439,0
18440,0
18441,2
18442,0
18443,0
18444,0
18445,0
18446,0
18447,1
18448,2
18449,1
18450,0
18451,1
18452,0
18453,0
18454,2
18455,0
18456,0
18457,0
18458,2
18459,2
18460,2
18461,1
18462,2
18463,0
18464,2
18465,0
18466,2
18467,0
18468,0
18469,0
18470,0
18471,0
18472,0
18473,0
18474,2
18475,2
18476,2
18477,2
18478,2
18479,1
18480,2
18481,2
18482,0
18483,2
18484,0
18485,0
18486,0
18487,0
18488,0
18489,0
18490,2
18491,0
18492,1
18493,0
18494,2
18495,2
18496,0
18497,2
18498,0
18499,2
18500,2
18501,0
18502,0
18503,2
18504,0
18505,2
18506,1
18507,0
18508,2
18509,2
18510,0
18511,0
18512,0
18513,2
18514,2
18515,2
18516,2
18517,0
18518,0
18519,0
18520,0
18521,2
18522,0
18523,0
18524,2
18525,0
18526,1
18527,0
18528,0
18529,2
18530,0
18531,0
18532,0
18533,0
18534,0
18535,2
18536,2
18537,2
18538,0
18539,0
18540,2
18541,2
18542,2
18543,0
18544,2
18545,2
18546,0
18547,2
18548,2
18549,2
18550,2
18551,2
18552,1
18553,2
18554,0
18555,0
18556,2
18557,0
18558,0
18559,0
18560,0
18561,0
18562,2
18563,2
18564,0
18565,2
18566,0
18567,2
18568,2
18569,0
18570,2
18571,1
18572,0
18573,1
18574,0
18575,2
18576,2
18577,2
18578,0
18579,0
18580,0
18581,0
18582,0
18583,1
18584,0
18585,0
18586,0
18587,1
18588,0
18589,2
18590,2
18591,0
18592,0
18593,0
18594,0
18595,0
18596,0
18597,2
18598,2
18599,0
18600,2
18601,2
18602,0
18603,2
18604,0
18605,2
18606,0
18607,0
18608,0
18609,0
18610,0
18611,2
18612,0
18613,0
18614,0
18615,1
18616,1
18617,0
18618,0
18619,2
18620,2
18621,0
18622,2
18623,2
18624,2
18625,0
18626,0
18627,0
18628,0
18629,2
18630,1
18631,2
18632,0
18633,0
18634,2
18635,0
18636,0
18637,2
18638,0
18639,2
18640,2
18641,0
18642,2
18643,2
18644,0
18645,2
18646,2
18647,0
18648,2
18649,0
18650,0
18651,2
18652,0
18653,0
18654,0
18655,0
18656,0
18657,0
18658,2
18659,2
18660,2
18661,2
18662,2
18663,0
18664,2
18665,0
18666,0
18667,2
18668,1
18669,0
18670,2
18671,0
18672,0
18673,2
18674,2
18675,0
18676,2
18677,0
18678,2
18679,0
18680,2
18681,0
18682,0
18683,0
18684,0
18685,2
18686,0
18687,0
18688,2
18689,2
18690,0
18691,0
18692,2
18693,0
18694,1
18695,1
18696,0
18697,2
18698,1
18699,2
18700,2
18701,0
18702,0
18703,0
18704,2
18705,2
18706,0
18707,0
18708,2
18709,2
18710,0
18711,0
18712,0
18713,0
18714,2
18715,2
18716,2
18717,0
18718,0
18719,2
18720,2
18721,0
18722,0
18723,2
18724,0
18725,2
18726,1
18727,2
18728,0
18729,0
18730,0
18731,2
18732,0
18733,2
18734,0
18735,0
18736,2
18737,2
18738,0
18739,0
18740,0
18741,0
18742,2
18743,0
18744,0
18745,2
18746,0
18747,0
18748,0
18749,1
18750,0
18751,2
18752,2
18753,0
18754,2
18755,0
18756,0
18757,2
18758,0
18759,2
18760,0
18761,2
18762,0
18763,0
18764,2
18765,2
18766,2
18767,0
18768,0
18769,0
18770,0
18771,2
18772,0
18773,0
18774,2
18775,2
18776,2
18777,0
18778,0
18779,2
18780,2
18781,0
18782,0
18783,2
18784,0
18785,0
18786,2
18787,2
18788,2
18789,0
18790,0
18791,2
18792,1
18793,2
18794,2
18795,2
18796,2
18797,0
18798,0
18799,2
18800,0
18801,1
18802,2
18803,0
18804,2
18805,0
18806,0
18807,0
18808,0
18809,2
18810,0
18811,2
18812,2
18813,2
18814,2
18815,0
18816,0
18817,2
18818,0
18819,0
18820,0
18821,0
18822,2
18823,2
18824,0
18825,2
18826,2
18827,2
18828,2
18829,0
18830,2
18831,0
18832,2
18833,0
18834,1
18835,2
18836,2
18837,2
18838,0
18839,0
18840,2
18841,0
18842,2
18843,0
18844,2
18845,0
18846,2
18847,0
18848,0
18849,1
18850,2
18851,2
18852,1
18853,0
18854,1
18855,2
18856,2
18857,2
18858,0
18859,0
18860,0
18861,2
18862,2
18863,0
18864,2
18865,2
18866,2
18867,2
18868,2
18869,0
18870,0
18871,2
18872,0
18873,0
18874,0
18875,2
18876,2
18877,0
18878,0
18879,0
18880,2
18881,2
18882,2
18883,0
18884,0
18885,2
18886,2
18887,0
18888,0
18889,2
18890,2
18891,2
18892,2
18893,0
18894,2
18895,2
18896,0
18897,2
18898,0
18899,0
18900,0
18901,0
18902,2
18903,2
18904,2
18905,2
18906,0
18907,0
18908,0
18909,0
18910,0
18911,2
18912,2
18913,0
18914,1
18915,2
18916,0
18917,2
18918,2
18919,2
18920,2
18921,0
18922,2
18923,2
18924,2
18925,2
18926,0
18927,0
18928,2
18929,2
18930,2
18931,2
18932,0
18933,2
18934,2
18935,0
18936,0
18937,2
18938,2
18939,2
18940,0
18941,0
18942,0
18943,0
18944,0
18945,0
18946,0
18947,2
18948,0
18949,2
18950,0
18951,1
18952,2
18953,1
18954,2
18955,0
18956,0
18957,2
18958,0
18959,2
18960,0
18961,0
18962,2
18963,0
18964,0
18965,2
18966,2
18967,0
18968,1
18969,2
18970,2
18971,2
18972,2
18973,2
18974,2
18975,0
18976,0
18977,0
18978,2
18979,0
18980,0
18981,2
18982,0
18983,0
18984,0
18985,2
18986,2
18987,0
18988,2
18989,2
18990,1
18991,0
18992,2
18993,2
18994,2
18995,0
18996,0
18997,2
18998,1
18999,2
19000,0
19001,0
19002,0
19003,2
19004,0
19005,2
19006,0
19007,2
19008,2
19009,2
19010,0
19011,2
19012,2
19013,0
19014,1
19015,0
19016,0
19017,0
19018,0
19019,2
19020,0
19021,0
19022,0
19023,2
19024,0
19025,2
19026,0
19027,2
19028,2
19029,2
19030,2
19031,0
19032,0
19033,2
19034,0
19035,0
19036,0
19037,2
19038,0
19039,0
19040,2
19041,2
19042,2
19043,2
19044,2
19045,2
19046,2
19047,0
19048,0
19049,0
19050,0
19051,2
19052,0
19053,1
19054,0
19055,0
19056,0
19057,0
19058,2
19059,2
19060,2
19061,2
19062,0
19063,0
19064,2
19065,2
19066,1
19067,2
19068,0
19069,0
19070,0
19071,0
19072,2
19073,2
19074,0
19075,2
19076,1
19077,0
19078,1
19079,0
19080,0
19081,0
19082,0
19083,2
19084,0
19085,0
19086,2
19087,0
19088,2
19089,2
19090,0
19091,2
19092,2
19093,2
19094,0
19095,0
19096,2
19097,2
19098,0
19099,2
19100,0
19101,0
19102,2
19103,0
19104,2
19105,0
19106,2
19107,2
19108,2
19109,2
19110,0
19111,0
19112,1
19113,2
19114,0
19115,2
19116,0
19117,2
19118,2
19119,2
19120,2
19121,0
19122,0
19123,2
19124,0
19125,2
19126,2
19127,0
19128,0
19129,2
19130,1
19131,0
19132,2
19133,0
19134,1
19135,1
19136,2
19137,0
19138,0
19139,0
19140,0
19141,2
19142,2
19143,2
19144,2
19145,2
19146,0
19147,0
19148,0
19149,1
19150,2
19151,0
19152,0
19153,2
19154,0
19155,2
19156,2
19157,2
19158,0
19159,0
19160,1
19161,2
19162,0
19163,2
19164,2
19165,0
19166,2
19167,2
19168,2
19169,0
19170,0
19171,0
19172,0
19173,2
19174,2
19175,2
19176,0
19177,2
19178,2
19179,0
19180,2
19181,0
19182,0
19183,2
19184,2
19185,1
19186,0
19187,2
19188,2
19189,2
19190,0
19191,0
19192,0
19193,0
19194,0
19195,0
19196,2
19197,2
19198,2
19199,0
19200,0
19201,0
19202,1
19203,2
19204,2
19205,0
19206,2
19207,0
19208,2
19209,2
19210,1
19211,0
19212,2
19213,1
19214,0
19215,2
19216,0
19217,1
19218,2
19219,1
19220,2
19221,0
19222,1
19223,0
19224,0
19225,2
19226,2
19227,2
19228,2
19229,0
19230,0
19231,0
19232,2
19233,2
19234,2
19235,2
19236,0
19237,0
19238,0
19239,0
19240,0
19241,1
19242,0
19243,2
19244,0
19245,2
19246,2
19247,2
19248,2
19249,2
19250,2
19251,0
19252,1
19253,0
19254,2
19255,2
19256,0
19257,2
19258,0
19259,2
19260,0
19261,0
19262,0
19263,0
19264,0
19265,0
19266,2
19267,0
19268,0
19269,0
19270,2
19271,0
19272,2
19273,2
19274,2
19275,0
19276,0
19277,0
19278,2
19279,2
19280,2
19281,0
19282,2
19283,0
19284,0
19285,0
19286,2
19287,2
19288,0
19289,2
19290,2
19291,2
19292,0
19293,0
19294,0
19295,2
19296,2
19297,2
19298,0
19299,0
19300,0
19301,0
19302,0
19303,1
19304,2
19305,0
19306,2
19307,2
19308,2
19309,1
19310,2
19311,2
19312,0
19313,0
19314,2
19315,2
19316,0
19317,0
19318,0
19319,0
19320,0
19321,0
19322,0
19323,0
19324,0
19325,0
19326,0
19327,0
19328,2
19329,0
19330,2
19331,0
19332,0
19333,0
19334,0
19335,2
19336,2
19337,2
19338,2
19339,0
19340,2
19341,2
19342,2
19343,2
19344,0
19345,2
19346,2
19347,0
19348,0
19349,0
19350,2
19351,0
19352,0
19353,2
19354,0
19355,2
19356,0
19357,2
19358,0
19359,0
19360,1
19361,2
19362,2
19363,2
19364,0
19365,0
19366,0
19367,2
19368,0
19369,0
19370,2
19371,0
19372,2
19373,2
19374,0
19375,0
19376,2
19377,0
19378,1
19379,1
19380,2
19381,0
19382,0
19383,2
19384,2
19385,1
19386,0
19387,0
19388,2
19389,2
19390,0
19391,0
19392,0
19393,0
19394,2
19395,0
19396,0
19397,2
19398,0
19399,1
19400,2
19401,2
19402,1
19403,2
19404,2
19405,2
19406,2
19407,0
19408,2
19409,2
19410,2
19411,0
19412,0
19413,0
19414,0
19415,1
19416,2
19417,2
19418,2
19419,2
19420,0
19421,0
19422,2
19423,0
19424,0
19425,0
19426,0
19427,0
19428,0
19429,2
19430,2
19431,0
19432,2
19433,2
19434,0
19435,2
19436,1
19437,0
19438,0
19439,2
19440,2
19441,2
19442,0
19443,0
19444,2
19445,0
19446,2
19447,2
19448,2
19449,0
19450,2
19451,0
19452,0
19453,0
19454,0
19455,0
19456,2
19457,0
19458,0
19459,0
19460,0
19461,0
19462,2
19463,2
19464,0
19465,0
19466,1
19467,2
19468,0
19469,2
19470,0
19471,2
19472,2
19473,2
19474,2
19475,1
19476,0
19477,0
19478,2
19479,2
19480,2
19481,2
19482,0
19483,2
19484,0
19485,2
19486,0
19487,2
19488,2
19489,2
19490,0
19491,2
19492,0
19493,0
19494,0
19495,1
19496,2
19497,0
19498,0
19499,2
19500,2
19501,2
19502,2
19503,1
19504,0
19505,0
19506,1
19507,0
19508,2
19509,0
19510,2
19511,2
19512,2
19513,2
19514,2
19515,0
19516,2
19517,2
19518,0
19519,0
19520,1
19521,0
19522,0
19523,0
19524,2
19525,0
19526,2
19527,2
19528,0
19529,2
19530,0
19531,2
19532,2
19533,2
19534,2
19535,0
19536,2
19537,0
19538,0
19539,2
19540,2
19541,0
19542,2
19543,0
19544,2
19545,0
19546,0
19547,0
19548,2
19549,2
19550,0
19551,2
19552,2
19553,2
19554,0
19555,0
19556,1
19557,1
19558,0
19559,0
19560,0
19561,2
19562,0
19563,2
19564,0
19565,1
19566,0
19567,0
19568,0
19569,0
19570,2
19571,2
19572,0
19573,0
19574,0
19575,0
19576,2
19577,0
19578,2
19579,0
19580,2
19581,2
19582,0
19583,1
19584,0
19585,0
19586,0
19587,1
19588,0
19589,0
19590,2
19591,1
19592,0
19593,0
19594,2
19595,2
19596,0
19597,2
19598,0
19599,0
19600,2
19601,0
19602,0
19603,2
19604,0
19605,2
19606,2
19607,0
19608,0
19609,2
19610,0
19611,2
19612,0
19613,2
19614,2
19615,2
19616,0
19617,0
19618,0
19619,2
19620,2
19621,0
19622,0
19623,0
19624,0
19625,2
19626,2
19627,2
19628,0
19629,0
19630,0
19631,1
19632,0
19633,2
19634,1
19635,0
19636,2
19637,0
19638,2
19639,2
19640,1
19641,2
19642,0
19643,0
19644,0
19645,2
19646,2
19647,0
19648,0
19649,0
19650,0
19651,0
19652,0
19653,2
19654,0
19655,0
19656,2
19657,0
19658,2
19659,2
19660,1
19661,0
19662,0
19663,0
19664,2
19665,0
19666,1
19667,0
19668,0
19669,2
19670,2
19671,2
19672,2
19673,0
19674,0
19675,0
19676,2
19677,2
19678,0
19679,2
19680,2
19681,0
19682,0
19683,2
19684,0
19685,0
19686,2
19687,2
19688,2
19689,2
19690,2
19691,0
19692,2
19693,2
19694,0
19695,1
19696,2
19697,1
19698,0
19699,2
19700,0
19701,1
19702,0
19703,2
19704,1
19705,2
19706,2
19707,1
19708,0
19709,0
19710,2
19711,0
19712,2
19713,0
19714,2
19715,2
19716,0
19717,0
19718,0
19719,2
19720,2
19721,0
19722,0
19723,2
19724,2
19725,2
19726,0
19727,2
19728,0
19729,2
19730,0
19731,0
19732,2
19733,2
19734,0
19735,1
19736,2
19737,1
19738,0
19739,0
19740,2
19741,0
19742,0
19743,0
19744,0
19745,0
19746,0
19747,2
19748,0
19749,0
19750,2
19751,0
19752,2
19753,0
19754,2
19755,2
19756,0
19757,0
19758,2
19759,0
19760,2
19761,2
19762,0
19763,2
19764,2
19765,1
19766,0
19767,2
19768,0
19769,2
19770,2
19771,2
19772,2
19773,2
19774,0
19775,2
19776,2
19777,0
19778,2
19779,2
19780,0
19781,0
19782,2
19783,0
19784,0
19785,2
19786,2
19787,0
19788,1
19789,0
19790,0
19791,2
19792,2
19793,0
19794,0
19795,1
19796,2
19797,0
19798,2
19799,0
19800,2
19801,2
19802,0
19803,2
19804,2
19805,2
19806,2
19807,0
19808,2
19809,0
19810,2
19811,2
19812,0
19813,2
19814,0
19815,0
19816,2
19817,2
19818,2
19819,0
19820,0
19821,0
19822,2
19823,2
19824,2
19825,0
19826,0
19827,2
19828,2
19829,0
19830,0
19831,0
19832,0
19833,2
19834,1
19835,2
19836,2
19837,2
19838,2
19839,2
19840,2
19841,2
19842,2
19843,0
19844,2
19845,2
19846,1
19847,2
19848,0
19849,0
19850,0
19851,2
19852,2
19853,0
19854,2
19855,2
19856,0
19857,0
19858,0
19859,2
19860,2
19861,2
19862,2
19863,2
19864,0
19865,0
19866,2
19867,0
19868,2
19869,0
19870,2
19871,0
19872,0
19873,2
19874,2
19875,2
19876,2
19877,2
19878,0
19879,0
19880,2
19881,0
19882,2
19883,2
19884,0
19885,0
19886,0
19887,0
19888,2
19889,0
19890,0
19891,2
19892,0
19893,0
19894,1
19895,2
19896,0
19897,2
19898,0
19899,0
19900,2
19901,0
19902,0
19903,0
19904,2
19905,2
19906,0
19907,2
19908,0
19909,0
19910,0
19911,2
19912,2
19913,2
19914,2
19915,0
19916,0
19917,0
19918,1
19919,1
19920,0
19921,2
19922,0
19923,0
19924,0
19925,0
19926,2
19927,0
19928,2
19929,0
19930,0
19931,2
19932,2
19933,2
19934,2
19935,0
19936,0
19937,2
19938,2
19939,2
19940,2
19941,2
19942,2
19943,2
19944,1
19945,1
19946,2
19947,0
19948,2
19949,0
19950,0
19951,2
19952,0
19953,2
19954,0
19955,0
19956,0
19957,2
19958,2
19959,0
19960,1
19961,0
19962,0
19963,1
19964,2
19965,2
19966,0
19967,2
19968,0
19969,2
19970,0
19971,2
19972,0
19973,2
19974,2
19975,2
19976,0
19977,2
19978,2
19979,2
19980,2
19981,0
19982,0
19983,2
19984,0
19985,0
19986,2
19987,0
19988,2
19989,2
19990,2
19991,1
19992,2
19993,0
19994,2
19995,0
19996,0
19997,0
19998,0
19999,2
20000,0
20001,0
20002,2
20003,1
20004,0
20005,2
20006,0
20007,2
20008,0
20009,2
20010,2
20011,2
20012,2
20013,2
20014,2
20015,0
20016,2
20017,2
20018,2
20019,0
20020,2
20021,2
20022,0
20023,0
20024,0
20025,0
20026,0
20027,2
20028,0
20029,2
20030,0
20031,0
20032,1
20033,0
20034,2
20035,0
20036,0
20037,2
20038,2
20039,0
20040,0
20041,0
20042,0
20043,0
20044,0
20045,0
20046,2
20047,2
20048,2
20049,2
20050,0
20051,0
20052,0
20053,2
20054,0
20055,2
20056,2
20057,2
20058,0
20059,2
20060,0
20061,2
20062,0
20063,0
20064,2
20065,2
20066,2
20067,0
20068,0
20069,2
20070,2
20071,2
20072,0
20073,2
20074,1
20075,2
20076,0
20077,1
20078,0
20079,2
20080,2
20081,2
20082,0
20083,2
20084,1
20085,2
20086,0
20087,2
20088,2
20089,0
20090,2
20091,2
20092,2
20093,0
20094,0
20095,2
20096,0
20097,0
20098,0
20099,2
20100,0
20101,0
20102,0
20103,1
20104,2
20105,0
20106,0
20107,0
20108,0
20109,0
20110,2
20111,2
20112,1
20113,2
20114,0
20115,0
20116,0
20117,0
20118,2
20119,0
20120,2
20121,0
20122,2
20123,2
20124,2
20125,0
20126,0
20127,0
20128,0
20129,2
20130,2
20131,2
20132,2
20133,0
20134,0
20135,0
20136,0
20137,2
20138,0
20139,2
20140,0
20141,2
20142,2
20143,2
20144,0
20145,0
20146,2
20147,0
20148,2
20149,0
20150,0
20151,0
20152,0
20153,0
20154,0
20155,0
20156,2
20157,0
20158,0
20159,0
20160,2
20161,2
20162,0
20163,0
20164,0
20165,2
20166,0
20167,0
20168,2
20169,2
20170,2
20171,2
20172,0
20173,2
20174,1
20175,2
20176,0
20177,2
20178,2
20179,0
20180,2
20181,1
20182,0
20183,2
20184,0
20185,2
20186,2
20187,2
20188,2
20189,2
20190,2
20191,2
20192,1
20193,2
20194,0
20195,0
20196,0
20197,0
20198,2
20199,0
20200,2
20201,0
20202,2
20203,1
20204,0
20205,2
20206,2
20207,2
20208,2
20209,2
20210,0
20211,0
20212,0
20213,0
20214,1
20215,0
20216,2
20217,0
20218,2
20219,2
20220,0
20221,0
20222,1
20223,2
20224,2
20225,2
20226,2
20227,0
20228,0
20229,0
20230,2
20231,2
20232,2
20233,2
20234,0
20235,2
20236,0
20237,2
20238,2
20239,0
20240,2
20241,0
20242,0
20243,1
20244,1
20245,0
20246,2
20247,0
20248,0
20249,2
20250,0
20251,2
20252,0
20253,0
20254,2
20255,2
20256,0
20257,0
20258,2
20259,0
20260,0
20261,0
20262,2
20263,0
20264,2
20265,2
20266,0
20267,2
20268,2
20269,2
20270,2
20271,2
20272,2
20273,2
20274,2
20275,0
20276,2
20277,2
20278,0
20279,2
20280,2
20281,2
20282,0
20283,0
20284,2
20285,2
20286,0
20287,2
20288,0
20289,2
20290,2
20291,2
20292,2
20293,0
20294,0
20295,0
20296,2
20297,0
20298,1
20299,0
20300,0
20301,2
20302,2
20303,1
20304,2
20305,2
20306,2
20307,2
20308,0
20309,2
20310,2
20311,0
20312,2
20313,0
20314,0
20315,0
20316,2
20317,0
20318,2
20319,0
20320,0
20321,1
20322,2
20323,2
20324,2
20325,2
20326,0
20327,0
20328,0
20329,0
20330,0
20331,0
20332,2
20333,0
20334,0
20335,1
20336,2
20337,0
20338,2
20339,0
20340,2
20341,0
20342,2
20343,0
20344,0
20345,2
20346,0
20347,0
20348,2
20349,1
20350,0
20351,2
20352,0
20353,2
20354,0
20355,0
20356,0
20357,0
20358,1
20359,0
20360,2
20361,0
20362,2
20363,2
20364,2
20365,0
20366,2
20367,2
20368,2
20369,2
20370,0
20371,1
20372,2
20373,2
20374,0
20375,0
20376,0
20377,0
20378,0
20379,0
20380,1
20381,2
20382,2
20383,2
20384,0
20385,0
20386,2
20387,1
20388,2
20389,0
20390,0
20391,0
20392,2
20393,0
20394,2
20395,0
20396,0
20397,0
20398,2
20399,2
20400,2
20401,0
20402,2
20403,2
20404,2
20405,0
20406,2
20407,2
20408,0
20409,2
20410,0
20411,2
20412,2
20413,2
20414,2
20415,0
20416,0
20417,2
20418,0
20419,0
20420,1
20421,2
20422,2
20423,2
20424,0
20425,1
20426,2
20427,1
20428,0
20429,0
20430,0
20431,0
20432,0
20433,0
20434,0
20435,2
20436,2
20437,0
20438,0
20439,2
20440,0
20441,0
20442,0
20443,1
20444,0
20445,0
20446,0
20447,0
20448,0
20449,0
20450,0
20451,0
20452,0
20453,0
20454,0
20455,0
20456,2
20457,2
20458,2
20459,2
20460,2
20461,2
20462,0
20463,0
20464,0
20465,0
20466,2
20467,2
20468,2
20469,0
20470,0
20471,2
20472,0
20473,2
20474,0
20475,0
20476,2
20477,2
20478,2
20479,2
20480,0
20481,2
20482,0
20483,0
20484,1
20485,2
20486,0
20487,0
20488,2
20489,2
20490,2
20491,1
20492,2
20493,2
20494,0
20495,1
20496,0
20497,2
20498,2
20499,2
20500,2
20501,0
20502,0
20503,0
20504,1
20505,0
20506,2
20507,0
20508,1
20509,0
20510,2
20511,2
20512,2
20513,0
20514,1
20515,0
20516,0
20517,2
20518,0
20519,2
20520,0
20521,0
20522,2
20523,0
20524,2
20525,2
20526,0
20527,0
20528,1
20529,0
20530,2
20531,0
20532,0
20533,2
20534,0
20535,2
20536,0
20537,0
20538,2
20539,0
20540,0
20541,2
20542,0
20543,0
20544,0
20545,2
20546,1
20547,2
20548,2
20549,0
20550,1
20551,2
20552,2
20553,2
20554,0
20555,0
20556,0
20557,2
20558,0
20559,2
20560,0
20561,0
20562,0
20563,0
20564,2
20565,2
20566,0
20567,0
20568,2
20569,2
20570,2
20571,2
20572,0
20573,2
20574,2
20575,2
20576,0
20577,2
20578,0
20579,0
20580,0
20581,1
20582,0
20583,2
20584,0
20585,2
20586,1
20587,2
20588,2
20589,2
20590,2
20591,2
20592,2
20593,2
20594,0
20595,2
20596,0
20597,0
20598,1
20599,0
20600,1
20601,2
20602,2
20603,2
20604,0
20605,2
20606,1
20607,1
20608,0
20609,0
20610,2
20611,2
20612,2
20613,0
20614,0
20615,0
20616,2
20617,2
20618,2
20619,2
20620,2
20621,0
20622,0
20623,2
20624,2
20625,1
20626,0
20627,2
20628,2
20629,0
20630,0
20631,2
20632,2
20633,2
20634,2
20635,2
20636,0
20637,0
20638,1
20639,0
20640,0
20641,0
20642,2
20643,0
20644,0
20645,2
20646,2
20647,2
20648,0
20649,0
20650,2
20651,2
20652,1
20653,2
20654,0
20655,0
20656,0
20657,2
20658,0
20659,2
20660,0
20661,0
20662,2
20663,0
20664,0
20665,0
20666,2
20667,0
20668,0
20669,0
20670,0
20671,2
20672,1
20673,2
20674,0
20675,2
20676,0
20677,2
20678,0
20679,0
20680,0
20681,2
20682,2
20683,2
20684,2
20685,2
20686,2
20687,2
20688,0
20689,0
20690,2
20691,2
20692,2
20693,0
20694,0
20695,0
20696,2
20697,0
20698,2
20699,0
20700,1
20701,2
20702,2
20703,2
20704,0
20705,0
20706,2
20707,0
20708,0
20709,0
20710,2
20711,0
20712,0
20713,2
20714,0
20715,2
20716,0
20717,1
20718,0
20719,0
20720,2
20721,2
20722,2
20723,0
20724,0
20725,2
20726,1
20727,2
20728,0
20729,0
20730,2
20731,0
20732,0
20733,0
20734,2
20735,0
20736,2
20737,2
20738,0
20739,0
20740,0
20741,2
20742,0
20743,0
20744,0
20745,2
20746,2
20747,0
20748,2
20749,2
20750,2
20751,2
20752,2
20753,2
20754,0
20755,2
20756,2
20757,2
20758,2
20759,2
20760,2
20761,2
20762,0
20763,0
20764,0
20765,2
20766,0
20767,0
20768,2
20769,2
20770,0
20771,0
20772,2
20773,0
20774,2
20775,0
20776,0
20777,2
20778,0
20779,0
20780,2
20781,2
20782,0
20783,0
20784,2
20785,2
20786,2
20787,2
20788,0
20789,0
20790,0
20791,0
20792,0
20793,2
20794,2
20795,2
20796,0
20797,2
20798,1
20799,1
20800,2
20801,2
20802,2
20803,0
20804,2
20805,2
20806,2
20807,0
20808,2
20809,0
20810,0
20811,2
20812,2
20813,2
20814,2
20815,2
20816,2
20817,2
20818,0
20819,2
20820,1
20821,0
20822,0
20823,2
20824,1
20825,0
20826,0
20827,0
20828,2
20829,1
20830,1
20831,2
20832,1
20833,2
20834,2
20835,0
20836,2
20837,0
20838,2
20839,2
20840,2
20841,0
20842,0
20843,0
20844,0
20845,1
20846,0
20847,2
20848,0
20849,2
20850,1
20851,0
20852,0
20853,2
20854,0
20855,2
20856,2
20857,1
20858,0
20859,2
20860,0
20861,0
20862,0
20863,0
20864,0
20865,1
20866,2
20867,0
20868,2
20869,2
20870,0
20871,2
20872,0
20873,2
20874,2
20875,2
20876,0
20877,2
20878,0
20879,0
20880,2
20881,0
20882,2
20883,0
20884,0
20885,0
20886,2
20887,0
20888,0
20889,2
20890,0
20891,0
20892,0
20893,2
20894,2
20895,0
20896,0
20897,0
20898,0
20899,0
20900,2
20901,0
20902,2
20903,2
20904,0
20905,2
20906,2
20907,0
20908,2
20909,0
20910,0
20911,2
20912,2
20913,2
20914,0
20915,2
20916,0
20917,2
20918,0
20919,0
20920,2
20921,2
20922,2
20923,2
20924,0
20925,0
20926,0
20927,0
20928,2
20929,0
20930,0
20931,2
20932,1
20933,1
20934,0
20935,2
20936,2
20937,2
20938,0
20939,2
20940,2
20941,2
20942,2
20943,0
20944,0
20945,0
20946,2
20947,0
20948,0
20949,0
20950,0
20951,0
20952,0
20953,0
20954,2
20955,2
20956,0
20957,0
20958,0
20959,0
20960,2
20961,0
20962,1
20963,0
20964,0
20965,2
20966,2
20967,2
20968,2
20969,0
20970,2
20971,2
20972,2
20973,2
20974,2
20975,2
20976,0
20977,0
20978,0
20979,1
20980,2
20981,2
20982,2
20983,0
20984,2
20985,2
20986,0
20987,2
20988,0
20989,0
20990,0
20991,2
20992,2
20993,1
20994,0
20995,2
20996,1
20997,2
20998,2
20999,0
21000,2
21001,2
21002,0
21003,0
21004,2
21005,2
21006,0
21007,2
21008,0
21009,2
21010,0
21011,0
21012,2
21013,0
21014,2
21015,2
21016,2
21017,0
21018,0
21019,0
21020,2
21021,0
21022,2
21023,0
21024,0
21025,2
21026,0
21027,2
21028,2
21029,2
21030,2
21031,2
21032,0
21033,2
21034,0
21035,2
21036,0
21037,2
21038,2
21039,0
21040,2
21041,0
21042,0
21043,2
21044,2
21045,2
21046,2
21047,2
21048,0
21049,0
21050,2
21051,2
21052,0
21053,2
21054,2
21055,0
21056,0
21057,0
21058,0
21059,0
21060,0
21061,2
21062,0
21063,1
21064,2
21065,0
21066,2
21067,0
21068,2
21069,0
21070,2
21071,2
21072,2
21073,0
21074,0
21075,2
21076,0
21077,2
21078,1
21079,2
21080,2
21081,2
21082,2
21083,0
21084,2
21085,2
21086,0
21087,0
21088,2
21089,0
21090,2
21091,0
21092,0
21093,2
21094,2
21095,2
21096,1
21097,0
21098,0
21099,0
21100,2
21101,2
21102,2
21103,2
21104,0
21105,0
21106,2
21107,0
21108,0
21109,0
21110,2
21111,0
21112,2
21113,2
21114,2
21115,2
21116,0
21117,2
21118,0
21119,0
21120,0
21121,1
21122,2
21123,2
21124,1
21125,1
21126,0
21127,2
21128,2
21129,1
21130,0
21131,0
21132,0
21133,2
21134,2
21135,0
21136,0
21137,2
21138,0
21139,0
21140,2
21141,2
21142,2
21143,0
21144,0
21145,2
21146,0
21147,2
21148,2
21149,0
21150,0
21151,0
21152,2
21153,2
21154,0
21155,2
21156,2
21157,0
21158,0
21159,2
21160,0
21161,0
21162,0
21163,2
21164,2
21165,0
21166,0
21167,0
21168,0
21169,1
21170,1
21171,0
21172,2
21173,2
21174,2
21175,2
21176,0
21177,2
21178,2
21179,2
21180,2
21181,0
21182,1
21183,0
21184,0
21185,1
21186,0
21187,0
21188,2
21189,2
21190,0
21191,0
21192,0
21193,0
21194,0
21195,2
21196,0
21197,0
21198,1
21199,0
21200,0
21201,2
21202,2
21203,0
21204,2
21205,0
21206,0
21207,2
21208,2
21209,0
21210,0
21211,0
21212,1
21213,2
21214,0
21215,0
21216,0
21217,0
21218,0
21219,0
21220,2
21221,0
21222,0
21223,2
21224,2
21225,2
21226,2
21227,0
21228,2
21229,1
21230,0
21231,0
21232,0
21233,0
21234,0
21235,2
21236,2
21237,2
21238,1
21239,0
21240,0
21241,0
21242,0
21243,2
21244,0
21245,1
21246,0
21247,2
21248,2
21249,0
21250,1
21251,0
21252,2
21253,1
21254,0
21255,2
21256,2
21257,0
21258,0
21259,0
21260,2
21261,2
21262,0
21263,0
21264,2
21265,2
21266,0
21267,0
21268,0
21269,2
21270,2
21271,0
21272,2
21273,2
21274,0
21275,0
21276,2
21277,0
21278,0
21279,2
21280,2
21281,0
21282,1
21283,0
21284,0
21285,0
21286,0
21287,0
21288,0
21289,0
21290,0
21291,1
21292,0
21293,2
21294,2
21295,2
21296,2
21297,0
21298,0
21299,1
21300,2
21301,0
21302,2
21303,2
21304,2
21305,0
21306,0
21307,0
21308,2
21309,2
21310,2
21311,1
21312,2
21313,2
21314,2
21315,1
21316,0
21317,0
21318,0
21319,2
21320,2
21321,2
21322,0
21323,2
21324,0
21325,2
21326,0
21327,0
21328,1
21329,2
21330,0
21331,0
21332,0
21333,2
21334,2
21335,2
21336,2
21337,1
21338,2
21339,2
21340,0
21341,2
21342,0
21343,2
21344,2
21345,2
21346,2
21347,0
21348,0
21349,0
21350,1
21351,0
21352,0
21353,2
21354,0
21355,2
21356,0
21357,0
21358,2
21359,0
21360,0
21361,1
21362,0
21363,2
21364,2
21365,2
21366,2
21367,0
21368,0
21369,2
21370,0
21371,0
21372,2
21373,1
21374,2
21375,0
21376,0
21377,2
21378,2
21379,0
21380,2
21381,2
21382,2
21383,2
21384,0
21385,0
21386,2
21387,1
21388,2
21389,0
21390,0
21391,2
21392,0
21393,2
21394,1
21395,0
21396,0
21397,2
21398,2
21399,2
21400,2
21401,2
21402,0
21403,0
21404,2
21405,2
21406,0
21407,1
21408,0
21409,2
21410,0
21411,0
21412,2
21413,2
21414,0
21415,0
21416,0
21417,2
21418,2
21419,0
21420,0
21421,0
21422,2
21423,2
21424,0
21425,0
21426,0
21427,2
21428,2
21429,0
21430,0
21431,0
21432,2
21433,2
21434,0
21435,0
21436,0
21437,0
21438,2
21439,2
21440,1
21441,0
21442,0
21443,0
21444,0
21445,0
21446,2
21447,0
21448,0
21449,0
21450,0
21451,2
21452,2
21453,0
21454,2
21455,2
21456,0
21457,0
21458,2
21459,2
21460,2
21461,2
21462,2
21463,2
21464,2
21465,1
21466,2
21467,0
21468,2
21469,2
21470,2
21471,1
21472,0
21473,0
21474,0
21475,0
21476,0
21477,2
21478,0
21479,2
21480,2
21481,2
21482,0
21483,1
21484,2
21485,0
21486,0
21487,2
21488,0
21489,0
21490,0
21491,2
21492,1
21493,1
21494,2
21495,2
21496,0
21497,2
21498,0
21499,2
21500,0
21501,0
21502,0
21503,2
21504,2
21505,0
21506,0
21507,2
21508,1
21509,2
21510,0
21511,2
21512,2
21513,0
21514,2
21515,0
21516,1
21517,2
21518,0
21519,2
21520,2
21521,2
21522,0
21523,2
21524,0
21525,0
21526,0
21527,0
21528,0
21529,0
21530,2
21531,0
21532,1
21533,0
21534,2
21535,0
21536,2
21537,0
21538,0
21539,0
21540,0
21541,0
21542,0
21543,2
21544,2
21545,2
21546,2
21547,2
21548,2
21549,1
21550,0
21551,2
21552,2
21553,0
21554,2
21555,2
21556,2
21557,2
21558,2
21559,2
21560,2
21561,0
21562,2
21563,0
21564,0
21565,0
21566,0
21567,2
21568,0
21569,2
21570,0
21571,2
21572,1
21573,2
21574,0
21575,2
21576,0
21577,2
21578,2
21579,2
21580,0
21581,2
21582,0
21583,1
21584,2
21585,2
21586,0
21587,0
21588,2
21589,0
21590,2
21591,2
21592,0
21593,0
21594,2
21595,2
21596,0
21597,2
21598,0
21599,2
21600,1
21601,0
21602,2
21603,2
21604,0
21605,2
21606,2
21607,2
21608,0
21609,0
21610,2
21611,2
21612,2
21613,2
21614,2
21615,0
21616,0
21617,2
21618,0
21619,0
21620,0
21621,0
21622,0
21623,2
21624,0
21625,1
21626,0
21627,0
21628,2
21629,0
21630,2
21631,2
21632,2
21633,2
21634,2
21635,0
21636,2
21637,0
21638,0
21639,2
21640,2
21641,0
21642,2
21643,2
21644,0
21645,2
21646,2
21647,2
21648,2
21649,0
21650,2
21651,0
21652,2
21653,1
21654,0
21655,2
21656,0
21657,2
21658,2
21659,0
21660,0
21661,0
21662,0
21663,2
21664,2
21665,2
21666,2
21667,0
21668,0
21669,2
21670,1
21671,0
21672,0
21673,0
21674,2
21675,2
21676,0
21677,2
21678,2
21679,2
21680,2
21681,2
21682,2
21683,2
21684,2
21685,2
21686,2
21687,0
21688,2
21689,2
21690,0
21691,2
21692,0
21693,0
21694,2
21695,2
21696,2
21697,2
21698,1
21699,0
21700,2
21701,2
21702,2
21703,0
21704,2
21705,2
21706,0
21707,2
21708,2
21709,2
21710,2
21711,2
21712,2
21713,2
21714,2
21715,0
21716,2
21717,0
21718,2
21719,0
21720,0
21721,2
21722,2
21723,0
21724,2
21725,0
21726,2
21727,0
21728,0
21729,0
21730,0
21731,0
21732,2
21733,2
21734,2
21735,2
21736,0
21737,0
21738,2
21739,2
21740,0
21741,0
21742,2
21743,2
21744,2
21745,0
21746,0
21747,2
21748,2
21749,2
21750,2
21751,0
21752,2
21753,0
21754,2
21755,0
21756,0
21757,0
21758,2
21759,2
21760,2
21761,2
21762,0
21763,0
21764,2
21765,2
21766,2
21767,0
21768,0
21769,0
21770,2
21771,2
21772,2
21773,0
21774,2
21775,2
21776,2
21777,2
21778,0
21779,2
21780,0
21781,2
21782,2
21783,2
21784,0
21785,0
21786,0
21787,0
21788,2
21789,2
21790,0
21791,2
21792,0
21793,0
21794,2
21795,2
21796,1
21797,0
21798,2
21799,2
21800,0
21801,1
21802,0
21803,0
21804,0
21805,2
21806,2
21807,0
21808,0
21809,2
21810,2
21811,0
21812,2
21813,0
21814,0
21815,0
21816,2
21817,0
21818,0
21819,0
21820,1
21821,0
21822,0
21823,2
21824,0
21825,0
21826,0
21827,2
21828,0
21829,0
21830,0
21831,0
21832,2
21833,0
21834,2
21835,2
21836,2
21837,2
21838,0
21839,0
21840,0
21841,1
21842,0
21843,2
21844,0
21845,2
21846,0
21847,0
21848,0
21849,2
21850,0
21851,1
21852,2
21853,2
21854,0
21855,1
21856,0
21857,0
21858,1
21859,1
21860,0
21861,0
21862,0
21863,0
21864,0
21865,0
21866,2
21867,2
21868,0
21869,0
21870,2
21871,2
21872,2
21873,0
21874,2
21875,2
21876,0
21877,0
21878,2
21879,2
21880,0
21881,2
21882,2
21883,0
21884,0
21885,2
21886,0
21887,0
21888,2
21889,0
21890,2
21891,0
21892,0
21893,2
21894,1
21895,0
21896,2
21897,0
21898,2
21899,2
21900,2
21901,2
21902,0
21903,1
21904,2
21905,0
21906,2
21907,0
21908,0
21909,2
21910,2
21911,0
21912,0
21913,0
21914,0
21915,0
21916,2
21917,2
21918,2
21919,0
21920,1
21921,2
21922,0
21923,2
21924,2
21925,0
21926,0
21927,2
21928,2
21929,0
21930,2
21931,2
21932,2
21933,0
21934,2
21935,2
21936,0
21937,2
21938,2
21939,1
21940,0
21941,2
21942,2
21943,2
21944,0
21945,0
21946,2
21947,0
21948,0
21949,2
21950,0
21951,2
21952,0
21953,2
21954,1
21955,2
21956,1
21957,2
21958,2
21959,0
21960,2
21961,2
21962,0
21963,0
21964,0
21965,2
21966,0
21967,0
21968,0
21969,2
21970,1
21971,2
21972,0
21973,2
21974,2
21975,0
21976,2
21977,2
21978,0
21979,0
21980,2
21981,2
21982,1
21983,2
21984,0
21985,0
21986,2
21987,0
21988,1
21989,2
21990,0
21991,0
21992,2
21993,0
21994,0
21995,1
21996,0
21997,0
21998,0
21999,0
22000,2
22001,0
22002,0
22003,0
22004,2
22005,2
22006,0
22007,2
22008,2
22009,2
22010,0
22011,1
22012,2
22013,2
22014,0
22015,0
22016,2
22017,2
22018,0
22019,2
22020,1
22021,2
22022,0
22023,2
22024,0
22025,0
22026,2
22027,2
22028,0
22029,0
22030,2
22031,0
22032,2
22033,0
22034,2
22035,2
22036,0
22037,0
22038,0
22039,2
22040,2
22041,2
22042,2
22043,0
22044,1
22045,2
22046,0
22047,0
22048,0
22049,0
22050,2
22051,2
22052,2
22053,0
22054,0
22055,2
22056,0
22057,2
22058,0
22059,0
22060,1
22061,2
22062,2
22063,0
22064,0
22065,0
22066,0
22067,2
22068,0
22069,2
22070,2
22071,2
22072,0
22073,2
22074,0
22075,2
22076,2
22077,2
22078,2
22079,2
22080,2
22081,0
22082,0
22083,0
22084,2
22085,0
22086,2
22087,2
22088,2
22089,0
22090,2
22091,2
22092,0
22093,2
22094,0
22095,2
22096,2
22097,2
22098,0
22099,0
22100,0
22101,2
22102,2
22103,2
22104,2
22105,0
22106,2
22107,0
22108,1
22109,1
22110,2
22111,0
22112,0
22113,2
22114,0
22115,0
22116,0
22117,0
22118,2
22119,0
22120,2
22121,2
22122,2
22123,0
22124,2
22125,2
22126,0
22127,0
22128,0
22129,2
22130,0
22131,0
22132,2
22133,1
22134,0
22135,0
22136,0
22137,0
22138,0
22139,0
22140,0
22141,0
22142,0
22143,0
22144,2
22145,0
22146,2
22147,1
22148,0
22149,1
22150,2
22151,0
22152,2
22153,2
22154,2
22155,2
22156,2
22157,0
22158,2
22159,0
22160,0
22161,0
22162,2
22163,2
22164,1
22165,2
22166,0
22167,2
22168,2
22169,0
22170,2
22171,2
22172,0
22173,2
22174,2
22175,2
22176,2
22177,2
22178,2
22179,2
22180,2
22181,0
22182,2
22183,1
22184,0
22185,0
22186,2
22187,2
22188,0
22189,0
22190,2
22191,0
22192,0
22193,1
22194,0
22195,0
22196,2
22197,2
22198,2
22199,2
22200,0
22201,2
22202,1
22203,1
22204,0
22205,0
22206,2
22207,2
22208,0
22209,0
22210,2
22211,0
22212,0
22213,2
22214,0
22215,2
22216,0
22217,2
22218,0
22219,0
22220,1
22221,2
22222,1
22223,0
22224,2
22225,0
22226,2
22227,1
22228,0
22229,2
22230,2
22231,0
22232,2
22233,2
22234,0
22235,1
22236,2
22237,0
22238,0
22239,0
22240,0
22241,1
22242,2
22243,2
22244,2
22245,0
22246,2
22247,2
22248,0
22249,2
22250,2
22251,2
22252,2
22253,0
22254,2
22255,2
22256,1
22257,0
22258,0
22259,1
22260,2
22261,2
22262,2
22263,2
22264,2
22265,0
22266,2
22267,1
22268,1
22269,2
22270,1
22271,0
22272,2
22273,2
22274,0
22275,0
22276,2
22277,2
22278,2
22279,2
22280,0
22281,2
22282,0
22283,2
22284,1
22285,0
22286,2
22287,0
22288,2
22289,0
22290,0
22291,0
22292,0
22293,2
22294,2
22295,0
22296,2
22297,0
22298,2
22299,0
22300,2
22301,0
22302,0
22303,2
22304,0
22305,2
22306,2
22307,0
22308,2
22309,0
22310,2
22311,0
22312,0
22313,2
22314,2
22315,0
22316,2
22317,0
22318,0
22319,2
22320,2
22321,0
22322,0
22323,0
22324,0
22325,2
22326,2
22327,2
22328,0
22329,0
22330,0
22331,0
22332,2
22333,2
22334,0
22335,0
22336,0
22337,0
22338,2
22339,2
22340,0
22341,0
22342,0
22343,2
22344,2
22345,0
22346,2
22347,1
22348,2
22349,2
22350,2
22351,0
22352,0
22353,2
22354,2
22355,0
22356,2
22357,2
22358,0
22359,0
22360,1
22361,2
22362,2
22363,2
22364,0
22365,0
22366,2
22367,2
22368,0
22369,2
22370,2
22371,2
22372,0
22373,2
22374,2
22375,0
22376,0
22377,0
22378,0
22379,2
22380,0
22381,0
22382,0
22383,1
22384,2
22385,0
22386,2
22387,2
22388,2
22389,0
22390,2
22391,0
22392,0
22393,1
22394,2
22395,1
22396,0
22397,0
22398,2
22399,2
22400,2
22401,0
22402,0
22403,2
22404,2
22405,0
22406,2
22407,0
22408,0
22409,0
22410,0
22411,2
22412,2
22413,0
22414,2
22415,0
22416,2
22417,2
22418,1
22419,0
22420,2
22421,2
22422,2
22423,2
22424,0
22425,2
22426,0
22427,2
22428,2
22429,0
22430,2
22431,0
22432,2
22433,0
22434,0
22435,2
22436,0
22437,2
22438,2
22439,2
22440,0
22441,1
22442,0
22443,0
22444,0
22445,2
22446,2
22447,0
22448,2
22449,2
22450,2
22451,2
22452,0
22453,2
22454,2
22455,2
22456,0
22457,0
22458,2
22459,2
22460,0
22461,2
22462,2
22463,1
22464,2
22465,0
22466,2
22467,0
22468,0
22469,0
22470,0
22471,0
22472,0
22473,2
22474,2
22475,2
22476,0
22477,2
22478,2
22479,2
22480,2
22481,0
22482,2
22483,2
22484,0
22485,0
22486,1
22487,0
22488,2
22489,0
22490,2
22491,0
22492,0
22493,2
22494,0
22495,2
22496,1
22497,0
22498,0
22499,2
22500,0
22501,0
22502,1
22503,2
22504,1
22505,1
22506,1
22507,2
22508,2
22509,1
22510,2
22511,0
22512,0
22513,2
22514,2
22515,2
22516,2
22517,0
22518,0
22519,0
22520,0
22521,2
22522,0
22523,2
22524,2
22525,0
22526,0
22527,0
22528,2
22529,0
22530,0
22531,2
22532,2
22533,2
22534,0
22535,0
22536,2
22537,2
22538,0
22539,0
22540,2
22541,2
22542,0
22543,0
22544,2
22545,2
22546,2
22547,1
22548,2
22549,2
22550,0
22551,2
22552,1
22553,2
22554,0
22555,0
22556,0
22557,0
22558,0
22559,2
22560,2
22561,0
22562,2
22563,2
22564,0
22565,1
22566,1
22567,0
22568,0
22569,0
22570,2
22571,2
22572,2
22573,2
22574,0
22575,0
22576,2
22577,0
22578,0
22579,2
22580,0
22581,2
22582,2
22583,1
22584,0
22585,0
22586,0
22587,0
22588,2
22589,0
22590,2
22591,2
22592,2
22593,0
22594,0
22595,0
22596,2
22597,2
22598,1
22599,0
22600,2
22601,2
22602,0
22603,2
22604,0
22605,2
22606,2
22607,2
22608,1
22609,0
22610,2
22611,0
22612,2
22613,2
22614,2
22615,0
22616,2
22617,0
22618,0
22619,2
22620,2
22621,2
22622,2
22623,2
22624,0
22625,0
22626,0
22627,0
22628,2
22629,0
22630,0
22631,2
22632,2
22633,0
22634,0
22635,2
22636,2
22637,2
22638,0
22639,2
22640,2
22641,0
22642,0
22643,0
22644,0
22645,2
22646,1
22647,2
22648,0
22649,0
22650,2
22651,2
22652,2
22653,2
22654,2
22655,0
22656,0
22657,2
22658,0
22659,0
22660,2
22661,2
22662,2
22663,2
22664,2
22665,0
22666,2
22667,0
22668,2
22669,2
22670,0
22671,2
22672,1
22673,0
22674,0
22675,0
22676,2
22677,0
22678,2
22679,0
22680,2
22681,2
22682,0
22683,2
22684,0
22685,0
22686,2
22687,2
22688,2
22689,0
22690,0
22691,0
22692,0
22693,2
22694,0
22695,2
22696,1
22697,0
22698,0
22699,2
22700,2
22701,0
22702,2
22703,2
22704,0
22705,1
22706,0
22707,2
22708,2
22709,0
22710,0
22711,0
22712,2
22713,2
22714,0
22715,2
22716,2
22717,0
22718,0
22719,0
22720,2
22721,1
22722,2
22723,0
22724,2
22725,0
22726,2
22727,2
22728,0
22729,2
22730,0
22731,2
22732,0
22733,0
22734,0
22735,0
22736,0
22737,0
22738,0
22739,0
22740,0
22741,2
22742,0
22743,0
22744,2
22745,0
22746,2
22747,0
22748,0
22749,0
22750,2
22751,0
22752,0
22753,0
22754,0
22755,0
22756,0
22757,0
22758,0
22759,1
22760,2
22761,0
22762,2
22763,2
22764,0
22765,0
22766,2
22767,0
22768,2
22769,2
22770,0
22771,0
22772,0
22773,0
22774,2
22775,0
22776,2
22777,0
22778,2
22779,0
22780,2
22781,0
22782,2
22783,2
22784,0
22785,0
22786,0
22787,0
22788,2
22789,0
22790,0
22791,0
22792,0
22793,2
22794,0
22795,2
22796,0
22797,2
22798,1
22799,2
22800,2
22801,0
22802,2
22803,2
22804,2
22805,0
22806,2
22807,2
22808,0
22809,2
22810,0
22811,0
22812,0
22813,2
22814,2
22815,2
22816,2
22817,2
22818,2
22819,0
22820,2
22821,0
22822,0
22823,2
22824,0
22825,0
22826,2
22827,0
22828,0
22829,0
22830,2
22831,2
22832,0
22833,2
22834,2
22835,2
22836,0
22837,2
22838,0
22839,2
22840,2
22841,0
22842,2
22843,0
22844,0
22845,0
22846,0
22847,2
22848,2
22849,0
22850,0
22851,2
22852,1
22853,0
22854,2
22855,0
22856,2
22857,1
22858,0
22859,2
22860,0
22861,2
22862,0
22863,2
22864,2
22865,0
22866,0
22867,0
22868,0
22869,2
22870,2
22871,2
22872,0
22873,2
22874,2
22875,0
22876,0
22877,0
22878,1
22879,2
22880,2
22881,0
22882,0
22883,0
22884,0
22885,0
22886,0
22887,2
22888,0
22889,0
22890,2
22891,2
22892,0
22893,2
22894,0
22895,0
22896,0
22897,0
22898,0
22899,2
22900,2
22901,0
22902,0
22903,0
22904,2
22905,0
22906,0
22907,2
22908,0
22909,2
22910,2
22911,2
22912,0
22913,2
22914,1
22915,2
22916,2
22917,0
22918,2
22919,2
22920,2
22921,1
22922,0
22923,0
22924,0
22925,2
22926,0
22927,0
22928,0
22929,2
22930,0
22931,2
22932,2
22933,0
22934,2
22935,0
22936,0
22937,0
22938,0
22939,2
22940,2
22941,2
22942,2
22943,2
22944,0
22945,2
22946,2
22947,2
22948,2
22949,2
22950,0
22951,2
22952,0
22953,2
22954,1
22955,2
22956,0
22957,0
22958,0
22959,0
22960,0
22961,2
22962,0
22963,0
22964,2
22965,2
22966,2
22967,0
22968,2
22969,2
22970,2
22971,0
22972,2
22973,2
22974,0
22975,0
22976,0
22977,2
22978,0
22979,2
22980,2
22981,2
22982,2
22983,0
22984,2
22985,0
22986,1
22987,2
22988,2
22989,0
22990,2
22991,2
22992,0
22993,2
22994,0
22995,0
22996,0
22997,2
22998,2
22999,2
23000,0
23001,0
23002,0
23003,2
23004,2
23005,2
23006,0
23007,0
23008,2
23009,2
23010,0
23011,0
23012,2
23013,0
23014,2
23015,2
23016,0
23017,2
23018,2
23019,2
23020,0
23021,0
23022,2
23023,2
23024,2
23025,0
23026,0
23027,0
23028,0
23029,2
23030,0
23031,0
23032,2
23033,2
23034,2
23035,0
23036,0
23037,2
23038,0
23039,0
23040,2
23041,0
23042,0
23043,2
23044,0
23045,0
23046,0
23047,2
23048,2
23049,0
23050,2
23051,0
23052,2
23053,1
23054,2
23055,2
23056,2
23057,0
23058,0
23059,0
23060,0
23061,0
23062,0
23063,2
23064,0
23065,1
23066,2
23067,0
23068,2
23069,0
23070,0
23071,0
23072,0
23073,2
23074,2
23075,2
23076,2
23077,1
23078,0
23079,0
23080,2
23081,2
23082,2
23083,2
23084,2
23085,1
23086,2
23087,2
23088,2
23089,0
23090,0
23091,0
23092,0
23093,2
23094,2
23095,0
23096,2
23097,0
23098,0
23099,2
23100,2
23101,0
23102,0
23103,2
23104,0
23105,0
23106,0
23107,2
23108,2
23109,2
23110,2
23111,0
23112,0
23113,0
23114,1
23115,2
23116,0
23117,2
23118,2
23119,0
23120,2
23121,0
23122,0
23123,0
23124,2
23125,2
23126,1
23127,0
23128,2
23129,0
23130,2
23131,0
23132,0
23133,2
23134,2
23135,2
23136,0
23137,2
23138,2
23139,2
23140,0
23141,2
23142,2
23143,0
23144,0
23145,0
23146,2
23147,2
23148,2
23149,2
23150,0
23151,0
23152,0
23153,2
23154,2
23155,0
23156,2
23157,2
23158,0
23159,0
23160,2
23161,0
23162,1
23163,0
23164,0
23165,0
23166,0
23167,0
23168,0
23169,0
23170,0
23171,0
23172,2
23173,2
23174,0
23175,0
23176,2
23177,0
23178,0
23179,2
23180,2
23181,2
23182,0
23183,0
23184,2
23185,0
23186,0
23187,2
23188,0
23189,2
23190,2
23191,2
23192,2
23193,0
23194,1
23195,2
23196,0
23197,2
23198,0
23199,2
23200,2
23201,0
23202,2
23203,2
23204,0
23205,2
23206,2
23207,0
23208,2
23209,0
23210,1
23211,2
23212,0
23213,0
23214,0
23215,0
23216,2
23217,2
23218,2
23219,0
23220,2
23221,2
23222,0
23223,2
23224,0
23225,2
23226,2
23227,2
23228,2
23229,2
23230,0
23231,0
23232,0
23233,2
23234,2
23235,0
23236,2
23237,0
23238,0
23239,0
23240,2
23241,0
23242,0
23243,2
23244,2
23245,0
23246,0
23247,2
23248,1
23249,2
23250,0
23251,0
23252,2
23253,2
23254,2
23255,1
23256,0
23257,0
23258,2
23259,0
23260,2
23261,0
23262,0
23263,2
23264,2
23265,0
23266,2
23267,2
23268,0
23269,2
23270,0
23271,1
23272,0
23273,2
23274,0
23275,0
23276,0
23277,0
23278,0
23279,0
23280,2
23281,0
23282,2
23283,2
23284,2
23285,0
23286,0
23287,0
23288,0
23289,2
23290,0
23291,2
23292,0
23293,0
23294,2
23295,0
23296,0
23297,0
23298,0
23299,0
23300,2
23301,1
23302,2
23303,0
23304,2
23305,2
23306,2
23307,0
23308,2
23309,2
23310,0
23311,2
23312,0
23313,0
23314,1
23315,2
23316,2
23317,0
23318,0
23319,0
23320,0
23321,2
23322,0
23323,0
23324,0
23325,0
23326,0
23327,2
23328,0
23329,2
23330,2
23331,0
23332,2
23333,2
23334,0
23335,2
23336,0
23337,2
23338,0
23339,0
23340,2
23341,0
23342,2
23343,2
23344,2
23345,2
23346,0
23347,0
23348,2
23349,0
23350,1
23351,0
23352,2
23353,0
23354,2
23355,0
23356,0
23357,2
23358,0
23359,0
23360,2
23361,2
23362,0
23363,0
23364,0
23365,2
23366,0
23367,0
23368,0
23369,0
23370,0
23371,2
23372,2
23373,2
23374,0
23375,2
23376,0
23377,0
23378,0
23379,0
23380,2
23381,0
23382,0
23383,1
23384,0
23385,0
23386,0
23387,0
23388,2
23389,0
23390,2
23391,0
23392,0
23393,0
23394,2
23395,0
23396,2
23397,0
23398,0
23399,1
23400,2
23401,2
23402,2
23403,2
23404,2
23405,2
23406,0
23407,2
23408,2
23409,2
23410,1
23411,0
23412,0
23413,2
23414,2
23415,0
23416,0
23417,2
23418,0
23419,2
23420,2
23421,0
23422,0
23423,2
23424,0
23425,0
23426,0
23427,0
23428,0
23429,0
23430,0
23431,0
23432,2
23433,0
23434,0
23435,2
23436,0
23437,0
23438,0
23439,1
23440,2
23441,2
23442,0
23443,0
23444,0
23445,2
23446,0
23447,1
23448,2
23449,0
23450,2
23451,2
23452,0
23453,0
23454,0
23455,0
23456,0
23457,0
23458,2
23459,0
23460,2
23461,2
23462,0
23463,0
23464,2
23465,2
23466,0
23467,0
23468,0
23469,0
23470,2
23471,2
23472,0
23473,2
23474,2
23475,1
23476,0
23477,0
23478,2
