index,cluster
0,2
1,0
2,0
3,2
4,0
5,2
6,2
7,2
8,0
9,2
10,0
11,0
12,2
13,0
14,2
15,2
16,0
17,2
18,0
19,0
20,0
21,2
22,0
23,0
24,0
25,2
26,2
27,2
28,2
29,2
30,2
31,0
32,0
33,0
34,0
35,0
36,0
37,0
38,0
39,2
40,0
41,2
42,1
43,0
44,0
45,2
46,0
47,0
48,0
49,1
50,0
51,2
52,0
53,2
54,0
55,0
56,2
57,0
58,0
59,0
60,0
61,0
62,2
63,0
64,0
65,0
66,0
67,2
68,2
69,0
70,0
71,0
72,0
73,0
74,0
75,0
76,0
77,0
78,2
79,0
80,2
81,0
82,2
83,0
84,0
85,0
86,0
87,0
88,0
89,0
90,0
91,2
92,0
93,2
94,0
95,2
96,1
97,0
98,0
99,0
100,2
101,0
102,2
103,0
104,2
105,0
106,0
107,0
108,0
109,2
110,0
111,2
112,0
113,0
114,0
115,0
116,2
117,2
118,0
119,2
120,0
121,2
122,0
123,0
124,0
125,2
126,0
127,0
128,2
129,2
130,2
131,0
132,2
133,0
134,0
135,0
136,0
137,2
138,0
139,2
140,2
141,2
142,0
143,2
144,2
145,0
146,0
147,2
148,0
149,0
150,2
151,2
152,2
153,1
154,0
155,0
156,0
157,0
158,0
159,2
160,0
161,2
162,0
163,2
164,0
165,0
166,2
167,0
168,2
169,0
170,1
171,0
172,2
173,2
174,0
175,0
176,0
177,0
178,0
179,2
180,1
181,2
182,2
183,2
184,0
185,0
186,0
187,0
188,2
189,2
190,2
191,2
192,2
193,2
194,0
195,0
196,0
197,0
198,0
199,2
200,2
201,2
202,2
203,2
204,2
205,0
206,0
207,0
208,0
209,2
210,0
211,0
212,0
213,0
214,2
215,0
216,2
217,2
218,0
219,2
220,0
221,2
222,0
223,2
224,2
225,2
226,0
227,2
228,0
229,2
230,0
231,2
232,2
233,0
234,2
235,0
236,2
237,0
238,2
239,0
240,0
241,2
242,2
243,0
244,2
245,0
246,0
247,0
248,2
249,0
250,1
251,2
252,0
253,2
254,2
255,2
256,2
257,0
258,0
259,2
260,2
261,0
262,0
263,2
264,0
265,0
266,0
267,0
268,2
269,0
270,0
271,2
272,0
273,2
274,0
275,0
276,0
277,0
278,2
279,1
280,0
281,0
282,0
283,2
284,2
285,0
286,2
287,0
288,1
289,0
290,0
291,2
292,2
293,2
294,0
295,2
296,0
297,2
298,0
299,0
300,2
301,2
302,2
303,0
304,0
305,0
306,0
307,0
308,2
309,0
310,0
311,1
312,0
313,2
314,2
315,0
316,2
317,2
318,0
319,0
320,0
321,0
322,2
323,0
324,0
325,0
326,2
327,0
328,2
329,2
330,2
331,2
332,1
333,2
334,2
335,2
336,2
337,0
338,0
339,0
340,2
341,2
342,0
343,0
344,2
345,2
346,2
347,2
348,0
349,0
350,0
351,0
352,2
353,2
354,2
355,0
356,0
357,2
358,2
359,2
360,0
361,0
362,2
363,2
364,0
365,2
366,2
367,2
368,2
369,0
370,2
371,2
372,0
373,2
374,2
375,0
376,0
377,2
378,0
379,2
380,0
381,1
382,0
383,2
384,0
385,2
386,0
387,2
388,0
389,2
390,0
391,2
392,0
393,0
394,2
395,2
396,0
397,2
398,2
399,2
400,0
401,0
402,2
403,0
404,2
405,0
406,2
407,2
408,0
409,0
410,0
411,2
412,0
413,2
414,2
415,0
416,0
417,0
418,2
419,0
420,0
421,2
422,2
423,2
424,0
425,0
426,0
427,2
428,2
429,0
430,2
431,2
432,2
433,0
434,2
435,0
436,0
437,0
438,2
439,1
440,2
441,0
442,0
443,0
444,2
445,2
446,0
447,0
448,0
449,0
450,2
451,2
452,2
453,0
454,0
455,0
456,1
457,0
458,0
459,2
460,0
461,2
462,2
463,0
464,2
465,0
466,2
467,0
468,0
469,2
470,0
471,1
472,2
473,2
474,1
475,2
476,0
477,2
478,2
479,0
480,2
481,2
482,2
483,0
484,0
485,0
486,0
487,1
488,2
489,0
490,2
491,2
492,0
493,0
494,0
495,2
496,2
497,0
498,2
499,2
500,2
501,2
502,2
503,0
504,0
505,0
506,2
507,2
508,0
509,2
510,2
511,0
512,2
513,2
514,2
515,2
516,2
517,0
518,2
519,0
520,0
521,0
522,2
523,2
524,2
525,2
526,0
527,2
528,2
529,2
530,0
531,0
532,0
533,0
534,2
535,0
536,2
537,0
538,2
539,0
540,2
541,0
542,0
543,2
544,1
545,2
546,2
547,2
548,0
549,2
550,0
551,0
552,0
553,0
554,0
555,2
556,0
557,0
558,2
559,2
560,0
561,0
562,0
563,2
564,2
565,2
566,2
567,0
568,0
569,0
570,0
571,0
572,2
573,1
574,0
575,2
576,0
577,2
578,0
579,2
580,2
581,2
582,0
583,0
584,2
585,2
586,0
587,2
588,0
589,0
590,0
591,2
592,0
593,0
594,2
595,0
596,2
597,2
598,2
599,0
600,1
601,0
602,0
603,2
604,2
605,2
606,2
607,0
608,2
609,1
610,2
611,2
612,0
613,0
614,2
615,0
616,0
617,2
618,0
619,0
620,0
621,2
622,2
623,0
624,2
625,0
626,1
627,0
628,0
629,1
630,0
631,2
632,2
633,2
634,2
635,2
636,0
637,0
638,2
639,2
640,0
641,2
642,0
643,2
644,0
645,1
646,0
647,2
648,0
649,0
650,0
651,0
652,2
653,2
654,2
655,2
656,2
657,2
658,0
659,2
660,2
661,0
662,2
663,2
664,2
665,0
666,2
667,0
668,2
669,2
670,0
671,0
672,0
673,0
674,0
675,0
676,2
677,1
678,2
679,0
680,2
681,2
682,0
683,0
684,0
685,2
686,0
687,2
688,2
689,0
690,0
691,1
692,2
693,2
694,0
695,0
696,0
697,2
698,0
699,0
700,0
701,2
702,0
703,1
704,0
705,0
706,0
707,0
708,0
709,2
710,1
711,0
712,2
713,0
714,0
715,2
716,0
717,1
718,1
719,2
720,0
721,2
722,2
723,0
724,2
725,2
726,2
727,0
728,1
729,0
730,2
731,0
732,2
733,2
734,2
735,1
736,1
737,2
738,0
739,2
740,0
741,0
742,0
743,2
744,2
745,0
746,0
747,2
748,0
749,0
750,0
751,2
752,0
753,2
754,2
755,0
756,0
757,0
758,0
759,0
760,1
761,2
762,2
763,1
764,2
765,0
766,2
767,2
768,0
769,2
770,0
771,2
772,0
773,2
774,1
775,0
776,1
777,2
778,0
779,0
780,0
781,2
782,1
783,2
784,0
785,0
786,0
787,0
788,0
789,2
790,0
791,2
792,0
793,0
794,2
795,0
796,1
797,2
798,0
799,2
800,2
801,1
802,0
803,0
804,2
805,2
806,0
807,1
808,0
809,1
810,1
811,0
812,2
813,0
814,0
815,0
816,2
817,0
818,2
819,0
820,2
821,0
822,2
823,0
824,2
825,2
826,0
827,2
828,2
829,2
830,1
831,0
832,2
833,0
834,2
835,2
836,2
837,2
838,0
839,2
840,2
841,0
842,1
843,0
844,0
845,0
846,2
847,2
848,2
849,2
850,2
851,0
852,2
853,0
854,0
855,2
856,0
857,0
858,0
859,2
860,0
861,0
862,0
863,1
864,0
865,2
866,2
867,0
868,0
869,0
870,2
871,2
872,2
873,2
874,0
875,0
876,2
877,0
878,2
879,2
880,2
881,2
882,2
883,0
884,2
885,2
886,2
887,0
888,1
889,0
890,0
891,2
892,2
893,2
894,2
895,1
896,2
897,2
898,2
899,2
900,0
901,2
902,0
903,0
904,2
905,0
906,0
907,2
908,2
909,2
910,0
911,0
912,2
913,2
914,2
915,2
916,0
917,0
918,0
919,2
920,2
921,0
922,2
923,2
924,2
925,0
926,0
927,0
928,2
929,0
930,2
931,0
932,0
933,0
934,0
935,2
936,1
937,0
938,0
939,2
940,2
941,2
942,0
943,2
944,2
945,2
946,0
947,2
948,0
949,2
950,2
951,2
952,1
953,2
954,2
955,2
956,2
957,2
958,2
959,2
960,0
961,0
962,2
963,1
964,0
965,0
966,1
967,2
968,2
969,2
970,2
971,0
972,2
973,1
974,0
975,1
976,1
977,0
978,2
979,0
980,2
981,2
982,0
983,2
984,2
985,0
986,0
987,2
988,2
989,2
990,2
991,0
992,2
993,1
994,0
995,2
996,2
997,0
998,2
999,2
1000,0
1001,2
1002,2
1003,0
1004,2
1005,0
1006,2
1007,0
1008,0
1009,0
1010,2
1011,0
1012,0
1013,2
1014,2
1015,2
1016,2
1017,0
1018,2
1019,2
1020,2
1021,0
1022,2
1023,2
1024,2
1025,0
1026,0
1027,2
1028,2
1029,0
1030,1
1031,0
1032,0
1033,0
1034,2
1035,2
1036,0
1037,2
1038,0
1039,1
1040,0
1041,0
1042,0
1043,0
1044,2
1045,2
1046,2
1047,0
1048,0
1049,0
1050,0
1051,0
1052,0
1053,2
1054,0
1055,2
1056,2
1057,1
1058,2
1059,0
1060,1
1061,2
1062,0
1063,0
1064,0
1065,2
1066,2
1067,2
1068,0
1069,0
1070,0
1071,2
1072,2
1073,2
1074,1
1075,0
1076,2
1077,2
1078,0
1079,2
1080,2
1081,0
1082,0
1083,0
1084,0
1085,2
1086,2
1087,0
1088,0
1089,0
1090,0
1091,2
1092,1
1093,0
1094,2
1095,0
1096,2
1097,2
1098,2
1099,2
1100,2
1101,2
1102,2
1103,2
1104,0
1105,0
1106,2
1107,0
1108,2
1109,2
1110,2
1111,0
1112,2
1113,0
1114,0
1115,2
1116,2
1117,2
1118,2
1119,2
1120,0
1121,0
1122,2
1123,0
1124,0
1125,0
1126,2
1127,0
1128,2
1129,2
1130,2
1131,2
1132,2
1133,2
1134,2
1135,0
1136,2
1137,2
1138,0
1139,0
1140,2
1141,0
1142,0
1143,2
1144,2
1145,2
1146,2
1147,0
1148,2
1149,2
1150,2
1151,0
1152,2
1153,0
1154,0
1155,1
1156,2
1157,1
1158,2
1159,1
1160,2
1161,2
1162,0
1163,2
1164,2
1165,0
1166,0
1167,2
1168,0
1169,0
1170,0
1171,0
1172,2
1173,1
1174,2
1175,2
1176,2
1177,0
1178,0
1179,0
1180,0
1181,2
1182,2
1183,2
1184,0
1185,1
1186,2
1187,2
1188,0
1189,0
1190,0
1191,0
1192,2
1193,2
1194,0
1195,1
1196,0
1197,0
1198,2
1199,0
1200,2
1201,0
1202,0
1203,2
1204,2
1205,0
1206,2
1207,2
1208,0
1209,2
1210,2
1211,0
1212,0
1213,0
1214,2
1215,0
1216,0
1217,2
1218,0
1219,0
1220,2
1221,2
1222,2
1223,2
1224,0
1225,1
1226,2
1227,0
1228,2
1229,2
1230,2
1231,2
1232,0
1233,0
1234,0
1235,2
1236,2
1237,1
1238,2
1239,2
1240,0
1241,0
1242,2
1243,0
1244,2
1245,2
1246,2
1247,0
1248,1
1249,0
1250,0
1251,2
1252,0
1253,1
1254,0
1255,0
1256,2
1257,1
1258,2
1259,0
1260,2
1261,0
1262,1
1263,2
1264,2
1265,2
1266,0
1267,0
1268,0
1269,2
1270,0
1271,2
1272,0
1273,0
1274,0
1275,1
1276,0
1277,2
1278,0
1279,2
1280,0
1281,2
1282,0
1283,0
1284,1
1285,1
1286,2
1287,0
1288,2
1289,0
1290,2
1291,0
1292,1
1293,2
1294,2
1295,2
1296,2
1297,2
1298,2
1299,2
1300,2
1301,2
1302,2
1303,1
1304,0
1305,2
1306,0
1307,0
1308,0
1309,2
1310,2
1311,2
1312,0
1313,0
1314,0
1315,2
1316,0
1317,0
1318,0
1319,0
1320,2
1321,2
1322,2
1323,0
1324,2
1325,2
1326,0
1327,0
1328,0
1329,0
1330,2
1331,2
1332,2
1333,0
1334,2
1335,2
1336,0
1337,1
1338,2
1339,0
1340,0
1341,0
1342,0
1343,2
1344,0
1345,0
1346,2
1347,2
1348,2
1349,2
1350,0
1351,2
1352,2
1353,0
1354,1
1355,1
1356,2
1357,1
1358,2
1359,0
1360,2
1361,2
1362,0
1363,0
1364,2
1365,2
1366,0
1367,2
1368,2
1369,2
1370,2
1371,2
1372,0
1373,0
1374,2
1375,2
1376,2
1377,0
1378,0
1379,0
1380,0
1381,2
1382,0
1383,0
1384,2
1385,0
1386,2
1387,0
1388,2
1389,0
1390,2
1391,0
1392,2
1393,0
1394,1
1395,0
1396,2
1397,2
1398,2
1399,2
1400,0
1401,2
1402,2
1403,2
1404,2
1405,2
1406,0
1407,0
1408,2
1409,1
1410,0
1411,2
1412,2
1413,1
1414,0
1415,2
1416,2
1417,2
1418,0
1419,2
1420,2
1421,1
1422,2
1423,2
1424,0
1425,0
1426,2
1427,1
1428,0
1429,2
1430,2
1431,2
1432,2
1433,2
1434,2
1435,2
1436,0
1437,2
1438,2
1439,0
1440,2
1441,2
1442,2
1443,2
1444,0
1445,2
1446,2
1447,0
1448,2
1449,2
1450,2
1451,2
1452,0
1453,0
1454,0
1455,0
1456,2
1457,0
1458,2
1459,0
1460,2
1461,2
1462,1
1463,0
1464,0
1465,0
1466,0
1467,0
1468,0
1469,0
1470,2
1471,2
1472,0
1473,0
1474,0
1475,2
1476,1
1477,0
1478,0
1479,0
1480,0
1481,0
1482,2
1483,1
1484,2
1485,2
1486,0
1487,2
1488,0
1489,2
1490,0
1491,2
1492,0
1493,0
1494,0
1495,0
1496,2
1497,0
1498,0
1499,0
1500,0
1501,0
1502,0
1503,2
1504,2
1505,1
1506,2
1507,0
1508,0
1509,2
1510,0
1511,2
1512,2
1513,0
1514,0
1515,2
1516,2
1517,2
1518,2
1519,0
1520,0
1521,2
1522,2
1523,0
1524,0
1525,1
1526,2
1527,2
1528,0
1529,0
1530,2
1531,2
1532,2
1533,0
1534,0
1535,0
1536,0
1537,0
1538,0
1539,2
1540,2
1541,2
1542,2
1543,0
1544,0
1545,2
1546,0
1547,1
1548,0
1549,2
1550,0
1551,0
1552,0
1553,2
1554,1
1555,2
1556,2
1557,2
1558,0
1559,2
1560,2
1561,1
1562,0
1563,0
1564,0
1565,0
1566,2
1567,0
1568,2
1569,2
1570,2
1571,0
1572,0
1573,2
1574,2
1575,2
1576,0
1577,2
1578,2
1579,0
1580,0
1581,2
1582,0
1583,2
1584,0
1585,2
1586,2
1587,2
1588,2
1589,0
1590,2
1591,0
1592,2
1593,0
1594,0
1595,2
1596,1
1597,0
1598,2
1599,2
1600,2
1601,2
1602,2
1603,2
1604,0
1605,2
1606,2
1607,2
1608,0
1609,0
1610,2
1611,1
1612,2
1613,2
1614,2
1615,0
1616,0
1617,0
1618,2
1619,0
1620,1
1621,2
1622,0
1623,2
1624,1
1625,0
1626,1
1627,2
1628,2
1629,2
1630,1
1631,2
1632,0
1633,0
1634,2
1635,0
1636,1
1637,0
1638,2
1639,0
1640,0
1641,0
1642,2
1643,2
1644,2
1645,2
1646,2
1647,0
1648,2
1649,0
1650,0
1651,2
1652,0
1653,2
1654,2
1655,2
1656,0
1657,0
1658,2
1659,0
1660,2
1661,0
1662,2
1663,2
1664,0
1665,2
1666,2
1667,0
1668,2
1669,2
1670,2
1671,2
1672,2
1673,0
1674,2
1675,2
1676,2
1677,2
1678,2
1679,1
1680,2
1681,1
1682,0
1683,2
1684,0
1685,0
1686,2
1687,0
1688,0
1689,0
1690,1
1691,0
1692,2
1693,2
1694,0
1695,2
1696,2
1697,2
1698,1
1699,2
1700,2
1701,0
1702,0
1703,2
1704,0
1705,1
1706,0
1707,0
1708,0
1709,0
1710,2
1711,2
1712,0
1713,1
1714,0
1715,0
1716,2
1717,0
1718,2
1719,2
1720,0
1721,2
1722,0
1723,0
1724,2
1725,2
1726,0
1727,0
1728,1
1729,2
1730,2
1731,0
1732,0
1733,0
1734,2
1735,2
1736,2
1737,0
1738,2
1739,2
1740,2
1741,0
1742,2
1743,0
1744,0
1745,0
1746,0
1747,1
1748,0
1749,0
1750,2
1751,0
1752,2
1753,2
1754,2
1755,2
1756,0
1757,2
1758,2
1759,0
1760,0
1761,2
1762,2
1763,0
1764,0
1765,0
1766,2
1767,0
1768,2
1769,0
1770,0
1771,0
1772,0
1773,0
1774,0
1775,0
1776,2
1777,2
1778,2
1779,0
1780,2
1781,0
1782,2
1783,0
1784,2
1785,0
1786,2
1787,2
1788,1
1789,0
1790,0
1791,2
1792,0
1793,0
1794,2
1795,0
1796,1
1797,0
1798,2
1799,2
1800,0
1801,2
1802,0
1803,0
1804,2
1805,2
1806,2
1807,0
1808,2
1809,0
1810,0
1811,0
1812,0
1813,0
1814,2
1815,2
1816,2
1817,2
1818,2
1819,2
1820,2
1821,0
1822,2
1823,2
1824,0
1825,2
1826,2
1827,1
1828,2
1829,2
1830,2
1831,0
1832,2
1833,0
1834,2
1835,2
1836,0
1837,0
1838,0
1839,2
1840,0
1841,0
1842,0
1843,2
1844,2
1845,0
1846,0
1847,0
1848,0
1849,2
1850,2
1851,0
1852,2
1853,2
1854,2
1855,0
1856,0
1857,0
1858,0
1859,2
1860,2
1861,0
1862,0
1863,0
1864,2
1865,2
1866,1
1867,0
1868,2
1869,0
1870,1
1871,2
1872,0
1873,0
1874,0
1875,1
1876,0
1877,2
1878,2
1879,2
1880,2
1881,2
1882,0
1883,0
1884,2
1885,0
1886,1
1887,1
1888,0
1889,2
1890,1
1891,2
1892,2
1893,2
1894,0
1895,2
1896,0
1897,2
1898,2
1899,2
1900,0
1901,1
1902,2
1903,2
1904,2
1905,0
1906,0
1907,1
1908,2
1909,0
1910,0
1911,0
1912,0
1913,0
1914,0
1915,0
1916,0
1917,2
1918,2
1919,0
1920,0
1921,0
1922,2
1923,0
1924,0
1925,2
1926,0
1927,2
1928,0
1929,0
1930,2
1931,2
1932,0
1933,0
1934,2
1935,2
1936,2
1937,0
1938,0
1939,0
1940,2
1941,0
1942,2
1943,2
1944,2
1945,0
1946,2
1947,2
1948,0
1949,2
1950,1
1951,2
1952,2
1953,0
1954,0
1955,0
1956,0
1957,2
1958,0
1959,2
1960,0
1961,0
1962,0
1963,2
1964,2
1965,2
1966,0
1967,1
1968,0
1969,1
1970,2
1971,0
1972,0
1973,0
1974,2
1975,2
1976,2
1977,0
1978,0
1979,0
1980,0
1981,2
1982,0
1983,2
1984,2
1985,1
1986,0
1987,0
1988,0
1989,2
1990,2
1991,0
1992,2
1993,0
1994,0
1995,2
1996,0
1997,2
1998,2
1999,0
2000,2
2001,2
2002,2
2003,2
2004,0
2005,0
2006,0
2007,2
2008,0
2009,1
2010,2
2011,1
2012,0
2013,2
2014,2
2015,2
2016,0
2017,2
2018,2
2019,2
2020,0
2021,0
2022,0
2023,0
2024,2
2025,2
2026,1
2027,0
2028,2
2029,2
2030,2
2031,0
2032,0
2033,0
2034,0
2035,1
2036,2
2037,2
2038,0
2039,2
2040,0
2041,1
2042,0
2043,2
2044,2
2045,2
2046,2
2047,2
2048,2
2049,0
2050,0
2051,2
2052,2
2053,2
2054,2
2055,2
2056,2
2057,0
2058,2
2059,1
2060,0
2061,0
2062,0
2063,2
2064,0
2065,2
2066,2
2067,0
2068,0
2069,1
2070,2
2071,0
2072,2
2073,1
2074,0
2075,0
2076,0
2077,0
2078,2
2079,2
2080,2
2081,2
2082,2
2083,0
2084,2
2085,2
2086,2
2087,2
2088,0
2089,2
2090,0
2091,2
2092,0
2093,2
2094,0
2095,2
2096,2
2097,2
2098,1
2099,2
2100,2
2101,1
2102,2
2103,2
2104,0
2105,0
2106,2
2107,1
2108,2
2109,2
2110,2
2111,2
2112,0
2113,0
2114,2
2115,0
2116,2
2117,2
2118,0
2119,2
2120,2
2121,2
2122,0
2123,0
2124,2
2125,2
2126,0
2127,2
2128,2
2129,2
2130,2
2131,0
2132,0
2133,0
2134,2
2135,2
2136,2
2137,2
2138,2
2139,2
2140,0
2141,0
2142,2
2143,1
2144,1
2145,0
2146,2
2147,0
2148,0
2149,0
2150,2
2151,2
2152,2
2153,0
2154,2
2155,0
2156,1
2157,2
2158,0
2159,0
2160,0
2161,2
2162,0
2163,2
2164,0
2165,0
2166,2
2167,0
2168,2
2169,0
2170,2
2171,2
2172,2
2173,0
2174,2
2175,1
2176,0
2177,0
2178,0
2179,2
2180,2
2181,2
2182,0
2183,2
2184,2
2185,1
2186,1
2187,2
2188,0
2189,0
2190,2
2191,0
2192,0
2193,2
2194,2
2195,2
2196,2
2197,0
2198,2
2199,0
2200,2
2201,2
2202,0
2203,0
2204,2
2205,2
2206,2
2207,0
2208,2
2209,0
2210,2
2211,2
2212,0
2213,2
2214,2
2215,2
2216,2
2217,2
2218,0
2219,2
2220,2
2221,2
2222,0
2223,2
2224,0
2225,2
2226,2
2227,0
2228,2
2229,0
2230,2
2231,0
2232,2
2233,2
2234,2
2235,2
2236,2
2237,0
2238,0
2239,0
2240,2
2241,2
2242,0
2243,2
2244,0
2245,2
2246,0
2247,2
2248,0
2249,2
2250,0
2251,0
2252,0
2253,2
2254,0
2255,2
2256,0
2257,1
2258,2
2259,0
2260,0
2261,0
2262,2
2263,2
2264,0
2265,2
2266,2
2267,0
2268,2
2269,0
2270,2
2271,2
2272,0
2273,0
2274,2
2275,2
2276,2
2277,0
2278,0
2279,2
2280,2
2281,0
2282,0
2283,0
2284,0
2285,0
2286,0
2287,2
2288,0
2289,2
2290,1
2291,0
2292,0
2293,2
2294,2
2295,2
2296,2
2297,2
2298,1
2299,2
2300,2
2301,0
2302,0
2303,2
2304,2
2305,2
2306,2
2307,1
2308,2
2309,1
2310,2
2311,0
2312,0
2313,2
2314,2
2315,0
2316,0
2317,2
2318,0
2319,2
2320,2
2321,2
2322,0
2323,0
2324,2
2325,2
2326,1
2327,0
2328,0
2329,2
2330,0
2331,2
2332,0
2333,0
2334,2
2335,2
2336,0
2337,0
2338,1
2339,2
2340,2
2341,2
2342,0
2343,2
2344,2
2345,2
2346,2
2347,1
2348,2
2349,2
2350,0
2351,2
2352,0
2353,1
2354,2
2355,0
2356,2
2357,0
2358,2
2359,0
2360,2
2361,2
2362,2
2363,0
2364,2
2365,2
2366,0
2367,0
2368,0
2369,0
2370,2
2371,2
2372,0
2373,2
2374,0
2375,2
2376,0
2377,0
2378,2
2379,2
2380,0
2381,2
2382,2
2383,1
2384,0
2385,0
2386,2
2387,2
2388,2
2389,0
2390,2
2391,0
2392,2
2393,0
2394,1
2395,2
2396,2
2397,2
2398,0
2399,0
2400,2
2401,0
2402,2
2403,2
2404,2
2405,0
2406,0
2407,0
2408,0
2409,0
2410,2
2411,2
2412,2
2413,2
2414,0
2415,0
2416,0
2417,0
2418,2
2419,0
2420,1
2421,2
2422,2
2423,2
2424,2
2425,0
2426,2
2427,2
2428,0
2429,1
2430,0
2431,2
2432,0
2433,0
2434,0
2435,2
2436,2
2437,0
2438,0
2439,0
2440,2
2441,2
2442,0
2443,0
2444,0
2445,2
2446,2
2447,2
2448,2
2449,2
2450,2
2451,2
2452,2
2453,2
2454,0
2455,2
2456,0
2457,2
2458,2
2459,0
2460,2
2461,0
2462,0
2463,2
2464,0
2465,0
2466,0
2467,2
2468,2
2469,0
2470,2
2471,2
2472,2
2473,0
2474,0
2475,2
2476,2
2477,0
2478,2
2479,0
2480,2
2481,0
2482,0
2483,2
2484,0
2485,2
2486,0
2487,2
2488,2
2489,0
2490,0
2491,0
2492,0
2493,0
2494,1
2495,2
2496,2
2497,0
2498,0
2499,0
2500,2
2501,0
2502,2
2503,2
2504,2
2505,2
2506,0
2507,0
2508,0
2509,0
2510,0
2511,0
2512,2
2513,0
2514,0
2515,2
2516,0
2517,2
2518,2
2519,0
2520,2
2521,0
2522,0
2523,0
2524,2
2525,2
2526,2
2527,0
2528,2
2529,2
2530,2
2531,0
2532,2
2533,0
2534,0
2535,0
2536,1
2537,0
2538,0
2539,2
2540,2
2541,2
2542,0
2543,0
2544,0
2545,2
2546,2
2547,0
2548,0
2549,0
2550,0
2551,0
2552,0
2553,0
2554,0
2555,2
2556,0
2557,0
2558,0
2559,2
2560,2
2561,0
2562,0
2563,2
2564,2
2565,2
2566,0
2567,2
2568,2
2569,2
2570,2
2571,0
2572,2
2573,1
2574,0
2575,0
2576,0
2577,2
2578,0
2579,2
2580,0
2581,1
2582,2
2583,0
2584,2
2585,0
2586,2
2587,2
2588,0
2589,2
2590,0
2591,1
2592,0
2593,2
2594,2
2595,0
2596,0
2597,0
2598,2
2599,0
2600,2
2601,2
2602,0
2603,0
2604,0
2605,0
2606,2
2607,0
2608,0
2609,2
2610,2
2611,0
2612,2
2613,2
2614,2
2615,2
2616,2
2617,2
2618,2
2619,2
2620,2
2621,2
2622,0
2623,2
2624,2
2625,0
2626,1
2627,2
2628,0
2629,0
2630,2
2631,2
2632,1
2633,2
2634,0
2635,1
2636,0
2637,0
2638,2
2639,2
2640,0
2641,2
2642,2
2643,0
2644,2
2645,0
2646,2
2647,0
2648,2
2649,2
2650,2
2651,0
2652,2
2653,0
2654,1
2655,0
2656,2
2657,0
2658,2
2659,2
2660,2
2661,0
2662,2
2663,1
2664,2
2665,2
2666,2
2667,0
2668,2
2669,0
2670,2
2671,0
2672,1
2673,0
2674,2
2675,0
2676,0
2677,2
2678,2
2679,0
2680,0
2681,2
2682,0
2683,0
2684,2
2685,2
2686,2
2687,2
2688,2
2689,0
2690,0
2691,0
2692,1
2693,2
2694,2
2695,2
2696,2
2697,2
2698,2
2699,2
2700,1
2701,2
2702,2
2703,2
2704,2
2705,2
2706,0
2707,2
2708,0
2709,0
2710,0
2711,2
2712,0
2713,0
2714,2
2715,0
2716,0
2717,2
2718,2
2719,0
2720,2
2721,0
2722,0
2723,0
2724,2
2725,0
2726,0
2727,2
2728,0
2729,0
2730,2
2731,2
2732,2
2733,0
2734,2
2735,2
2736,0
2737,2
2738,0
2739,1
2740,1
2741,0
2742,0
2743,2
2744,0
2745,0
2746,2
2747,0
2748,0
2749,2
2750,2
2751,2
2752,0
2753,0
2754,2
2755,2
2756,0
2757,0
2758,0
2759,2
2760,0
2761,2
2762,0
2763,0
2764,2
2765,2
2766,2
2767,2
2768,1
2769,2
2770,2
2771,2
2772,0
2773,2
2774,2
2775,0
2776,2
2777,2
2778,0
2779,0
2780,2
2781,2
2782,0
2783,0
2784,2
2785,2
2786,0
2787,2
2788,1
2789,2
2790,0
2791,0
2792,2
2793,0
2794,0
2795,2
2796,0
2797,2
2798,2
2799,0
2800,0
2801,2
2802,0
2803,0
2804,2
2805,2
2806,0
2807,0
2808,0
2809,2
2810,0
2811,0
2812,2
2813,0
2814,0
2815,0
2816,1
2817,2
2818,0
2819,0
2820,2
2821,2
2822,2
2823,0
2824,2
2825,0
2826,0
2827,2
2828,2
2829,0
2830,0
2831,0
2832,2
2833,2
2834,2
2835,0
2836,2
2837,2
2838,2
2839,2
2840,1
2841,2
2842,1
2843,0
2844,0
2845,2
2846,0
2847,2
2848,2
2849,2
2850,0
2851,2
2852,2
2853,0
2854,0
2855,0
2856,0
2857,0
2858,2
2859,0
2860,0
2861,2
2862,0
2863,1
2864,0
2865,2
2866,2
2867,2
2868,0
2869,2
2870,2
2871,2
2872,0
2873,2
2874,1
2875,0
2876,2
2877,2
2878,0
2879,0
2880,0
2881,1
2882,0
2883,0
2884,0
2885,0
2886,0
2887,0
2888,2
2889,2
2890,0
2891,2
2892,0
2893,0
2894,0
2895,0
2896,0
2897,2
2898,2
2899,2
2900,2
2901,0
2902,0
2903,0
2904,2
2905,2
2906,0
2907,2
2908,2
2909,0
2910,2
2911,0
2912,0
2913,2
2914,0
2915,0
2916,2
2917,2
2918,1
2919,2
2920,1
2921,2
2922,0
2923,2
2924,2
2925,2
2926,2
2927,2
2928,2
2929,2
2930,2
2931,2
2932,0
2933,1
2934,0
2935,2
2936,0
2937,0
2938,2
2939,2
2940,0
2941,0
2942,2
2943,2
2944,1
2945,2
2946,2
2947,2
2948,2
2949,2
2950,0
2951,0
2952,0
2953,0
2954,1
2955,2
2956,2
2957,0
2958,0
2959,0
2960,2
2961,0
2962,2
2963,1
2964,0
2965,0
2966,0
2967,0
2968,0
2969,2
2970,2
2971,0
2972,0
2973,0
2974,2
2975,0
2976,2
2977,2
2978,2
2979,2
2980,2
2981,2
2982,2
2983,2
2984,2
2985,0
2986,0
2987,0
2988,0
2989,0
2990,2
2991,0
2992,2
2993,2
2994,0
2995,2
2996,0
2997,0
2998,2
2999,2
3000,2
3001,2
3002,0
3003,2
3004,2
3005,2
3006,0
3007,2
3008,2
3009,0
3010,2
3011,0
3012,0
3013,0
3014,2
3015,0
3016,0
3017,2
3018,0
3019,2
3020,0
3021,0
3022,2
3023,2
3024,0
3025,2
3026,2
3027,2
3028,2
3029,2
3030,2
3031,0
3032,0
3033,0
3034,0
3035,2
3036,1
3037,2
3038,2
3039,0
3040,2
3041,2
3042,2
3043,0
3044,0
3045,0
3046,0
3047,2
3048,0
3049,1
3050,2
3051,0
3052,2
3053,2
3054,0
3055,2
3056,0
3057,2
3058,2
3059,2
3060,2
3061,0
3062,0
3063,0
3064,0
3065,0
3066,0
3067,2
3068,2
3069,0
3070,2
3071,2
3072,0
3073,1
3074,0
3075,2
3076,0
3077,0
3078,0
3079,2
3080,0
3081,0
3082,2
3083,2
3084,0
3085,0
3086,0
3087,2
3088,0
3089,2
3090,2
3091,2
3092,2
3093,2
3094,2
3095,2
3096,0
3097,2
3098,2
3099,0
3100,1
3101,2
3102,2
3103,2
3104,0
3105,0
3106,0
3107,2
3108,2
3109,2
3110,0
3111,0
3112,2
3113,2
3114,2
3115,2
3116,0
3117,2
3118,0
3119,2
3120,2
3121,0
3122,2
3123,0
3124,0
3125,2
3126,0
3127,0
3128,2
3129,2
3130,2
3131,0
3132,2
3133,0
3134,0
3135,0
3136,2
3137,2
3138,1
3139,2
3140,1
3141,2
3142,0
3143,1
3144,2
3145,2
3146,2
3147,0
3148,0
3149,2
3150,0
3151,2
3152,2
3153,0
3154,1
3155,0
3156,0
3157,2
3158,2
3159,0
3160,2
3161,2
3162,2
3163,2
3164,0
3165,0
3166,0
3167,0
3168,0
3169,0
3170,2
3171,0
3172,2
3173,2
3174,1
3175,0
3176,0
3177,0
3178,0
3179,0
3180,2
3181,0
3182,0
3183,0
3184,2
3185,2
3186,2
3187,2
3188,2
3189,1
3190,0
3191,2
3192,2
3193,1
3194,0
3195,0
3196,2
3197,0
3198,2
3199,0
3200,2
3201,2
3202,0
3203,0
3204,2
3205,0
3206,2
3207,2
3208,0
3209,2
3210,2
3211,0
3212,2
3213,2
3214,0
3215,2
3216,0
3217,2
3218,2
3219,0
3220,2
3221,0
3222,2
3223,2
3224,0
3225,2
3226,2
3227,2
3228,0
3229,1
3230,0
3231,2
3232,0
3233,1
3234,2
3235,0
3236,1
3237,0
3238,0
3239,0
3240,0
3241,2
3242,0
3243,0
3244,2
3245,2
3246,2
3247,0
3248,2
3249,0
3250,0
3251,0
3252,2
3253,0
3254,2
3255,2
3256,2
3257,1
3258,2
3259,2
3260,0
3261,0
3262,2
3263,0
3264,2
3265,2
3266,2
3267,1
3268,2
3269,0
3270,2
3271,2
3272,0
3273,0
3274,2
3275,2
3276,0
3277,0
3278,0
3279,0
3280,2
3281,2
3282,2
3283,0
3284,2
3285,2
3286,2
3287,2
3288,0
3289,0
3290,0
3291,2
3292,0
3293,0
3294,0
3295,2
3296,0
3297,0
3298,2
3299,2
3300,0
3301,0
3302,0
3303,2
3304,0
3305,0
3306,2
3307,2
3308,0
3309,0
3310,0
3311,0
3312,2
3313,2
3314,2
3315,1
3316,2
3317,0
3318,0
3319,0
3320,2
3321,0
3322,0
3323,2
3324,0
3325,2
3326,0
3327,2
3328,0
3329,0
3330,2
3331,2
3332,2
3333,0
3334,2
3335,0
3336,0
3337,2
3338,2
3339,2
3340,0
3341,2
3342,2
3343,0
3344,2
3345,0
3346,2
3347,2
3348,0
3349,0
3350,2
3351,2
3352,1
3353,2
3354,0
3355,0
3356,2
3357,0
3358,0
3359,2
3360,0
3361,2
3362,0
3363,2
3364,0
3365,2
3366,0
3367,0
3368,0
3369,0
3370,2
3371,0
3372,2
3373,0
3374,2
3375,2
3376,0
3377,2
3378,0
3379,2
3380,2
3381,0
3382,2
3383,0
3384,2
3385,2
3386,0
3387,2
3388,2
3389,2
3390,0
3391,2
3392,1
3393,2
3394,2
3395,2
3396,2
3397,0
3398,0
3399,2
3400,1
3401,2
3402,1
3403,2
3404,2
3405,1
3406,2
3407,0
3408,0
3409,2
3410,2
3411,2
3412,2
3413,2
3414,0
3415,2
3416,2
3417,1
3418,2
3419,0
3420,0
3421,2
3422,0
3423,2
3424,0
3425,2
3426,0
3427,0
3428,0
3429,0
3430,0
3431,0
3432,2
3433,0
3434,2
3435,2
3436,2
3437,2
3438,2
3439,2
3440,2
3441,0
3442,0
3443,1
3444,0
3445,0
3446,2
3447,2
3448,2
3449,2
3450,2
3451,2
3452,2
3453,1
3454,2
3455,0
3456,2
3457,0
3458,0
3459,0
3460,2
3461,2
3462,0
3463,2
3464,2
3465,0
3466,0
3467,1
3468,2
3469,1
3470,2
3471,0
3472,0
3473,2
3474,0
3475,0
3476,2
3477,0
3478,2
3479,0
3480,0
3481,2
3482,2
3483,2
3484,0
3485,0
3486,0
3487,2
3488,0
3489,0
3490,2
3491,0
3492,2
3493,2
3494,0
3495,0
3496,0
3497,0
3498,0
3499,2
3500,2
3501,2
3502,0
3503,2
3504,2
3505,0
3506,1
3507,2
3508,0
3509,0
3510,2
3511,2
3512,2
3513,0
3514,2
3515,2
3516,2
3517,2
3518,2
3519,0
3520,0
3521,0
3522,0
3523,0
3524,2
3525,2
3526,0
3527,0
3528,2
3529,2
3530,0
3531,2
3532,0
3533,2
3534,0
3535,2
3536,2
3537,0
3538,2
3539,0
3540,2
3541,0
3542,2
3543,0
3544,0
3545,0
3546,0
3547,2
3548,0
3549,1
3550,2
3551,0
3552,0
3553,0
3554,2
3555,1
3556,2
3557,2
3558,0
3559,0
3560,0
3561,0
3562,1
3563,2
3564,2
3565,2
3566,0
3567,2
3568,2
3569,2
3570,2
3571,2
3572,0
3573,2
3574,2
3575,2
3576,0
3577,0
3578,0
3579,2
3580,2
3581,2
3582,0
3583,0
3584,0
3585,2
3586,2
3587,0
3588,2
3589,2
3590,2
3591,0
3592,1
3593,0
3594,0
3595,0
3596,0
3597,2
3598,0
3599,0
3600,2
3601,2
3602,2
3603,0
3604,2
3605,2
3606,2
3607,2
3608,2
3609,0
3610,2
3611,1
3612,1
3613,2
3614,0
3615,1
3616,0
3617,1
3618,2
3619,2
3620,2
3621,0
3622,2
3623,2
3624,1
3625,0
3626,2
3627,0
3628,2
3629,2
3630,2
3631,0
3632,1
3633,2
3634,2
3635,0
3636,2
3637,0
3638,0
3639,0
3640,0
3641,0
3642,0
3643,0
3644,2
3645,2
3646,2
3647,0
3648,1
3649,2
3650,0
3651,2
3652,2
3653,2
3654,2
3655,0
3656,2
3657,1
3658,2
3659,2
3660,0
3661,0
3662,0
3663,1
3664,0
3665,0
3666,2
3667,0
3668,0
3669,0
3670,2
3671,2
3672,0
3673,2
3674,0
3675,2
3676,0
3677,0
3678,0
3679,0
3680,0
3681,0
3682,0
3683,0
3684,2
3685,2
3686,0
3687,0
3688,2
3689,2
3690,2
3691,2
3692,0
3693,2
3694,0
3695,0
3696,2
3697,2
3698,2
3699,0
3700,0
3701,0
3702,2
3703,2
3704,0
3705,0
3706,2
3707,0
3708,2
3709,1
3710,0
3711,0
3712,0
3713,0
3714,2
3715,1
3716,2
3717,2
3718,0
3719,0
3720,2
3721,0
3722,0
3723,0
3724,0
3725,0
3726,2
3727,2
3728,2
3729,2
3730,1
3731,2
3732,0
3733,0
3734,2
3735,2
3736,1
3737,0
3738,0
3739,0
3740,0
3741,0
3742,2
3743,0
3744,2
3745,0
3746,0
3747,0
3748,0
3749,0
3750,2
3751,2
3752,0
3753,0
3754,2
3755,2
3756,1
3757,2
3758,0
3759,2
3760,0
3761,0
3762,2
3763,2
3764,2
3765,0
3766,0
3767,0
3768,2
3769,0
3770,2
3771,2
3772,1
3773,2
3774,0
3775,1
3776,2
3777,2
3778,0
3779,0
3780,2
3781,2
3782,2
3783,0
3784,0
3785,2
3786,0
3787,0
3788,2
3789,2
3790,0
3791,0
3792,2
3793,0
3794,2
3795,0
3796,1
3797,2
3798,2
3799,0
3800,0
3801,2
3802,2
3803,2
3804,1
3805,2
3806,2
3807,2
3808,2
3809,2
3810,2
3811,0
3812,2
3813,2
3814,0
3815,2
3816,0
3817,2
3818,2
3819,2
3820,0
3821,2
3822,0
3823,0
3824,0
3825,2
3826,2
3827,2
3828,2
3829,2
3830,2
3831,0
3832,2
3833,0
3834,2
3835,1
3836,2
3837,0
3838,0
3839,0
3840,2
3841,2
3842,0
3843,0
3844,2
3845,0
3846,2
3847,0
3848,2
3849,2
3850,2
3851,1
3852,0
3853,0
3854,1
3855,0
3856,0
3857,2
3858,0
3859,0
3860,2
3861,0
3862,0
3863,0
3864,2
3865,0
3866,0
3867,0
3868,2
3869,2
3870,2
3871,2
3872,0
3873,2
3874,2
3875,2
3876,2
3877,2
3878,0
3879,2
3880,2
3881,2
3882,1
3883,1
3884,2
3885,0
3886,0
3887,0
3888,0
3889,0
3890,0
3891,0
3892,2
3893,2
3894,0
3895,0
3896,2
3897,2
3898,0
3899,2
3900,2
3901,2
3902,0
3903,0
3904,0
3905,2
3906,0
3907,2
3908,2
3909,2
3910,0
3911,2
3912,0
3913,0
3914,0
3915,1
3916,0
3917,0
3918,2
3919,1
3920,0
3921,0
3922,0
3923,2
3924,2
3925,0
3926,2
3927,2
3928,2
3929,2
3930,0
3931,1
3932,0
3933,0
3934,2
3935,1
3936,0
3937,0
3938,0
3939,0
3940,0
3941,0
3942,0
3943,0
3944,2
3945,2
3946,0
3947,2
3948,2
3949,0
3950,0
3951,2
3952,2
3953,2
3954,0
3955,0
3956,2
3957,2
3958,0
3959,2
3960,2
3961,0
3962,0
3963,0
3964,2
3965,0
3966,0
3967,2
3968,2
3969,0
3970,0
3971,0
3972,0
3973,0
3974,2
3975,2
3976,2
3977,2
3978,0
3979,2
3980,2
3981,0
3982,2
3983,2
3984,0
3985,2
3986,2
3987,0
3988,0
3989,2
3990,0
3991,0
3992,0
3993,0
3994,0
3995,2
3996,0
3997,2
3998,0
3999,2
4000,0
4001,0
4002,2
4003,1
4004,0
4005,1
4006,2
4007,2
4008,0
4009,0
4010,0
4011,2
4012,0
4013,0
4014,1
4015,2
4016,2
4017,0
4018,2
4019,1
4020,1
4021,2
4022,2
4023,0
4024,1
4025,2
4026,0
4027,2
4028,0
4029,2
4030,0
4031,2
4032,0
4033,2
4034,0
4035,1
4036,0
4037,2
4038,0
4039,2
4040,0
4041,0
4042,0
4043,0
4044,0
4045,2
4046,2
4047,2
4048,0
4049,0
4050,0
4051,2
4052,2
4053,1
4054,2
4055,0
4056,2
4057,0
4058,1
4059,2
4060,0
4061,0
4062,0
4063,2
4064,2
4065,2
4066,2
4067,0
4068,1
4069,0
4070,2
4071,2
4072,2
4073,0
4074,2
4075,2
4076,0
4077,0
4078,2
4079,0
4080,2
4081,2
4082,1
4083,2
4084,1
4085,2
4086,2
4087,2
4088,0
4089,0
4090,2
4091,2
4092,2
4093,0
4094,2
4095,1
4096,0
4097,0
4098,2
4099,2
4100,2
4101,0
4102,2
4103,0
4104,0
4105,2
4106,2
4107,2
4108,2
4109,2
4110,2
4111,0
4112,2
4113,2
4114,0
4115,2
4116,2
4117,0
4118,2
4119,2
4120,2
4121,0
4122,0
4123,2
4124,0
4125,2
4126,0
4127,1
4128,2
4129,0
4130,2
4131,2
4132,2
4133,0
4134,2
4135,0
4136,0
4137,0
4138,2
4139,0
4140,2
4141,0
4142,2
4143,0
4144,2
4145,0
4146,0
4147,2
4148,2
4149,2
4150,0
4151,0
4152,2
4153,2
4154,0
4155,2
4156,2
4157,0
4158,2
4159,0
4160,2
4161,1
4162,1
4163,0
4164,2
4165,0
4166,2
4167,2
4168,2
4169,2
4170,0
4171,1
4172,0
4173,0
4174,2
4175,2
4176,0
4177,2
4178,0
4179,0
4180,2
4181,2
4182,2
4183,2
4184,0
4185,0
4186,0
4187,2
4188,0
4189,2
4190,0
4191,0
4192,0
4193,2
4194,2
4195,2
4196,0
4197,2
4198,0
4199,0
4200,2
4201,1
4202,2
4203,2
4204,2
4205,2
4206,0
4207,0
4208,0
4209,0
4210,0
4211,0
4212,2
4213,2
4214,2
4215,2
4216,2
4217,2
4218,2
4219,2
4220,0
4221,0
4222,0
4223,0
4224,2
4225,2
4226,1
4227,2
4228,2
4229,0
4230,0
4231,0
4232,0
4233,2
4234,2
4235,0
4236,2
4237,0
4238,2
4239,0
4240,2
4241,0
4242,1
4243,0
4244,2
4245,0
4246,1
4247,0
4248,0
4249,2
4250,0
4251,2
4252,0
4253,2
4254,2
4255,2
4256,0
4257,0
4258,2
4259,0
4260,0
4261,2
4262,2
4263,2
4264,0
4265,2
4266,0
4267,0
4268,2
4269,2
4270,0
4271,2
4272,0
4273,0
4274,0
4275,2
4276,2
4277,2
4278,2
4279,2
4280,2
4281,0
4282,0
4283,0
4284,2
4285,0
4286,0
4287,2
4288,0
4289,2
4290,2
4291,2
4292,0
4293,0
4294,0
4295,2
4296,0
4297,0
4298,2
4299,0
4300,2
4301,0
4302,0
4303,2
4304,2
4305,2
4306,0
4307,0
4308,2
4309,2
4310,0
4311,0
4312,2
4313,2
4314,2
4315,2
4316,2
4317,0
4318,0
4319,0
4320,0
4321,1
4322,0
4323,0
4324,0
4325,0
4326,2
4327,2
4328,0
4329,0
4330,2
4331,2
4332,2
4333,2
4334,0
4335,0
4336,2
4337,0
4338,2
4339,2
4340,2
4341,0
4342,0
4343,0
4344,0
4345,2
4346,0
4347,2
4348,2
4349,2
4350,1
4351,2
4352,0
4353,2
4354,1
4355,2
4356,2
4357,2
4358,2
4359,2
4360,2
4361,0
4362,2
4363,2
4364,2
4365,0
4366,1
4367,2
4368,0
4369,0
4370,2
4371,0
4372,0
4373,2
4374,0
4375,2
4376,0
4377,0
4378,0
4379,2
4380,2
4381,2
4382,0
4383,2
4384,0
4385,1
4386,0
4387,1
4388,1
4389,0
4390,2
4391,2
4392,0
4393,2
4394,2
4395,2
4396,2
4397,2
4398,0
4399,1
4400,2
4401,0
4402,0
4403,0
4404,1
4405,2
4406,1
4407,0
4408,2
4409,2
4410,2
4411,0
4412,2
4413,2
4414,2
4415,0
4416,2
4417,2
4418,2
4419,1
4420,0
4421,0
4422,0
4423,2
4424,0
4425,0
4426,0
4427,0
4428,2
4429,2
4430,2
4431,2
4432,2
4433,0
4434,2
4435,0
4436,2
4437,2
4438,2
4439,0
4440,0
4441,2
4442,0
4443,2
4444,0
4445,0
4446,0
4447,2
4448,0
4449,2
4450,1
4451,0
4452,0
4453,0
4454,2
4455,0
4456,2
4457,2
4458,2
4459,2
4460,1
4461,2
4462,0
4463,0
4464,2
4465,0
4466,2
4467,2
4468,0
4469,0
4470,2
4471,0
4472,2
4473,2
4474,2
4475,0
4476,0
4477,2
4478,2
4479,2
4480,2
4481,2
4482,0
4483,0
4484,2
4485,0
4486,0
4487,0
4488,2
4489,2
4490,0
4491,1
4492,0
4493,0
4494,1
4495,0
4496,0
4497,2
4498,2
4499,2
4500,1
4501,2
4502,2
4503,2
4504,0
4505,0
4506,2
4507,0
4508,2
4509,2
4510,0
4511,2
4512,2
4513,1
4514,0
4515,2
4516,2
4517,2
4518,2
4519,2
4520,0
4521,2
4522,2
4523,2
4524,2
4525,2
4526,0
4527,1
4528,2
4529,0
4530,2
4531,2
4532,2
4533,2
4534,2
4535,0
4536,2
4537,0
4538,1
4539,0
4540,0
4541,0
4542,0
4543,2
4544,2
4545,2
4546,2
4547,0
4548,0
4549,0
4550,2
4551,2
4552,0
4553,2
4554,2
4555,1
4556,0
4557,2
4558,0
4559,0
4560,2
4561,2
4562,2
4563,0
4564,2
4565,0
4566,2
4567,2
4568,0
4569,2
4570,2
4571,2
4572,0
4573,0
4574,0
4575,0
4576,0
4577,0
4578,0
4579,1
4580,0
4581,2
4582,0
4583,2
4584,0
4585,2
4586,0
4587,0
4588,2
4589,2
4590,2
4591,2
4592,0
4593,2
4594,2
4595,2
4596,2
4597,2
4598,0
4599,2
4600,2
4601,2
4602,0
4603,2
4604,2
4605,2
4606,2
4607,2
4608,2
4609,0
4610,2
4611,2
4612,2
4613,2
4614,2
4615,2
4616,1
4617,2
4618,2
4619,2
4620,2
4621,2
4622,0
4623,0
4624,2
4625,2
4626,2
4627,0
4628,0
4629,2
4630,2
4631,0
4632,0
4633,0
4634,2
4635,2
4636,2
4637,0
4638,0
4639,2
4640,2
4641,2
4642,2
4643,0
4644,2
4645,0
4646,0
4647,2
4648,2
4649,2
4650,0
4651,0
4652,2
4653,1
4654,0
4655,0
4656,2
4657,2
4658,0
4659,2
4660,0
4661,2
4662,2
4663,2
4664,2
4665,2
4666,2
4667,2
4668,0
4669,0
4670,2
4671,2
4672,0
4673,2
4674,0
4675,1
4676,2
4677,0
4678,2
4679,2
4680,0
4681,2
4682,0
4683,0
4684,2
4685,0
4686,2
4687,1
4688,2
4689,1
4690,0
4691,0
4692,0
4693,0
4694,0
4695,0
4696,0
4697,0
4698,0
4699,1
4700,0
4701,0
4702,0
4703,0
4704,0
4705,1
4706,2
4707,0
4708,2
4709,2
4710,2
4711,1
4712,0
4713,2
4714,0
4715,0
4716,0
4717,0
4718,2
4719,0
4720,0
4721,0
4722,0
4723,0
4724,2
4725,1
4726,2
4727,0
4728,0
4729,2
4730,2
4731,0
4732,0
4733,2
4734,1
4735,0
4736,2
4737,0
4738,0
4739,0
4740,1
4741,0
4742,0
4743,0
4744,0
4745,2
4746,0
4747,2
4748,2
4749,2
4750,1
4751,0
4752,0
4753,0
4754,0
4755,2
4756,0
4757,2
4758,0
4759,0
4760,2
4761,0
4762,2
4763,2
4764,2
4765,2
4766,2
4767,0
4768,2
4769,2
4770,0
4771,2
4772,2
4773,0
4774,2
4775,2
4776,2
4777,2
4778,0
4779,0
4780,2
4781,0
4782,2
4783,2
4784,0
4785,0
4786,1
4787,0
4788,2
4789,0
4790,2
4791,2
4792,0
4793,2
4794,2
4795,2
4796,0
4797,0
4798,2
4799,2
4800,1
4801,0
4802,2
4803,0
4804,1
4805,0
4806,1
4807,0
4808,2
4809,2
4810,1
4811,2
4812,2
4813,0
4814,0
4815,2
4816,2
4817,0
4818,2
4819,0
4820,2
4821,2
4822,2
4823,2
4824,0
4825,0
4826,2
4827,0
4828,0
4829,2
4830,2
4831,2
4832,2
4833,0
4834,0
4835,0
4836,2
4837,0
4838,0
4839,0
4840,2
4841,2
4842,2
4843,2
4844,2
4845,0
4846,0
4847,0
4848,0
4849,2
4850,2
4851,2
4852,0
4853,1
4854,0
4855,1
4856,0
4857,2
4858,0
4859,0
4860,0
4861,0
4862,1
4863,2
4864,2
4865,0
4866,0
4867,2
4868,2
4869,2
4870,2
4871,1
4872,2
4873,0
4874,2
4875,0
4876,1
4877,2
4878,0
4879,0
4880,0
4881,0
4882,0
4883,0
4884,0
4885,2
4886,2
4887,0
4888,2
4889,1
4890,1
4891,2
4892,0
4893,0
4894,2
4895,2
4896,0
4897,2
4898,2
4899,0
4900,0
4901,1
4902,0
4903,2
4904,2
4905,0
4906,2
4907,2
4908,0
4909,0
4910,0
4911,0
4912,2
4913,0
4914,0
4915,2
4916,0
4917,2
4918,2
4919,0
4920,1
4921,2
4922,2
4923,1
4924,2
4925,0
4926,2
4927,0
4928,2
4929,1
4930,0
4931,0
4932,2
4933,0
4934,0
4935,2
4936,0
4937,2
4938,2
4939,2
4940,0
4941,2
4942,0
4943,0
4944,2
4945,0
4946,2
4947,2
4948,1
4949,0
4950,2
4951,0
4952,0
4953,2
4954,0
4955,0
4956,2
4957,2
4958,0
4959,2
4960,0
4961,0
4962,0
4963,0
4964,2
4965,2
4966,2
4967,0
4968,2
4969,2
4970,0
4971,1
4972,2
4973,2
4974,2
4975,0
4976,0
4977,2
4978,2
4979,0
4980,0
4981,2
4982,2
4983,0
4984,2
4985,1
4986,2
4987,1
4988,1
4989,0
4990,0
4991,0
4992,0
4993,2
4994,2
4995,2
4996,2
4997,0
4998,2
4999,2
5000,2
5001,2
5002,0
5003,2
5004,1
5005,2
5006,2
5007,2
5008,2
5009,0
5010,2
5011,2
5012,2
5013,0
5014,2
5015,0
5016,0
5017,0
5018,0
5019,1
5020,2
5021,0
5022,0
5023,0
5024,2
5025,0
5026,0
5027,2
5028,2
5029,0
5030,2
5031,2
5032,2
5033,2
5034,0
5035,0
5036,2
5037,2
5038,1
5039,0
5040,2
5041,0
5042,0
5043,0
5044,2
5045,0
5046,2
5047,0
5048,2
5049,2
5050,2
5051,0
5052,2
5053,2
5054,0
5055,2
5056,0
5057,0
5058,2
5059,2
5060,2
5061,2
5062,2
5063,0
5064,0
5065,2
5066,1
5067,2
5068,2
5069,0
5070,1
5071,0
5072,2
5073,2
5074,0
5075,2
5076,0
5077,1
5078,2
5079,2
5080,2
5081,0
5082,0
5083,0
5084,2
5085,0
5086,0
5087,2
5088,0
5089,2
5090,1
5091,2
5092,0
5093,2
5094,2
5095,0
5096,0
5097,0
5098,0
5099,0
5100,0
5101,2
5102,2
5103,2
5104,2
5105,2
5106,2
5107,2
5108,2
5109,2
5110,0
5111,1
5112,2
5113,1
5114,1
5115,0
5116,0
5117,0
5118,1
5119,1
5120,1
5121,2
5122,0
5123,0
5124,2
5125,0
5126,2
5127,2
5128,0
5129,0
5130,2
5131,2
5132,2
5133,1
5134,0
5135,2
5136,0
5137,0
5138,0
5139,2
5140,0
5141,2
5142,2
5143,1
5144,0
5145,2
5146,2
5147,2
5148,0
5149,0
5150,0
5151,2
5152,2
5153,2
5154,2
5155,2
5156,2
5157,2
5158,0
5159,2
5160,0
5161,1
5162,2
5163,2
5164,0
5165,0
5166,0
5167,0
5168,2
5169,2
5170,2
5171,2
5172,0
5173,0
5174,0
5175,0
5176,2
5177,2
5178,2
5179,2
5180,0
5181,0
5182,2
5183,2
5184,0
5185,1
5186,0
5187,0
5188,0
5189,2
5190,0
5191,0
5192,0
5193,2
5194,0
5195,0
5196,2
5197,0
5198,2
5199,0
5200,2
5201,0
5202,0
5203,1
5204,0
5205,0
5206,2
5207,0
5208,2
5209,2
5210,0
5211,0
5212,0
5213,2
5214,0
5215,2
5216,0
5217,0
5218,2
5219,2
5220,0
5221,2
5222,0
5223,2
5224,2
5225,0
5226,2
5227,2
5228,2
5229,2
5230,1
5231,2
5232,2
5233,0
5234,0
5235,2
5236,0
5237,2
5238,0
5239,1
5240,0
5241,0
5242,0
5243,0
5244,2
5245,0
5246,2
5247,2
5248,2
5249,2
5250,0
5251,0
5252,2
5253,1
5254,2
5255,0
5256,2
5257,0
5258,0
5259,2
5260,2
5261,0
5262,0
5263,2
5264,0
5265,2
5266,2
5267,2
5268,0
5269,0
5270,2
5271,0
5272,2
5273,2
5274,2
5275,2
5276,0
5277,0
5278,2
5279,0
5280,2
5281,0
5282,0
5283,2
5284,2
5285,0
5286,0
5287,0
5288,0
5289,0
5290,0
5291,0
5292,0
5293,0
5294,2
5295,2
5296,2
5297,0
5298,2
5299,0
5300,0
5301,2
5302,0
5303,0
5304,2
5305,0
5306,2
5307,2
5308,2
5309,2
5310,2
5311,2
5312,2
5313,0
5314,2
5315,2
5316,0
5317,1
5318,0
5319,0
5320,2
5321,0
5322,0
5323,2
5324,2
5325,0
5326,0
5327,0
5328,2
5329,2
5330,2
5331,2
5332,0
5333,2
5334,0
5335,2
5336,2
5337,2
5338,0
5339,0
5340,2
5341,0
5342,2
5343,0
5344,0
5345,0
5346,2
5347,2
5348,2
5349,1
5350,2
5351,0
5352,0
5353,2
5354,0
5355,0
5356,0
5357,1
5358,0
5359,2
5360,2
5361,0
5362,2
5363,2
5364,0
5365,0
5366,2
5367,0
5368,0
5369,0
5370,0
5371,2
5372,2
5373,2
5374,0
5375,0
5376,0
5377,2
5378,2
5379,2
5380,0
5381,0
5382,0
5383,2
5384,0
5385,0
5386,2
5387,2
5388,2
5389,2
5390,1
5391,2
5392,2
5393,2
5394,0
5395,0
5396,2
5397,1
5398,2
5399,0
5400,2
5401,2
5402,2
5403,2
5404,2
5405,0
5406,2
5407,2
5408,0
5409,1
5410,2
5411,2
5412,0
5413,1
5414,2
5415,1
5416,0
5417,2
5418,2
5419,0
5420,2
5421,0
5422,0
5423,2
5424,0
5425,2
5426,2
5427,2
5428,2
5429,2
5430,0
5431,0
5432,2
5433,2
5434,2
5435,0
5436,2
5437,2
5438,0
5439,0
5440,0
5441,2
5442,2
5443,2
5444,0
5445,2
5446,2
5447,2
5448,0
5449,0
5450,2
5451,2
5452,0
5453,0
5454,2
5455,2
5456,2
5457,2
5458,2
5459,2
5460,0
5461,0
5462,0
5463,0
5464,0
5465,2
5466,0
5467,2
5468,2
5469,1
5470,2
5471,0
5472,0
5473,0
5474,0
5475,2
5476,0
5477,0
5478,0
5479,0
5480,2
5481,1
5482,0
5483,0
5484,0
5485,0
5486,2
5487,2
5488,2
5489,2
5490,2
5491,0
5492,2
5493,2
5494,0
5495,0
5496,0
5497,0
5498,0
5499,0
5500,0
5501,2
5502,2
5503,0
5504,0
5505,0
5506,0
5507,2
5508,0
5509,2
5510,0
5511,0
5512,2
5513,2
5514,2
5515,2
5516,2
5517,2
5518,2
5519,0
5520,0
5521,0
5522,0
5523,0
5524,0
5525,0
5526,0
5527,0
5528,0
5529,0
5530,2
5531,2
5532,2
5533,2
5534,2
5535,0
5536,2
5537,2
5538,2
5539,0
5540,0
5541,2
5542,0
5543,2
5544,2
5545,0
5546,2
5547,0
5548,0
5549,0
5550,0
5551,0
5552,2
5553,2
5554,0
5555,2
5556,0
5557,2
5558,0
5559,1
5560,0
5561,2
5562,2
5563,0
5564,0
5565,2
5566,2
5567,0
5568,0
5569,2
5570,2
5571,0
5572,2
5573,2
5574,2
5575,0
5576,0
5577,2
5578,2
5579,0
5580,2
5581,0
5582,0
5583,1
5584,0
5585,1
5586,2
5587,0
5588,0
5589,2
5590,0
5591,0
5592,2
5593,0
5594,2
5595,2
5596,0
5597,1
5598,0
5599,0
5600,1
5601,0
5602,2
5603,2
5604,0
5605,2
5606,2
5607,0
5608,0
5609,2
5610,2
5611,0
5612,0
5613,2
5614,0
5615,2
5616,0
5617,0
5618,0
5619,2
5620,0
5621,2
5622,2
5623,2
5624,0
5625,2
5626,2
5627,2
5628,0
5629,0
5630,2
5631,0
5632,0
5633,2
5634,0
5635,0
5636,0
5637,2
5638,2
5639,0
5640,2
5641,0
5642,2
5643,0
5644,0
5645,0
5646,2
5647,0
5648,2
5649,0
5650,0
5651,2
5652,2
5653,2
5654,0
5655,2
5656,2
5657,0
5658,2
5659,2
5660,0
5661,0
5662,2
5663,0
5664,2
5665,0
5666,2
5667,1
5668,2
5669,2
5670,0
5671,0
5672,2
5673,2
5674,0
5675,0
5676,2
5677,2
5678,2
5679,0
5680,2
5681,2
5682,2
5683,0
5684,2
5685,2
5686,2
5687,0
5688,2
5689,2
5690,0
5691,2
5692,2
5693,2
5694,0
5695,2
5696,2
5697,1
5698,2
5699,0
5700,1
5701,1
5702,0
5703,2
5704,2
5705,2
5706,2
5707,2
5708,2
5709,0
5710,0
5711,0
5712,0
5713,2
5714,1
5715,0
5716,2
5717,2
5718,0
5719,1
5720,2
5721,0
5722,2
5723,2
5724,2
5725,0
5726,2
5727,0
5728,0
5729,2
5730,2
5731,2
5732,2
5733,2
5734,0
5735,1
5736,0
5737,0
5738,0
5739,0
5740,2
5741,0
5742,0
5743,0
5744,2
5745,0
5746,2
5747,0
5748,0
5749,0
5750,2
5751,0
5752,2
5753,1
5754,0
5755,2
5756,0
5757,0
5758,0
5759,2
5760,0
5761,0
5762,0
5763,0
5764,2
5765,0
5766,0
5767,2
5768,2
5769,2
5770,0
5771,2
5772,2
5773,0
5774,0
5775,2
5776,0
5777,0
5778,2
5779,2
5780,2
5781,0
5782,2
5783,2
5784,2
5785,2
5786,2
5787,1
5788,0
5789,0
5790,2
5791,0
5792,0
5793,0
5794,2
5795,0
5796,0
5797,1
5798,2
5799,2
5800,0
5801,1
5802,1
5803,1
5804,2
5805,2
5806,2
5807,0
5808,1
5809,0
5810,1
5811,2
5812,2
5813,0
5814,0
5815,0
5816,2
5817,0
5818,0
5819,0
5820,0
5821,2
5822,2
5823,0
5824,2
5825,2
5826,0
5827,2
5828,0
5829,2
5830,2
5831,0
5832,0
5833,2
5834,0
5835,2
5836,0
5837,2
5838,2
5839,2
5840,0
5841,0
5842,2
5843,0
5844,0
5845,2
5846,0
5847,2
5848,2
5849,2
5850,2
5851,2
5852,2
5853,0
5854,0
5855,0
5856,2
5857,2
5858,2
5859,0
5860,1
5861,2
5862,2
5863,0
5864,0
5865,2
5866,0
5867,0
5868,0
5869,2
5870,1
5871,0
5872,2
5873,0
5874,0
5875,2
5876,0
5877,2
5878,0
5879,2
5880,1
5881,2
5882,0
5883,2
5884,2
5885,2
5886,2
5887,2
5888,0
5889,0
5890,2
5891,2
5892,2
5893,2
5894,0
5895,2
5896,2
5897,0
5898,0
5899,0
5900,0
5901,2
5902,2
5903,1
5904,0
5905,2
5906,0
5907,0
5908,0
5909,0
5910,2
5911,2
5912,2
5913,0
5914,0
5915,2
5916,1
5917,0
5918,2
5919,2
5920,2
5921,2
5922,0
5923,0
5924,0
5925,0
5926,2
5927,0
5928,2
5929,0
5930,2
5931,0
5932,2
5933,2
5934,0
5935,0
5936,2
5937,2
5938,0
5939,0
5940,0
5941,0
5942,0
5943,0
5944,2
5945,2
5946,2
5947,0
5948,0
5949,2
5950,2
5951,0
5952,0
5953,2
5954,2
5955,0
5956,0
5957,0
5958,2
5959,0
5960,2
5961,0
5962,0
5963,0
5964,0
5965,2
5966,2
5967,0
5968,1
5969,2
5970,0
5971,2
5972,2
5973,2
5974,0
5975,0
5976,0
5977,1
5978,2
5979,0
5980,2
5981,2
5982,0
5983,0
5984,0
5985,0
5986,2
5987,2
5988,2
5989,0
5990,0
5991,2
5992,2
5993,2
5994,2
5995,0
5996,0
5997,2
5998,2
5999,1
6000,0
6001,0
6002,2
6003,0
6004,0
6005,2
6006,0
6007,2
6008,0
6009,0
6010,0
6011,0
6012,1
6013,0
6014,2
6015,2
6016,0
6017,1
6018,2
6019,2
6020,2
6021,0
6022,0
6023,2
6024,0
6025,0
6026,0
6027,2
6028,0
6029,2
6030,1
6031,0
6032,2
6033,0
6034,0
6035,2
6036,2
6037,0
6038,2
6039,1
6040,0
6041,0
6042,2
6043,2
6044,2
6045,2
6046,2
6047,0
6048,0
6049,0
6050,2
6051,0
6052,2
6053,0
6054,1
6055,0
6056,2
6057,2
6058,2
6059,2
6060,0
6061,0
6062,2
6063,0
6064,0
6065,2
6066,2
6067,0
6068,0
6069,0
6070,0
6071,0
6072,2
6073,0
6074,2
6075,0
6076,0
6077,2
6078,0
6079,0
6080,2
6081,1
6082,2
6083,2
6084,0
6085,0
6086,0
6087,2
6088,1
6089,1
6090,0
6091,2
6092,2
6093,0
6094,0
6095,0
6096,2
6097,2
6098,2
6099,0
6100,2
6101,0
6102,2
6103,2
6104,2
6105,2
6106,0
6107,0
6108,0
6109,2
6110,1
6111,0
6112,2
6113,0
6114,2
6115,2
6116,0
6117,0
6118,2
6119,1
6120,2
6121,2
6122,2
6123,2
6124,2
6125,2
6126,0
6127,0
6128,0
6129,0
6130,0
6131,2
6132,2
6133,2
6134,2
6135,0
6136,0
6137,0
6138,2
6139,0
6140,0
6141,0
6142,1
6143,2
6144,0
6145,0
6146,0
6147,2
6148,2
6149,2
6150,2
6151,0
6152,1
6153,0
6154,0
6155,2
6156,2
6157,0
6158,2
6159,0
6160,2
6161,2
6162,2
6163,0
6164,2
6165,0
6166,2
6167,2
6168,0
6169,0
6170,2
6171,2
6172,0
6173,0
6174,2
6175,0
6176,0
6177,0
6178,2
6179,2
6180,1
6181,2
6182,2
6183,1
6184,0
6185,2
6186,0
6187,2
6188,2
6189,2
6190,0
6191,0
6192,0
6193,2
6194,0
6195,1
6196,2
6197,1
6198,2
6199,2
6200,0
6201,0
6202,2
6203,0
6204,1
6205,2
6206,0
6207,0
6208,2
6209,0
6210,2
6211,2
6212,2
6213,2
6214,0
6215,1
6216,2
6217,0
6218,2
6219,2
6220,0
6221,2
6222,0
6223,2
6224,2
6225,0
6226,2
6227,0
6228,0
6229,1
6230,0
6231,0
6232,0
6233,0
6234,0
6235,2
6236,0
6237,2
6238,0
6239,0
6240,2
6241,0
6242,2
6243,2
6244,2
6245,0
6246,2
6247,2
6248,2
6249,0
6250,0
6251,0
6252,0
6253,2
6254,2
6255,0
6256,0
6257,0
6258,1
6259,0
6260,0
6261,2
6262,0
6263,2
6264,0
6265,2
6266,2
6267,0
6268,2
6269,0
6270,0
6271,0
6272,0
6273,2
6274,2
6275,2
6276,2
6277,2
6278,2
6279,2
6280,2
6281,0
6282,2
6283,2
6284,2
6285,0
6286,2
6287,2
6288,0
6289,1
6290,0
6291,2
6292,2
6293,0
6294,2
6295,0
6296,2
6297,2
6298,0
6299,0
6300,2
6301,2
6302,1
6303,2
6304,0
6305,2
6306,2
6307,2
6308,2
6309,2
6310,2
6311,0
6312,0
6313,2
6314,2
6315,1
6316,2
6317,0
6318,1
6319,1
6320,2
6321,1
6322,0
6323,2
6324,0
6325,0
6326,0
6327,0
6328,0
6329,1
6330,0
6331,2
6332,0
6333,2
6334,2
6335,2
6336,2
6337,0
6338,0
6339,2
6340,0
6341,2
6342,2
6343,2
6344,0
6345,0
6346,0
6347,2
6348,0
6349,2
6350,2
6351,2
6352,0
6353,2
6354,0
6355,0
6356,0
6357,2
6358,2
6359,2
6360,0
6361,2
6362,0
6363,2
6364,2
6365,1
6366,2
6367,2
6368,2
6369,2
6370,0
6371,0
6372,0
6373,0
6374,0
6375,2
6376,0
6377,2
6378,2
6379,2
6380,2
6381,2
6382,2
6383,0
6384,0
6385,1
6386,2
6387,0
6388,0
6389,0
6390,0
6391,0
6392,0
6393,2
6394,0
6395,2
6396,2
6397,2
6398,0
6399,0
6400,2
6401,0
6402,2
6403,0
6404,0
6405,2
6406,2
6407,2
6408,1
6409,2
6410,0
6411,2
6412,0
6413,0
6414,0
6415,0
6416,2
6417,0
6418,2
6419,0
6420,0
6421,2
6422,2
6423,2
6424,0
6425,2
6426,2
6427,0
6428,2
6429,0
6430,2
6431,2
6432,0
6433,2
6434,0
6435,0
6436,0
6437,2
6438,2
6439,0
6440,0
6441,2
6442,0
6443,0
6444,0
6445,2
6446,1
6447,2
6448,0
6449,0
6450,2
6451,2
6452,2
6453,2
6454,0
6455,2
6456,2
6457,2
6458,0
6459,2
6460,0
6461,2
6462,0
6463,0
6464,2
6465,0
6466,2
6467,0
6468,0
6469,0
6470,0
6471,0
6472,0
6473,0
6474,0
6475,2
6476,2
6477,2
6478,0
6479,0
6480,2
6481,2
6482,0
6483,2
6484,2
6485,0
6486,0
6487,2
6488,2
6489,0
6490,2
6491,2
6492,2
6493,1
6494,2
6495,2
6496,2
6497,2
6498,2
6499,0
6500,2
6501,2
6502,2
6503,0
6504,0
6505,2
6506,0
6507,0
6508,0
6509,2
6510,2
6511,2
6512,2
6513,2
6514,0
6515,0
6516,2
6517,0
6518,2
6519,1
6520,2
6521,0
6522,0
6523,2
6524,2
6525,2
6526,0
6527,2
6528,2
6529,0
6530,2
6531,0
6532,2
6533,2
6534,2
6535,0
6536,2
6537,2
6538,2
6539,1
6540,0
6541,2
6542,0
6543,2
6544,0
6545,2
6546,2
6547,2
6548,2
6549,0
6550,2
6551,2
6552,2
6553,0
6554,0
6555,2
6556,0
6557,0
6558,0
6559,2
6560,0
6561,2
6562,0
6563,2
6564,0
6565,0
6566,0
6567,2
6568,2
6569,0
6570,0
6571,2
6572,0
6573,2
6574,2
6575,2
6576,0
6577,0
6578,2
6579,0
6580,0
6581,0
6582,2
6583,0
6584,0
6585,2
6586,0
6587,2
6588,0
6589,2
6590,0
6591,0
6592,2
6593,1
6594,0
6595,2
6596,2
6597,0
6598,2
6599,0
6600,0
6601,0
6602,1
6603,2
6604,2
6605,2
6606,2
6607,2
6608,0
6609,2
6610,2
6611,1
6612,0
6613,0
6614,2
6615,2
6616,2
6617,2
6618,2
6619,0
6620,1
6621,0
6622,1
6623,0
6624,2
6625,0
6626,0
6627,1
6628,2
6629,0
6630,2
6631,1
6632,2
6633,2
6634,0
6635,2
6636,0
6637,0
6638,0
6639,2
6640,0
6641,0
6642,2
6643,2
6644,2
6645,0
6646,0
6647,2
6648,0
6649,0
6650,2
6651,0
6652,2
6653,2
6654,2
6655,0
6656,0
6657,2
6658,0
6659,2
6660,0
6661,0
6662,2
6663,2
6664,2
6665,2
6666,2
6667,0
6668,0
6669,2
6670,2
6671,0
6672,2
6673,2
6674,0
6675,2
6676,0
6677,2
6678,0
6679,0
6680,2
6681,0
6682,0
6683,0
6684,2
6685,1
6686,0
6687,0
6688,0
6689,1
6690,2
6691,0
6692,0
6693,2
6694,0
6695,0
6696,0
6697,2
6698,2
6699,2
6700,2
6701,2
6702,0
6703,0
6704,2
6705,2
6706,2
6707,2
6708,0
6709,2
6710,2
6711,0
6712,0
6713,2
6714,0
6715,2
6716,2
6717,0
6718,0
6719,0
6720,2
6721,2
6722,0
6723,2
6724,0
6725,2
6726,2
6727,0
6728,0
6729,2
6730,2
6731,0
6732,0
6733,0
6734,0
6735,2
6736,2
6737,0
6738,2
6739,2
6740,2
6741,1
6742,0
6743,0
6744,0
6745,0
6746,2
6747,0
6748,2
6749,2
6750,0
6751,2
6752,2
6753,1
6754,0
6755,0
6756,2
6757,0
6758,2
6759,1
6760,2
6761,2
6762,2
6763,2
6764,2
6765,0
6766,0
6767,0
6768,0
6769,2
6770,2
6771,2
6772,0
6773,0
6774,2
6775,2
6776,1
6777,0
6778,2
6779,2
6780,2
6781,0
6782,0
6783,2
6784,0
6785,0
6786,2
6787,0
6788,2
6789,0
6790,2
6791,0
6792,1
6793,2
6794,2
6795,2
6796,2
6797,0
6798,2
6799,0
6800,0
6801,0
6802,0
6803,2
6804,2
6805,2
6806,0
6807,2
6808,0
6809,0
6810,2
6811,0
6812,0
6813,0
6814,2
6815,2
6816,0
6817,0
6818,2
6819,0
6820,1
6821,0
6822,0
6823,0
6824,2
6825,2
6826,2
6827,2
6828,0
6829,0
6830,2
6831,2
6832,0
6833,0
6834,1
6835,0
6836,2
6837,0
6838,0
6839,0
6840,2
6841,2
6842,0
6843,0
6844,0
6845,0
6846,2
6847,2
6848,2
6849,2
6850,0
6851,0
6852,0
6853,0
6854,0
6855,0
6856,0
6857,2
6858,2
6859,2
6860,0
6861,0
6862,0
6863,0
6864,0
6865,0
6866,0
6867,0
6868,0
6869,2
6870,0
6871,2
6872,0
6873,2
6874,0
6875,0
6876,0
6877,2
6878,0
6879,0
6880,0
6881,2
6882,2
6883,0
6884,2
6885,0
6886,0
6887,2
6888,0
6889,2
6890,2
6891,0
6892,2
6893,2
6894,2
6895,2
6896,2
6897,0
6898,2
6899,0
6900,1
6901,0
6902,2
6903,2
6904,2
6905,0
6906,0
6907,2
6908,2
6909,0
6910,2
6911,2
6912,2
6913,0
6914,0
6915,2
6916,2
6917,2
6918,2
6919,0
6920,2
6921,0
6922,2
6923,0
6924,2
6925,2
6926,0
6927,0
6928,0
6929,2
6930,0
6931,2
6932,0
6933,0
6934,0
6935,2
6936,2
6937,2
6938,2
6939,2
6940,2
6941,2
6942,0
6943,2
6944,0
6945,2
6946,2
6947,2
6948,2
6949,0
6950,0
6951,0
6952,0
6953,2
6954,0
6955,0
6956,1
6957,0
6958,0
6959,0
6960,1
6961,0
6962,2
6963,0
6964,0
6965,2
6966,2
6967,2
6968,0
6969,2
6970,2
6971,0
6972,0
6973,2
6974,2
6975,0
6976,0
6977,2
6978,0
6979,0
6980,0
6981,2
6982,2
6983,0
6984,0
6985,0
6986,0
6987,0
6988,2
6989,0
6990,0
6991,2
6992,2
6993,0
6994,0
6995,0
6996,0
6997,0
6998,2
6999,0
7000,0
7001,2
7002,2
7003,2
7004,2
7005,2
7006,0
7007,0
7008,2
7009,2
7010,0
7011,2
7012,0
7013,2
7014,2
7015,0
7016,0
7017,0
7018,2
7019,0
7020,0
7021,0
7022,0
7023,0
7024,0
7025,0
7026,2
7027,2
7028,2
7029,2
7030,2
7031,2
7032,2
7033,2
7034,0
7035,2
7036,2
7037,0
7038,2
7039,0
7040,2
7041,2
7042,0
7043,0
7044,2
7045,0
7046,0
7047,0
7048,0
7049,2
7050,1
7051,0
7052,2
7053,0
7054,2
7055,0
7056,0
7057,0
7058,2
7059,2
7060,0
7061,2
7062,2
7063,2
7064,2
7065,2
7066,2
7067,2
7068,0
7069,2
7070,2
7071,0
7072,0
7073,0
7074,0
7075,2
7076,0
7077,0
7078,2
7079,2
7080,0
7081,0
7082,0
7083,0
7084,0
7085,2
7086,2
7087,1
7088,1
7089,2
7090,0
7091,0
7092,1
7093,0
7094,0
7095,0
7096,2
7097,2
7098,2
7099,1
7100,0
7101,0
7102,0
7103,2
7104,0
7105,2
7106,0
7107,0
7108,2
7109,0
7110,2
7111,2
7112,2
7113,2
7114,0
7115,2
7116,0
7117,0
7118,0
7119,2
7120,0
7121,0
7122,2
7123,2
7124,2
7125,0
7126,0
7127,2
7128,1
7129,0
7130,0
7131,2
7132,0
7133,2
7134,2
7135,0
7136,2
7137,0
7138,0
7139,1
7140,0
7141,2
7142,2
7143,0
7144,0
7145,0
7146,0
7147,0
7148,0
7149,2
7150,1
7151,2
7152,2
7153,2
7154,2
7155,0
7156,0
7157,2
7158,0
7159,0
7160,2
7161,0
7162,2
7163,0
7164,0
7165,1
7166,2
7167,1
7168,2
7169,0
7170,0
7171,2
7172,0
7173,0
7174,2
7175,0
7176,2
7177,0
7178,0
7179,0
7180,0
7181,0
7182,0
7183,2
7184,0
7185,2
7186,0
7187,0
7188,0
7189,2
7190,2
7191,2
7192,2
7193,2
7194,2
7195,0
7196,0
7197,0
7198,2
7199,0
7200,2
7201,0
7202,0
7203,2
7204,0
7205,2
7206,2
7207,2
7208,0
7209,2
7210,0
7211,2
7212,0
7213,0
7214,2
7215,0
7216,0
7217,0
7218,0
7219,0
7220,2
7221,0
7222,2
7223,0
7224,0
7225,0
7226,0
7227,2
7228,1
7229,0
7230,0
7231,2
7232,0
7233,2
7234,2
7235,2
7236,2
7237,0
7238,2
7239,0
7240,2
7241,2
7242,2
7243,2
7244,2
7245,2
7246,2
7247,2
7248,2
7249,2
7250,0
7251,0
7252,2
7253,0
7254,0
7255,2
7256,2
7257,0
7258,2
7259,2
7260,0
7261,0
7262,1
7263,2
7264,2
7265,2
7266,2
7267,2
7268,0
7269,2
7270,2
7271,0
7272,0
7273,0
7274,2
7275,2
7276,0
7277,0
7278,2
7279,0
7280,0
7281,0
7282,2
7283,2
7284,2
7285,2
7286,2
7287,0
7288,2
7289,0
7290,0
7291,0
7292,2
7293,2
7294,0
7295,0
7296,0
7297,0
7298,2
7299,1
7300,2
7301,0
7302,2
7303,2
7304,0
7305,0
7306,2
7307,0
7308,2
7309,0
7310,1
7311,2
7312,2
7313,0
7314,2
7315,0
7316,2
7317,0
7318,2
7319,0
7320,0
7321,2
7322,1
7323,2
7324,2
7325,0
7326,0
7327,0
7328,2
7329,0
7330,0
7331,2
7332,2
7333,0
7334,2
7335,0
7336,2
7337,0
7338,0
7339,0
7340,0
7341,0
7342,0
7343,2
7344,0
7345,1
7346,2
7347,0
7348,2
7349,2
7350,0
7351,2
7352,2
7353,0
7354,2
7355,2
7356,2
7357,2
7358,0
7359,2
7360,0
7361,2
7362,2
7363,2
7364,2
7365,0
7366,2
7367,2
7368,2
7369,0
7370,0
7371,0
7372,2
7373,2
7374,0
7375,1
7376,2
7377,2
7378,0
7379,2
7380,0
7381,2
7382,0
7383,2
7384,2
7385,0
7386,0
7387,2
7388,0
7389,0
7390,0
7391,2
7392,0
7393,2
7394,2
7395,0
7396,0
7397,2
7398,0
7399,2
7400,0
7401,2
7402,0
7403,0
7404,0
7405,0
7406,0
7407,2
7408,2
7409,2
7410,2
7411,2
7412,2
7413,1
7414,0
7415,2
7416,0
7417,0
7418,2
7419,2
7420,2
7421,2
7422,0
7423,0
7424,2
7425,0
7426,2
7427,2
7428,2
7429,0
7430,2
7431,2
7432,2
7433,0
7434,0
7435,0
7436,0
7437,0
7438,2
7439,2
7440,0
7441,0
7442,2
7443,0
7444,2
7445,2
7446,2
7447,0
7448,2
7449,0
7450,0
7451,2
7452,2
7453,2
7454,2
7455,0
7456,2
7457,0
7458,0
7459,2
7460,2
7461,0
7462,0
7463,2
7464,2
7465,2
7466,0
7467,0
7468,0
7469,2
7470,0
7471,2
7472,0
7473,0
7474,0
7475,0
7476,0
7477,0
7478,2
7479,0
7480,0
7481,0
7482,0
7483,0
7484,2
7485,0
7486,0
7487,0
7488,2
7489,0
7490,0
7491,0
7492,2
7493,2
7494,2
7495,2
7496,0
7497,0
7498,2
7499,0
7500,2
7501,0
7502,0
7503,2
7504,1
7505,2
7506,2
7507,0
7508,0
7509,2
7510,0
7511,0
7512,2
7513,2
7514,0
7515,0
7516,2
7517,2
7518,0
7519,0
7520,2
7521,2
7522,2
7523,0
7524,0
7525,2
7526,0
7527,2
7528,2
7529,0
7530,2
7531,1
7532,0
7533,2
7534,0
7535,0
7536,2
7537,2
7538,2
7539,2
7540,0
7541,2
7542,2
7543,2
7544,0
7545,2
7546,0
7547,2
7548,0
7549,0
7550,2
7551,0
7552,2
7553,0
7554,2
7555,2
7556,0
7557,0
7558,2
7559,0
7560,2
7561,2
7562,0
7563,2
7564,2
7565,0
7566,0
7567,0
7568,0
7569,2
7570,2
7571,2
7572,0
7573,0
7574,0
7575,0
7576,2
7577,1
7578,2
7579,0
7580,2
7581,2
7582,0
7583,0
7584,2
7585,1
7586,2
7587,0
7588,0
7589,0
7590,0
7591,0
7592,2
7593,2
7594,0
7595,0
7596,1
7597,0
7598,0
7599,0
7600,2
7601,0
7602,2
7603,1
7604,0
7605,0
7606,0
7607,0
7608,0
7609,2
7610,2
7611,2
7612,2
7613,0
7614,2
7615,0
7616,2
7617,2
7618,0
7619,2
7620,0
7621,0
7622,2
7623,0
7624,1
7625,0
7626,0
7627,0
7628,0
7629,2
7630,2
7631,0
7632,0
7633,0
7634,0
7635,2
7636,1
7637,0
7638,2
7639,0
7640,2
7641,2
7642,2
7643,2
7644,0
7645,2
7646,2
7647,0
7648,0
7649,2
7650,0
7651,0
7652,2
7653,2
7654,0
7655,0
7656,2
7657,0
7658,0
7659,2
7660,2
7661,0
7662,2
7663,1
7664,2
7665,2
7666,0
7667,2
7668,2
7669,2
7670,2
7671,0
7672,2
7673,2
7674,2
7675,2
7676,1
7677,0
7678,1
7679,0
7680,0
7681,2
7682,0
7683,2
7684,0
7685,2
7686,2
7687,0
7688,2
7689,2
7690,2
7691,0
7692,2
7693,1
7694,0
7695,2
7696,0
7697,0
7698,2
7699,0
7700,0
7701,2
7702,2
7703,2
7704,2
7705,2
7706,2
7707,0
7708,0
7709,2
7710,2
7711,2
7712,0
7713,2
7714,0
7715,0
7716,2
7717,0
7718,2
7719,0
7720,1
7721,2
7722,2
7723,2
7724,2
7725,2
7726,0
7727,1
7728,0
7729,2
7730,0
7731,2
7732,0
7733,0
7734,2
7735,0
7736,2
7737,0
7738,2
7739,2
7740,2
7741,2
7742,2
7743,0
7744,0
7745,2
7746,2
7747,0
7748,1
7749,0
7750,1
7751,2
7752,2
7753,0
7754,0
7755,2
7756,2
7757,2
7758,2
7759,2
7760,2
7761,2
7762,2
7763,2
7764,0
7765,2
7766,2
7767,2
7768,2
7769,2
7770,0
7771,2
7772,2
7773,0
7774,2
7775,2
7776,2
7777,2
7778,1
7779,2
7780,0
7781,1
7782,2
7783,2
7784,2
7785,0
7786,2
7787,0
7788,2
7789,2
7790,2
7791,0
7792,2
7793,0
7794,2
7795,2
7796,0
7797,2
7798,0
7799,0
7800,2
7801,0
7802,2
7803,2
7804,0
7805,2
7806,2
7807,1
7808,2
7809,0
7810,0
7811,0
7812,2
7813,2
7814,0
7815,2
7816,0
7817,1
7818,0
7819,2
7820,2
7821,0
7822,0
7823,2
7824,2
7825,2
7826,0
7827,0
7828,0
7829,2
7830,0
7831,0
7832,2
7833,2
7834,2
7835,0
7836,2
7837,2
7838,0
7839,0
7840,0
7841,2
7842,0
7843,0
7844,2
7845,2
7846,2
7847,2
7848,0
7849,2
7850,0
7851,2
7852,0
7853,2
7854,2
7855,0
7856,0
7857,0
7858,2
7859,0
7860,2
7861,0
7862,0
7863,0
7864,2
7865,2
7866,0
7867,1
7868,0
7869,0
7870,2
7871,0
7872,2
7873,2
7874,2
7875,2
7876,1
7877,0
7878,0
7879,0
7880,0
7881,2
7882,0
7883,0
7884,0
7885,2
7886,0
7887,2
7888,2
7889,2
7890,2
7891,2
7892,0
7893,2
7894,0
7895,0
7896,2
7897,0
7898,2
7899,1
7900,0
7901,1
7902,0
7903,0
7904,0
7905,2
7906,0
7907,2
7908,0
7909,2
7910,2
7911,2
7912,2
7913,2
7914,2
7915,0
7916,2
7917,2
7918,1
7919,2
7920,0
7921,2
7922,2
7923,1
7924,2
7925,2
7926,0
7927,0
7928,0
7929,0
7930,0
7931,0
7932,2
7933,2
7934,2
7935,0
7936,2
7937,2
7938,2
7939,1
7940,0
7941,0
7942,2
7943,2
7944,2
7945,2
7946,2
7947,0
7948,0
7949,0
7950,2
7951,2
7952,2
7953,1
7954,0
7955,0
7956,0
7957,2
7958,2
7959,2
7960,2
7961,0
7962,0
7963,0
7964,2
7965,2
7966,2
7967,2
7968,0
7969,2
7970,2
7971,1
7972,2
7973,0
7974,2
7975,0
7976,2
7977,1
7978,2
7979,0
7980,2
7981,0
7982,2
7983,2
7984,0
7985,0
7986,2
7987,2
7988,0
7989,0
7990,2
7991,2
7992,2
7993,2
7994,0
7995,2
7996,2
7997,2
7998,2
7999,0
8000,0
8001,2
8002,0
8003,2
8004,0
8005,1
8006,2
8007,0
8008,0
8009,2
8010,0
8011,2
8012,2
8013,2
8014,2
8015,2
8016,2
8017,0
8018,2
8019,2
8020,2
8021,0
8022,2
8023,2
8024,0
8025,2
8026,0
8027,2
8028,2
8029,0
8030,0
8031,0
8032,0
8033,2
8034,0
8035,0
8036,2
8037,1
8038,2
8039,0
8040,2
8041,0
8042,0
8043,2
8044,0
8045,2
8046,1
8047,2
8048,2
8049,2
8050,2
8051,0
8052,0
8053,2
8054,2
8055,2
8056,2
8057,0
8058,0
8059,0
8060,2
8061,2
8062,2
8063,2
8064,2
8065,0
8066,0
8067,0
8068,2
8069,2
8070,0
8071,2
8072,0
8073,2
8074,2
8075,0
8076,0
8077,2
8078,0
8079,2
8080,2
8081,2
8082,0
8083,0
8084,0
8085,0
8086,0
8087,2
8088,2
8089,2
8090,2
8091,2
8092,0
8093,2
8094,0
8095,2
8096,2
8097,0
8098,0
8099,0
8100,0
8101,0
8102,2
8103,2
8104,2
8105,2
8106,0
8107,2
8108,2
8109,0
8110,2
8111,0
8112,0
8113,0
8114,0
8115,0
8116,2
8117,2
8118,2
8119,2
8120,2
8121,2
8122,2
8123,0
8124,2
8125,0
8126,2
8127,2
8128,2
8129,2
8130,0
8131,0
8132,0
8133,0
8134,0
8135,2
8136,2
8137,0
8138,2
8139,2
8140,2
8141,2
8142,0
8143,0
8144,2
8145,0
8146,0
8147,0
8148,2
8149,2
8150,2
8151,0
8152,2
8153,0
8154,2
8155,2
8156,2
8157,0
8158,2
8159,0
8160,0
8161,0
8162,1
8163,2
8164,0
8165,1
8166,2
8167,2
8168,2
8169,2
8170,2
8171,2
8172,0
8173,0
8174,2
8175,0
8176,2
8177,2
8178,2
8179,0
8180,0
8181,1
8182,0
8183,2
8184,0
8185,2
8186,2
8187,2
8188,0
8189,2
8190,2
8191,0
8192,2
8193,2
8194,0
8195,0
8196,2
8197,0
8198,1
8199,2
8200,1
8201,0
8202,0
8203,0
8204,0
8205,0
8206,0
8207,0
8208,0
8209,0
8210,0
8211,2
8212,0
8213,2
8214,0
8215,2
8216,2
8217,1
8218,0
8219,2
8220,2
8221,0
8222,2
8223,2
8224,2
8225,0
8226,2
8227,2
8228,2
8229,2
8230,0
8231,0
8232,0
8233,0
8234,0
8235,2
8236,0
8237,0
8238,2
8239,0
8240,1
8241,0
8242,2
8243,2
8244,2
8245,2
8246,0
8247,2
8248,2
8249,2
8250,2
8251,0
8252,0
8253,0
8254,0
8255,0
8256,0
8257,2
8258,1
8259,0
8260,2
8261,2
8262,2
8263,2
8264,0
8265,0
8266,2
8267,0
8268,2
8269,0
8270,2
8271,0
8272,0
8273,2
8274,0
8275,2
8276,1
8277,0
8278,0
8279,0
8280,0
8281,2
8282,2
8283,0
8284,2
8285,2
8286,2
8287,2
8288,2
8289,2
8290,0
8291,2
8292,1
8293,0
8294,2
8295,2
8296,0
8297,2
8298,2
8299,2
8300,2
8301,2
8302,2
8303,0
8304,2
8305,0
8306,2
8307,2
8308,2
8309,0
8310,0
8311,0
8312,0
8313,1
8314,0
8315,0
8316,0
8317,2
8318,2
8319,0
8320,0
8321,0
8322,0
8323,2
8324,2
8325,2
8326,2
8327,2
8328,2
8329,0
8330,2
8331,0
8332,0
8333,0
8334,2
8335,2
8336,0
8337,2
8338,2
8339,0
8340,2
8341,0
8342,2
8343,0
8344,0
8345,0
8346,2
8347,0
8348,2
8349,0
8350,2
8351,0
8352,2
8353,1
8354,0
8355,0
8356,0
8357,2
8358,2
8359,0
8360,2
8361,0
8362,2
8363,0
8364,0
8365,0
8366,2
8367,1
8368,0
8369,0
8370,2
8371,2
8372,2
8373,2
8374,0
8375,2
8376,1
8377,2
8378,0
8379,2
8380,2
8381,0
8382,0
8383,0
8384,2
8385,2
8386,2
8387,2
8388,0
8389,2
8390,2
8391,2
8392,0
8393,0
8394,0
8395,0
8396,1
8397,0
8398,0
8399,2
8400,0
8401,0
8402,2
8403,2
8404,0
8405,0
8406,2
8407,0
8408,2
8409,2
8410,0
8411,2
8412,2
8413,0
8414,2
8415,2
8416,2
8417,2
8418,2
8419,2
8420,0
8421,1
8422,0
8423,2
8424,2
8425,0
8426,2
8427,2
8428,1
8429,2
8430,0
8431,2
8432,0
8433,2
8434,2
8435,0
8436,0
8437,0
8438,2
8439,2
8440,0
8441,0
8442,2
8443,1
8444,0
8445,2
8446,2
8447,2
8448,0
8449,0
8450,2
8451,0
8452,0
8453,0
8454,2
8455,2
8456,0
8457,2
8458,2
8459,2
8460,0
8461,2
8462,0
8463,2
8464,2
8465,2
8466,0
8467,2
8468,0
8469,0
8470,0
8471,0
8472,0
8473,0
8474,1
8475,2
8476,0
8477,2
8478,0
8479,2
8480,2
8481,0
8482,0
8483,2
8484,1
8485,2
8486,0
8487,2
8488,0
8489,0
8490,2
8491,2
8492,0
8493,2
8494,2
8495,2
8496,1
8497,2
8498,2
8499,2
8500,2
8501,0
8502,0
8503,2
8504,2
8505,0
8506,2
8507,1
8508,2
8509,2
8510,2
8511,0
8512,2
8513,0
8514,2
8515,0
8516,0
8517,0
8518,0
8519,2
8520,0
8521,2
8522,0
8523,0
8524,1
8525,2
8526,0
8527,2
8528,0
8529,0
8530,2
8531,2
8532,2
8533,0
8534,2
8535,2
8536,2
8537,2
8538,0
8539,2
8540,0
8541,0
8542,2
8543,2
8544,2
8545,2
8546,0
8547,0
8548,0
8549,2
8550,2
8551,2
8552,0
8553,2
8554,0
8555,0
8556,0
8557,0
8558,1
8559,2
8560,2
8561,0
8562,0
8563,2
8564,0
8565,0
8566,0
8567,2
8568,0
8569,2
8570,0
8571,2
8572,0
8573,2
8574,2
8575,2
8576,2
8577,2
8578,0
8579,0
8580,0
8581,0
8582,0
8583,2
8584,1
8585,0
8586,2
8587,2
8588,0
8589,2
8590,0
8591,2
8592,0
8593,0
8594,0
8595,0
8596,2
8597,2
8598,2
8599,2
8600,2
8601,2
8602,0
8603,0
8604,2
8605,2
8606,2
8607,2
8608,1
8609,0
8610,0
8611,2
8612,2
8613,0
8614,0
8615,2
8616,0
8617,0
8618,0
8619,2
8620,0
8621,0
8622,0
8623,0
8624,0
8625,2
8626,0
8627,1
8628,2
8629,2
8630,1
8631,0
8632,0
8633,2
8634,2
8635,0
8636,2
8637,0
8638,0
8639,2
8640,2
8641,2
8642,0
8643,2
8644,2
8645,0
8646,2
8647,0
8648,2
8649,0
8650,1
8651,2
8652,1
8653,2
8654,2
8655,0
8656,0
8657,0
8658,2
8659,2
8660,0
8661,0
8662,2
8663,0
8664,1
8665,0
8666,2
8667,2
8668,2
8669,0
8670,2
8671,2
8672,0
8673,0
8674,0
8675,2
8676,1
8677,0
8678,0
8679,0
8680,0
8681,2
8682,0
8683,2
8684,0
8685,2
8686,2
8687,2
8688,2
8689,0
8690,2
8691,2
8692,2
8693,2
8694,0
8695,0
8696,2
8697,0
8698,0
8699,0
8700,0
8701,2
8702,1
8703,0
8704,2
8705,0
8706,2
8707,1
8708,2
8709,0
8710,2
8711,0
8712,2
8713,2
8714,0
8715,2
8716,2
8717,0
8718,0
8719,0
8720,2
8721,0
8722,0
8723,0
8724,0
8725,2
8726,2
8727,0
8728,0
8729,0
8730,0
8731,0
8732,2
8733,0
8734,2
8735,2
8736,2
8737,2
8738,0
8739,0
8740,0
8741,0
8742,2
8743,0
8744,0
8745,2
8746,0
8747,0
8748,2
8749,0
8750,0
8751,0
8752,2
8753,2
8754,0
8755,1
8756,2
8757,0
8758,2
8759,0
8760,2
8761,0
8762,1
8763,0
8764,2
8765,2
8766,2
8767,2
8768,2
8769,1
8770,2
8771,2
8772,0
8773,0
8774,0
8775,0
8776,0
8777,2
8778,0
8779,0
8780,2
8781,2
8782,2
8783,0
8784,2
8785,0
8786,1
8787,0
8788,2
8789,0
8790,0
8791,2
8792,0
8793,2
8794,0
8795,0
8796,0
8797,2
8798,0
8799,1
8800,2
8801,0
8802,2
8803,2
8804,0
8805,0
8806,2
8807,0
8808,0
8809,2
8810,2
8811,1
8812,0
8813,0
8814,0
8815,2
8816,0
8817,2
8818,0
8819,0
8820,0
8821,0
8822,0
8823,2
8824,2
8825,2
8826,0
8827,0
8828,2
8829,0
8830,0
8831,0
8832,2
8833,0
8834,2
8835,0
8836,0
8837,2
8838,0
8839,0
8840,0
8841,1
8842,0
8843,2
8844,0
8845,2
8846,2
8847,0
8848,2
8849,2
8850,2
8851,2
8852,2
8853,0
8854,0
8855,0
8856,0
8857,2
8858,2
8859,2
8860,2
8861,1
8862,0
8863,2
8864,2
8865,0
8866,2
8867,0
8868,2
8869,1
8870,2
8871,0
8872,0
8873,2
8874,2
8875,2
8876,2
8877,2
8878,2
8879,0
8880,2
8881,0
8882,0
8883,0
8884,0
8885,0
8886,2
8887,2
8888,0
8889,0
8890,2
8891,2
8892,0
8893,1
8894,2
8895,0
8896,2
8897,0
8898,0
8899,0
8900,2
8901,2
8902,2
8903,2
8904,1
8905,0
8906,0
8907,0
8908,0
8909,1
8910,0
8911,0
8912,0
8913,0
8914,0
8915,2
8916,0
8917,0
8918,2
8919,0
8920,2
8921,2
8922,2
8923,2
8924,2
8925,2
8926,2
8927,2
8928,2
8929,2
8930,0
8931,0
8932,0
8933,0
8934,2
8935,2
8936,0
8937,0
8938,2
8939,0
8940,0
8941,0
8942,2
8943,2
8944,2
8945,0
8946,2
8947,0
8948,2
8949,0
8950,2
8951,0
8952,2
8953,0
8954,2
8955,0
8956,2
8957,2
8958,0
8959,0
8960,2
8961,1
8962,0
8963,2
8964,0
8965,2
8966,0
8967,0
8968,2
8969,2
8970,2
8971,0
8972,0
8973,0
8974,2
8975,2
8976,0
8977,0
8978,2
8979,1
8980,2
8981,0
8982,0
8983,2
8984,2
8985,2
8986,2
8987,0
8988,2
8989,2
8990,1
8991,0
8992,0
8993,0
8994,2
8995,2
8996,0
8997,0
8998,0
8999,2
9000,1
9001,2
9002,0
9003,0
9004,2
9005,2
9006,1
9007,2
9008,2
9009,0
9010,2
9011,0
9012,0
9013,2
9014,2
9015,0
9016,2
9017,2
9018,2
9019,2
9020,2
9021,2
9022,0
9023,2
9024,2
9025,0
9026,2
9027,2
9028,2
9029,0
9030,1
9031,0
9032,1
9033,1
9034,0
9035,2
9036,0
9037,2
9038,0
9039,2
9040,2
9041,2
9042,2
9043,2
9044,0
9045,0
9046,1
9047,2
9048,2
9049,2
9050,0
9051,2
9052,0
9053,1
9054,0
9055,0
9056,2
9057,0
9058,0
9059,0
9060,2
9061,2
9062,0
9063,0
9064,0
9065,2
9066,0
9067,0
9068,0
9069,2
9070,2
9071,2
9072,2
9073,2
9074,0
9075,0
9076,0
9077,2
9078,2
9079,0
9080,0
9081,2
9082,0
9083,2
9084,2
9085,2
9086,1
9087,0
9088,2
9089,0
9090,0
9091,0
9092,0
9093,2
9094,0
9095,2
9096,2
9097,0
9098,0
9099,0
9100,0
9101,2
9102,0
9103,0
9104,0
9105,0
9106,0
9107,0
9108,1
9109,0
9110,0
9111,0
9112,2
9113,2
9114,2
9115,2
9116,2
9117,2
9118,2
9119,0
9120,1
9121,2
9122,0
9123,2
9124,2
9125,0
9126,0
9127,2
9128,2
9129,0
9130,0
9131,0
9132,2
9133,2
9134,0
9135,2
9136,0
9137,2
9138,0
9139,1
9140,0
9141,2
9142,0
9143,0
9144,2
9145,0
9146,2
9147,2
9148,2
9149,2
9150,2
9151,0
9152,0
9153,2
9154,0
9155,0
9156,0
9157,1
9158,2
9159,2
9160,0
9161,0
9162,0
9163,2
9164,2
9165,2
9166,0
9167,2
9168,2
9169,2
9170,0
9171,0
9172,2
9173,2
9174,0
9175,0
9176,0
9177,0
9178,0
9179,2
9180,0
9181,0
9182,2
9183,2
9184,0
9185,2
9186,2
9187,1
9188,2
9189,0
9190,0
9191,0
9192,2
9193,0
9194,2
9195,0
9196,2
9197,0
9198,2
9199,2
9200,2
9201,2
9202,0
9203,2
9204,1
9205,0
9206,0
9207,2
9208,0
9209,0
9210,1
9211,0
9212,2
9213,2
9214,0
9215,0
9216,2
9217,0
9218,2
9219,2
9220,0
9221,1
9222,1
9223,0
9224,0
9225,2
9226,0
9227,2
9228,1
9229,0
9230,2
9231,0
9232,2
9233,0
9234,2
9235,1
9236,0
9237,0
9238,2
9239,0
9240,0
9241,0
9242,2
9243,2
9244,2
9245,0
9246,2
9247,2
9248,2
9249,2
9250,2
9251,2
9252,0
9253,0
9254,2
9255,0
9256,1
9257,0
9258,0
9259,0
9260,2
9261,2
9262,2
9263,2
9264,0
9265,1
9266,0
9267,0
9268,2
9269,0
9270,2
9271,0
9272,2
9273,2
9274,2
9275,2
9276,0
9277,0
9278,2
9279,0
9280,0
9281,2
9282,0
9283,2
9284,0
9285,0
9286,2
9287,2
9288,0
9289,0
9290,0
9291,0
9292,0
9293,2
9294,0
9295,2
9296,0
9297,2
9298,0
9299,2
9300,2
9301,2
9302,2
9303,0
9304,0
9305,0
9306,0
9307,2
9308,2
9309,0
9310,0
9311,0
9312,2
9313,2
9314,0
9315,1
9316,2
9317,2
9318,0
9319,2
9320,2
9321,0
9322,2
9323,0
9324,0
9325,2
9326,2
9327,2
9328,0
9329,0
9330,0
9331,0
9332,2
9333,0
9334,2
9335,2
9336,2
9337,0
9338,2
9339,1
9340,2
9341,0
9342,2
9343,0
9344,0
9345,0
9346,2
9347,0
9348,0
9349,0
9350,0
9351,2
9352,2
9353,2
9354,0
9355,0
9356,2
9357,2
9358,2
9359,0
9360,0
9361,0
9362,0
9363,2
9364,2
9365,1
9366,2
9367,2
9368,0
9369,0
9370,2
9371,2
9372,0
9373,2
9374,0
9375,0
9376,1
9377,0
9378,0
9379,2
9380,2
9381,1
9382,0
9383,2
9384,2
9385,0
9386,2
9387,2
9388,2
9389,2
9390,0
9391,2
9392,2
9393,2
9394,2
9395,0
9396,2
9397,0
9398,0
9399,0
9400,2
9401,2
9402,2
9403,0
9404,2
9405,0
9406,2
9407,2
9408,0
9409,1
9410,2
9411,2
9412,2
9413,2
9414,2
9415,0
9416,2
9417,2
9418,0
9419,0
9420,2
9421,0
9422,2
9423,2
9424,0
9425,2
9426,2
9427,2
9428,1
9429,0
9430,1
9431,0
9432,0
9433,0
9434,2
9435,2
9436,1
9437,2
9438,2
9439,0
9440,2
9441,0
9442,0
9443,0
9444,2
9445,2
9446,2
9447,0
9448,0
9449,1
9450,2
9451,0
9452,0
9453,0
9454,2
9455,2
9456,0
9457,2
9458,2
9459,1
9460,2
9461,2
9462,2
9463,2
9464,2
9465,2
9466,0
9467,0
9468,0
9469,2
9470,0
9471,0
9472,2
9473,0
9474,2
9475,0
9476,0
9477,2
9478,1
9479,0
9480,0
9481,0
9482,1
9483,2
9484,0
9485,0
9486,0
9487,0
9488,0
9489,2
9490,0
9491,2
9492,0
9493,2
9494,0
9495,2
9496,2
9497,2
9498,2
9499,0
9500,2
9501,2
9502,0
9503,1
9504,2
9505,2
9506,2
9507,0
9508,2
9509,0
9510,2
9511,0
9512,2
9513,0
9514,0
9515,0
9516,2
9517,0
9518,0
9519,2
9520,0
9521,0
9522,1
9523,2
9524,1
9525,2
9526,1
9527,0
9528,0
9529,2
9530,2
9531,0
9532,2
9533,2
9534,2
9535,2
9536,2
9537,2
9538,1
9539,2
9540,0
9541,2
9542,2
9543,0
9544,0
9545,2
9546,2
9547,0
9548,2
9549,0
9550,2
9551,0
9552,0
9553,0
9554,1
9555,2
9556,0
9557,2
9558,2
9559,0
9560,0
9561,0
9562,0
9563,0
9564,2
9565,0
9566,2
9567,2
9568,2
9569,0
9570,2
9571,2
9572,0
9573,2
9574,2
9575,2
9576,2
9577,2
9578,2
9579,0
9580,2
9581,0
9582,0
9583,2
9584,0
9585,0
9586,0
9587,0
9588,2
9589,0
9590,2
9591,2
9592,2
9593,0
9594,2
9595,0
9596,1
9597,0
9598,0
9599,2
9600,2
9601,2
9602,2
9603,0
9604,0
9605,2
9606,0
9607,2
9608,2
9609,1
9610,0
9611,0
9612,2
9613,0
9614,0
9615,0
9616,0
9617,2
9618,2
9619,2
9620,0
9621,0
9622,2
9623,2
9624,0
9625,0
9626,2
9627,2
9628,2
9629,2
9630,1
9631,2
9632,2
9633,0
9634,2
9635,0
9636,2
9637,2
9638,0
9639,0
9640,2
9641,2
9642,0
9643,0
9644,2
9645,2
9646,0
9647,2
9648,0
9649,1
9650,0
9651,2
9652,0
9653,0
9654,2
9655,0
9656,1
9657,2
9658,0
9659,0
9660,2
9661,2
9662,0
9663,2
9664,0
9665,2
9666,2
9667,0
9668,0
9669,1
9670,0
9671,0
9672,0
9673,2
9674,2
9675,0
9676,2
9677,0
9678,2
9679,0
9680,0
9681,2
9682,0
9683,0
9684,0
9685,2
9686,2
9687,1
9688,0
9689,0
9690,0
9691,1
9692,1
9693,0
9694,0
9695,2
9696,0
9697,2
9698,2
9699,1
9700,2
9701,1
9702,0
9703,2
9704,0
9705,0
9706,0
9707,2
9708,1
9709,2
9710,0
9711,2
9712,0
9713,0
9714,0
9715,0
9716,0
9717,2
9718,0
9719,0
9720,2
9721,2
9722,2
9723,0
9724,2
9725,0
9726,0
9727,0
9728,0
9729,2
9730,2
9731,0
9732,0
9733,2
9734,2
9735,2
9736,0
9737,2
9738,0
9739,2
9740,0
9741,0
9742,2
9743,0
9744,0
9745,0
9746,0
9747,0
9748,2
9749,0
9750,2
9751,2
9752,2
9753,0
9754,0
9755,0
9756,2
9757,0
9758,2
9759,0
9760,1
9761,2
9762,2
9763,2
9764,2
9765,2
9766,0
9767,1
9768,0
9769,0
9770,2
9771,1
9772,2
9773,0
9774,0
9775,0
9776,2
9777,2
9778,0
9779,2
9780,0
9781,0
9782,2
9783,2
9784,0
9785,2
9786,2
9787,0
9788,0
9789,0
9790,0
9791,2
9792,0
9793,2
9794,0
9795,0
9796,2
9797,0
9798,2
9799,2
9800,2
9801,0
9802,1
9803,1
9804,2
9805,0
9806,0
9807,2
9808,0
9809,0
9810,0
9811,0
9812,0
9813,0
9814,0
9815,0
9816,0
9817,0
9818,0
9819,0
9820,2
9821,0
9822,0
9823,2
9824,0
9825,0
9826,2
9827,2
9828,0
9829,2
9830,2
9831,2
9832,0
9833,2
9834,0
9835,0
9836,2
9837,2
9838,1
9839,2
9840,2
9841,2
9842,2
9843,2
9844,0
9845,0
9846,0
9847,2
9848,2
9849,0
9850,0
9851,1
9852,2
9853,2
9854,0
9855,2
9856,0
9857,2
9858,0
9859,2
9860,2
9861,2
9862,2
9863,0
9864,0
9865,0
9866,2
9867,2
9868,2
9869,2
9870,1
9871,2
9872,0
9873,0
9874,2
9875,2
9876,2
9877,0
9878,0
9879,0
9880,1
9881,0
9882,2
9883,2
9884,2
9885,0
9886,0
9887,2
9888,2
9889,0
9890,2
9891,0
9892,0
9893,2
9894,2
9895,2
9896,1
9897,0
9898,2
9899,2
9900,2
9901,2
9902,2
9903,2
9904,0
9905,2
9906,2
9907,2
9908,0
9909,1
9910,0
9911,2
9912,2
9913,2
9914,2
9915,0
9916,2
9917,2
9918,0
9919,0
9920,0
9921,2
9922,2
9923,0
9924,2
9925,0
9926,2
9927,2
9928,2
9929,0
9930,2
9931,2
9932,2
9933,0
9934,2
9935,0
9936,2
9937,2
9938,0
9939,2
9940,0
9941,0
9942,2
9943,2
9944,0
9945,2
9946,0
9947,2
9948,0
9949,0
9950,2
9951,2
9952,0
9953,2
9954,2
9955,2
9956,0
9957,1
9958,2
9959,0
9960,0
9961,2
9962,2
9963,0
9964,2
9965,2
9966,2
9967,0
9968,0
9969,0
9970,2
9971,2
9972,2
9973,0
9974,0
9975,2
9976,0
9977,2
9978,0
9979,1
9980,0
9981,2
9982,0
9983,2
9984,0
9985,0
9986,2
9987,2
9988,2
9989,1
9990,2
9991,2
9992,0
9993,2
9994,2
9995,0
9996,2
9997,2
9998,0
9999,2
10000,0
10001,0
10002,0
10003,0
10004,2
10005,0
10006,2
10007,0
10008,0
10009,0
10010,2
10011,2
10012,0
10013,2
10014,2
10015,0
10016,2
10017,0
10018,0
10019,2
10020,2
10021,2
10022,1
10023,1
10024,2
10025,0
10026,2
10027,2
10028,2
10029,0
10030,0
10031,2
10032,0
10033,2
10034,0
10035,0
10036,2
10037,0
10038,2
10039,1
10040,0
10041,0
10042,2
10043,0
10044,0
10045,1
10046,2
10047,2
10048,0
10049,0
10050,0
10051,0
10052,0
10053,0
10054,0
10055,0
10056,0
10057,0
10058,0
10059,2
10060,2
10061,2
10062,2
10063,0
10064,2
10065,2
10066,2
10067,2
10068,2
10069,2
10070,2
10071,2
10072,0
10073,2
10074,2
10075,2
10076,0
10077,1
10078,0
10079,2
10080,0
10081,0
10082,1
10083,0
10084,2
10085,0
10086,0
10087,2
10088,0
10089,0
10090,2
10091,2
10092,0
10093,1
10094,0
10095,0
10096,0
10097,1
10098,0
10099,0
10100,2
10101,1
10102,0
10103,0
10104,2
10105,0
10106,0
10107,2
10108,2
10109,2
10110,2
10111,2
10112,0
10113,0
10114,2
10115,2
10116,2
10117,0
10118,0
10119,0
10120,0
10121,2
10122,0
10123,0
10124,0
10125,2
10126,0
10127,2
10128,0
10129,0
10130,2
10131,0
10132,2
10133,0
10134,0
10135,0
10136,1
10137,0
10138,2
10139,0
10140,0
10141,0
10142,2
10143,1
10144,2
10145,2
10146,0
10147,0
10148,0
10149,2
10150,2
10151,2
10152,0
10153,0
10154,2
10155,0
10156,0
10157,1
10158,1
10159,0
10160,2
10161,2
10162,0
10163,2
10164,0
10165,2
10166,0
10167,2
10168,2
10169,2
10170,1
10171,2
10172,1
10173,2
10174,1
10175,2
10176,2
10177,2
10178,0
10179,0
10180,2
10181,2
10182,2
10183,2
10184,0
10185,0
10186,0
10187,2
10188,0
10189,0
10190,0
10191,2
10192,0
10193,1
10194,2
10195,2
10196,0
10197,0
10198,2
10199,2
10200,0
10201,0
10202,2
10203,2
10204,2
10205,0
10206,0
10207,1
10208,2
10209,2
10210,0
10211,0
10212,1
10213,2
10214,2
10215,0
10216,2
10217,2
10218,2
10219,0
10220,1
10221,0
10222,0
10223,0
10224,0
10225,2
10226,1
10227,2
10228,1
10229,2
10230,0
10231,2
10232,2
10233,2
10234,0
10235,0
10236,2
10237,2
10238,2
10239,0
10240,0
10241,0
10242,0
10243,1
10244,2
10245,0
10246,0
10247,0
10248,2
10249,0
10250,0
10251,2
10252,2
10253,0
10254,2
10255,0
10256,0
10257,1
10258,2
10259,0
10260,2
10261,0
10262,1
10263,2
10264,2
10265,2
10266,1
10267,2
10268,0
10269,2
10270,0
10271,2
10272,2
10273,0
10274,0
10275,2
10276,0
10277,0
10278,0
10279,2
10280,0
10281,0
10282,0
10283,2
10284,2
10285,2
10286,2
10287,0
10288,2
10289,0
10290,0
10291,2
10292,2
10293,0
10294,0
10295,0
10296,2
10297,0
10298,0
10299,2
10300,2
10301,2
10302,2
10303,0
10304,0
10305,0
10306,2
10307,0
10308,2
10309,0
10310,2
10311,0
10312,1
10313,0
10314,0
10315,1
10316,2
10317,0
10318,2
10319,0
10320,1
10321,2
10322,2
10323,0
10324,0
10325,0
10326,2
10327,2
10328,0
10329,2
10330,2
10331,2
10332,0
10333,2
10334,0
10335,0
10336,2
10337,0
10338,2
10339,0
10340,0
10341,2
10342,2
10343,0
10344,1
10345,0
10346,0
10347,2
10348,2
10349,1
10350,2
10351,2
10352,2
10353,2
10354,0
10355,0
10356,0
10357,2
10358,1
10359,2
10360,0
10361,2
10362,2
10363,2
10364,2
10365,2
10366,2
10367,2
10368,2
10369,2
10370,2
10371,2
10372,0
10373,2
10374,0
10375,2
10376,0
10377,2
10378,2
10379,2
10380,0
10381,2
10382,0
10383,0
10384,2
10385,0
10386,0
10387,2
10388,2
10389,2
10390,0
10391,0
10392,2
10393,0
10394,2
10395,0
10396,0
10397,0
10398,0
10399,0
10400,2
10401,2
10402,2
10403,2
10404,0
10405,2
10406,2
10407,2
10408,2
10409,0
10410,2
10411,2
10412,0
10413,0
10414,2
10415,2
10416,0
10417,2
10418,2
10419,2
10420,2
10421,2
10422,2
10423,1
10424,0
10425,2
10426,2
10427,2
10428,0
10429,0
10430,2
10431,0
10432,0
10433,2
10434,2
10435,0
10436,2
10437,1
10438,0
10439,2
10440,0
10441,0
10442,0
10443,0
10444,2
10445,0
10446,2
10447,0
10448,0
10449,0
10450,2
10451,2
10452,2
10453,2
10454,0
10455,0
10456,2
10457,0
10458,2
10459,0
10460,2
10461,0
10462,0
10463,2
10464,0
10465,0
10466,0
10467,0
10468,2
10469,2
10470,1
10471,2
10472,2
10473,0
10474,2
10475,0
10476,2
10477,2
10478,0
10479,1
10480,2
10481,0
10482,2
10483,2
10484,0
10485,0
10486,2
10487,0
10488,2
10489,0
10490,2
10491,2
10492,2
10493,2
10494,0
10495,2
10496,0
10497,1
10498,0
10499,2
10500,2
10501,2
10502,0
10503,2
10504,2
10505,0
10506,0
10507,0
10508,2
10509,2
10510,2
10511,0
10512,0
10513,2
10514,1
10515,2
10516,2
10517,0
10518,2
10519,2
10520,0
10521,0
10522,2
10523,0
10524,0
10525,0
10526,0
10527,2
10528,2
10529,0
10530,2
10531,2
10532,2
10533,2
10534,2
10535,0
10536,2
10537,2
10538,0
10539,0
10540,2
10541,0
10542,0
10543,0
10544,0
10545,2
10546,0
10547,2
10548,0
10549,0
10550,2
10551,2
10552,0
10553,2
10554,1
10555,2
10556,0
10557,2
10558,2
10559,2
10560,2
10561,2
10562,2
10563,0
10564,2
10565,0
10566,0
10567,2
10568,2
10569,2
10570,0
10571,2
10572,2
10573,0
10574,2
10575,1
10576,2
10577,2
10578,0
10579,2
10580,2
10581,2
10582,0
10583,2
10584,0
10585,2
10586,2
10587,2
10588,0
10589,2
10590,2
10591,0
10592,1
10593,2
10594,0
10595,0
10596,2
10597,2
10598,0
10599,1
10600,2
10601,0
10602,0
10603,2
10604,0
10605,0
10606,2
10607,0
10608,2
10609,2
10610,2
10611,0
10612,0
10613,2
10614,0
10615,2
10616,0
10617,2
10618,0
10619,2
10620,0
10621,0
10622,2
10623,0
10624,0
10625,0
10626,2
10627,2
10628,0
10629,2
10630,2
10631,2
10632,0
10633,2
10634,2
10635,0
10636,0
10637,0
10638,2
10639,0
10640,1
10641,2
10642,0
10643,0
10644,0
10645,0
10646,2
10647,2
10648,0
10649,0
10650,2
10651,0
10652,0
10653,0
10654,0
10655,2
10656,0
10657,0
10658,2
10659,2
10660,1
10661,0
10662,2
10663,0
10664,2
10665,2
10666,0
10667,1
10668,2
10669,2
10670,0
10671,0
10672,0
10673,2
10674,1
10675,0
10676,0
10677,2
10678,2
10679,1
10680,2
10681,0
10682,2
10683,0
10684,0
10685,0
10686,2
10687,2
10688,1
10689,0
10690,0
10691,2
10692,2
10693,2
10694,2
10695,2
10696,0
10697,2
10698,0
10699,0
10700,0
10701,2
10702,1
10703,1
10704,0
10705,0
10706,2
10707,0
10708,2
10709,0
10710,2
10711,2
10712,0
10713,2
10714,2
10715,0
10716,2
10717,0
10718,0
10719,0
10720,0
10721,0
10722,2
10723,0
10724,0
10725,0
10726,0
10727,2
10728,0
10729,0
10730,0
10731,2
10732,0
10733,2
10734,2
10735,0
10736,1
10737,0
10738,0
10739,2
10740,2
10741,2
10742,2
10743,0
10744,0
10745,2
10746,2
10747,0
10748,2
10749,2
10750,0
10751,0
10752,2
10753,2
10754,2
10755,0
10756,0
10757,2
10758,0
10759,0
10760,2
10761,2
10762,0
10763,0
10764,0
10765,0
10766,0
10767,2
10768,2
10769,2
10770,0
10771,2
10772,0
10773,2
10774,2
10775,0
10776,2
10777,0
10778,0
10779,0
10780,0
10781,0
10782,2
10783,1
10784,0
10785,0
10786,0
10787,2
10788,2
10789,0
10790,2
10791,2
10792,2
10793,0
10794,2
10795,2
10796,0
10797,2
10798,2
10799,0
10800,2
10801,2
10802,2
10803,0
10804,2
10805,0
10806,0
10807,0
10808,2
10809,2
10810,0
10811,2
10812,2
10813,0
10814,2
10815,2
10816,0
10817,0
10818,2
10819,2
10820,1
10821,2
10822,0
10823,0
10824,0
10825,2
10826,2
10827,0
10828,0
10829,2
10830,0
10831,2
10832,0
10833,0
10834,0
10835,2
10836,0
10837,2
10838,0
10839,2
10840,2
10841,0
10842,2
10843,2
10844,2
10845,2
10846,2
10847,0
10848,2
10849,0
10850,2
10851,2
10852,2
10853,2
10854,0
10855,0
10856,2
10857,2
10858,0
10859,0
10860,2
10861,2
10862,2
10863,2
10864,2
10865,0
10866,2
10867,0
10868,1
10869,0
10870,0
10871,0
10872,2
10873,2
10874,0
10875,2
10876,0
10877,0
10878,2
10879,0
10880,0
10881,0
10882,2
10883,2
10884,0
10885,2
10886,0
10887,2
10888,0
10889,0
10890,2
10891,0
10892,2
10893,0
10894,0
10895,0
10896,2
10897,0
10898,2
10899,2
10900,0
10901,1
10902,0
10903,2
10904,0
10905,2
10906,0
10907,0
10908,0
10909,2
10910,2
10911,1
10912,2
10913,0
10914,0
10915,1
10916,0
10917,2
10918,2
10919,2
10920,2
10921,1
10922,0
10923,2
10924,2
10925,2
10926,0
10927,0
10928,2
10929,0
10930,1
10931,2
10932,2
10933,0
10934,2
10935,0
10936,2
10937,2
10938,2
10939,1
10940,0
10941,2
10942,2
10943,0
10944,2
10945,0
10946,0
10947,0
10948,2
10949,0
10950,0
10951,2
10952,2
10953,0
10954,2
10955,0
10956,0
10957,2
10958,0
10959,0
10960,1
10961,0
10962,2
10963,0
10964,0
10965,0
10966,2
10967,2
10968,0
10969,0
10970,1
10971,2
10972,0
10973,2
10974,0
10975,0
10976,0
10977,0
10978,2
10979,2
10980,2
10981,0
10982,2
10983,0
10984,0
10985,0
10986,0
10987,2
10988,2
10989,0
10990,0
10991,0
10992,2
10993,2
10994,0
10995,0
10996,0
10997,0
10998,2
10999,2
11000,0
11001,0
11002,2
11003,0
11004,2
11005,0
11006,2
11007,2
11008,2
11009,0
11010,0
11011,0
11012,2
11013,0
11014,2
11015,2
11016,2
11017,2
11018,2
11019,2
11020,0
11021,2
11022,0
11023,2
11024,0
11025,2
11026,2
11027,0
11028,1
11029,2
11030,2
11031,2
11032,0
11033,0
11034,2
11035,0
11036,0
11037,1
11038,2
11039,0
11040,2
11041,2
11042,0
11043,2
11044,2
11045,2
11046,0
11047,2
11048,0
11049,2
11050,2
11051,2
11052,0
11053,2
11054,2
11055,0
11056,0
11057,0
11058,2
11059,0
11060,0
11061,2
11062,2
11063,0
11064,0
11065,0
11066,2
11067,0
11068,2
11069,0
11070,2
11071,0
11072,2
11073,2
11074,1
11075,2
11076,2
11077,2
11078,2
11079,2
11080,0
11081,2
11082,2
11083,2
11084,2
11085,2
11086,0
11087,0
11088,0
11089,0
11090,1
11091,0
11092,0
11093,0
11094,0
11095,2
11096,0
11097,0
11098,2
11099,2
11100,2
11101,0
11102,2
11103,0
11104,2
11105,0
11106,0
11107,2
11108,0
11109,2
11110,0
11111,2
11112,2
11113,2
11114,0
11115,2
11116,0
11117,2
11118,2
11119,0
11120,2
11121,2
11122,0
11123,2
11124,0
11125,2
11126,2
11127,2
11128,2
11129,2
11130,0
11131,2
11132,2
11133,2
11134,2
11135,0
11136,0
11137,2
11138,2
11139,0
11140,2
11141,2
11142,0
11143,0
11144,2
11145,2
11146,1
11147,2
11148,2
11149,0
11150,2
11151,2
11152,0
11153,2
11154,2
11155,0
11156,2
11157,2
11158,2
11159,2
11160,2
11161,2
11162,0
11163,1
11164,0
11165,0
11166,0
11167,2
11168,2
11169,2
11170,2
11171,0
11172,2
11173,0
11174,0
11175,2
11176,0
11177,2
11178,0
11179,0
11180,2
11181,0
11182,0
11183,2
11184,2
11185,0
11186,0
11187,0
11188,2
11189,0
11190,2
11191,0
11192,1
11193,2
11194,2
11195,1
11196,0
11197,2
11198,0
11199,0
11200,2
11201,0
11202,2
11203,1
11204,2
11205,0
11206,0
11207,2
11208,0
11209,0
11210,0
11211,0
11212,0
11213,0
11214,0
11215,2
11216,1
11217,1
11218,0
11219,2
11220,0
11221,0
11222,2
11223,2
11224,0
11225,2
11226,2
11227,2
11228,0
11229,2
11230,0
11231,2
11232,2
11233,2
11234,0
11235,2
11236,2
11237,2
11238,0
11239,0
11240,2
11241,2
11242,0
11243,2
11244,0
11245,2
11246,2
11247,2
11248,2
11249,0
11250,2
11251,2
11252,2
11253,0
11254,2
11255,0
11256,2
11257,0
11258,1
11259,0
11260,2
11261,0
11262,0
11263,0
11264,2
11265,0
11266,2
11267,1
11268,2
11269,0
11270,2
11271,2
11272,0
11273,0
11274,2
11275,0
11276,0
11277,0
11278,0
11279,2
11280,0
11281,2
11282,0
11283,0
11284,2
11285,2
11286,0
11287,0
11288,0
11289,0
11290,2
11291,2
11292,0
11293,1
11294,2
11295,2
11296,0
11297,1
11298,0
11299,2
11300,0
11301,0
11302,1
11303,0
11304,0
11305,2
11306,2
11307,0
11308,2
11309,2
11310,2
11311,2
11312,2
11313,2
11314,2
11315,2
11316,0
11317,2
11318,2
11319,2
11320,2
11321,0
11322,2
11323,2
11324,2
11325,0
11326,2
11327,0
11328,2
11329,2
11330,2
11331,0
11332,2
11333,2
11334,2
11335,2
11336,2
11337,2
11338,1
11339,0
11340,0
11341,2
11342,2
11343,0
11344,2
11345,0
11346,0
11347,0
11348,0
11349,2
11350,2
11351,0
11352,0
11353,2
11354,2
11355,2
11356,0
11357,0
11358,2
11359,2
11360,2
11361,0
11362,2
11363,0
11364,2
11365,0
11366,0
11367,2
11368,2
11369,0
11370,0
11371,2
11372,2
11373,1
11374,2
11375,0
11376,0
11377,2
11378,0
11379,0
11380,2
11381,2
11382,0
11383,2
11384,1
11385,2
11386,0
11387,2
11388,0
11389,2
11390,0
11391,2
11392,2
11393,0
11394,0
11395,2
11396,2
11397,0
11398,0
11399,0
11400,2
11401,0
11402,2
11403,2
11404,2
11405,2
11406,0
11407,2
11408,2
11409,2
11410,0
11411,0
11412,2
11413,1
11414,2
11415,0
11416,0
11417,2
11418,0
11419,0
11420,0
11421,2
11422,0
11423,0
11424,1
11425,2
11426,0
11427,0
11428,2
11429,2
11430,0
11431,2
11432,2
11433,2
11434,2
11435,0
11436,1
11437,2
11438,0
11439,0
11440,0
11441,2
11442,0
11443,2
11444,1
11445,0
11446,0
11447,0
11448,2
11449,2
11450,2
11451,2
11452,2
11453,0
11454,1
11455,1
11456,0
11457,0
11458,2
11459,0
11460,2
11461,0
11462,2
11463,2
11464,2
11465,0
11466,0
11467,0
11468,2
11469,0
11470,0
11471,2
11472,2
11473,0
11474,0
11475,0
11476,1
11477,0
11478,0
11479,0
11480,2
11481,0
11482,0
11483,2
11484,2
11485,2
11486,2
11487,2
11488,0
11489,2
11490,0
11491,0
11492,2
11493,0
11494,0
11495,2
11496,2
11497,0
11498,2
11499,0
11500,0
11501,2
11502,0
11503,2
11504,2
11505,2
11506,0
11507,2
11508,0
11509,1
11510,2
11511,2
11512,2
11513,0
11514,0
11515,0
11516,0
11517,0
11518,2
11519,2
11520,2
11521,2
11522,0
11523,0
11524,0
11525,0
11526,2
11527,2
11528,0
11529,2
11530,0
11531,0
11532,0
11533,2
11534,2
11535,2
11536,2
11537,2
11538,2
11539,2
11540,0
11541,2
11542,2
11543,2
11544,0
11545,0
11546,2
11547,0
11548,0
11549,2
11550,2
11551,2
11552,0
11553,2
11554,2
11555,0
11556,2
11557,2
11558,2
11559,2
11560,2
11561,2
11562,0
11563,2
11564,2
11565,0
11566,2
11567,0
11568,0
11569,2
11570,0
11571,0
11572,0
11573,0
11574,0
11575,0
11576,0
11577,2
11578,0
11579,0
11580,0
11581,2
11582,2
11583,2
11584,0
11585,0
11586,2
11587,2
11588,0
11589,2
11590,2
11591,2
11592,2
11593,1
11594,2
11595,2
11596,0
11597,0
11598,0
11599,0
11600,0
11601,2
11602,0
11603,2
11604,2
11605,2
11606,0
11607,2
11608,0
11609,2
11610,2
11611,2
11612,0
11613,0
11614,0
11615,1
11616,2
11617,0
11618,0
11619,2
11620,0
11621,0
11622,2
11623,0
11624,2
11625,0
11626,0
11627,0
11628,2
11629,0
11630,0
11631,2
11632,0
11633,0
11634,2
11635,2
11636,0
11637,2
11638,0
11639,1
11640,2
11641,2
11642,0
11643,0
11644,2
11645,2
11646,0
11647,0
11648,2
11649,2
11650,0
11651,2
11652,2
11653,2
11654,0
11655,0
11656,0
11657,2
11658,0
11659,0
11660,0
11661,2
11662,0
11663,0
11664,2
11665,2
11666,2
11667,0
11668,0
11669,2
11670,0
11671,1
11672,2
11673,0
11674,2
11675,2
11676,2
11677,2
11678,1
11679,0
11680,2
11681,0
11682,2
11683,0
11684,0
11685,0
11686,0
11687,1
11688,1
11689,2
11690,2
11691,1
11692,2
11693,0
11694,2
11695,2
11696,0
11697,2
11698,0
11699,0
11700,0
11701,0
11702,1
11703,2
11704,2
11705,0
11706,0
11707,0
11708,0
11709,2
11710,0
11711,2
11712,2
11713,2
11714,0
11715,0
11716,2
11717,0
11718,1
11719,2
11720,2
11721,1
11722,0
11723,2
11724,0
11725,2
11726,0
11727,0
11728,0
11729,1
11730,0
11731,2
11732,0
11733,0
11734,0
11735,2
11736,2
11737,2
11738,2
11739,0
11740,2
11741,2
11742,0
11743,2
11744,2
11745,0
11746,2
11747,2
11748,0
11749,0
11750,2
11751,0
11752,0
11753,2
11754,2
11755,2
11756,0
11757,2
11758,2
11759,2
11760,0
11761,0
11762,2
11763,0
11764,1
11765,0
11766,0
11767,2
11768,2
11769,2
11770,2
11771,0
11772,2
11773,1
11774,2
11775,2
11776,0
11777,2
11778,0
11779,0
11780,2
11781,0
11782,0
11783,2
11784,0
11785,0
11786,2
11787,0
11788,0
11789,2
11790,2
11791,2
11792,2
11793,2
11794,0
11795,0
11796,0
11797,2
11798,2
11799,2
11800,0
11801,2
11802,0
11803,1
11804,1
11805,2
11806,1
11807,2
11808,2
11809,0
11810,0
11811,0
11812,1
11813,2
11814,2
11815,0
11816,0
11817,2
11818,2
11819,2
11820,0
11821,2
11822,0
11823,0
11824,0
11825,0
11826,0
11827,0
11828,0
11829,0
11830,2
11831,2
11832,2
11833,0
11834,2
11835,2
11836,2
11837,2
11838,2
11839,2
11840,0
11841,0
11842,2
11843,2
11844,0
11845,2
11846,0
11847,2
11848,2
11849,1
11850,0
11851,0
11852,2
11853,2
11854,1
11855,2
11856,2
11857,0
11858,0
11859,0
11860,2
11861,2
11862,0
11863,2
11864,0
11865,2
11866,2
11867,0
11868,2
11869,0
11870,2
11871,2
11872,0
11873,0
11874,0
11875,2
11876,0
11877,1
11878,2
11879,2
11880,2
11881,0
11882,0
11883,1
11884,2
11885,0
11886,0
11887,0
11888,2
11889,2
11890,0
11891,0
11892,2
11893,2
11894,2
11895,2
11896,0
11897,0
11898,2
11899,2
11900,0
11901,2
11902,0
11903,2
11904,0
11905,2
11906,0
11907,0
11908,2
11909,0
11910,0
11911,2
11912,0
11913,2
11914,0
11915,2
11916,0
11917,2
11918,0
11919,0
11920,0
11921,0
11922,2
11923,2
11924,0
11925,2
11926,2
11927,2
11928,0
11929,2
11930,0
11931,2
11932,2
11933,1
11934,2
11935,0
11936,0
11937,0
11938,0
11939,2
11940,0
11941,2
11942,2
11943,0
11944,2
11945,0
11946,0
11947,1
11948,0
11949,0
11950,2
11951,2
11952,1
11953,2
11954,2
11955,1
11956,2
11957,2
11958,0
11959,0
11960,0
11961,2
11962,0
11963,0
11964,1
11965,2
11966,2
11967,1
11968,0
11969,0
11970,2
11971,2
11972,0
11973,2
11974,0
11975,2
11976,2
11977,0
11978,2
11979,2
11980,2
11981,2
11982,0
11983,2
11984,2
11985,0
11986,2
11987,2
11988,0
11989,0
11990,2
11991,2
11992,0
11993,0
11994,2
11995,0
11996,2
11997,0
11998,0
11999,2
12000,2
12001,2
12002,0
12003,0
12004,2
12005,2
12006,1
12007,2
12008,2
12009,0
12010,2
12011,2
12012,0
12013,2
12014,2
12015,1
12016,0
12017,1
12018,2
12019,0
12020,0
12021,2
12022,0
12023,2
12024,0
12025,0
12026,2
12027,2
12028,0
12029,2
12030,0
12031,2
12032,2
12033,2
12034,0
12035,2
12036,0
12037,0
12038,2
12039,0
12040,0
12041,0
12042,2
12043,2
12044,2
12045,2
12046,2
12047,1
12048,0
12049,0
12050,2
12051,0
12052,2
12053,0
12054,2
12055,1
12056,2
12057,0
12058,0
12059,2
12060,2
12061,2
12062,0
12063,0
12064,0
12065,2
12066,2
12067,2
12068,0
12069,0
12070,0
12071,0
12072,2
12073,0
12074,2
12075,2
12076,0
12077,0
12078,0
12079,2
12080,2
12081,0
12082,0
12083,2
12084,2
12085,1
12086,0
12087,0
12088,2
12089,0
12090,2
12091,2
12092,2
12093,0
12094,2
12095,2
12096,0
12097,2
12098,2
12099,2
12100,2
12101,0
12102,2
12103,2
12104,0
12105,1
12106,0
12107,2
12108,0
12109,0
12110,2
12111,0
12112,2
12113,0
12114,2
12115,2
12116,2
12117,2
12118,2
12119,2
12120,2
12121,0
12122,2
12123,0
12124,2
12125,2
12126,2
12127,0
12128,0
12129,0
12130,2
12131,0
12132,2
12133,0
12134,0
12135,2
12136,2
12137,2
12138,2
12139,0
12140,0
12141,0
12142,2
12143,0
12144,0
12145,0
12146,0
12147,0
12148,0
12149,2
12150,0
12151,2
12152,1
12153,2
12154,0
12155,2
12156,2
12157,0
12158,2
12159,2
12160,0
12161,0
12162,2
12163,0
12164,2
12165,0
12166,1
12167,2
12168,0
12169,0
12170,0
12171,2
12172,0
12173,0
12174,2
12175,0
12176,2
12177,0
12178,2
12179,2
12180,0
12181,1
12182,0
12183,2
12184,2
12185,2
12186,0
12187,2
12188,0
12189,0
12190,2
12191,0
12192,2
12193,0
12194,0
12195,2
12196,2
12197,0
12198,0
12199,2
12200,2
12201,2
12202,0
12203,2
12204,2
12205,0
12206,2
12207,2
12208,2
12209,0
12210,2
12211,2
12212,2
12213,2
12214,2
12215,0
12216,0
12217,0
12218,2
12219,0
12220,0
12221,2
12222,0
12223,0
12224,0
12225,2
12226,0
12227,0
12228,2
12229,2
12230,2
12231,2
12232,2
12233,0
12234,2
12235,2
12236,0
12237,2
12238,2
12239,0
12240,1
12241,2
12242,2
12243,2
12244,2
12245,0
12246,2
12247,2
12248,0
12249,0
12250,0
12251,2
12252,2
12253,0
12254,2
12255,0
12256,2
12257,2
12258,0
12259,2
12260,0
12261,2
12262,2
12263,2
12264,0
12265,0
12266,2
12267,0
12268,2
12269,0
12270,2
12271,2
12272,1
12273,0
12274,1
12275,2
12276,2
12277,0
12278,0
12279,0
12280,0
12281,0
12282,2
12283,2
12284,2
12285,2
12286,1
12287,2
12288,0
12289,1
12290,0
12291,0
12292,2
12293,0
12294,2
12295,2
12296,0
12297,0
12298,0
12299,2
12300,2
12301,0
12302,2
12303,0
12304,0
12305,0
12306,1
12307,2
12308,0
12309,2
12310,1
12311,0
12312,0
12313,2
12314,2
12315,2
12316,2
12317,2
12318,0
12319,2
12320,1
12321,2
12322,2
12323,2
12324,0
12325,2
12326,2
12327,0
12328,0
12329,2
12330,2
12331,2
12332,2
12333,2
12334,2
12335,0
12336,2
12337,0
12338,0
12339,2
12340,0
12341,2
12342,0
12343,0
12344,2
12345,0
12346,0
12347,0
12348,0
12349,0
12350,0
12351,1
12352,0
12353,1
12354,0
12355,0
12356,0
12357,2
12358,0
12359,2
12360,0
12361,1
12362,2
12363,1
12364,0
12365,2
12366,2
12367,2
12368,1
12369,2
12370,1
12371,2
12372,2
12373,0
12374,0
12375,0
12376,0
12377,2
12378,2
12379,1
12380,0
12381,0
12382,0
12383,2
12384,2
12385,2
12386,0
12387,1
12388,2
12389,0
12390,2
12391,2
12392,0
12393,2
12394,2
12395,0
12396,2
12397,2
12398,2
12399,0
12400,0
12401,2
12402,0
12403,2
12404,0
12405,0
12406,2
12407,1
12408,2
12409,0
12410,0
12411,0
12412,2
12413,1
12414,0
12415,2
12416,1
12417,0
12418,2
12419,2
12420,2
12421,2
12422,1
12423,2
12424,0
12425,0
12426,0
12427,2
12428,0
12429,1
12430,2
12431,2
12432,0
12433,2
12434,0
12435,2
12436,2
12437,2
12438,0
12439,0
12440,2
12441,2
12442,2
12443,0
12444,1
12445,0
12446,0
12447,2
12448,0
12449,0
12450,0
12451,0
12452,0
12453,0
12454,0
12455,0
12456,2
12457,2
12458,2
12459,2
12460,0
12461,2
12462,2
12463,2
12464,0
12465,0
12466,0
12467,0
12468,0
12469,2
12470,2
12471,2
12472,2
12473,2
12474,0
12475,0
12476,2
12477,0
12478,0
12479,0
12480,0
12481,2
12482,0
12483,2
12484,0
12485,2
12486,0
12487,2
12488,1
12489,2
12490,2
12491,0
12492,2
12493,0
12494,2
12495,0
12496,0
12497,2
12498,1
12499,0
12500,0
12501,2
12502,2
12503,0
12504,2
12505,0
12506,0
12507,2
12508,1
12509,2
12510,0
12511,0
12512,2
12513,2
12514,2
12515,0
12516,2
12517,0
12518,2
12519,0
12520,0
12521,0
12522,1
12523,2
12524,2
12525,0
12526,2
12527,0
12528,0
12529,0
12530,2
12531,0
12532,0
12533,2
12534,0
12535,0
12536,0
12537,2
12538,2
12539,0
12540,1
12541,2
12542,2
12543,2
12544,2
12545,0
12546,0
12547,2
12548,2
12549,2
12550,2
12551,0
12552,2
12553,2
12554,0
12555,0
12556,0
12557,2
12558,0
12559,2
12560,2
12561,0
12562,0
12563,0
12564,2
12565,2
12566,2
12567,0
12568,0
12569,2
12570,2
12571,2
12572,2
12573,2
12574,0
12575,0
12576,2
12577,1
12578,0
12579,0
12580,1
12581,2
12582,0
12583,2
12584,0
12585,0
12586,2
12587,0
12588,0
12589,2
12590,2
12591,0
12592,2
12593,2
12594,2
12595,0
12596,2
12597,1
12598,0
12599,2
12600,2
12601,2
12602,0
12603,2
12604,2
12605,2
12606,0
12607,0
12608,2
12609,2
12610,1
12611,2
12612,2
12613,0
12614,0
12615,0
12616,2
12617,2
12618,0
12619,0
12620,2
12621,2
12622,0
12623,0
12624,2
12625,0
12626,0
12627,0
12628,0
12629,0
12630,2
12631,0
12632,2
12633,1
12634,2
12635,2
12636,2
12637,0
12638,2
12639,2
12640,0
12641,0
12642,2
12643,2
12644,2
12645,0
12646,2
12647,2
12648,0
12649,0
12650,2
12651,2
12652,0
12653,1
12654,1
12655,0
12656,2
12657,0
12658,2
12659,0
12660,2
12661,0
12662,0
12663,2
12664,2
12665,0
12666,2
12667,0
12668,0
12669,2
12670,0
12671,0
12672,0
12673,0
12674,0
12675,2
12676,0
12677,0
12678,0
12679,2
12680,0
12681,2
12682,0
12683,2
12684,2
12685,2
12686,2
12687,2
12688,0
12689,0
12690,2
12691,2
12692,0
12693,0
12694,2
12695,2
12696,0
12697,2
12698,0
12699,2
12700,2
12701,2
12702,2
12703,0
12704,0
12705,2
12706,0
12707,0
12708,2
12709,0
12710,2
12711,0
12712,0
12713,1
12714,0
12715,2
12716,0
12717,0
12718,0
12719,2
12720,0
12721,0
12722,2
12723,2
12724,2
12725,0
12726,2
12727,0
12728,2
12729,0
12730,0
12731,2
12732,2
12733,0
12734,2
12735,2
12736,2
12737,0
12738,2
12739,0
12740,2
12741,0
12742,0
12743,2
12744,1
12745,0
12746,0
12747,2
12748,0
12749,2
12750,0
12751,2
12752,2
12753,2
12754,0
12755,2
12756,2
12757,1
12758,0
12759,2
12760,0
12761,2
12762,0
12763,0
12764,2
12765,2
12766,2
12767,2
12768,0
12769,2
12770,0
12771,2
12772,1
12773,0
12774,2
12775,2
12776,0
12777,0
12778,2
12779,0
12780,2
12781,0
12782,0
12783,2
12784,0
12785,2
12786,1
12787,2
12788,0
12789,2
12790,2
12791,0
12792,0
12793,0
12794,0
12795,2
12796,0
12797,0
12798,0
12799,0
12800,1
12801,2
12802,0
12803,0
12804,0
12805,2
12806,2
12807,2
12808,2
12809,2
12810,0
12811,0
12812,0
12813,0
12814,2
12815,0
12816,0
12817,0
12818,0
12819,2
12820,0
12821,2
12822,2
12823,2
12824,2
12825,0
12826,2
12827,2
12828,2
12829,0
12830,0
12831,0
12832,0
12833,2
12834,0
12835,0
12836,0
12837,0
12838,0
12839,2
12840,2
12841,0
12842,0
12843,2
12844,2
12845,0
12846,2
12847,2
12848,0
12849,0
12850,0
12851,0
12852,2
12853,2
12854,0
12855,0
12856,0
12857,0
12858,2
12859,2
12860,2
12861,2
12862,0
12863,2
12864,2
12865,0
12866,0
12867,2
12868,0
12869,2
12870,2
12871,0
12872,2
12873,2
12874,0
12875,0
12876,2
12877,0
12878,1
12879,2
12880,2
12881,0
12882,0
12883,0
12884,2
12885,2
12886,2
12887,2
12888,2
12889,2
12890,0
12891,0
12892,2
12893,2
12894,0
12895,0
12896,1
12897,2
12898,0
12899,0
12900,0
12901,2
12902,2
12903,0
12904,2
12905,0
12906,2
12907,2
12908,2
12909,0
12910,2
12911,0
12912,2
12913,2
12914,0
12915,2
12916,0
12917,0
12918,0
12919,1
12920,0
12921,0
12922,2
12923,2
12924,2
12925,2
12926,1
12927,2
12928,0
12929,2
12930,2
12931,2
12932,0
12933,0
12934,0
12935,2
12936,0
12937,0
12938,2
12939,2
12940,2
12941,0
12942,0
12943,0
12944,0
12945,2
12946,2
12947,0
12948,2
12949,0
12950,2
12951,2
12952,2
12953,0
12954,2
12955,0
12956,2
12957,2
12958,0
12959,2
12960,2
12961,0
12962,0
12963,0
12964,0
12965,2
12966,2
12967,0
12968,0
12969,1
12970,2
12971,0
12972,0
12973,2
12974,2
12975,2
12976,0
12977,2
12978,2
12979,0
12980,2
12981,0
12982,0
12983,2
12984,2
12985,0
12986,0
12987,0
12988,1
12989,2
12990,2
12991,2
12992,2
12993,0
12994,2
12995,2
12996,2
12997,0
12998,0
12999,2
13000,2
13001,2
13002,2
13003,2
13004,0
13005,0
13006,2
13007,0
13008,0
13009,0
13010,2
13011,2
13012,0
13013,2
13014,1
13015,0
13016,1
13017,0
13018,2
13019,2
13020,0
13021,0
13022,0
13023,2
13024,0
13025,0
13026,0
13027,0
13028,2
13029,0
13030,2
13031,0
13032,2
13033,2
13034,2
13035,0
13036,2
13037,0
13038,0
13039,2
13040,2
13041,2
13042,2
13043,0
13044,0
13045,2
13046,0
13047,0
13048,0
13049,0
13050,2
13051,0
13052,0
13053,2
13054,0
13055,2
13056,0
13057,0
13058,0
13059,2
13060,0
13061,2
13062,2
13063,2
13064,2
13065,0
13066,0
13067,2
13068,0
13069,1
13070,2
13071,0
13072,0
13073,0
13074,0
13075,2
13076,2
13077,2
13078,2
13079,2
13080,0
13081,2
13082,0
13083,0
13084,0
13085,1
13086,0
13087,0
13088,0
13089,0
13090,0
13091,0
13092,0
13093,2
13094,0
13095,2
13096,1
13097,2
13098,2
13099,0
13100,0
13101,2
13102,0
13103,2
13104,2
13105,0
13106,2
13107,0
13108,2
13109,2
13110,2
13111,2
13112,2
13113,2
13114,2
13115,0
13116,0
13117,2
13118,2
13119,0
13120,1
13121,2
13122,0
13123,0
13124,2
13125,2
13126,0
13127,2
13128,2
13129,0
13130,1
13131,2
13132,2
13133,0
13134,2
13135,0
13136,2
13137,0
13138,2
13139,1
13140,0
13141,0
13142,2
13143,2
13144,2
13145,2
13146,2
13147,2
13148,2
13149,0
13150,0
13151,0
13152,2
13153,2
13154,2
13155,2
13156,2
13157,2
13158,0
13159,0
13160,0
13161,0
13162,2
13163,2
13164,0
13165,0
13166,0
13167,0
13168,2
13169,0
13170,2
13171,0
13172,0
13173,0
13174,0
13175,0
13176,2
13177,0
13178,2
13179,2
13180,2
13181,2
13182,0
13183,2
13184,0
13185,2
13186,2
13187,0
13188,0
13189,0
13190,2
13191,0
13192,0
13193,1
13194,0
13195,0
13196,2
13197,0
13198,2
13199,0
13200,0
13201,2
13202,2
13203,2
13204,2
13205,0
13206,2
13207,0
13208,2
13209,0
13210,2
13211,0
13212,2
13213,0
13214,2
13215,2
13216,0
13217,2
13218,0
13219,2
13220,2
13221,2
13222,0
13223,1
13224,0
13225,2
13226,0
13227,0
13228,0
13229,0
13230,2
13231,2
13232,2
13233,0
13234,0
13235,2
13236,2
13237,2
13238,2
13239,0
13240,2
13241,0
13242,0
13243,2
13244,0
13245,2
13246,0
13247,2
13248,2
13249,2
13250,0
13251,1
13252,0
13253,0
13254,2
13255,2
13256,2
13257,2
13258,0
13259,2
13260,0
13261,2
13262,2
13263,2
13264,0
13265,2
13266,0
13267,2
13268,2
13269,2
13270,2
13271,0
13272,0
13273,0
13274,2
13275,0
13276,2
13277,0
13278,2
13279,0
13280,0
13281,0
13282,2
13283,2
13284,2
13285,0
13286,0
13287,0
13288,2
13289,0
13290,0
13291,2
13292,2
13293,2
13294,2
13295,0
13296,2
13297,0
13298,0
13299,0
13300,2
13301,0
13302,0
13303,2
13304,2
13305,0
13306,0
13307,0
13308,2
13309,0
13310,2
13311,0
13312,2
13313,2
13314,0
13315,2
13316,0
13317,0
13318,0
13319,2
13320,2
13321,0
13322,1
13323,2
13324,2
13325,0
13326,2
13327,0
13328,0
13329,0
13330,2
13331,1
13332,2
13333,0
13334,2
13335,2
13336,0
13337,0
13338,2
13339,0
13340,2
13341,0
13342,0
13343,2
13344,0
13345,0
13346,0
13347,2
13348,2
13349,0
13350,2
13351,0
13352,0
13353,0
13354,0
13355,2
13356,2
13357,2
13358,2
13359,2
13360,2
13361,0
13362,2
13363,2
13364,0
13365,0
13366,0
13367,2
13368,0
13369,0
13370,2
13371,0
13372,2
13373,0
13374,2
13375,2
13376,0
13377,0
13378,2
13379,2
13380,2
13381,0
13382,2
13383,2
13384,2
13385,2
13386,2
13387,0
13388,2
13389,2
13390,2
13391,0
13392,2
13393,0
13394,2
13395,2
13396,2
13397,2
13398,2
13399,2
13400,2
13401,0
13402,0
13403,2
13404,2
13405,2
13406,2
13407,2
13408,2
13409,0
13410,0
13411,0
13412,2
13413,2
13414,0
13415,0
13416,2
13417,2
13418,2
13419,2
13420,1
13421,0
13422,0
13423,0
13424,0
13425,2
13426,2
13427,0
13428,2
13429,2
13430,0
13431,2
13432,2
13433,2
13434,0
13435,0
13436,1
13437,2
13438,2
13439,0
13440,0
13441,2
13442,0
13443,2
13444,0
13445,0
13446,0
13447,0
13448,2
13449,2
13450,2
13451,2
13452,0
13453,2
13454,0
13455,2
13456,0
13457,2
13458,2
13459,0
13460,0
13461,0
13462,0
13463,1
13464,2
13465,0
13466,2
13467,0
13468,0
13469,2
13470,0
13471,2
13472,2
13473,0
13474,0
13475,2
13476,0
13477,1
13478,2
13479,2
13480,2
13481,0
13482,2
13483,0
13484,0
13485,0
13486,0
13487,0
13488,0
13489,1
13490,0
13491,0
13492,0
13493,0
13494,0
13495,0
13496,1
13497,2
13498,2
13499,1
13500,0
13501,2
13502,2
13503,2
13504,2
13505,0
13506,2
13507,0
13508,2
13509,0
13510,0
13511,2
13512,2
13513,0
13514,2
13515,0
13516,2
13517,0
13518,1
13519,2
13520,0
13521,2
13522,0
13523,0
13524,2
13525,0
13526,2
13527,2
13528,0
13529,0
13530,0
13531,1
13532,0
13533,0
13534,0
13535,0
13536,0
13537,2
13538,2
13539,2
13540,2
13541,2
13542,2
13543,0
13544,2
13545,0
13546,2
13547,0
13548,0
13549,0
13550,2
13551,0
13552,2
13553,2
13554,0
13555,0
13556,0
13557,0
13558,0
13559,2
13560,2
13561,2
13562,2
13563,2
13564,2
13565,0
13566,2
13567,2
13568,0
13569,2
13570,0
13571,0
13572,2
13573,2
13574,0
13575,0
13576,0
13577,0
13578,0
13579,0
13580,0
13581,0
13582,0
13583,2
13584,2
13585,1
13586,0
13587,2
13588,0
13589,0
13590,2
13591,0
13592,0
13593,2
13594,0
13595,0
13596,0
13597,2
13598,2
13599,2
13600,2
13601,0
13602,1
13603,2
13604,2
13605,2
13606,0
13607,1
13608,0
13609,2
13610,2
13611,0
13612,2
13613,0
13614,2
13615,1
13616,0
13617,2
13618,0
13619,2
13620,2
13621,2
13622,2
13623,0
13624,0
13625,0
13626,0
13627,2
13628,0
13629,2
13630,0
13631,2
13632,2
13633,2
13634,2
13635,2
13636,0
13637,1
13638,0
13639,0
13640,2
13641,0
13642,2
13643,0
13644,0
13645,2
13646,1
13647,2
13648,2
13649,0
13650,1
13651,2
13652,2
13653,0
13654,1
13655,0
13656,2
13657,0
13658,0
13659,0
13660,0
13661,2
13662,1
13663,2
13664,2
13665,0
13666,2
13667,0
13668,0
13669,0
13670,0
13671,2
13672,1
13673,0
13674,2
13675,0
13676,0
13677,2
13678,2
13679,2
13680,2
13681,0
13682,0
13683,2
13684,2
13685,2
13686,0
13687,0
13688,2
13689,2
13690,0
13691,2
13692,2
13693,0
13694,0
13695,2
13696,0
13697,2
13698,2
13699,2
13700,2
13701,0
13702,1
13703,2
13704,2
13705,2
13706,2
13707,2
13708,0
13709,0
13710,2
13711,2
13712,2
13713,0
13714,2
13715,2
13716,2
13717,0
13718,1
13719,0
13720,0
13721,0
13722,0
13723,0
13724,2
13725,0
13726,2
13727,0
13728,0
13729,0
13730,2
13731,2
13732,0
13733,0
13734,1
13735,0
13736,0
13737,2
13738,2
13739,0
13740,2
13741,2
13742,2
13743,1
13744,2
13745,2
13746,2
13747,2
13748,0
13749,2
13750,2
13751,2
13752,2
13753,0
13754,1
13755,2
13756,2
13757,0
13758,0
13759,2
13760,2
13761,0
13762,0
13763,0
13764,2
13765,0
13766,0
13767,2
13768,2
13769,2
13770,2
13771,0
13772,2
13773,0
13774,0
13775,2
13776,2
13777,2
13778,0
13779,2
13780,0
13781,0
13782,2
13783,0
13784,0
13785,0
13786,2
13787,2
13788,0
13789,2
13790,0
13791,0
13792,2
13793,2
13794,2
13795,2
13796,1
13797,2
13798,0
13799,2
13800,2
13801,0
13802,0
13803,2
13804,0
13805,0
13806,0
13807,2
13808,2
13809,2
13810,2
13811,2
13812,0
13813,0
13814,0
13815,2
13816,2
13817,2
13818,2
13819,2
13820,2
13821,2
13822,2
13823,2
13824,2
13825,0
13826,0
13827,2
13828,0
13829,2
13830,2
13831,2
13832,2
13833,2
13834,2
13835,0
13836,1
13837,2
13838,2
13839,2
13840,2
13841,2
13842,2
13843,2
13844,2
13845,2
13846,0
13847,2
13848,2
13849,2
13850,2
13851,2
13852,2
13853,2
13854,2
13855,0
13856,0
13857,0
13858,0
13859,2
13860,2
13861,2
13862,0
13863,2
13864,0
13865,0
13866,2
13867,2
13868,2
13869,0
13870,2
13871,2
13872,0
13873,0
13874,0
13875,0
13876,2
13877,0
13878,2
13879,2
13880,2
13881,0
13882,2
13883,0
13884,0
13885,0
13886,1
13887,2
13888,2
13889,0
13890,0
13891,0
13892,0
13893,2
13894,0
13895,2
13896,0
13897,0
13898,2
13899,0
13900,2
13901,0
13902,0
13903,2
13904,0
13905,0
13906,2
13907,1
13908,0
13909,2
13910,0
13911,0
13912,0
13913,0
13914,0
13915,0
13916,0
13917,0
13918,2
13919,0
13920,1
13921,0
13922,2
13923,2
13924,1
13925,2
13926,0
13927,2
13928,2
13929,0
13930,0
13931,2
13932,0
13933,0
13934,0
13935,2
13936,2
13937,0
13938,2
13939,2
13940,0
13941,0
13942,2
13943,0
13944,0
13945,2
13946,1
13947,2
13948,2
13949,2
13950,0
13951,2
13952,2
13953,2
13954,2
13955,0
13956,2
13957,0
13958,2
13959,0
13960,0
13961,1
13962,0
13963,2
13964,0
13965,0
13966,0
13967,0
13968,0
13969,2
13970,0
13971,0
13972,0
13973,2
13974,1
13975,0
13976,0
13977,0
13978,1
13979,2
13980,2
13981,0
13982,2
13983,2
13984,0
13985,0
13986,0
13987,0
13988,2
13989,2
13990,0
13991,0
13992,0
13993,0
13994,0
13995,2
13996,0
13997,2
13998,0
13999,0
14000,0
14001,2
14002,2
14003,0
14004,0
14005,0
14006,0
14007,0
14008,0
14009,0
14010,1
14011,0
14012,2
14013,0
14014,2
14015,1
14016,2
14017,0
14018,0
14019,0
14020,2
14021,2
14022,0
14023,2
14024,1
14025,0
14026,2
14027,2
14028,1
14029,2
14030,2
14031,0
14032,1
14033,2
14034,0
14035,2
14036,1
14037,0
14038,0
14039,2
14040,2
14041,0
14042,2
14043,2
14044,0
14045,0
14046,2
14047,1
14048,2
14049,2
14050,0
14051,0
14052,2
14053,1
14054,0
14055,2
14056,0
14057,2
14058,2
14059,0
14060,2
14061,2
14062,2
14063,1
14064,0
14065,2
14066,2
14067,2
14068,0
14069,0
14070,0
14071,2
14072,2
14073,0
14074,2
14075,2
14076,0
14077,0
14078,2
14079,0
14080,2
14081,2
14082,0
14083,2
14084,0
14085,0
14086,0
14087,2
14088,2
14089,0
14090,2
14091,2
14092,2
14093,0
14094,2
14095,2
14096,0
14097,0
14098,2
14099,2
14100,2
14101,2
14102,0
14103,2
14104,2
14105,0
14106,2
14107,0
14108,0
14109,2
14110,0
14111,2
14112,2
14113,0
14114,0
14115,0
14116,0
14117,0
14118,2
14119,0
14120,2
14121,0
14122,0
14123,2
14124,2
14125,2
14126,0
14127,2
14128,1
14129,2
14130,0
14131,0
14132,2
14133,2
14134,0
14135,2
14136,2
14137,1
14138,0
14139,2
14140,0
14141,0
14142,0
14143,2
14144,2
14145,0
14146,0
14147,0
14148,0
14149,2
14150,2
14151,0
14152,0
14153,2
14154,0
14155,2
14156,0
14157,2
14158,2
14159,0
14160,1
14161,2
14162,2
14163,2
14164,2
14165,0
14166,0
14167,2
14168,0
14169,2
14170,2
14171,2
14172,0
14173,0
14174,2
14175,2
14176,2
14177,0
14178,0
14179,2
14180,1
14181,2
14182,2
14183,0
14184,0
14185,0
14186,0
14187,2
14188,2
14189,2
14190,1
14191,2
14192,2
14193,1
14194,0
14195,2
14196,0
14197,0
14198,2
14199,2
14200,0
14201,2
14202,2
14203,0
14204,2
14205,0
14206,0
14207,0
14208,0
14209,0
14210,0
14211,0
14212,2
14213,2
14214,0
14215,0
14216,0
14217,2
14218,2
14219,2
14220,2
14221,0
14222,0
14223,2
14224,0
14225,0
14226,0
14227,2
14228,2
14229,0
14230,2
14231,2
14232,2
14233,0
14234,0
14235,1
14236,2
14237,0
14238,2
14239,2
14240,1
14241,2
14242,0
14243,0
14244,0
14245,2
14246,2
14247,2
14248,0
14249,2
14250,2
14251,2
14252,2
14253,2
14254,2
14255,2
14256,0
14257,0
14258,2
14259,2
14260,1
14261,0
14262,2
14263,0
14264,0
14265,2
14266,2
14267,2
14268,2
14269,0
14270,0
14271,0
14272,0
14273,2
14274,1
14275,0
14276,2
14277,0
14278,2
14279,2
14280,0
14281,2
14282,0
14283,0
14284,2
14285,0
14286,2
14287,2
14288,0
14289,1
14290,1
14291,2
14292,0
14293,0
14294,2
14295,0
14296,2
14297,0
14298,0
14299,0
14300,2
14301,2
14302,2
14303,2
14304,0
14305,2
14306,0
14307,0
14308,2
14309,2
14310,0
14311,2
14312,2
14313,2
14314,0
14315,2
14316,0
14317,2
14318,2
14319,0
14320,0
14321,2
14322,0
14323,2
14324,2
14325,0
14326,0
14327,2
14328,2
14329,2
14330,0
14331,0
14332,2
14333,0
14334,0
14335,0
14336,2
14337,0
14338,1
14339,0
14340,0
14341,1
14342,2
14343,1
14344,0
14345,0
14346,0
14347,2
14348,2
14349,2
14350,1
14351,2
14352,0
14353,0
14354,0
14355,0
14356,2
14357,2
14358,0
14359,2
14360,0
14361,0
14362,0
14363,2
14364,2
14365,0
14366,0
14367,0
14368,0
14369,2
14370,2
14371,2
14372,2
14373,0
14374,2
14375,0
14376,2
14377,2
14378,2
14379,2
14380,0
14381,2
14382,0
14383,0
14384,2
14385,2
14386,2
14387,0
14388,0
14389,0
14390,0
14391,0
14392,0
14393,0
14394,0
14395,0
14396,2
14397,0
14398,2
14399,0
14400,1
14401,0
14402,0
14403,0
14404,0
14405,2
14406,2
14407,0
14408,2
14409,0
14410,2
14411,2
14412,2
14413,2
14414,1
14415,0
14416,2
14417,0
14418,0
14419,2
14420,0
14421,0
14422,2
14423,2
14424,0
14425,2
14426,2
14427,2
14428,2
14429,1
14430,0
14431,2
14432,0
14433,2
14434,0
14435,2
14436,0
14437,2
14438,0
14439,2
14440,0
14441,0
14442,2
14443,1
14444,0
14445,2
14446,0
14447,2
14448,0
14449,0
14450,2
14451,2
14452,2
14453,2
14454,2
14455,0
14456,2
14457,2
14458,2
14459,2
14460,2
14461,2
14462,0
14463,0
14464,2
14465,0
14466,2
14467,0
14468,0
14469,0
14470,2
14471,2
14472,2
14473,0
14474,0
14475,2
14476,2
14477,2
14478,0
14479,0
14480,2
14481,2
14482,0
14483,2
14484,2
14485,0
14486,0
14487,2
14488,2
14489,2
14490,2
14491,2
14492,2
14493,0
14494,2
14495,0
14496,2
14497,1
14498,2
14499,0
14500,0
14501,2
14502,1
14503,2
14504,2
14505,2
14506,2
14507,0
14508,0
14509,2
14510,2
14511,2
14512,0
14513,0
14514,0
14515,0
14516,2
14517,0
14518,0
14519,0
14520,2
14521,2
14522,0
14523,0
14524,0
14525,0
14526,0
14527,1
14528,0
14529,2
14530,0
14531,0
14532,2
14533,0
14534,0
14535,2
14536,1
14537,2
14538,0
14539,2
14540,2
14541,0
14542,2
14543,2
14544,0
14545,2
14546,0
14547,2
14548,2
14549,0
14550,0
14551,0
14552,0
14553,2
14554,0
14555,0
14556,2
14557,0
14558,0
14559,2
14560,0
14561,2
14562,2
14563,2
14564,2
14565,0
14566,2
14567,1
14568,0
14569,0
14570,0
14571,0
14572,2
14573,2
14574,0
14575,2
14576,2
14577,0
14578,1
14579,1
14580,0
14581,0
14582,1
14583,2
14584,2
14585,0
14586,0
14587,0
14588,0
14589,0
14590,0
14591,2
14592,0
14593,2
14594,2
14595,0
14596,2
14597,2
14598,2
14599,0
14600,2
14601,2
14602,2
14603,0
14604,1
14605,0
14606,2
14607,0
14608,2
14609,1
14610,2
14611,1
14612,0
14613,2
14614,0
14615,2
14616,2
14617,0
14618,0
14619,2
14620,0
14621,2
14622,0
14623,0
14624,2
14625,0
14626,2
14627,2
14628,0
14629,0
14630,2
14631,0
14632,2
14633,2
14634,2
14635,0
14636,0
14637,2
14638,0
14639,2
14640,0
14641,2
14642,2
14643,0
14644,2
14645,0
14646,2
14647,1
14648,2
14649,0
14650,1
14651,0
14652,1
14653,2
14654,2
14655,0
14656,2
14657,0
14658,0
14659,2
14660,0
14661,2
14662,2
14663,2
14664,2
14665,2
14666,2
14667,1
14668,0
14669,2
14670,2
14671,2
14672,0
14673,2
14674,0
14675,2
14676,2
14677,0
14678,2
14679,0
14680,2
14681,0
14682,2
14683,0
14684,0
14685,0
14686,2
14687,2
14688,0
14689,0
14690,2
14691,0
14692,2
14693,2
14694,1
14695,0
14696,0
14697,2
14698,1
14699,2
14700,0
14701,0
14702,0
14703,2
14704,1
14705,2
14706,2
14707,0
14708,1
14709,2
14710,2
14711,0
14712,2
14713,0
14714,0
14715,2
14716,0
14717,2
14718,2
14719,2
14720,0
14721,0
14722,0
14723,2
14724,2
14725,1
14726,2
14727,2
14728,2
14729,1
14730,0
14731,1
14732,2
14733,2
14734,2
14735,0
14736,0
14737,0
14738,2
14739,0
14740,0
14741,0
14742,0
14743,0
14744,0
14745,2
14746,0
14747,0
14748,0
14749,2
14750,2
14751,0
14752,2
14753,2
14754,2
14755,2
14756,2
14757,2
14758,2
14759,2
14760,0
14761,0
14762,0
14763,0
14764,2
14765,2
14766,0
14767,2
14768,0
14769,0
14770,2
14771,0
14772,0
14773,0
14774,2
14775,2
14776,2
14777,2
14778,2
14779,1
14780,0
14781,2
14782,0
14783,2
14784,1
14785,2
14786,0
14787,2
14788,2
14789,0
14790,2
14791,1
14792,0
14793,2
14794,2
14795,2
14796,0
14797,2
14798,2
14799,2
14800,0
14801,0
14802,0
14803,2
14804,0
14805,0
14806,0
14807,2
14808,2
14809,2
14810,2
14811,2
14812,0
14813,0
14814,2
14815,0
14816,0
14817,0
14818,2
14819,0
14820,0
14821,0
14822,2
14823,2
14824,0
14825,2
14826,0
14827,0
14828,0
14829,2
14830,0
14831,2
14832,2
14833,0
14834,2
14835,1
14836,2
14837,2
14838,0
14839,2
14840,0
14841,0
14842,2
14843,0
14844,2
14845,2
14846,2
14847,0
14848,2
14849,1
14850,2
14851,0
14852,2
14853,0
14854,2
14855,2
14856,0
14857,0
14858,0
14859,0
14860,2
14861,0
14862,2
14863,0
14864,0
14865,0
14866,0
14867,1
14868,0
14869,2
14870,0
14871,0
14872,2
14873,0
14874,2
14875,0
14876,2
14877,1
14878,2
14879,2
14880,2
14881,2
14882,2
14883,2
14884,2
14885,0
14886,0
14887,2
14888,2
14889,2
14890,2
14891,0
14892,2
14893,2
14894,0
14895,0
14896,2
14897,0
14898,1
14899,2
14900,2
14901,2
14902,0
14903,2
14904,2
14905,2
14906,2
14907,2
14908,0
14909,2
14910,2
14911,2
14912,0
14913,0
14914,0
14915,0
14916,2
14917,0
14918,2
14919,2
14920,0
14921,2
14922,1
14923,2
14924,0
14925,1
14926,0
14927,2
14928,2
14929,0
14930,0
14931,0
14932,0
14933,2
14934,0
14935,2
14936,1
14937,2
14938,0
14939,0
14940,2
14941,2
14942,2
14943,0
14944,2
14945,0
14946,0
14947,2
14948,1
14949,2
14950,1
14951,2
14952,2
14953,0
14954,2
14955,2
14956,2
14957,0
14958,0
14959,0
14960,0
14961,0
14962,0
14963,2
14964,0
14965,2
14966,0
14967,2
14968,0
14969,2
14970,0
14971,0
14972,2
14973,2
14974,2
14975,0
14976,1
14977,0
14978,2
14979,2
14980,2
14981,0
14982,2
14983,0
14984,2
14985,2
14986,0
14987,0
14988,2
14989,2
14990,2
14991,0
14992,2
14993,2
14994,2
14995,2
14996,0
14997,0
14998,2
14999,0
15000,0
15001,0
15002,0
15003,2
15004,0
15005,0
15006,2
15007,2
15008,0
15009,0
15010,0
15011,2
15012,2
15013,0
15014,2
15015,2
15016,2
15017,0
15018,2
15019,2
15020,1
15021,1
15022,2
15023,2
15024,2
15025,0
15026,0
15027,0
15028,2
15029,2
15030,2
15031,0
15032,0
15033,0
15034,0
15035,2
15036,2
15037,2
15038,2
15039,0
15040,0
15041,2
15042,2
15043,0
15044,0
15045,0
15046,2
15047,0
15048,2
15049,2
15050,0
15051,2
15052,2
15053,2
15054,0
15055,2
15056,1
15057,2
15058,2
15059,0
15060,0
15061,0
15062,0
15063,2
15064,1
15065,0
15066,2
15067,0
15068,0
15069,0
15070,2
15071,2
15072,0
15073,1
15074,0
15075,0
15076,2
15077,2
15078,0
15079,0
15080,2
15081,2
15082,0
15083,2
15084,2
15085,2
15086,2
15087,0
15088,2
15089,2
15090,2
15091,2
15092,0
15093,0
15094,2
15095,2
15096,0
15097,0
15098,1
15099,0
15100,2
15101,2
15102,2
15103,2
15104,2
15105,2
15106,0
15107,0
15108,2
15109,0
15110,0
15111,0
15112,0
15113,0
15114,0
15115,2
15116,2
15117,2
15118,0
15119,2
15120,0
15121,2
15122,0
15123,2
15124,0
15125,2
15126,0
15127,2
15128,2
15129,2
15130,2
15131,2
15132,0
15133,0
15134,2
15135,2
15136,2
15137,0
15138,0
15139,2
15140,2
15141,0
15142,2
15143,2
15144,2
15145,2
15146,2
15147,0
15148,1
15149,2
15150,2
15151,0
15152,2
15153,0
15154,0
15155,2
15156,2
15157,2
15158,2
15159,2
15160,2
15161,0
15162,2
15163,0
15164,2
15165,1
15166,2
15167,0
15168,2
15169,2
15170,2
15171,2
15172,1
15173,2
15174,2
15175,0
15176,0
15177,0
15178,2
15179,2
15180,0
15181,0
15182,0
15183,2
15184,2
15185,0
15186,2
15187,2
15188,0
15189,0
15190,0
15191,0
15192,2
15193,2
15194,0
15195,2
15196,2
15197,0
15198,0
15199,2
15200,0
15201,0
15202,2
15203,2
15204,1
15205,2
15206,2
15207,2
15208,0
15209,2
15210,0
15211,0
15212,2
15213,0
15214,2
15215,0
15216,2
15217,2
15218,2
15219,0
15220,2
15221,2
15222,2
15223,2
15224,2
15225,2
15226,2
15227,2
15228,0
15229,0
15230,0
15231,2
15232,2
15233,2
15234,2
15235,2
15236,0
15237,2
15238,0
15239,2
15240,2
15241,0
15242,2
15243,0
15244,2
15245,2
15246,2
15247,0
15248,0
15249,1
15250,2
15251,0
15252,0
15253,0
15254,0
15255,2
15256,0
15257,0
15258,2
15259,0
15260,2
15261,0
15262,0
15263,0
15264,0
15265,2
15266,0
15267,2
15268,0
15269,1
15270,0
15271,2
15272,2
15273,2
15274,0
15275,0
15276,0
15277,2
15278,2
15279,2
15280,0
15281,2
15282,2
15283,0
15284,2
15285,2
15286,2
15287,2
15288,0
15289,2
15290,0
15291,0
15292,0
15293,2
15294,0
15295,0
15296,0
15297,0
15298,2
15299,2
15300,2
15301,0
15302,2
15303,2
15304,0
15305,2
15306,2
15307,0
15308,0
15309,0
15310,2
15311,0
15312,0
15313,0
15314,2
15315,0
15316,0
15317,2
15318,2
15319,0
15320,2
15321,0
15322,0
15323,1
15324,0
15325,1
15326,0
15327,0
15328,0
15329,2
15330,0
15331,0
15332,0
15333,2
15334,2
15335,0
15336,2
15337,2
15338,0
15339,1
15340,2
15341,0
15342,2
15343,0
15344,0
15345,2
15346,2
15347,0
15348,2
15349,0
15350,2
15351,2
15352,2
15353,1
15354,2
15355,2
15356,0
15357,0
15358,2
15359,2
15360,2
15361,0
15362,0
15363,2
15364,0
15365,2
15366,0
15367,0
15368,0
15369,0
15370,0
15371,0
15372,0
15373,0
15374,0
15375,0
15376,2
15377,0
15378,0
15379,0
15380,2
15381,0
15382,2
15383,0
15384,2
15385,2
15386,0
15387,0
15388,2
15389,2
15390,0
15391,1
15392,2
15393,1
15394,1
15395,1
15396,0
15397,0
15398,2
15399,0
15400,0
15401,0
15402,0
15403,0
15404,0
15405,0
15406,2
15407,0
15408,2
15409,0
15410,2
15411,0
15412,0
15413,2
15414,0
15415,0
15416,0
15417,2
15418,2
15419,2
15420,2
15421,0
15422,1
15423,1
15424,0
15425,0
15426,2
15427,1
15428,2
15429,2
15430,1
15431,0
15432,0
15433,0
15434,2
15435,0
15436,0
15437,0
15438,2
15439,0
15440,2
15441,0
15442,0
15443,0
15444,2
15445,0
15446,2
15447,0
15448,0
15449,0
15450,0
15451,0
15452,0
15453,0
15454,0
15455,0
15456,1
15457,2
15458,2
15459,2
15460,2
15461,2
15462,0
15463,2
15464,0
15465,0
15466,2
15467,1
15468,2
15469,0
15470,0
15471,0
15472,0
15473,0
15474,2
15475,2
15476,0
15477,0
15478,2
15479,0
15480,0
15481,2
15482,2
15483,1
15484,0
15485,2
15486,0
15487,2
15488,0
15489,0
15490,2
15491,0
15492,0
15493,2
15494,0
15495,0
15496,1
15497,1
15498,1
15499,0
15500,0
15501,2
15502,2
15503,0
15504,2
15505,2
15506,2
15507,2
15508,2
15509,2
15510,2
15511,0
15512,2
15513,2
15514,0
15515,2
15516,0
15517,1
15518,2
15519,0
15520,2
15521,2
15522,2
15523,1
15524,0
15525,0
15526,0
15527,2
15528,2
15529,1
15530,2
15531,0
15532,0
15533,0
15534,2
15535,0
15536,0
15537,0
15538,0
15539,1
15540,2
15541,2
15542,0
15543,0
15544,0
15545,1
15546,0
15547,2
15548,0
15549,2
15550,0
15551,2
15552,0
15553,0
15554,0
15555,2
15556,2
15557,2
15558,0
15559,0
15560,0
15561,1
15562,0
15563,2
15564,0
15565,0
15566,2
15567,2
15568,0
15569,0
15570,2
15571,0
15572,2
15573,2
15574,0
15575,0
15576,2
15577,1
15578,0
15579,2
15580,2
15581,0
15582,2
15583,2
15584,2
15585,0
15586,0
15587,0
15588,2
15589,2
15590,2
15591,2
15592,0
15593,2
15594,0
15595,1
15596,2
15597,0
15598,2
15599,0
15600,2
15601,2
15602,0
15603,0
15604,0
15605,2
15606,2
15607,2
15608,2
15609,0
15610,1
15611,0
15612,0
15613,0
15614,0
15615,1
15616,0
15617,0
15618,2
15619,2
15620,0
15621,2
15622,0
15623,0
15624,0
15625,0
15626,0
15627,2
15628,0
15629,0
15630,2
15631,0
15632,2
15633,0
15634,0
15635,0
15636,0
15637,0
15638,0
15639,0
15640,2
15641,2
15642,0
15643,2
15644,0
15645,0
15646,0
15647,0
15648,0
15649,0
15650,0
15651,0
15652,0
15653,2
15654,2
15655,1
15656,2
15657,2
15658,0
15659,2
15660,0
15661,0
15662,0
15663,0
15664,2
15665,2
15666,0
15667,2
15668,0
15669,2
15670,0
15671,0
15672,0
15673,2
15674,0
15675,0
15676,2
15677,0
15678,1
15679,2
15680,2
15681,2
15682,1
15683,0
15684,2
15685,2
15686,0
15687,0
15688,2
15689,2
15690,0
15691,2
15692,0
15693,0
15694,0
15695,2
15696,2
15697,2
15698,0
15699,2
15700,0
15701,2
15702,1
15703,0
15704,2
15705,0
15706,0
15707,0
15708,2
15709,0
15710,0
15711,2
15712,2
15713,0
15714,0
15715,0
15716,0
15717,0
15718,2
15719,0
15720,2
15721,2
15722,2
15723,2
15724,2
15725,2
15726,2
15727,1
15728,0
15729,0
15730,2
15731,0
15732,0
15733,0
15734,2
15735,2
15736,0
15737,2
15738,0
15739,2
15740,0
15741,2
15742,2
15743,0
15744,2
15745,0
15746,2
15747,2
15748,2
15749,0
15750,0
15751,0
15752,2
15753,2
15754,0
15755,2
15756,2
15757,2
15758,0
15759,0
15760,0
15761,2
15762,0
15763,2
15764,0
15765,2
15766,2
15767,2
15768,0
15769,0
15770,0
15771,0
15772,1
15773,0
15774,2
15775,2
15776,0
15777,0
15778,2
15779,0
15780,0
15781,0
15782,0
15783,0
15784,2
15785,2
15786,2
15787,0
15788,0
15789,2
15790,0
15791,0
15792,2
15793,2
15794,2
15795,1
15796,2
15797,2
15798,0
15799,2
15800,0
15801,2
15802,2
15803,0
15804,2
15805,0
15806,2
15807,2
15808,1
15809,0
15810,2
15811,2
15812,0
15813,0
15814,2
15815,0
15816,0
15817,0
15818,2
15819,0
15820,1
15821,0
15822,2
15823,2
15824,2
15825,1
15826,0
15827,2
15828,0
15829,2
15830,2
15831,2
15832,0
15833,0
15834,0
15835,2
15836,0
15837,1
15838,1
15839,0
15840,2
15841,0
15842,0
15843,0
15844,0
15845,0
15846,2
15847,0
15848,0
15849,0
15850,0
15851,2
15852,2
15853,0
15854,2
15855,2
15856,0
15857,2
15858,0
15859,2
15860,0
15861,2
15862,0
15863,2
15864,0
15865,2
15866,2
15867,0
15868,2
15869,0
15870,0
15871,0
15872,0
15873,0
15874,0
15875,2
15876,0
15877,0
15878,2
15879,2
15880,0
15881,2
15882,2
15883,2
15884,2
15885,0
15886,0
15887,0
15888,0
15889,2
15890,2
15891,0
15892,2
15893,1
15894,1
15895,2
15896,2
15897,0
15898,2
15899,2
15900,2
15901,2
15902,0
15903,2
15904,0
15905,0
15906,0
15907,0
15908,0
15909,2
15910,2
15911,0
15912,2
15913,2
15914,0
15915,0
15916,2
15917,2
15918,0
15919,2
15920,2
15921,2
15922,2
15923,2
15924,0
15925,2
15926,0
15927,2
15928,0
15929,0
15930,2
15931,2
15932,0
15933,1
15934,2
15935,2
15936,0
15937,0
15938,0
15939,0
15940,2
15941,0
15942,0
15943,2
15944,2
15945,2
15946,2
15947,2
15948,0
15949,2
15950,0
15951,2
15952,2
15953,0
15954,0
15955,0
15956,0
15957,0
15958,0
15959,1
15960,0
15961,0
15962,2
15963,2
15964,2
15965,0
15966,0
15967,0
15968,0
15969,2
15970,0
15971,0
15972,0
15973,2
15974,0
15975,0
15976,1
15977,0
15978,2
15979,0
15980,2
15981,2
15982,2
15983,0
15984,0
15985,2
15986,2
15987,0
15988,0
15989,0
15990,0
15991,2
15992,2
15993,2
15994,2
15995,2
15996,0
15997,0
15998,0
15999,2
16000,2
16001,2
16002,0
16003,2
16004,2
16005,0
16006,0
16007,0
16008,0
16009,2
16010,0
16011,0
16012,0
16013,2
16014,2
16015,2
16016,2
16017,2
16018,2
16019,0
16020,2
16021,2
16022,1
16023,2
16024,2
16025,0
16026,0
16027,0
16028,2
16029,2
16030,2
16031,0
16032,1
16033,0
16034,2
16035,1
16036,0
16037,0
16038,0
16039,2
16040,2
16041,0
16042,0
16043,2
16044,0
16045,0
16046,2
16047,2
16048,0
16049,0
16050,0
16051,0
16052,1
16053,1
16054,0
16055,0
16056,2
16057,2
16058,1
16059,0
16060,0
16061,0
16062,2
16063,1
16064,2
16065,0
16066,2
16067,0
16068,2
16069,2
16070,2
16071,0
16072,0
16073,2
16074,1
16075,0
16076,2
16077,2
16078,2
16079,0
16080,2
16081,0
16082,0
16083,0
16084,2
16085,0
16086,2
16087,0
16088,0
16089,0
16090,2
16091,2
16092,2
16093,0
16094,0
16095,2
16096,0
16097,2
16098,0
16099,2
16100,0
16101,2
16102,2
16103,1
16104,0
16105,0
16106,2
16107,2
16108,2
16109,2
16110,2
16111,0
16112,0
16113,2
16114,1
16115,0
16116,0
16117,2
16118,2
16119,0
16120,0
16121,2
16122,0
16123,0
16124,0
16125,2
16126,0
16127,2
16128,0
16129,0
16130,0
16131,0
16132,2
16133,2
16134,2
16135,0
16136,0
16137,2
16138,0
16139,2
16140,2
16141,1
16142,1
16143,0
16144,2
16145,2
16146,0
16147,2
16148,2
16149,0
16150,2
16151,1
16152,0
16153,2
16154,0
16155,2
16156,1
16157,0
16158,0
16159,0
16160,0
16161,1
16162,2
16163,0
16164,2
16165,2
16166,2
16167,2
16168,2
16169,2
16170,0
16171,1
16172,0
16173,0
16174,0
16175,0
16176,0
16177,0
16178,2
16179,0
16180,2
16181,2
16182,2
16183,2
16184,2
16185,0
16186,0
16187,0
16188,2
16189,0
16190,0
16191,2
16192,2
16193,0
16194,2
16195,2
16196,0
16197,2
16198,2
16199,2
16200,2
16201,1
16202,0
16203,2
16204,2
16205,0
16206,0
16207,2
16208,0
16209,2
16210,2
16211,2
16212,0
16213,0
16214,0
16215,2
16216,2
16217,0
16218,0
16219,2
16220,2
16221,0
16222,0
16223,2
16224,0
16225,0
16226,0
16227,0
16228,1
16229,0
16230,0
16231,1
16232,2
16233,2
16234,0
16235,2
16236,0
16237,2
16238,2
16239,2
16240,2
16241,2
16242,0
16243,2
16244,0
16245,2
16246,2
16247,0
16248,2
16249,2
16250,0
16251,2
16252,2
16253,2
16254,2
16255,2
16256,0
16257,2
16258,2
16259,2
16260,0
16261,2
16262,0
16263,2
16264,2
16265,2
16266,0
16267,0
16268,2
16269,0
16270,0
16271,0
16272,2
16273,2
16274,0
16275,0
16276,0
16277,2
16278,2
16279,0
16280,2
16281,0
16282,0
16283,0
16284,1
16285,0
16286,0
16287,0
16288,2
16289,0
16290,2
16291,0
16292,2
16293,2
16294,2
16295,0
16296,2
16297,1
16298,2
16299,0
16300,0
16301,2
16302,2
16303,1
16304,2
16305,0
16306,2
16307,2
16308,0
16309,2
16310,0
16311,0
16312,2
16313,0
16314,0
16315,0
16316,2
16317,2
16318,0
16319,2
16320,0
16321,2
16322,2
16323,2
16324,0
16325,2
16326,0
16327,0
16328,2
16329,0
16330,2
16331,0
16332,2
16333,2
16334,2
16335,2
16336,0
16337,2
16338,2
16339,2
16340,0
16341,2
16342,0
16343,2
16344,0
16345,2
16346,0
16347,0
16348,2
16349,0
16350,0
16351,2
16352,0
16353,2
16354,2
16355,2
16356,1
16357,0
16358,2
16359,0
16360,2
16361,0
16362,2
16363,2
16364,0
16365,2
16366,0
16367,2
16368,0
16369,0
16370,0
16371,0
16372,1
16373,0
16374,2
16375,2
16376,1
16377,0
16378,0
16379,2
16380,0
16381,2
16382,0
16383,0
16384,0
16385,1
16386,2
16387,2
16388,1
16389,2
16390,2
16391,0
16392,0
16393,0
16394,2
16395,0
16396,0
16397,2
16398,2
16399,2
16400,2
16401,0
16402,0
16403,2
16404,2
16405,2
16406,2
16407,0
16408,2
16409,0
16410,2
16411,2
16412,2
16413,0
16414,2
16415,2
16416,0
16417,2
16418,2
16419,0
16420,0
16421,0
16422,1
16423,0
16424,0
16425,2
16426,0
16427,2
16428,1
16429,0
16430,2
16431,2
16432,2
16433,0
16434,2
16435,2
16436,2
16437,2
16438,1
16439,0
16440,0
16441,2
16442,2
16443,2
16444,2
16445,0
16446,0
16447,2
16448,0
16449,0
16450,2
16451,2
16452,0
16453,2
16454,2
16455,2
16456,1
16457,2
16458,0
16459,2
16460,2
16461,2
16462,0
16463,0
16464,2
16465,0
16466,0
16467,0
16468,2
16469,0
16470,2
16471,2
16472,2
16473,2
16474,0
16475,2
16476,1
16477,0
16478,2
16479,2
16480,2
16481,0
16482,0
16483,0
16484,2
16485,0
16486,0
16487,0
16488,2
16489,2
16490,0
16491,1
16492,2
16493,2
16494,2
16495,2
16496,0
16497,1
16498,2
16499,2
16500,2
16501,0
16502,0
16503,2
16504,2
16505,2
16506,0
16507,0
16508,0
16509,2
16510,2
16511,2
16512,0
16513,0
16514,0
16515,2
16516,0
16517,2
16518,0
16519,2
16520,2
16521,2
16522,0
16523,2
16524,0
16525,2
16526,2
16527,0
16528,0
16529,0
16530,1
16531,0
16532,0
16533,1
16534,0
16535,1
16536,0
16537,2
16538,2
16539,2
16540,2
16541,0
16542,0
16543,0
16544,0
16545,0
16546,0
16547,0
16548,0
16549,2
16550,0
16551,2
16552,0
16553,2
16554,0
16555,0
16556,2
16557,2
16558,0
16559,0
16560,1
16561,0
16562,2
16563,0
16564,2
16565,2
16566,0
16567,0
16568,0
16569,0
16570,0
16571,0
16572,0
16573,0
16574,0
16575,0
16576,0
16577,2
16578,0
16579,2
16580,2
16581,0
16582,1
16583,2
16584,0
16585,1
16586,0
16587,2
16588,0
16589,2
16590,2
16591,0
16592,2
16593,2
16594,2
16595,2
16596,2
16597,0
16598,0
16599,0
16600,2
16601,0
16602,0
16603,0
16604,2
16605,0
16606,0
16607,0
16608,0
16609,0
16610,0
16611,2
16612,2
16613,0
16614,2
16615,0
16616,0
16617,0
16618,2
16619,2
16620,2
16621,2
16622,2
16623,0
16624,0
16625,1
16626,0
16627,0
16628,0
16629,0
16630,1
16631,0
16632,0
16633,2
16634,2
16635,1
16636,1
16637,0
16638,0
16639,2
16640,2
16641,0
16642,0
16643,0
16644,0
16645,0
16646,0
16647,0
16648,2
16649,2
16650,1
16651,0
16652,0
16653,2
16654,2
16655,1
16656,2
16657,0
16658,0
16659,0
16660,0
16661,0
16662,2
16663,2
16664,0
16665,0
16666,0
16667,0
16668,0
16669,2
16670,2
16671,2
16672,0
16673,0
16674,2
16675,0
16676,2
16677,2
16678,0
16679,2
16680,0
16681,2
16682,0
16683,0
16684,0
16685,0
16686,0
16687,2
16688,0
16689,0
16690,2
16691,2
16692,0
16693,2
16694,2
16695,0
16696,2
16697,2
16698,0
16699,2
16700,0
16701,0
16702,2
16703,2
16704,0
16705,0
16706,0
16707,2
16708,0
16709,2
16710,0
16711,0
16712,2
16713,0
16714,0
16715,0
16716,2
16717,0
16718,2
16719,2
16720,0
16721,2
16722,2
16723,0
16724,0
16725,2
16726,2
16727,2
16728,2
16729,2
16730,2
16731,2
16732,2
16733,1
16734,2
16735,2
16736,0
16737,2
16738,2
16739,0
16740,2
16741,2
16742,0
16743,0
16744,0
16745,2
16746,1
16747,2
16748,2
16749,2
16750,0
16751,0
16752,2
16753,2
16754,0
16755,0
16756,2
16757,0
16758,2
16759,2
16760,0
16761,2
16762,2
16763,0
16764,2
16765,2
16766,0
16767,2
16768,2
16769,0
16770,2
16771,0
16772,0
16773,2
16774,2
16775,2
16776,1
16777,0
16778,2
16779,2
16780,2
16781,0
16782,2
16783,2
16784,0
16785,0
16786,2
16787,0
16788,0
16789,2
16790,2
16791,2
16792,0
16793,0
16794,0
16795,2
16796,0
16797,0
16798,2
16799,2
16800,2
16801,0
16802,0
16803,2
16804,0
16805,2
16806,0
16807,2
16808,1
16809,0
16810,2
16811,0
16812,1
16813,1
16814,2
16815,0
16816,2
16817,0
16818,0
16819,2
16820,2
16821,2
16822,2
16823,2
16824,0
16825,2
16826,0
16827,2
16828,0
16829,2
16830,0
16831,2
16832,0
16833,0
16834,0
16835,2
16836,2
16837,0
16838,0
16839,2
16840,2
16841,2
16842,0
16843,2
16844,0
16845,0
16846,0
16847,0
16848,0
16849,2
16850,0
16851,0
16852,0
16853,0
16854,2
16855,0
16856,0
16857,2
16858,2
16859,0
16860,2
16861,2
16862,0
16863,2
16864,2
16865,0
16866,0
16867,2
16868,0
16869,2
16870,0
16871,2
16872,2
16873,2
16874,0
16875,2
16876,0
16877,0
16878,0
16879,0
16880,2
16881,0
16882,2
16883,2
16884,2
16885,2
16886,0
16887,0
16888,2
16889,0
16890,0
16891,2
16892,2
16893,2
16894,2
16895,0
16896,0
16897,2
16898,2
16899,2
16900,0
16901,2
16902,0
16903,0
16904,0
16905,2
16906,2
16907,0
16908,2
16909,0
16910,2
16911,2
16912,2
16913,0
16914,2
16915,2
16916,2
16917,2
16918,0
16919,2
16920,2
16921,2
16922,0
16923,2
16924,2
16925,2
16926,2
16927,2
16928,0
16929,0
16930,0
16931,2
16932,0
16933,2
16934,0
16935,0
16936,0
16937,2
16938,2
16939,0
16940,0
16941,2
16942,2
16943,2
16944,1
16945,2
16946,2
16947,0
16948,2
16949,2
16950,0
16951,2
16952,0
16953,0
16954,2
16955,1
16956,0
16957,0
16958,0
16959,2
16960,1
16961,0
16962,2
16963,2
16964,0
16965,2
16966,0
16967,2
16968,1
16969,0
16970,2
16971,0
16972,0
16973,0
16974,2
16975,2
16976,2
16977,0
16978,2
16979,2
16980,2
16981,2
16982,2
16983,2
16984,0
16985,2
16986,2
16987,0
16988,0
16989,2
16990,0
16991,1
16992,2
16993,2
16994,0
16995,2
16996,2
16997,0
16998,2
16999,2
17000,0
17001,2
17002,2
17003,2
17004,2
17005,0
17006,1
17007,2
17008,0
17009,0
17010,0
17011,0
17012,2
17013,0
17014,0
17015,0
17016,2
17017,0
17018,2
17019,0
17020,0
17021,2
17022,2
17023,2
17024,0
17025,2
17026,0
17027,0
17028,0
17029,2
17030,2
17031,0
17032,2
17033,2
17034,2
17035,2
17036,2
17037,0
17038,2
17039,0
17040,2
17041,2
17042,2
17043,2
17044,0
17045,2
17046,2
17047,0
17048,0
17049,1
17050,0
17051,2
17052,0
17053,2
17054,2
17055,2
17056,2
17057,0
17058,2
17059,2
17060,0
17061,0
17062,0
17063,0
17064,1
17065,0
17066,0
17067,2
17068,2
17069,2
17070,0
17071,0
17072,2
17073,2
17074,2
17075,2
17076,0
17077,0
17078,2
17079,2
17080,2
17081,2
17082,2
17083,2
17084,0
17085,0
17086,2
17087,0
17088,2
17089,2
17090,2
17091,2
17092,0
17093,0
17094,2
17095,2
17096,0
17097,1
17098,2
17099,2
17100,2
17101,2
17102,2
17103,0
17104,0
17105,2
17106,2
17107,2
17108,0
17109,0
17110,2
17111,0
17112,2
17113,2
17114,0
17115,2
17116,2
17117,0
17118,0
17119,0
17120,0
17121,0
17122,2
17123,0
17124,2
17125,0
17126,0
17127,2
17128,2
17129,0
17130,0
17131,2
17132,0
17133,2
17134,0
17135,0
17136,2
17137,0
17138,2
17139,2
17140,2
17141,0
17142,2
17143,0
17144,0
17145,0
17146,0
17147,2
17148,0
17149,2
17150,0
17151,2
17152,0
17153,0
17154,2
17155,2
17156,2
17157,2
17158,0
17159,1
17160,2
17161,2
17162,2
17163,2
17164,0
17165,2
17166,2
17167,0
17168,2
17169,0
17170,0
17171,2
17172,2
17173,0
17174,1
17175,2
17176,2
17177,0
17178,0
17179,2
17180,2
17181,2
17182,0
17183,2
17184,0
17185,0
17186,0
17187,2
17188,2
17189,1
17190,0
17191,2
17192,2
17193,0
17194,2
17195,0
17196,2
17197,2
17198,1
17199,2
17200,1
17201,2
17202,0
17203,2
17204,2
17205,2
17206,2
17207,2
17208,0
17209,2
17210,2
17211,0
17212,2
17213,2
17214,0
17215,2
17216,2
17217,2
17218,0
17219,0
17220,0
17221,1
17222,2
17223,2
17224,0
17225,2
17226,0
17227,2
17228,2
17229,2
17230,2
17231,0
17232,2
17233,2
17234,0
17235,2
17236,0
17237,0
17238,2
17239,2
17240,2
17241,0
17242,0
17243,2
17244,2
17245,0
17246,0
17247,2
17248,0
17249,0
17250,0
17251,2
17252,0
17253,0
17254,0
17255,0
17256,0
17257,0
17258,2
17259,0
17260,0
17261,2
17262,0
17263,0
17264,0
17265,0
17266,0
17267,0
17268,0
17269,0
17270,0
17271,0
17272,1
17273,0
17274,2
17275,2
17276,2
17277,0
17278,2
17279,2
17280,0
17281,0
17282,2
17283,0
17284,0
17285,2
17286,0
17287,1
17288,2
17289,0
17290,2
17291,0
17292,2
17293,2
17294,2
17295,0
17296,2
17297,0
17298,0
17299,0
17300,0
17301,2
17302,0
17303,0
17304,2
17305,2
17306,2
17307,1
17308,2
17309,0
17310,0
17311,2
17312,0
17313,2
17314,2
17315,0
17316,0
17317,0
17318,2
17319,0
17320,2
17321,2
17322,2
17323,2
17324,0
17325,2
17326,0
17327,2
17328,2
17329,0
17330,2
17331,0
17332,2
17333,2
17334,0
17335,0
17336,0
17337,0
17338,2
17339,1
17340,2
17341,0
17342,0
17343,0
17344,0
17345,2
17346,2
17347,0
17348,2
17349,1
17350,2
17351,0
17352,0
17353,2
17354,0
17355,2
17356,0
17357,2
17358,1
17359,0
17360,0
17361,0
17362,2
17363,0
17364,0
17365,2
17366,2
17367,2
17368,0
17369,2
17370,2
17371,2
17372,0
17373,0
17374,0
17375,2
17376,2
17377,0
17378,2
17379,0
17380,2
17381,2
17382,2
17383,2
17384,2
17385,2
17386,2
17387,2
17388,2
17389,2
17390,2
17391,2
17392,2
17393,2
17394,1
17395,0
17396,0
17397,0
17398,0
17399,2
17400,0
17401,0
17402,0
17403,1
17404,2
17405,2
17406,0
17407,0
17408,0
17409,0
17410,2
17411,2
17412,2
17413,2
17414,0
17415,0
17416,1
17417,0
17418,2
17419,2
17420,0
17421,2
17422,2
17423,2
17424,2
17425,0
17426,0
17427,2
17428,2
17429,2
17430,0
17431,0
17432,0
17433,0
17434,0
17435,2
17436,0
17437,0
17438,2
17439,0
17440,0
17441,0
17442,0
17443,0
17444,2
17445,0
17446,2
17447,2
17448,2
17449,0
17450,0
17451,2
17452,0
17453,1
17454,0
17455,0
17456,0
17457,2
17458,0
17459,0
17460,0
17461,2
17462,2
17463,0
17464,2
17465,2
17466,0
17467,0
17468,0
17469,0
17470,0
17471,0
17472,0
17473,0
17474,1
17475,2
17476,2
17477,1
17478,2
17479,1
17480,2
17481,2
17482,2
17483,0
17484,0
17485,1
17486,1
17487,2
17488,0
17489,2
17490,2
17491,2
17492,2
17493,2
17494,0
17495,2
17496,2
17497,2
17498,0
17499,2
17500,0
17501,0
17502,2
17503,2
17504,0
17505,0
17506,2
17507,0
17508,0
17509,0
17510,0
17511,2
17512,2
17513,0
17514,2
17515,2
17516,0
17517,0
17518,0
17519,0
17520,2
17521,2
17522,2
17523,0
17524,2
17525,2
17526,0
17527,2
17528,2
17529,0
17530,1
17531,2
17532,2
17533,0
17534,0
17535,2
17536,2
17537,0
17538,0
17539,2
17540,2
17541,2
17542,2
17543,2
17544,1
17545,0
17546,2
17547,0
17548,0
17549,1
17550,2
17551,2
17552,2
17553,2
17554,1
17555,2
17556,0
17557,2
17558,2
17559,2
17560,0
17561,2
17562,0
17563,2
17564,0
17565,0
17566,2
17567,1
17568,2
17569,0
17570,2
17571,2
17572,0
17573,2
17574,2
17575,2
17576,2
17577,2
17578,0
17579,0
17580,0
17581,2
17582,2
17583,0
17584,2
17585,0
17586,2
17587,2
17588,0
17589,0
17590,0
17591,0
17592,0
17593,2
17594,2
17595,2
17596,2
17597,2
17598,2
17599,2
17600,2
17601,0
17602,0
17603,2
17604,0
17605,2
17606,1
17607,1
17608,2
17609,0
17610,2
17611,0
17612,0
17613,0
17614,1
17615,0
17616,0
17617,0
17618,0
17619,0
17620,1
17621,2
17622,0
17623,0
17624,2
17625,0
17626,0
17627,2
17628,0
17629,2
17630,0
17631,2
17632,2
17633,1
17634,1
17635,2
17636,2
17637,2
17638,2
17639,0
17640,0
17641,1
17642,0
17643,2
17644,2
17645,2
17646,0
17647,2
17648,2
17649,2
17650,0
17651,2
17652,2
17653,0
17654,0
17655,2
17656,0
17657,2
17658,2
17659,0
17660,2
17661,0
17662,2
17663,0
17664,0
17665,0
17666,1
17667,2
17668,0
17669,2
17670,2
17671,2
17672,2
17673,0
17674,0
17675,2
17676,0
17677,2
17678,0
17679,0
17680,0
17681,0
17682,2
17683,0
17684,2
17685,2
17686,2
17687,2
17688,2
17689,2
17690,2
17691,1
17692,0
17693,2
17694,0
17695,2
17696,2
17697,2
17698,0
17699,2
17700,2
17701,2
17702,0
17703,1
17704,0
17705,0
17706,2
17707,2
17708,2
17709,0
17710,0
17711,1
17712,2
17713,0
17714,2
17715,0
17716,2
17717,2
17718,0
17719,0
17720,2
17721,2
17722,2
17723,0
17724,2
17725,0
17726,2
17727,2
17728,0
17729,0
17730,2
17731,0
17732,0
17733,2
17734,2
17735,2
17736,2
17737,1
17738,0
17739,0
17740,0
17741,0
17742,2
17743,0
17744,2
17745,2
17746,2
17747,2
17748,0
17749,2
17750,0
17751,0
17752,1
17753,2
17754,0
17755,2
17756,0
17757,0
17758,0
17759,2
17760,2
17761,0
17762,2
17763,1
17764,0
17765,1
17766,2
17767,2
17768,2
17769,2
17770,2
17771,2
17772,0
17773,0
17774,2
17775,0
17776,1
17777,0
17778,0
17779,0
17780,0
17781,2
17782,2
17783,0
17784,0
17785,2
17786,2
17787,0
17788,1
17789,2
17790,0
17791,2
17792,0
17793,0
17794,0
17795,0
17796,2
17797,0
17798,2
17799,2
17800,2
17801,0
17802,0
17803,2
17804,0
17805,2
17806,2
17807,0
17808,2
17809,2
17810,0
17811,2
17812,2
17813,0
17814,0
17815,2
17816,0
17817,0
17818,2
17819,2
17820,0
17821,2
17822,2
17823,0
17824,2
17825,0
17826,2
17827,0
17828,2
17829,2
17830,0
17831,0
17832,0
17833,2
17834,2
17835,0
17836,2
17837,0
17838,0
17839,2
17840,0
17841,0
17842,2
17843,2
17844,2
17845,2
17846,0
17847,0
17848,0
17849,0
17850,0
17851,2
17852,0
17853,2
17854,2
17855,0
17856,2
17857,0
17858,2
17859,2
17860,2
17861,0
17862,0
17863,2
17864,2
17865,0
17866,2
17867,2
17868,0
17869,2
17870,2
17871,2
17872,2
17873,1
17874,2
17875,2
17876,0
17877,0
17878,2
17879,0
17880,2
17881,1
17882,2
17883,2
17884,2
17885,2
17886,2
17887,0
17888,0
17889,0
17890,0
17891,0
17892,2
17893,2
17894,0
17895,2
17896,2
17897,0
17898,0
17899,0
17900,0
17901,0
17902,0
17903,2
17904,0
17905,2
17906,2
17907,0
17908,2
17909,2
17910,2
17911,0
17912,0
17913,2
17914,0
17915,2
17916,2
17917,2
17918,2
17919,2
17920,2
17921,2
17922,2
17923,2
17924,2
17925,0
17926,2
17927,0
17928,2
17929,0
17930,2
17931,0
17932,2
17933,0
17934,0
17935,0
17936,1
17937,2
17938,0
17939,2
17940,2
17941,0
17942,0
17943,0
17944,0
17945,0
17946,2
17947,0
17948,2
17949,0
17950,0
17951,2
17952,0
17953,0
17954,0
17955,0
17956,0
17957,2
17958,2
17959,2
17960,2
17961,2
17962,1
17963,2
17964,2
17965,0
17966,2
17967,0
17968,0
17969,0
17970,2
17971,2
17972,2
17973,2
17974,0
17975,0
17976,0
17977,2
17978,0
17979,0
17980,0
17981,2
17982,0
17983,2
17984,2
17985,0
17986,0
17987,0
17988,0
17989,2
17990,0
17991,0
17992,0
17993,0
17994,0
17995,2
17996,2
17997,0
17998,2
17999,2
18000,2
18001,1
18002,0
18003,0
18004,0
18005,0
18006,2
18007,0
18008,0
18009,0
18010,0
18011,0
18012,0
18013,2
18014,0
18015,2
18016,0
18017,0
18018,2
18019,0
18020,2
18021,2
18022,2
18023,2
18024,2
18025,0
18026,0
18027,2
18028,2
18029,0
18030,0
18031,0
18032,2
18033,0
18034,1
18035,0
18036,2
18037,2
18038,2
18039,2
18040,2
18041,2
18042,1
18043,1
18044,2
18045,0
18046,0
18047,0
18048,1
18049,0
18050,2
18051,2
18052,2
18053,0
18054,2
18055,2
18056,1
18057,2
18058,0
18059,0
18060,2
18061,2
18062,2
18063,2
18064,0
18065,2
18066,0
18067,2
18068,0
18069,0
18070,0
18071,2
18072,2
18073,2
18074,0
18075,2
18076,1
18077,0
18078,0
18079,2
18080,0
18081,0
18082,2
18083,2
18084,2
18085,2
18086,0
18087,2
18088,2
18089,1
18090,0
18091,0
18092,0
18093,1
18094,0
18095,0
18096,2
18097,0
18098,2
18099,0
18100,0
18101,2
18102,0
18103,2
18104,0
18105,2
18106,0
18107,0
18108,2
18109,2
18110,0
18111,0
18112,0
18113,2
18114,1
18115,2
18116,2
18117,0
18118,2
18119,2
18120,2
18121,2
18122,0
18123,0
18124,0
18125,2
18126,0
18127,2
18128,2
18129,2
18130,2
18131,2
18132,2
18133,2
18134,2
18135,2
18136,0
18137,1
18138,2
18139,2
18140,0
18141,0
18142,2
18143,2
18144,2
18145,2
18146,0
18147,2
18148,2
18149,2
18150,2
18151,0
18152,2
18153,0
18154,2
18155,2
18156,0
18157,2
18158,0
18159,0
18160,2
18161,2
18162,2
18163,0
18164,0
18165,0
18166,1
18167,2
18168,2
18169,0
18170,0
18171,2
18172,2
18173,2
18174,2
18175,2
18176,2
18177,2
18178,0
18179,2
18180,2
18181,2
18182,1
18183,0
18184,2
18185,2
18186,0
18187,0
18188,1
18189,1
18190,0
18191,2
18192,2
18193,2
18194,2
18195,0
18196,2
18197,2
18198,0
18199,2
18200,2
18201,2
18202,0
18203,2
18204,2
18205,2
18206,0
18207,0
18208,2
18209,0
18210,2
18211,0
18212,0
18213,0
18214,2
18215,2
18216,2
18217,0
18218,0
18219,0
18220,0
18221,2
18222,2
18223,2
18224,0
18225,2
18226,0
18227,0
18228,2
18229,2
18230,2
18231,2
18232,0
18233,0
18234,2
18235,0
18236,2
18237,0
18238,0
18239,0
18240,2
18241,2
18242,0
18243,2
18244,2
18245,2
18246,0
18247,2
18248,0
18249,0
18250,2
18251,2
18252,0
18253,2
18254,0
18255,0
18256,2
18257,1
18258,0
18259,2
18260,0
18261,2
18262,2
18263,2
18264,0
18265,0
18266,0
18267,2
18268,0
18269,2
18270,0
18271,0
18272,0
18273,2
18274,0
18275,0
18276,0
18277,0
18278,2
18279,2
18280,2
18281,2
18282,2
18283,2
18284,2
18285,2
18286,1
18287,2
18288,0
18289,1
18290,0
18291,2
18292,0
18293,0
18294,2
18295,2
18296,1
18297,2
18298,0
18299,0
18300,2
18301,2
18302,2
18303,2
18304,0
18305,1
18306,2
18307,0
18308,0
18309,2
18310,2
18311,2
18312,2
18313,2
18314,0
18315,0
18316,0
18317,2
18318,2
18319,1
18320,0
18321,2
18322,1
18323,2
18324,0
18325,2
18326,0
18327,1
18328,2
18329,0
18330,2
18331,0
18332,1
18333,2
18334,0
18335,2
18336,2
18337,0
18338,2
18339,0
18340,0
18341,2
18342,2
18343,2
18344,0
18345,0
18346,2
18347,2
18348,2
18349,0
18350,2
18351,0
18352,0
18353,2
18354,2
18355,0
18356,0
18357,1
18358,2
18359,0
18360,0
18361,2
18362,2
18363,2
18364,2
18365,2
18366,1
18367,0
18368,0
18369,2
18370,2
18371,0
18372,0
18373,1
18374,2
18375,0
18376,1
18377,0
18378,2
18379,2
18380,1
18381,0
18382,0
18383,2
18384,0
18385,2
18386,1
18387,0
18388,2
18389,0
18390,1
18391,0
18392,2
18393,2
18394,0
18395,0
18396,2
18397,2
18398,2
18399,0
18400,0
18401,2
18402,0
18403,2
18404,0
18405,2
18406,2
18407,2
18408,0
18409,2
18410,0
18411,0
18412,0
18413,0
18414,2
18415,0
18416,2
18417,2
18418,2
18419,2
18420,2
18421,1
18422,2
18423,2
18424,0
18425,2
18426,2
18427,0
18428,2
18429,1
18430,2
18431,0
18432,0
18433,2
18434,0
18435,0
18436,0
18437,2
18438,0
18439,2
18440,2
18441,0
18442,2
18443,2
18444,2
18445,2
18446,2
18447,1
18448,0
18449,1
18450,2
18451,1
18452,2
18453,2
18454,0
18455,2
18456,2
18457,2
18458,0
18459,0
18460,0
18461,2
18462,0
18463,2
18464,0
18465,2
18466,0
18467,2
18468,2
18469,2
18470,2
18471,2
18472,2
18473,2
18474,0
18475,0
18476,0
18477,0
18478,0
18479,1
18480,0
18481,0
18482,2
18483,0
18484,2
18485,2
18486,2
18487,2
18488,2
18489,2
18490,0
18491,2
18492,2
18493,2
18494,0
18495,0
18496,2
18497,0
18498,2
18499,0
18500,0
18501,2
18502,2
18503,0
18504,2
18505,0
18506,1
18507,2
18508,0
18509,0
18510,2
18511,2
18512,2
18513,0
18514,0
18515,0
18516,0
18517,2
18518,2
18519,2
18520,2
18521,0
18522,2
18523,2
18524,0
18525,2
18526,2
18527,2
18528,2
18529,0
18530,2
18531,2
18532,2
18533,2
18534,2
18535,0
18536,0
18537,0
18538,2
18539,2
18540,0
18541,0
18542,0
18543,2
18544,0
18545,0
18546,2
18547,0
18548,0
18549,0
18550,0
18551,0
18552,2
18553,0
18554,2
18555,2
18556,0
18557,2
18558,2
18559,2
18560,2
18561,2
18562,0
18563,0
18564,2
18565,0
18566,2
18567,0
18568,0
18569,2
18570,0
18571,1
18572,2
18573,1
18574,2
18575,0
18576,0
18577,0
18578,2
18579,2
18580,2
18581,2
18582,2
18583,2
18584,2
18585,2
18586,2
18587,1
18588,2
18589,0
18590,0
18591,2
18592,2
18593,2
18594,2
18595,2
18596,2
18597,0
18598,0
18599,2
18600,0
18601,0
18602,2
18603,0
18604,2
18605,0
18606,2
18607,2
18608,2
18609,2
18610,2
18611,0
18612,2
18613,2
18614,2
18615,1
18616,1
18617,2
18618,2
18619,0
18620,0
18621,2
18622,0
18623,0
18624,0
18625,2
18626,2
18627,2
18628,2
18629,0
18630,2
18631,0
18632,2
18633,2
18634,0
18635,2
18636,2
18637,0
18638,2
18639,0
18640,0
18641,2
18642,0
18643,0
18644,2
18645,0
18646,0
18647,2
18648,0
18649,2
18650,2
18651,0
18652,2
18653,2
18654,2
18655,2
18656,2
18657,2
18658,0
18659,0
18660,0
18661,0
18662,1
18663,2
18664,0
18665,2
18666,2
18667,0
18668,2
18669,2
18670,0
18671,2
18672,2
18673,0
18674,0
18675,2
18676,0
18677,2
18678,0
18679,2
18680,0
18681,2
18682,2
18683,2
18684,2
18685,0
18686,2
18687,2
18688,0
18689,0
18690,2
18691,2
18692,0
18693,2
18694,1
18695,1
18696,2
18697,0
18698,1
18699,0
18700,0
18701,2
18702,2
18703,2
18704,0
18705,0
18706,2
18707,2
18708,0
18709,0
18710,2
18711,2
18712,2
18713,2
18714,0
18715,0
18716,0
18717,2
18718,2
18719,0
18720,0
18721,2
18722,2
18723,0
18724,2
18725,0
18726,2
18727,0
18728,2
18729,2
18730,2
18731,0
18732,2
18733,0
18734,2
18735,2
18736,0
18737,0
18738,2
18739,2
18740,2
18741,2
18742,0
18743,2
18744,2
18745,0
18746,2
18747,2
18748,2
18749,1
18750,2
18751,0
18752,0
18753,2
18754,0
18755,2
18756,2
18757,0
18758,2
18759,0
18760,2
18761,1
18762,2
18763,2
18764,0
18765,0
18766,0
18767,2
18768,2
18769,2
18770,2
18771,0
18772,2
18773,2
18774,0
18775,0
18776,0
18777,2
18778,2
18779,0
18780,0
18781,2
18782,2
18783,0
18784,2
18785,2
18786,0
18787,0
18788,0
18789,2
18790,2
18791,0
18792,1
18793,0
18794,1
18795,0
18796,0
18797,2
18798,2
18799,0
18800,2
18801,1
18802,0
18803,2
18804,0
18805,2
18806,2
18807,2
18808,2
18809,0
18810,2
18811,0
18812,0
18813,0
18814,0
18815,2
18816,2
18817,0
18818,2
18819,2
18820,2
18821,2
18822,0
18823,0
18824,2
18825,0
18826,0
18827,0
18828,0
18829,2
18830,0
18831,2
18832,0
18833,2
18834,1
18835,0
18836,0
18837,0
18838,2
18839,2
18840,0
18841,2
18842,0
18843,2
18844,1
18845,2
18846,0
18847,2
18848,2
18849,2
18850,0
18851,0
18852,2
18853,2
18854,2
18855,0
18856,0
18857,0
18858,2
18859,2
18860,2
18861,0
18862,0
18863,2
18864,0
18865,0
18866,0
18867,0
18868,0
18869,2
18870,2
18871,0
18872,2
18873,2
18874,2
18875,0
18876,0
18877,2
18878,2
18879,2
18880,0
18881,0
18882,0
18883,2
18884,2
18885,0
18886,0
18887,2
18888,2
18889,0
18890,0
18891,0
18892,0
18893,2
18894,0
18895,0
18896,2
18897,0
18898,2
18899,2
18900,2
18901,2
18902,0
18903,0
18904,0
18905,0
18906,2
18907,2
18908,2
18909,2
18910,2
18911,0
18912,0
18913,2
18914,1
18915,0
18916,2
18917,0
18918,0
18919,0
18920,0
18921,2
18922,0
18923,0
18924,0
18925,0
18926,2
18927,2
18928,0
18929,0
18930,0
18931,0
18932,2
18933,0
18934,0
18935,2
18936,2
18937,0
18938,0
18939,0
18940,2
18941,2
18942,2
18943,2
18944,2
18945,2
18946,2
18947,0
18948,2
18949,0
18950,2
18951,2
18952,0
18953,1
18954,0
18955,2
18956,2
18957,0
18958,2
18959,0
18960,2
18961,2
18962,0
18963,2
18964,2
18965,0
18966,0
18967,2
18968,2
18969,0
18970,0
18971,0
18972,0
18973,0
18974,0
18975,2
18976,2
18977,2
18978,0
18979,2
18980,2
18981,0
18982,2
18983,2
18984,2
18985,0
18986,0
18987,2
18988,1
18989,0
18990,1
18991,2
18992,0
18993,0
18994,0
18995,2
18996,2
18997,0
18998,1
18999,0
19000,2
19001,2
19002,2
19003,0
19004,2
19005,0
19006,2
19007,0
19008,0
19009,0
19010,2
19011,0
19012,0
19013,2
19014,1
19015,2
19016,2
19017,2
19018,2
19019,0
19020,2
19021,2
19022,2
19023,0
19024,2
19025,0
19026,2
19027,0
19028,0
19029,0
19030,0
19031,2
19032,2
19033,0
19034,2
19035,2
19036,2
19037,0
19038,2
19039,2
19040,0
19041,0
19042,0
19043,0
19044,0
19045,0
19046,0
19047,2
19048,2
19049,2
19050,2
19051,0
19052,2
19053,1
19054,2
19055,2
19056,2
19057,2
19058,0
19059,0
19060,0
19061,0
19062,2
19063,2
19064,0
19065,0
19066,1
19067,0
19068,2
19069,2
19070,2
19071,2
19072,0
19073,0
19074,2
19075,0
19076,1
19077,2
19078,1
19079,2
19080,2
19081,2
19082,2
19083,0
19084,2
19085,2
19086,0
19087,2
19088,1
19089,0
19090,2
19091,0
19092,0
19093,0
19094,2
19095,2
19096,0
19097,0
19098,2
19099,0
19100,2
19101,2
19102,0
19103,2
19104,0
19105,2
19106,0
19107,0
19108,0
19109,0
19110,2
19111,2
19112,1
19113,0
19114,2
19115,0
19116,2
19117,0
19118,0
19119,0
19120,0
19121,2
19122,2
19123,0
19124,2
19125,0
19126,0
19127,2
19128,2
19129,0
19130,1
19131,2
19132,0
19133,2
19134,1
19135,1
19136,0
19137,2
19138,2
19139,2
19140,2
19141,0
19142,0
19143,0
19144,0
19145,0
19146,2
19147,2
19148,2
19149,1
19150,0
19151,2
19152,2
19153,0
19154,2
19155,0
19156,0
19157,0
19158,2
19159,2
19160,1
19161,0
19162,2
19163,0
19164,0
19165,2
19166,0
19167,0
19168,0
19169,2
19170,2
19171,2
19172,2
19173,0
19174,0
19175,0
19176,2
19177,0
19178,0
19179,2
19180,0
19181,2
19182,2
19183,0
19184,0
19185,2
19186,2
19187,0
19188,0
19189,0
19190,2
19191,2
19192,2
19193,2
19194,2
19195,2
19196,0
19197,0
19198,0
19199,2
19200,2
19201,2
19202,1
19203,1
19204,0
19205,2
19206,0
19207,2
19208,0
19209,0
19210,1
19211,2
19212,0
19213,2
19214,2
19215,0
19216,2
19217,1
19218,0
19219,1
19220,0
19221,2
19222,2
19223,2
19224,2
19225,0
19226,0
19227,0
19228,0
19229,2
19230,2
19231,2
19232,0
19233,0
19234,0
19235,0
19236,2
19237,2
19238,2
19239,2
19240,2
19241,2
19242,2
19243,0
19244,2
19245,0
19246,0
19247,0
19248,0
19249,0
19250,0
19251,2
19252,1
19253,2
19254,0
19255,0
19256,2
19257,0
19258,2
19259,0
19260,2
19261,2
19262,2
19263,2
19264,2
19265,2
19266,0
19267,2
19268,2
19269,2
19270,0
19271,2
19272,0
19273,0
19274,0
19275,2
19276,2
19277,2
19278,0
19279,0
19280,0
19281,2
19282,0
19283,2
19284,2
19285,2
19286,0
19287,0
19288,2
19289,0
19290,0
19291,0
19292,2
19293,2
19294,2
19295,0
19296,0
19297,0
19298,2
19299,2
19300,2
19301,2
19302,2
19303,1
19304,0
19305,2
19306,0
19307,0
19308,0
19309,2
19310,0
19311,0
19312,2
19313,2
19314,0
19315,0
19316,2
19317,2
19318,2
19319,2
19320,2
19321,2
19322,2
19323,2
19324,2
19325,2
19326,2
19327,2
19328,0
19329,2
19330,0
19331,2
19332,2
19333,2
19334,2
19335,0
19336,0
19337,0
19338,0
19339,2
19340,0
19341,0
19342,0
19343,0
19344,2
19345,0
19346,0
19347,2
19348,2
19349,2
19350,0
19351,2
19352,2
19353,0
19354,2
19355,0
19356,2
19357,0
19358,2
19359,2
19360,2
19361,0
19362,0
19363,0
19364,2
19365,2
19366,2
19367,0
19368,2
19369,2
19370,0
19371,2
19372,0
19373,0
19374,2
19375,2
19376,0
19377,2
19378,2
19379,2
19380,0
19381,2
19382,2
19383,0
19384,0
19385,1
19386,2
19387,2
19388,0
19389,0
19390,2
19391,2
19392,2
19393,2
19394,0
19395,2
19396,2
19397,0
19398,2
19399,1
19400,0
19401,0
19402,1
19403,0
19404,0
19405,0
19406,0
19407,2
19408,0
19409,0
19410,0
19411,2
19412,2
19413,2
19414,2
19415,1
19416,0
19417,0
19418,0
19419,0
19420,2
19421,2
19422,0
19423,2
19424,2
19425,2
19426,2
19427,2
19428,2
19429,0
19430,0
19431,2
19432,0
19433,0
19434,2
19435,0
19436,2
19437,2
19438,2
19439,0
19440,0
19441,0
19442,2
19443,2
19444,0
19445,2
19446,1
19447,0
19448,0
19449,2
19450,0
19451,2
19452,2
19453,2
19454,2
19455,2
19456,0
19457,2
19458,2
19459,2
19460,2
19461,2
19462,0
19463,0
19464,2
19465,2
19466,2
19467,0
19468,2
19469,0
19470,2
19471,0
19472,0
19473,0
19474,0
19475,1
19476,2
19477,2
19478,0
19479,0
19480,0
19481,0
19482,2
19483,0
19484,2
19485,0
19486,2
19487,0
19488,0
19489,0
19490,2
19491,0
19492,2
19493,2
19494,2
19495,1
19496,0
19497,2
19498,2
19499,0
19500,0
19501,0
19502,0
19503,1
19504,2
19505,2
19506,1
19507,2
19508,0
19509,2
19510,0
19511,0
19512,0
19513,0
19514,0
19515,2
19516,0
19517,0
19518,2
19519,2
19520,2
19521,2
19522,2
19523,2
19524,0
19525,2
19526,0
19527,0
19528,2
19529,0
19530,2
19531,0
19532,0
19533,0
19534,0
19535,2
19536,0
19537,2
19538,2
19539,0
19540,0
19541,2
19542,0
19543,2
19544,0
19545,2
19546,2
19547,2
19548,0
19549,0
19550,2
19551,0
19552,0
19553,1
19554,2
19555,2
19556,2
19557,1
19558,2
19559,2
19560,2
19561,0
19562,2
19563,0
19564,2
19565,1
19566,2
19567,2
19568,2
19569,2
19570,0
19571,0
19572,2
19573,2
19574,2
19575,2
19576,0
19577,2
19578,0
19579,2
19580,0
19581,0
19582,2
19583,1
19584,2
19585,2
19586,2
19587,2
19588,2
19589,2
19590,0
19591,1
19592,2
19593,2
19594,0
19595,0
19596,2
19597,0
19598,2
19599,2
19600,0
19601,2
19602,2
19603,0
19604,2
19605,0
19606,0
19607,2
19608,2
19609,0
19610,2
19611,0
19612,2
19613,0
19614,0
19615,0
19616,2
19617,2
19618,2
19619,0
19620,0
19621,2
19622,2
19623,2
19624,2
19625,0
19626,0
19627,0
19628,2
19629,2
19630,2
19631,1
19632,2
19633,0
19634,2
19635,2
19636,0
19637,2
19638,0
19639,0
19640,1
19641,0
19642,2
19643,2
19644,2
19645,0
19646,0
19647,2
19648,2
19649,2
19650,2
19651,2
19652,2
19653,0
19654,2
19655,2
19656,0
19657,2
19658,0
19659,0
19660,1
19661,2
19662,2
19663,2
19664,0
19665,2
19666,2
19667,2
19668,2
19669,0
19670,0
19671,0
19672,0
19673,2
19674,2
19675,2
19676,0
19677,1
19678,2
19679,0
19680,0
19681,2
19682,2
19683,0
19684,2
19685,2
19686,0
19687,0
19688,0
19689,0
19690,0
19691,2
19692,0
19693,0
19694,2
19695,2
19696,0
19697,1
19698,2
19699,0
19700,2
19701,2
19702,2
19703,0
19704,2
19705,0
19706,0
19707,2
19708,2
19709,2
19710,0
19711,2
19712,0
19713,2
19714,0
19715,0
19716,2
19717,2
19718,2
19719,0
19720,0
19721,2
19722,2
19723,0
19724,0
19725,0
19726,2
19727,0
19728,2
19729,0
19730,2
19731,2
19732,0
19733,0
19734,2
19735,1
19736,0
19737,2
19738,2
19739,2
19740,0
19741,2
19742,2
19743,2
19744,2
19745,2
19746,2
19747,1
19748,2
19749,2
19750,0
19751,2
19752,0
19753,2
19754,0
19755,0
19756,2
19757,2
19758,0
19759,2
19760,0
19761,0
19762,2
19763,0
19764,0
19765,1
19766,2
19767,0
19768,2
19769,0
19770,0
19771,0
19772,0
19773,0
19774,2
19775,0
19776,0
19777,2
19778,0
19779,0
19780,2
19781,2
19782,0
19783,2
19784,2
19785,0
19786,0
19787,2
19788,1
19789,2
19790,2
19791,0
19792,0
19793,2
19794,2
19795,1
19796,0
19797,2
19798,0
19799,2
19800,0
19801,0
19802,2
19803,0
19804,0
19805,0
19806,0
19807,2
19808,0
19809,2
19810,0
19811,0
19812,2
19813,0
19814,2
19815,2
19816,0
19817,0
19818,0
19819,2
19820,2
19821,2
19822,0
19823,0
19824,0
19825,2
19826,2
19827,0
19828,0
19829,2
19830,2
19831,2
19832,2
19833,0
19834,1
19835,0
19836,0
19837,0
19838,0
19839,0
19840,0
19841,0
19842,0
19843,2
19844,0
19845,0
19846,2
19847,0
19848,2
19849,2
19850,2
19851,0
19852,0
19853,2
19854,0
19855,0
19856,2
19857,2
19858,2
19859,0
19860,0
19861,0
19862,0
19863,0
19864,2
19865,2
19866,0
19867,2
19868,0
19869,2
19870,0
19871,2
19872,2
19873,0
19874,0
19875,0
19876,0
19877,0
19878,2
19879,2
19880,0
19881,2
19882,0
19883,0
19884,2
19885,2
19886,2
19887,2
19888,0
19889,2
19890,2
19891,0
19892,2
19893,2
19894,1
19895,0
19896,2
19897,0
19898,2
19899,2
19900,0
19901,2
19902,2
19903,2
19904,0
19905,0
19906,2
19907,0
19908,2
19909,2
19910,2
19911,0
19912,0
19913,0
19914,0
19915,2
19916,2
19917,2
19918,1
19919,1
19920,2
19921,0
19922,2
19923,2
19924,2
19925,2
19926,0
19927,2
19928,0
19929,2
19930,2
19931,0
19932,0
19933,0
19934,0
19935,2
19936,2
19937,0
19938,0
19939,0
19940,0
19941,1
19942,0
19943,0
19944,1
19945,2
19946,0
19947,2
19948,0
19949,2
19950,2
19951,0
19952,2
19953,0
19954,2
19955,2
19956,2
19957,0
19958,0
19959,2
19960,1
19961,2
19962,2
19963,2
19964,0
19965,0
19966,2
19967,0
19968,2
19969,0
19970,2
19971,1
19972,2
19973,0
19974,0
19975,0
19976,2
19977,0
19978,0
19979,0
19980,0
19981,2
19982,2
19983,0
19984,2
19985,2
19986,0
19987,2
19988,0
19989,0
19990,0
19991,1
19992,0
19993,2
19994,0
19995,2
19996,2
19997,2
19998,2
19999,0
20000,2
20001,2
20002,0
20003,1
20004,2
20005,0
20006,2
20007,0
20008,2
20009,0
20010,0
20011,0
20012,0
20013,0
20014,0
20015,2
20016,0
20017,0
20018,0
20019,2
20020,0
20021,0
20022,2
20023,2
20024,2
20025,2
20026,2
20027,0
20028,2
20029,0
20030,2
20031,2
20032,1
20033,2
20034,0
20035,2
20036,2
20037,0
20038,0
20039,2
20040,2
20041,2
20042,2
20043,2
20044,2
20045,2
20046,0
20047,0
20048,0
20049,0
20050,2
20051,2
20052,2
20053,0
20054,2
20055,0
20056,0
20057,0
20058,2
20059,0
20060,2
20061,0
20062,2
20063,2
20064,0
20065,0
20066,0
20067,2
20068,2
20069,0
20070,0
20071,0
20072,2
20073,0
20074,2
20075,0
20076,2
20077,2
20078,2
20079,0
20080,0
20081,0
20082,2
20083,0
20084,1
20085,0
20086,2
20087,0
20088,0
20089,2
20090,0
20091,0
20092,0
20093,2
20094,2
20095,0
20096,2
20097,2
20098,2
20099,0
20100,2
20101,2
20102,2
20103,1
20104,0
20105,2
20106,2
20107,2
20108,2
20109,2
20110,0
20111,0
20112,1
20113,0
20114,2
20115,2
20116,2
20117,2
20118,0
20119,2
20120,0
20121,2
20122,0
20123,0
20124,0
20125,2
20126,2
20127,2
20128,2
20129,0
20130,0
20131,0
20132,0
20133,2
20134,2
20135,2
20136,2
20137,0
20138,2
20139,0
20140,2
20141,0
20142,0
20143,0
20144,2
20145,2
20146,0
20147,2
20148,0
20149,2
20150,2
20151,2
20152,2
20153,2
20154,2
20155,2
20156,0
20157,2
20158,2
20159,2
20160,0
20161,0
20162,2
20163,2
20164,2
20165,0
20166,2
20167,2
20168,0
20169,0
20170,0
20171,0
20172,2
20173,0
20174,1
20175,0
20176,2
20177,0
20178,0
20179,2
20180,0
20181,1
20182,2
20183,0
20184,2
20185,0
20186,0
20187,0
20188,0
20189,0
20190,0
20191,0
20192,2
20193,0
20194,2
20195,2
20196,2
20197,2
20198,0
20199,2
20200,0
20201,2
20202,0
20203,1
20204,2
20205,0
20206,0
20207,0
20208,0
20209,0
20210,2
20211,2
20212,2
20213,2
20214,2
20215,2
20216,1
20217,2
20218,0
20219,0
20220,2
20221,2
20222,1
20223,0
20224,0
20225,0
20226,0
20227,2
20228,2
20229,2
20230,0
20231,0
20232,0
20233,1
20234,2
20235,0
20236,2
20237,0
20238,1
20239,2
20240,0
20241,2
20242,2
20243,2
20244,2
20245,2
20246,0
20247,2
20248,2
20249,0
20250,2
20251,0
20252,2
20253,2
20254,0
20255,0
20256,2
20257,2
20258,0
20259,2
20260,2
20261,2
20262,1
20263,2
20264,0
20265,0
20266,2
20267,0
20268,0
20269,0
20270,0
20271,0
20272,0
20273,0
20274,0
20275,2
20276,0
20277,0
20278,2
20279,0
20280,0
20281,0
20282,2
20283,2
20284,0
20285,0
20286,2
20287,0
20288,2
20289,0
20290,0
20291,0
20292,0
20293,2
20294,2
20295,2
20296,0
20297,2
20298,2
20299,2
20300,2
20301,0
20302,0
20303,1
20304,0
20305,0
20306,0
20307,0
20308,2
20309,0
20310,0
20311,2
20312,0
20313,2
20314,2
20315,2
20316,0
20317,2
20318,0
20319,2
20320,2
20321,1
20322,0
20323,1
20324,0
20325,0
20326,2
20327,2
20328,2
20329,2
20330,2
20331,2
20332,0
20333,2
20334,2
20335,1
20336,0
20337,2
20338,0
20339,2
20340,0
20341,2
20342,0
20343,2
20344,2
20345,0
20346,2
20347,2
20348,0
20349,1
20350,2
20351,0
20352,2
20353,0
20354,2
20355,2
20356,2
20357,2
20358,2
20359,2
20360,0
20361,2
20362,0
20363,0
20364,0
20365,2
20366,0
20367,0
20368,0
20369,0
20370,2
20371,2
20372,0
20373,1
20374,2
20375,2
20376,2
20377,2
20378,2
20379,2
20380,1
20381,0
20382,0
20383,1
20384,2
20385,2
20386,0
20387,1
20388,0
20389,2
20390,2
20391,2
20392,0
20393,2
20394,0
20395,2
20396,2
20397,2
20398,0
20399,0
20400,0
20401,2
20402,0
20403,0
20404,0
20405,2
20406,0
20407,0
20408,2
20409,0
20410,2
20411,0
20412,0
20413,0
20414,0
20415,2
20416,2
20417,0
20418,2
20419,2
20420,1
20421,0
20422,0
20423,0
20424,2
20425,2
20426,0
20427,1
20428,2
20429,2
20430,2
20431,2
20432,2
20433,2
20434,2
20435,0
20436,0
20437,2
20438,2
20439,0
20440,2
20441,2
20442,2
20443,2
20444,2
20445,2
20446,2
20447,2
20448,2
20449,2
20450,2
20451,2
20452,2
20453,2
20454,2
20455,2
20456,0
20457,0
20458,0
20459,0
20460,0
20461,0
20462,2
20463,2
20464,2
20465,2
20466,0
20467,0
20468,0
20469,2
20470,2
20471,0
20472,2
20473,0
20474,2
20475,2
20476,0
20477,0
20478,0
20479,0
20480,2
20481,0
20482,2
20483,2
20484,1
20485,0
20486,2
20487,2
20488,0
20489,0
20490,0
20491,2
20492,0
20493,0
20494,2
20495,1
20496,2
20497,0
20498,0
20499,0
20500,0
20501,2
20502,2
20503,2
20504,1
20505,2
20506,0
20507,2
20508,1
20509,2
20510,0
20511,0
20512,0
20513,2
20514,1
20515,2
20516,2
20517,0
20518,2
20519,0
20520,2
20521,2
20522,0
20523,2
20524,0
20525,0
20526,2
20527,2
20528,1
20529,2
20530,0
20531,2
20532,2
20533,0
20534,2
20535,0
20536,2
20537,2
20538,0
20539,2
20540,2
20541,0
20542,2
20543,2
20544,2
20545,0
20546,1
20547,0
20548,1
20549,2
20550,1
20551,1
20552,0
20553,0
20554,2
20555,2
20556,2
20557,0
20558,2
20559,0
20560,2
20561,2
20562,2
20563,2
20564,0
20565,0
20566,2
20567,2
20568,0
20569,0
20570,0
20571,0
20572,2
20573,0
20574,0
20575,0
20576,2
20577,0
20578,2
20579,2
20580,2
20581,1
20582,2
20583,0
20584,2
20585,0
20586,1
20587,1
20588,1
20589,0
20590,0
20591,0
20592,0
20593,0
20594,2
20595,0
20596,2
20597,2
20598,1
20599,2
20600,1
20601,0
20602,0
20603,0
20604,2
20605,0
20606,1
20607,1
20608,2
20609,2
20610,0
20611,0
20612,0
20613,2
20614,2
20615,2
20616,0
20617,0
20618,0
20619,0
20620,0
20621,2
20622,2
20623,0
20624,0
20625,2
20626,2
20627,0
20628,0
20629,2
20630,2
20631,0
20632,0
20633,0
20634,0
20635,0
20636,2
20637,2
20638,1
20639,2
20640,2
20641,2
20642,0
20643,2
20644,2
20645,1
20646,0
20647,0
20648,2
20649,2
20650,0
20651,0
20652,1
20653,0
20654,2
20655,2
20656,2
20657,0
20658,2
20659,0
20660,2
20661,2
20662,0
20663,2
20664,2
20665,2
20666,0
20667,2
20668,2
20669,2
20670,2
20671,0
20672,1
20673,0
20674,2
20675,0
20676,2
20677,0
20678,2
20679,2
20680,2
20681,0
20682,0
20683,0
20684,0
20685,0
20686,0
20687,0
20688,2
20689,2
20690,0
20691,0
20692,1
20693,2
20694,2
20695,2
20696,0
20697,2
20698,0
20699,2
20700,2
20701,0
20702,0
20703,0
20704,2
20705,2
20706,0
20707,2
20708,2
20709,2
20710,0
20711,2
20712,2
20713,0
20714,2
20715,0
20716,2
20717,2
20718,2
20719,2
20720,0
20721,0
20722,0
20723,2
20724,2
20725,0
20726,1
20727,0
20728,2
20729,2
20730,0
20731,2
20732,2
20733,2
20734,0
20735,2
20736,0
20737,0
20738,2
20739,2
20740,2
20741,0
20742,2
20743,2
20744,2
20745,0
20746,0
20747,2
20748,0
20749,0
20750,0
20751,0
20752,0
20753,0
20754,2
20755,0
20756,0
20757,0
20758,0
20759,0
20760,0
20761,0
20762,2
20763,2
20764,2
20765,0
20766,2
20767,2
20768,0
20769,0
20770,2
20771,2
20772,0
20773,2
20774,0
20775,2
20776,2
20777,0
20778,2
20779,2
20780,1
20781,0
20782,2
20783,2
20784,0
20785,0
20786,0
20787,0
20788,2
20789,2
20790,2
20791,2
20792,2
20793,0
20794,0
20795,0
20796,2
20797,0
20798,1
20799,1
20800,0
20801,1
20802,0
20803,2
20804,0
20805,0
20806,0
20807,2
20808,0
20809,2
20810,2
20811,0
20812,0
20813,0
20814,0
20815,0
20816,0
20817,0
20818,2
20819,0
20820,2
20821,2
20822,2
20823,0
20824,1
20825,2
20826,2
20827,2
20828,0
20829,1
20830,1
20831,0
20832,1
20833,0
20834,0
20835,2
20836,0
20837,2
20838,0
20839,0
20840,0
20841,2
20842,2
20843,2
20844,2
20845,1
20846,2
20847,0
20848,2
20849,0
20850,2
20851,2
20852,2
20853,0
20854,2
20855,0
20856,0
20857,1
20858,2
20859,0
20860,2
20861,2
20862,2
20863,2
20864,2
20865,1
20866,0
20867,2
20868,0
20869,0
20870,2
20871,0
20872,2
20873,0
20874,0
20875,0
20876,2
20877,0
20878,2
20879,2
20880,0
20881,2
20882,0
20883,2
20884,2
20885,2
20886,0
20887,2
20888,2
20889,0
20890,2
20891,2
20892,2
20893,0
20894,0
20895,2
20896,2
20897,2
20898,2
20899,2
20900,0
20901,2
20902,0
20903,0
20904,2
20905,0
20906,0
20907,2
20908,0
20909,2
20910,2
20911,0
20912,0
20913,0
20914,2
20915,0
20916,2
20917,0
20918,2
20919,2
20920,0
20921,0
20922,0
20923,0
20924,2
20925,2
20926,2
20927,2
20928,0
20929,2
20930,2
20931,0
20932,1
20933,1
20934,2
20935,0
20936,0
20937,0
20938,2
20939,0
20940,0
20941,0
20942,0
20943,2
20944,2
20945,2
20946,0
20947,2
20948,2
20949,2
20950,2
20951,2
20952,2
20953,2
20954,0
20955,0
20956,2
20957,2
20958,2
20959,2
20960,0
20961,2
20962,1
20963,2
20964,2
20965,0
20966,0
20967,0
20968,0
20969,2
20970,0
20971,0
20972,1
20973,0
20974,0
20975,0
20976,2
20977,2
20978,2
20979,1
20980,0
20981,0
20982,0
20983,2
20984,0
20985,0
20986,2
20987,0
20988,2
20989,2
20990,2
20991,0
20992,0
20993,2
20994,2
20995,0
20996,2
20997,0
20998,0
20999,2
21000,0
21001,0
21002,2
21003,2
21004,0
21005,0
21006,2
21007,0
21008,2
21009,0
21010,2
21011,2
21012,0
21013,2
21014,0
21015,0
21016,0
21017,2
21018,2
21019,2
21020,0
21021,2
21022,0
21023,2
21024,2
21025,0
21026,2
21027,0
21028,0
21029,0
21030,0
21031,0
21032,2
21033,0
21034,2
21035,0
21036,2
21037,0
21038,0
21039,2
21040,0
21041,2
21042,2
21043,0
21044,0
21045,0
21046,0
21047,0
21048,2
21049,2
21050,0
21051,0
21052,2
21053,0
21054,0
21055,2
21056,2
21057,2
21058,2
21059,2
21060,2
21061,0
21062,2
21063,2
21064,0
21065,2
21066,0
21067,2
21068,0
21069,2
21070,0
21071,0
21072,0
21073,2
21074,2
21075,0
21076,2
21077,0
21078,1
21079,0
21080,0
21081,0
21082,0
21083,2
21084,0
21085,0
21086,2
21087,2
21088,0
21089,2
21090,0
21091,2
21092,2
21093,0
21094,0
21095,0
21096,2
21097,2
21098,2
21099,2
21100,0
21101,0
21102,0
21103,0
21104,2
21105,2
21106,0
21107,2
21108,2
21109,2
21110,0
21111,2
21112,0
21113,0
21114,0
21115,1
21116,2
21117,0
21118,2
21119,2
21120,2
21121,2
21122,0
21123,0
21124,1
21125,2
21126,2
21127,0
21128,0
21129,2
21130,2
21131,2
21132,2
21133,0
21134,0
21135,2
21136,2
21137,0
21138,2
21139,2
21140,0
21141,0
21142,0
21143,2
21144,2
21145,0
21146,2
21147,0
21148,1
21149,2
21150,2
21151,2
21152,0
21153,0
21154,2
21155,0
21156,0
21157,2
21158,2
21159,0
21160,2
21161,2
21162,2
21163,0
21164,0
21165,2
21166,2
21167,2
21168,2
21169,1
21170,2
21171,2
21172,0
21173,0
21174,0
21175,0
21176,2
21177,0
21178,0
21179,0
21180,0
21181,2
21182,2
21183,2
21184,2
21185,2
21186,2
21187,2
21188,0
21189,0
21190,2
21191,2
21192,2
21193,2
21194,2
21195,0
21196,2
21197,2
21198,2
21199,2
21200,2
21201,0
21202,0
21203,2
21204,0
21205,2
21206,2
21207,0
21208,0
21209,2
21210,2
21211,2
21212,2
21213,0
21214,2
21215,2
21216,2
21217,2
21218,2
21219,2
21220,0
21221,2
21222,2
21223,0
21224,1
21225,0
21226,0
21227,2
21228,0
21229,2
21230,2
21231,2
21232,2
21233,2
21234,2
21235,0
21236,0
21237,0
21238,1
21239,2
21240,2
21241,2
21242,2
21243,0
21244,2
21245,1
21246,2
21247,0
21248,0
21249,2
21250,1
21251,2
21252,0
21253,2
21254,2
21255,0
21256,0
21257,2
21258,2
21259,2
21260,0
21261,0
21262,2
21263,2
21264,0
21265,0
21266,2
21267,2
21268,2
21269,0
21270,0
21271,2
21272,0
21273,0
21274,2
21275,2
21276,0
21277,2
21278,2
21279,0
21280,0
21281,2
21282,2
21283,2
21284,2
21285,2
21286,2
21287,2
21288,2
21289,2
21290,2
21291,1
21292,2
21293,0
21294,0
21295,0
21296,0
21297,2
21298,2
21299,1
21300,0
21301,2
21302,0
21303,0
21304,0
21305,2
21306,2
21307,2
21308,0
21309,0
21310,0
21311,2
21312,0
21313,0
21314,0
21315,1
21316,2
21317,2
21318,2
21319,0
21320,0
21321,0
21322,2
21323,0
21324,2
21325,0
21326,2
21327,2
21328,2
21329,0
21330,2
21331,2
21332,2
21333,0
21334,0
21335,0
21336,1
21337,1
21338,0
21339,0
21340,2
21341,0
21342,2
21343,0
21344,0
21345,0
21346,0
21347,2
21348,2
21349,2
21350,1
21351,2
21352,2
21353,0
21354,2
21355,1
21356,2
21357,2
21358,0
21359,2
21360,2
21361,1
21362,2
21363,0
21364,0
21365,0
21366,0
21367,2
21368,2
21369,0
21370,2
21371,2
21372,0
21373,1
21374,0
21375,2
21376,2
21377,0
21378,0
21379,2
21380,0
21381,0
21382,0
21383,0
21384,2
21385,2
21386,0
21387,1
21388,0
21389,2
21390,2
21391,0
21392,2
21393,0
21394,1
21395,2
21396,2
21397,0
21398,0
21399,0
21400,0
21401,0
21402,2
21403,2
21404,0
21405,0
21406,2
21407,1
21408,2
21409,0
21410,2
21411,2
21412,0
21413,0
21414,2
21415,2
21416,2
21417,0
21418,1
21419,2
21420,2
21421,2
21422,0
21423,0
21424,2
21425,2
21426,2
21427,0
21428,0
21429,2
21430,2
21431,2
21432,0
21433,0
21434,2
21435,2
21436,2
21437,2
21438,0
21439,0
21440,1
21441,2
21442,2
21443,2
21444,2
21445,2
21446,0
21447,2
21448,2
21449,2
21450,2
21451,0
21452,0
21453,2
21454,0
21455,0
21456,2
21457,2
21458,0
21459,0
21460,0
21461,0
21462,0
21463,0
21464,0
21465,2
21466,0
21467,2
21468,0
21469,0
21470,0
21471,1
21472,2
21473,2
21474,2
21475,2
21476,2
21477,0
21478,2
21479,0
21480,0
21481,0
21482,2
21483,2
21484,0
21485,2
21486,2
21487,0
21488,2
21489,2
21490,2
21491,0
21492,2
21493,2
21494,0
21495,1
21496,2
21497,0
21498,2
21499,0
21500,2
21501,2
21502,2
21503,0
21504,0
21505,2
21506,2
21507,0
21508,2
21509,0
21510,2
21511,1
21512,0
21513,2
21514,0
21515,2
21516,1
21517,0
21518,2
21519,0
21520,0
21521,0
21522,2
21523,0
21524,2
21525,2
21526,2
21527,2
21528,2
21529,2
21530,0
21531,2
21532,1
21533,2
21534,0
21535,2
21536,1
21537,2
21538,2
21539,2
21540,2
21541,2
21542,2
21543,0
21544,0
21545,0
21546,0
21547,0
21548,0
21549,1
21550,2
21551,0
21552,0
21553,2
21554,0
21555,0
21556,0
21557,0
21558,0
21559,0
21560,0
21561,2
21562,0
21563,2
21564,2
21565,2
21566,2
21567,0
21568,2
21569,0
21570,2
21571,0
21572,1
21573,0
21574,2
21575,0
21576,2
21577,0
21578,0
21579,0
21580,2
21581,0
21582,2
21583,1
21584,0
21585,0
21586,2
21587,2
21588,0
21589,2
21590,0
21591,0
21592,2
21593,2
21594,0
21595,0
21596,2
21597,0
21598,2
21599,0
21600,1
21601,2
21602,0
21603,0
21604,2
21605,0
21606,0
21607,0
21608,2
21609,2
21610,0
21611,0
21612,0
21613,0
21614,0
21615,2
21616,2
21617,0
21618,2
21619,2
21620,2
21621,2
21622,2
21623,0
21624,2
21625,2
21626,2
21627,2
21628,0
21629,2
21630,0
21631,0
21632,0
21633,0
21634,0
21635,2
21636,0
21637,2
21638,2
21639,0
21640,0
21641,2
21642,0
21643,0
21644,2
21645,0
21646,1
21647,1
21648,0
21649,2
21650,1
21651,2
21652,0
21653,1
21654,2
21655,0
21656,2
21657,0
21658,0
21659,2
21660,2
21661,2
21662,2
21663,0
21664,0
21665,0
21666,0
21667,2
21668,2
21669,0
21670,2
21671,2
21672,2
21673,2
21674,0
21675,1
21676,2
21677,0
21678,0
21679,0
21680,0
21681,0
21682,0
21683,0
21684,0
21685,0
21686,0
21687,2
21688,0
21689,0
21690,2
21691,0
21692,2
21693,2
21694,0
21695,0
21696,0
21697,0
21698,2
21699,2
21700,0
21701,0
21702,0
21703,2
21704,0
21705,0
21706,2
21707,0
21708,0
21709,0
21710,0
21711,0
21712,0
21713,0
21714,0
21715,2
21716,0
21717,2
21718,0
21719,2
21720,2
21721,0
21722,0
21723,2
21724,0
21725,2
21726,0
21727,2
21728,2
21729,2
21730,2
21731,2
21732,0
21733,0
21734,0
21735,0
21736,2
21737,2
21738,0
21739,0
21740,2
21741,2
21742,0
21743,1
21744,0
21745,2
21746,2
21747,0
21748,0
21749,0
21750,0
21751,2
21752,0
21753,2
21754,0
21755,2
21756,2
21757,2
21758,0
21759,0
21760,0
21761,0
21762,2
21763,2
21764,0
21765,0
21766,0
21767,2
21768,2
21769,2
21770,0
21771,0
21772,0
21773,2
21774,0
21775,0
21776,0
21777,0
21778,2
21779,0
21780,2
21781,0
21782,0
21783,0
21784,2
21785,2
21786,2
21787,2
21788,0
21789,0
21790,2
21791,1
21792,2
21793,2
21794,0
21795,0
21796,1
21797,2
21798,0
21799,0
21800,2
21801,1
21802,2
21803,2
21804,2
21805,0
21806,0
21807,2
21808,2
21809,0
21810,0
21811,2
21812,0
21813,2
21814,2
21815,2
21816,0
21817,2
21818,2
21819,2
21820,1
21821,2
21822,2
21823,0
21824,2
21825,2
21826,2
21827,0
21828,2
21829,2
21830,2
21831,2
21832,0
21833,2
21834,0
21835,0
21836,0
21837,0
21838,2
21839,2
21840,2
21841,1
21842,2
21843,0
21844,2
21845,0
21846,2
21847,2
21848,2
21849,0
21850,2
21851,2
21852,0
21853,0
21854,2
21855,1
21856,2
21857,2
21858,2
21859,1
21860,2
21861,2
21862,2
21863,2
21864,2
21865,2
21866,0
21867,0
21868,2
21869,2
21870,0
21871,0
21872,0
21873,2
21874,0
21875,0
21876,2
21877,2
21878,0
21879,0
21880,2
21881,0
21882,0
21883,2
21884,2
21885,0
21886,2
21887,2
21888,0
21889,2
21890,0
21891,2
21892,2
21893,0
21894,1
21895,2
21896,0
21897,2
21898,0
21899,0
21900,0
21901,0
21902,2
21903,1
21904,0
21905,2
21906,0
21907,2
21908,2
21909,0
21910,0
21911,2
21912,2
21913,2
21914,2
21915,2
21916,0
21917,0
21918,0
21919,2
21920,1
21921,0
21922,2
21923,0
21924,0
21925,2
21926,2
21927,0
21928,0
21929,2
21930,0
21931,0
21932,0
21933,2
21934,0
21935,0
21936,2
21937,0
21938,0
21939,1
21940,2
21941,0
21942,0
21943,0
21944,2
21945,2
21946,0
21947,2
21948,2
21949,0
21950,2
21951,0
21952,2
21953,0
21954,1
21955,0
21956,1
21957,0
21958,0
21959,2
21960,0
21961,0
21962,2
21963,2
21964,2
21965,0
21966,2
21967,2
21968,2
21969,0
21970,1
21971,0
21972,2
21973,0
21974,0
21975,2
21976,0
21977,0
21978,2
21979,2
21980,0
21981,0
21982,1
21983,0
21984,2
21985,2
21986,0
21987,2
21988,1
21989,0
21990,2
21991,2
21992,0
21993,2
21994,2
21995,2
21996,2
21997,2
21998,2
21999,2
22000,0
22001,2
22002,2
22003,2
22004,0
22005,0
22006,2
22007,0
22008,0
22009,0
22010,2
22011,1
22012,0
22013,0
22014,2
22015,2
22016,0
22017,0
22018,2
22019,0
22020,1
22021,0
22022,2
22023,0
22024,2
22025,2
22026,0
22027,0
22028,2
22029,2
22030,0
22031,2
22032,0
22033,2
22034,0
22035,0
22036,2
22037,2
22038,2
22039,0
22040,0
22041,0
22042,0
22043,2
22044,1
22045,0
22046,2
22047,2
22048,2
22049,2
22050,0
22051,0
22052,0
22053,2
22054,2
22055,0
22056,2
22057,0
22058,2
22059,2
22060,1
22061,0
22062,0
22063,2
22064,2
22065,2
22066,2
22067,0
22068,2
22069,0
22070,0
22071,0
22072,2
22073,0
22074,2
22075,0
22076,0
22077,0
22078,0
22079,0
22080,0
22081,2
22082,2
22083,2
22084,0
22085,2
22086,0
22087,0
22088,0
22089,2
22090,0
22091,0
22092,2
22093,0
22094,2
22095,0
22096,0
22097,0
22098,2
22099,2
22100,2
22101,0
22102,0
22103,0
22104,0
22105,2
22106,0
22107,2
22108,2
22109,1
22110,0
22111,2
22112,2
22113,0
22114,2
22115,2
22116,2
22117,2
22118,0
22119,2
22120,0
22121,0
22122,0
22123,2
22124,0
22125,0
22126,2
22127,2
22128,2
22129,0
22130,2
22131,2
22132,0
22133,1
22134,2
22135,2
22136,2
22137,2
22138,2
22139,2
22140,2
22141,2
22142,2
22143,2
22144,0
22145,2
22146,0
22147,2
22148,2
22149,1
22150,0
22151,2
22152,0
22153,0
22154,0
22155,0
22156,0
22157,2
22158,0
22159,2
22160,2
22161,2
22162,0
22163,0
22164,1
22165,0
22166,2
22167,0
22168,0
22169,2
22170,0
22171,0
22172,2
22173,0
22174,0
22175,1
22176,0
22177,0
22178,0
22179,0
22180,0
22181,2
22182,0
22183,1
22184,2
22185,2
22186,0
22187,0
22188,2
22189,2
22190,0
22191,2
22192,2
22193,2
22194,2
22195,2
22196,0
22197,0
22198,0
22199,0
22200,2
22201,0
22202,1
22203,2
22204,2
22205,2
22206,0
22207,0
22208,2
22209,2
22210,0
22211,2
22212,2
22213,0
22214,2
22215,0
22216,2
22217,0
22218,2
22219,2
22220,2
22221,0
22222,1
22223,2
22224,0
22225,2
22226,0
22227,1
22228,2
22229,0
22230,0
22231,2
22232,0
22233,0
22234,2
22235,1
22236,0
22237,2
22238,2
22239,2
22240,2
22241,1
22242,0
22243,0
22244,0
22245,2
22246,0
22247,0
22248,2
22249,0
22250,0
22251,0
22252,0
22253,2
22254,0
22255,0
22256,2
22257,2
22258,2
22259,2
22260,1
22261,0
22262,0
22263,0
22264,0
22265,2
22266,0
22267,1
22268,2
22269,0
22270,1
22271,2
22272,0
22273,0
22274,2
22275,2
22276,0
22277,0
22278,0
22279,0
22280,2
22281,0
22282,2
22283,0
22284,1
22285,2
22286,0
22287,2
22288,0
22289,2
22290,2
22291,2
22292,2
22293,0
22294,0
22295,2
22296,0
22297,2
22298,0
22299,2
22300,0
22301,2
22302,2
22303,0
22304,2
22305,0
22306,0
22307,2
22308,0
22309,2
22310,0
22311,2
22312,2
22313,0
22314,0
22315,2
22316,0
22317,2
22318,2
22319,0
22320,0
22321,2
22322,2
22323,2
22324,2
22325,0
22326,0
22327,0
22328,2
22329,2
22330,2
22331,2
22332,0
22333,0
22334,2
22335,2
22336,2
22337,2
22338,0
22339,0
22340,2
22341,2
22342,2
22343,0
22344,0
22345,2
22346,0
22347,1
22348,0
22349,0
22350,0
22351,2
22352,2
22353,0
22354,0
22355,2
22356,0
22357,0
22358,2
22359,2
22360,2
22361,0
22362,0
22363,0
22364,2
22365,2
22366,0
22367,0
22368,2
22369,0
22370,0
22371,0
22372,2
22373,0
22374,0
22375,2
22376,2
22377,2
22378,2
22379,0
22380,2
22381,2
22382,2
22383,1
22384,0
22385,2
22386,0
22387,0
22388,0
22389,2
22390,0
22391,2
22392,2
22393,2
22394,0
22395,1
22396,2
22397,2
22398,0
22399,0
22400,0
22401,2
22402,2
22403,0
22404,0
22405,2
22406,0
22407,2
22408,2
22409,2
22410,2
22411,0
22412,0
22413,2
22414,0
22415,2
22416,0
22417,0
22418,2
22419,2
22420,0
22421,0
22422,0
22423,0
22424,2
22425,0
22426,2
22427,0
22428,0
22429,2
22430,0
22431,2
22432,0
22433,2
22434,2
22435,0
22436,2
22437,0
22438,0
22439,0
22440,2
22441,1
22442,2
22443,2
22444,2
22445,0
22446,0
22447,2
22448,0
22449,0
22450,0
22451,0
22452,2
22453,0
22454,0
22455,0
22456,2
22457,2
22458,0
22459,0
22460,2
22461,0
22462,0
22463,1
22464,0
22465,2
22466,0
22467,2
22468,2
22469,2
22470,2
22471,2
22472,2
22473,0
22474,0
22475,0
22476,2
22477,0
22478,0
22479,1
22480,0
22481,2
22482,0
22483,0
22484,2
22485,2
22486,2
22487,2
22488,0
22489,2
22490,0
22491,2
22492,2
22493,0
22494,2
22495,0
22496,1
22497,2
22498,2
22499,0
22500,2
22501,2
22502,1
22503,0
22504,1
22505,2
22506,1
22507,0
22508,0
22509,1
22510,0
22511,2
22512,2
22513,0
22514,0
22515,0
22516,0
22517,2
22518,2
22519,2
22520,2
22521,0
22522,2
22523,0
22524,0
22525,2
22526,2
22527,2
22528,0
22529,2
22530,2
22531,0
22532,0
22533,0
22534,2
22535,2
22536,0
22537,0
22538,2
22539,2
22540,1
22541,0
22542,2
22543,2
22544,0
22545,0
22546,0
22547,2
22548,0
22549,0
22550,2
22551,0
22552,1
22553,0
22554,2
22555,2
22556,2
22557,2
22558,2
22559,0
22560,0
22561,2
22562,0
22563,0
22564,2
22565,1
22566,2
22567,2
22568,2
22569,2
22570,0
22571,0
22572,0
22573,0
22574,2
22575,2
22576,0
22577,2
22578,2
22579,0
22580,2
22581,0
22582,0
22583,1
22584,2
22585,2
22586,2
22587,2
22588,0
22589,2
22590,0
22591,0
22592,0
22593,2
22594,2
22595,2
22596,0
22597,0
22598,1
22599,2
22600,0
22601,0
22602,2
22603,0
22604,2
22605,0
22606,0
22607,0
22608,1
22609,2
22610,0
22611,2
22612,0
22613,0
22614,0
22615,2
22616,0
22617,2
22618,2
22619,0
22620,0
22621,0
22622,0
22623,0
22624,2
22625,2
22626,2
22627,2
22628,0
22629,2
22630,2
22631,0
22632,0
22633,2
22634,2
22635,0
22636,0
22637,0
22638,2
22639,0
22640,0
22641,2
22642,2
22643,2
22644,2
22645,0
22646,1
22647,0
22648,2
22649,2
22650,0
22651,0
22652,0
22653,0
22654,0
22655,2
22656,2
22657,0
22658,2
22659,2
22660,0
22661,0
22662,0
22663,0
22664,1
22665,2
22666,0
22667,2
22668,0
22669,0
22670,2
22671,0
22672,2
22673,2
22674,2
22675,2
22676,0
22677,2
22678,0
22679,2
22680,0
22681,0
22682,2
22683,0
22684,2
22685,2
22686,0
22687,0
22688,0
22689,2
22690,2
22691,2
22692,2
22693,0
22694,2
22695,1
22696,1
22697,2
22698,2
22699,0
22700,0
22701,2
22702,0
22703,0
22704,2
22705,1
22706,2
22707,0
22708,0
22709,2
22710,2
22711,2
22712,0
22713,0
22714,2
22715,0
22716,0
22717,2
22718,2
22719,2
22720,0
22721,2
22722,0
22723,2
22724,0
22725,2
22726,0
22727,0
22728,2
22729,0
22730,2
22731,0
22732,2
22733,2
22734,2
22735,2
22736,2
22737,2
22738,2
22739,2
22740,2
22741,0
22742,2
22743,2
22744,0
22745,2
22746,0
22747,2
22748,2
22749,2
22750,0
22751,2
22752,2
22753,2
22754,2
22755,2
22756,2
22757,2
22758,2
22759,1
22760,0
22761,2
22762,0
22763,1
22764,2
22765,2
22766,0
22767,2
22768,0
22769,0
22770,2
22771,2
22772,2
22773,2
22774,0
22775,2
22776,0
22777,2
22778,0
22779,2
22780,0
22781,2
22782,0
22783,0
22784,2
22785,2
22786,2
22787,2
22788,0
22789,2
22790,2
22791,2
22792,2
22793,0
22794,2
22795,0
22796,2
22797,0
22798,1
22799,0
22800,0
22801,2
22802,0
22803,0
22804,0
22805,2
22806,0
22807,0
22808,2
22809,0
22810,2
22811,2
22812,2
22813,0
22814,0
22815,0
22816,0
22817,0
22818,0
22819,2
22820,0
22821,2
22822,2
22823,0
22824,2
22825,2
22826,0
22827,2
22828,2
22829,2
22830,0
22831,0
22832,2
22833,0
22834,0
22835,0
22836,2
22837,0
22838,2
22839,0
22840,0
22841,2
22842,0
22843,2
22844,2
22845,2
22846,2
22847,0
22848,1
22849,2
22850,2
22851,0
22852,2
22853,2
22854,0
22855,2
22856,0
22857,1
22858,2
22859,0
22860,2
22861,0
22862,2
22863,0
22864,0
22865,2
22866,2
22867,2
22868,2
22869,0
22870,0
22871,0
22872,2
22873,0
22874,0
22875,2
22876,2
22877,2
22878,2
22879,0
22880,0
22881,2
22882,2
22883,2
22884,2
22885,2
22886,2
22887,0
22888,2
22889,2
22890,0
22891,0
22892,2
22893,0
22894,2
22895,2
22896,2
22897,2
22898,2
22899,0
22900,0
22901,2
22902,2
22903,2
22904,0
22905,2
22906,2
22907,0
22908,2
22909,0
22910,0
22911,0
22912,2
22913,0
22914,1
22915,0
22916,0
22917,2
22918,0
22919,0
22920,0
22921,1
22922,2
22923,2
22924,2
22925,0
22926,2
22927,2
22928,2
22929,0
22930,2
22931,0
22932,0
22933,2
22934,0
22935,2
22936,2
22937,2
22938,2
22939,0
22940,0
22941,0
22942,0
22943,0
22944,2
22945,0
22946,0
22947,0
22948,0
22949,0
22950,2
22951,0
22952,2
22953,0
22954,1
22955,0
22956,2
22957,2
22958,2
22959,2
22960,2
22961,0
22962,2
22963,2
22964,0
22965,0
22966,0
22967,2
22968,0
22969,0
22970,0
22971,2
22972,1
22973,0
22974,2
22975,2
22976,2
22977,0
22978,2
22979,0
22980,0
22981,0
22982,0
22983,2
22984,0
22985,2
22986,1
22987,0
22988,0
22989,2
22990,0
22991,0
22992,2
22993,0
22994,2
22995,2
22996,2
22997,0
22998,0
22999,0
23000,2
23001,2
23002,2
23003,0
23004,0
23005,0
23006,2
23007,2
23008,0
23009,0
23010,2
23011,2
23012,0
23013,2
23014,0
23015,0
23016,2
23017,0
23018,0
23019,0
23020,2
23021,2
23022,1
23023,0
23024,0
23025,2
23026,2
23027,2
23028,2
23029,0
23030,2
23031,2
23032,0
23033,0
23034,0
23035,2
23036,2
23037,0
23038,2
23039,2
23040,0
23041,2
23042,2
23043,0
23044,2
23045,2
23046,2
23047,0
23048,0
23049,2
23050,0
23051,2
23052,0
23053,1
23054,0
23055,0
23056,0
23057,2
23058,2
23059,2
23060,2
23061,2
23062,2
23063,0
23064,2
23065,1
23066,0
23067,2
23068,0
23069,2
23070,2
23071,2
23072,2
23073,0
23074,0
23075,0
23076,0
23077,1
23078,2
23079,2
23080,0
23081,0
23082,0
23083,0
23084,0
23085,1
23086,0
23087,0
23088,0
23089,2
23090,2
23091,2
23092,2
23093,0
23094,0
23095,2
23096,0
23097,2
23098,2
23099,0
23100,0
23101,2
23102,2
23103,0
23104,2
23105,2
23106,2
23107,0
23108,0
23109,0
23110,0
23111,2
23112,2
23113,2
23114,1
23115,0
23116,2
23117,0
23118,0
23119,2
23120,0
23121,2
23122,2
23123,2
23124,1
23125,1
23126,2
23127,2
23128,0
23129,2
23130,0
23131,2
23132,2
23133,0
23134,0
23135,0
23136,2
23137,0
23138,0
23139,0
23140,2
23141,0
23142,1
23143,2
23144,2
23145,2
23146,0
23147,0
23148,0
23149,0
23150,2
23151,2
23152,2
23153,0
23154,0
23155,2
23156,0
23157,0
23158,2
23159,2
23160,0
23161,2
23162,2
23163,2
23164,2
23165,2
23166,2
23167,2
23168,2
23169,2
23170,2
23171,2
23172,0
23173,0
23174,2
23175,2
23176,0
23177,2
23178,2
23179,0
23180,0
23181,0
23182,2
23183,2
23184,0
23185,2
23186,2
23187,0
23188,2
23189,0
23190,0
23191,0
23192,0
23193,2
23194,2
23195,0
23196,2
23197,0
23198,2
23199,0
23200,0
23201,2
23202,0
23203,0
23204,2
23205,0
23206,0
23207,2
23208,0
23209,2
23210,1
23211,0
23212,2
23213,2
23214,2
23215,2
23216,0
23217,0
23218,0
23219,2
23220,0
23221,0
23222,2
23223,0
23224,2
23225,0
23226,0
23227,0
23228,0
23229,0
23230,2
23231,2
23232,2
23233,0
23234,0
23235,2
23236,0
23237,2
23238,2
23239,2
23240,0
23241,2
23242,2
23243,1
23244,0
23245,2
23246,2
23247,0
23248,1
23249,0
23250,2
23251,2
23252,0
23253,0
23254,0
23255,2
23256,2
23257,2
23258,0
23259,2
23260,0
23261,2
23262,2
23263,0
23264,0
23265,2
23266,0
23267,0
23268,2
23269,0
23270,2
23271,2
23272,2
23273,1
23274,2
23275,2
23276,2
23277,2
23278,2
23279,2
23280,0
23281,2
23282,0
23283,1
23284,0
23285,2
23286,2
23287,2
23288,2
23289,0
23290,2
23291,0
23292,2
23293,2
23294,0
23295,2
23296,2
23297,2
23298,2
23299,2
23300,0
23301,1
23302,0
23303,2
23304,0
23305,0
23306,0
23307,2
23308,0
23309,0
23310,2
23311,0
23312,2
23313,2
23314,1
23315,0
23316,0
23317,2
23318,2
23319,2
23320,2
23321,0
23322,2
23323,2
23324,2
23325,2
23326,2
23327,0
23328,2
23329,0
23330,0
23331,2
23332,0
23333,0
23334,2
23335,0
23336,2
23337,0
23338,2
23339,2
23340,0
23341,2
23342,0
23343,0
23344,0
23345,0
23346,2
23347,2
23348,0
23349,2
23350,1
23351,2
23352,0
23353,2
23354,0
23355,2
23356,2
23357,0
23358,2
23359,2
23360,0
23361,0
23362,2
23363,2
23364,2
23365,0
23366,2
23367,2
23368,2
23369,2
23370,2
23371,0
23372,0
23373,0
23374,2
23375,0
23376,2
23377,2
23378,2
23379,2
23380,0
23381,2
23382,2
23383,1
23384,2
23385,2
23386,2
23387,2
23388,0
23389,2
23390,0
23391,2
23392,2
23393,2
23394,0
23395,2
23396,0
23397,2
23398,2
23399,1
23400,0
23401,0
23402,0
23403,0
23404,0
23405,0
23406,2
23407,0
23408,0
23409,0
23410,2
23411,2
23412,2
23413,0
23414,0
23415,2
23416,2
23417,0
23418,2
23419,0
23420,0
23421,2
23422,2
23423,0
23424,2
23425,2
23426,2
23427,2
23428,2
23429,2
23430,2
23431,2
23432,0
23433,2
23434,2
23435,0
23436,2
23437,2
23438,2
23439,2
23440,0
23441,0
23442,2
23443,2
23444,2
23445,0
23446,2
23447,1
23448,0
23449,2
23450,0
23451,0
23452,2
23453,2
23454,2
23455,2
23456,2
23457,2
23458,0
23459,2
23460,0
23461,0
23462,2
23463,2
23464,0
23465,0
23466,2
23467,2
23468,2
23469,2
23470,0
23471,0
23472,2
23473,0
23474,0
23475,1
23476,2
23477,2
23478,0
