index,cluster
0,2
1,1
2,1
3,2
4,1
5,2
6,2
7,2
8,1
9,2
10,0
11,0
12,2
13,1
14,1
15,2
16,0
17,2
18,1
19,0
20,0
21,2
22,0
23,0
24,0
25,1
26,2
27,1
28,2
29,1
30,2
31,1
32,0
33,1
34,1
35,0
36,0
37,0
38,1
39,2
40,1
41,2
42,1
43,0
44,1
45,1
46,0
47,0
48,0
49,0
50,1
51,1
52,0
53,2
54,1
55,0
56,2
57,1
58,1
59,1
60,1
61,0
62,2
63,1
64,0
65,0
66,1
67,2
68,2
69,0
70,1
71,1
72,1
73,0
74,0
75,0
76,0
77,1
78,2
79,0
80,2
81,0
82,2
83,0
84,0
85,0
86,1
87,1
88,1
89,1
90,1
91,2
92,1
93,2
94,0
95,2
96,0
97,1
98,0
99,0
100,2
101,1
102,2
103,0
104,2
105,1
106,0
107,0
108,1
109,2
110,1
111,2
112,0
113,1
114,0
115,1
116,1
117,2
118,0
119,2
120,1
121,2
122,0
123,1
124,1
125,1
126,1
127,1
128,1
129,2
130,1
131,1
132,1
133,0
134,1
135,1
136,0
137,2
138,1
139,2
140,2
141,2
142,0
143,2
144,2
145,1
146,1
147,2
148,0
149,0
150,2
151,1
152,2
153,1
154,0
155,1
156,1
157,0
158,0
159,2
160,0
161,2
162,1
163,2
164,1
165,0
166,2
167,0
168,2
169,0
170,0
171,1
172,2
173,2
174,1
175,0
176,1
177,1
178,0
179,2
180,1
181,2
182,1
183,2
184,1
185,1
186,0
187,0
188,1
189,2
190,2
191,1
192,2
193,1
194,0
195,0
196,0
197,1
198,0
199,2
200,2
201,2
202,1
203,1
204,2
205,0
206,1
207,1
208,0
209,2
210,1
211,1
212,0
213,0
214,2
215,0
216,2
217,1
218,1
219,2
220,1
221,1
222,1
223,2
224,0
225,2
226,0
227,2
228,1
229,2
230,1
231,2
232,2
233,0
234,2
235,0
236,1
237,0
238,2
239,0
240,0
241,2
242,2
243,0
244,1
245,1
246,0
247,1
248,2
249,1
250,0
251,2
252,1
253,2
254,2
255,1
256,2
257,1
258,0
259,2
260,1
261,0
262,1
263,1
264,1
265,0
266,0
267,0
268,1
269,1
270,0
271,2
272,0
273,2
274,1
275,0
276,0
277,1
278,2
279,1
280,1
281,1
282,1
283,2
284,2
285,1
286,1
287,0
288,0
289,1
290,0
291,1
292,2
293,2
294,1
295,2
296,1
297,1
298,0
299,1
300,1
301,2
302,2
303,0
304,1
305,0
306,1
307,0
308,2
309,0
310,1
311,0
312,0
313,1
314,2
315,1
316,2
317,2
318,1
319,1
320,1
321,1
322,1
323,1
324,1
325,0
326,1
327,1
328,2
329,2
330,2
331,2
332,1
333,2
334,2
335,1
336,2
337,1
338,1
339,1
340,1
341,2
342,1
343,1
344,1
345,1
346,2
347,2
348,1
349,0
350,0
351,1
352,2
353,2
354,2
355,1
356,1
357,1
358,1
359,2
360,0
361,0
362,2
363,2
364,1
365,2
366,2
367,2
368,1
369,0
370,2
371,2
372,1
373,1
374,2
375,1
376,0
377,2
378,1
379,2
380,1
381,0
382,1
383,1
384,0
385,2
386,1
387,2
388,1
389,1
390,0
391,1
392,1
393,1
394,2
395,2
396,1
397,1
398,1
399,1
400,1
401,1
402,2
403,0
404,2
405,1
406,2
407,2
408,1
409,1
410,1
411,2
412,1
413,1
414,2
415,1
416,1
417,1
418,1
419,1
420,1
421,2
422,2
423,1
424,1
425,0
426,1
427,2
428,2
429,0
430,2
431,2
432,2
433,2
434,2
435,0
436,0
437,1
438,2
439,1
440,2
441,0
442,0
443,0
444,2
445,2
446,0
447,0
448,1
449,0
450,2
451,1
452,2
453,1
454,1
455,1
456,2
457,1
458,1
459,2
460,1
461,2
462,2
463,1
464,1
465,0
466,2
467,0
468,1
469,2
470,0
471,0
472,2
473,2
474,2
475,2
476,1
477,2
478,2
479,1
480,2
481,1
482,2
483,0
484,0
485,0
486,1
487,2
488,2
489,1
490,2
491,2
492,0
493,0
494,0
495,2
496,2
497,1
498,2
499,2
500,2
501,2
502,2
503,0
504,0
505,0
506,2
507,1
508,2
509,2
510,2
511,1
512,2
513,2
514,2
515,2
516,1
517,1
518,1
519,1
520,1
521,1
522,2
523,2
524,1
525,2
526,0
527,2
528,2
529,2
530,1
531,1
532,1
533,0
534,1
535,1
536,2
537,1
538,2
539,1
540,2
541,1
542,0
543,2
544,1
545,2
546,1
547,2
548,1
549,2
550,1
551,0
552,1
553,1
554,0
555,2
556,1
557,0
558,0
559,1
560,0
561,1
562,1
563,2
564,2
565,2
566,1
567,1
568,0
569,0
570,1
571,0
572,2
573,1
574,1
575,2
576,0
577,2
578,0
579,2
580,2
581,2
582,0
583,0
584,2
585,1
586,0
587,1
588,0
589,0
590,0
591,2
592,1
593,1
594,2
595,0
596,1
597,2
598,1
599,0
600,1
601,1
602,1
603,2
604,1
605,2
606,2
607,1
608,0
609,1
610,2
611,2
612,0
613,0
614,2
615,0
616,0
617,2
618,1
619,0
620,2
621,2
622,1
623,1
624,2
625,1
626,2
627,0
628,1
629,1
630,1
631,1
632,2
633,1
634,1
635,2
636,0
637,1
638,1
639,1
640,0
641,2
642,1
643,2
644,1
645,1
646,0
647,0
648,0
649,1
650,1
651,1
652,1
653,2
654,2
655,2
656,2
657,2
658,1
659,1
660,2
661,0
662,2
663,2
664,1
665,1
666,1
667,1
668,1
669,2
670,1
671,0
672,0
673,0
674,1
675,1
676,2
677,0
678,2
679,1
680,1
681,2
682,0
683,0
684,1
685,2
686,0
687,2
688,2
689,0
690,1
691,1
692,1
693,2
694,1
695,0
696,0
697,2
698,0
699,1
700,1
701,2
702,1
703,1
704,1
705,0
706,1
707,1
708,0
709,2
710,0
711,0
712,2
713,1
714,1
715,2
716,1
717,1
718,1
719,2
720,1
721,1
722,2
723,0
724,1
725,1
726,2
727,0
728,0
729,1
730,2
731,1
732,2
733,2
734,2
735,1
736,0
737,2
738,1
739,2
740,0
741,0
742,0
743,2
744,1
745,0
746,1
747,1
748,1
749,0
750,0
751,2
752,0
753,2
754,2
755,0
756,0
757,0
758,0
759,1
760,0
761,2
762,2
763,1
764,2
765,1
766,1
767,2
768,0
769,2
770,0
771,1
772,1
773,1
774,1
775,1
776,0
777,1
778,1
779,0
780,0
781,0
782,0
783,1
784,0
785,1
786,1
787,1
788,0
789,2
790,1
791,1
792,0
793,0
794,1
795,1
796,1
797,2
798,1
799,2
800,2
801,0
802,0
803,1
804,1
805,1
806,0
807,1
808,1
809,0
810,1
811,1
812,1
813,0
814,1
815,1
816,1
817,1
818,1
819,0
820,2
821,0
822,1
823,1
824,1
825,2
826,0
827,2
828,2
829,2
830,2
831,1
832,2
833,0
834,1
835,1
836,2
837,2
838,0
839,2
840,1
841,0
842,0
843,0
844,1
845,1
846,1
847,1
848,2
849,2
850,1
851,0
852,1
853,0
854,1
855,2
856,0
857,0
858,0
859,2
860,1
861,0
862,0
863,0
864,1
865,2
866,2
867,1
868,0
869,0
870,2
871,2
872,2
873,2
874,1
875,0
876,2
877,0
878,1
879,2
880,2
881,2
882,1
883,1
884,2
885,1
886,1
887,1
888,0
889,1
890,0
891,1
892,1
893,2
894,1
895,2
896,2
897,2
898,2
899,1
900,1
901,2
902,0
903,1
904,2
905,0
906,1
907,1
908,2
909,2
910,0
911,0
912,2
913,2
914,2
915,2
916,0
917,1
918,1
919,2
920,2
921,0
922,1
923,2
924,2
925,1
926,0
927,0
928,2
929,1
930,1
931,1
932,1
933,0
934,0
935,2
936,0
937,1
938,1
939,2
940,1
941,2
942,0
943,2
944,2
945,2
946,0
947,2
948,0
949,2
950,2
951,1
952,1
953,2
954,2
955,1
956,2
957,2
958,2
959,2
960,0
961,0
962,2
963,0
964,0
965,1
966,0
967,2
968,1
969,1
970,1
971,1
972,2
973,1
974,0
975,0
976,1
977,0
978,1
979,0
980,2
981,1
982,1
983,1
984,1
985,0
986,1
987,2
988,2
989,1
990,2
991,1
992,2
993,0
994,1
995,1
996,2
997,0
998,1
999,2
1000,1
1001,1
1002,2
1003,1
1004,2
1005,0
1006,2
1007,1
1008,1
1009,1
1010,1
1011,0
1012,0
1013,1
1014,2
1015,2
1016,2
1017,0
1018,2
1019,1
1020,2
1021,1
1022,1
1023,2
1024,2
1025,0
1026,0
1027,2
1028,2
1029,1
1030,0
1031,1
1032,1
1033,0
1034,1
1035,2
1036,2
1037,1
1038,1
1039,0
1040,0
1041,1
1042,0
1043,1
1044,2
1045,1
1046,2
1047,0
1048,1
1049,1
1050,1
1051,1
1052,0
1053,2
1054,1
1055,2
1056,2
1057,1
1058,1
1059,1
1060,0
1061,1
1062,0
1063,0
1064,0
1065,2
1066,2
1067,1
1068,0
1069,0
1070,1
1071,2
1072,2
1073,1
1074,0
1075,0
1076,2
1077,2
1078,0
1079,2
1080,2
1081,0
1082,1
1083,1
1084,0
1085,2
1086,2
1087,1
1088,1
1089,0
1090,0
1091,2
1092,0
1093,1
1094,2
1095,1
1096,1
1097,1
1098,2
1099,1
1100,2
1101,2
1102,2
1103,1
1104,1
1105,0
1106,2
1107,1
1108,1
1109,1
1110,1
1111,0
1112,2
1113,1
1114,0
1115,2
1116,2
1117,1
1118,2
1119,2
1120,1
1121,0
1122,1
1123,1
1124,0
1125,0
1126,2
1127,0
1128,2
1129,2
1130,2
1131,2
1132,2
1133,2
1134,1
1135,0
1136,2
1137,2
1138,0
1139,1
1140,2
1141,1
1142,1
1143,2
1144,2
1145,2
1146,2
1147,0
1148,2
1149,2
1150,2
1151,1
1152,2
1153,1
1154,1
1155,1
1156,1
1157,0
1158,1
1159,0
1160,2
1161,1
1162,1
1163,2
1164,2
1165,1
1166,0
1167,1
1168,0
1169,1
1170,0
1171,1
1172,2
1173,0
1174,2
1175,2
1176,2
1177,1
1178,1
1179,0
1180,0
1181,0
1182,1
1183,2
1184,1
1185,0
1186,2
1187,2
1188,1
1189,0
1190,1
1191,1
1192,1
1193,1
1194,0
1195,0
1196,0
1197,0
1198,2
1199,0
1200,2
1201,1
1202,1
1203,2
1204,1
1205,0
1206,2
1207,2
1208,1
1209,1
1210,2
1211,1
1212,0
1213,1
1214,2
1215,1
1216,0
1217,2
1218,0
1219,0
1220,1
1221,2
1222,2
1223,2
1224,1
1225,1
1226,1
1227,1
1228,0
1229,2
1230,2
1231,1
1232,1
1233,1
1234,1
1235,2
1236,2
1237,0
1238,2
1239,2
1240,1
1241,0
1242,2
1243,1
1244,2
1245,2
1246,0
1247,1
1248,0
1249,0
1250,1
1251,0
1252,0
1253,0
1254,0
1255,1
1256,1
1257,1
1258,2
1259,0
1260,2
1261,0
1262,0
1263,1
1264,2
1265,2
1266,0
1267,0
1268,0
1269,2
1270,1
1271,2
1272,1
1273,1
1274,0
1275,1
1276,1
1277,2
1278,0
1279,2
1280,0
1281,2
1282,0
1283,1
1284,1
1285,0
1286,1
1287,1
1288,2
1289,1
1290,2
1291,0
1292,0
1293,2
1294,2
1295,2
1296,2
1297,1
1298,1
1299,2
1300,1
1301,2
1302,2
1303,0
1304,0
1305,1
1306,0
1307,0
1308,0
1309,2
1310,2
1311,2
1312,1
1313,1
1314,1
1315,2
1316,1
1317,0
1318,0
1319,0
1320,2
1321,1
1322,1
1323,1
1324,2
1325,1
1326,0
1327,1
1328,0
1329,0
1330,2
1331,2
1332,2
1333,0
1334,2
1335,1
1336,1
1337,1
1338,1
1339,1
1340,0
1341,0
1342,1
1343,1
1344,1
1345,0
1346,1
1347,2
1348,1
1349,2
1350,1
1351,2
1352,2
1353,0
1354,1
1355,0
1356,2
1357,1
1358,2
1359,0
1360,2
1361,2
1362,0
1363,1
1364,2
1365,2
1366,1
1367,2
1368,1
1369,2
1370,2
1371,2
1372,0
1373,1
1374,2
1375,2
1376,2
1377,0
1378,1
1379,1
1380,1
1381,1
1382,1
1383,1
1384,2
1385,1
1386,2
1387,1
1388,1
1389,1
1390,2
1391,1
1392,2
1393,0
1394,1
1395,0
1396,2
1397,2
1398,1
1399,2
1400,0
1401,2
1402,1
1403,1
1404,1
1405,2
1406,1
1407,1
1408,2
1409,2
1410,0
1411,2
1412,1
1413,1
1414,1
1415,2
1416,1
1417,1
1418,0
1419,2
1420,2
1421,0
1422,2
1423,2
1424,1
1425,1
1426,2
1427,0
1428,1
1429,2
1430,2
1431,1
1432,2
1433,2
1434,2
1435,2
1436,1
1437,2
1438,1
1439,1
1440,2
1441,2
1442,2
1443,1
1444,0
1445,2
1446,2
1447,0
1448,2
1449,2
1450,2
1451,2
1452,1
1453,1
1454,1
1455,1
1456,2
1457,1
1458,2
1459,0
1460,1
1461,2
1462,0
1463,0
1464,0
1465,0
1466,0
1467,1
1468,1
1469,0
1470,2
1471,0
1472,0
1473,1
1474,1
1475,2
1476,0
1477,0
1478,1
1479,1
1480,0
1481,1
1482,1
1483,1
1484,2
1485,2
1486,1
1487,2
1488,0
1489,2
1490,0
1491,2
1492,0
1493,1
1494,0
1495,0
1496,1
1497,1
1498,1
1499,1
1500,0
1501,0
1502,0
1503,2
1504,2
1505,0
1506,1
1507,1
1508,0
1509,2
1510,0
1511,2
1512,1
1513,0
1514,1
1515,2
1516,1
1517,1
1518,2
1519,0
1520,1
1521,2
1522,2
1523,0
1524,0
1525,1
1526,2
1527,1
1528,0
1529,0
1530,2
1531,2
1532,2
1533,1
1534,1
1535,1
1536,1
1537,1
1538,0
1539,2
1540,2
1541,2
1542,2
1543,1
1544,1
1545,2
1546,0
1547,0
1548,1
1549,1
1550,1
1551,1
1552,1
1553,2
1554,0
1555,1
1556,1
1557,2
1558,0
1559,2
1560,2
1561,0
1562,1
1563,1
1564,1
1565,1
1566,2
1567,0
1568,2
1569,2
1570,2
1571,0
1572,1
1573,2
1574,1
1575,2
1576,1
1577,1
1578,1
1579,1
1580,1
1581,1
1582,1
1583,1
1584,1
1585,2
1586,1
1587,2
1588,1
1589,0
1590,2
1591,0
1592,2
1593,1
1594,1
1595,2
1596,0
1597,0
1598,1
1599,2
1600,1
1601,2
1602,1
1603,2
1604,1
1605,2
1606,2
1607,2
1608,1
1609,0
1610,2
1611,1
1612,1
1613,1
1614,1
1615,0
1616,1
1617,1
1618,2
1619,0
1620,1
1621,1
1622,1
1623,2
1624,1
1625,0
1626,0
1627,2
1628,2
1629,2
1630,0
1631,1
1632,1
1633,1
1634,2
1635,0
1636,0
1637,1
1638,2
1639,1
1640,0
1641,0
1642,2
1643,2
1644,1
1645,2
1646,2
1647,1
1648,2
1649,1
1650,0
1651,2
1652,0
1653,2
1654,1
1655,1
1656,1
1657,0
1658,2
1659,0
1660,2
1661,0
1662,2
1663,1
1664,0
1665,2
1666,2
1667,0
1668,2
1669,2
1670,2
1671,2
1672,1
1673,1
1674,2
1675,1
1676,2
1677,1
1678,2
1679,1
1680,2
1681,0
1682,1
1683,2
1684,1
1685,1
1686,1
1687,1
1688,1
1689,0
1690,0
1691,0
1692,1
1693,2
1694,0
1695,2
1696,2
1697,1
1698,0
1699,2
1700,2
1701,1
1702,1
1703,2
1704,0
1705,1
1706,1
1707,0
1708,1
1709,1
1710,1
1711,2
1712,0
1713,1
1714,0
1715,0
1716,1
1717,1
1718,2
1719,2
1720,1
1721,2
1722,1
1723,1
1724,2
1725,2
1726,1
1727,0
1728,1
1729,2
1730,2
1731,0
1732,0
1733,1
1734,1
1735,1
1736,2
1737,0
1738,2
1739,1
1740,2
1741,0
1742,2
1743,1
1744,0
1745,0
1746,1
1747,1
1748,0
1749,1
1750,2
1751,1
1752,2
1753,2
1754,1
1755,2
1756,0
1757,2
1758,2
1759,0
1760,0
1761,2
1762,2
1763,1
1764,1
1765,0
1766,1
1767,0
1768,2
1769,0
1770,1
1771,1
1772,1
1773,0
1774,0
1775,0
1776,1
1777,2
1778,1
1779,1
1780,2
1781,1
1782,2
1783,0
1784,2
1785,0
1786,2
1787,2
1788,1
1789,0
1790,0
1791,2
1792,0
1793,1
1794,1
1795,1
1796,0
1797,0
1798,2
1799,1
1800,0
1801,2
1802,1
1803,0
1804,2
1805,2
1806,1
1807,0
1808,2
1809,0
1810,0
1811,1
1812,0
1813,0
1814,2
1815,2
1816,2
1817,1
1818,2
1819,1
1820,2
1821,1
1822,2
1823,2
1824,1
1825,1
1826,2
1827,1
1828,2
1829,2
1830,1
1831,0
1832,2
1833,0
1834,2
1835,2
1836,1
1837,1
1838,1
1839,2
1840,0
1841,1
1842,0
1843,2
1844,2
1845,1
1846,1
1847,0
1848,1
1849,2
1850,2
1851,1
1852,2
1853,2
1854,1
1855,0
1856,1
1857,1
1858,0
1859,1
1860,2
1861,0
1862,0
1863,1
1864,2
1865,1
1866,0
1867,0
1868,1
1869,1
1870,0
1871,1
1872,0
1873,1
1874,0
1875,1
1876,1
1877,2
1878,2
1879,2
1880,2
1881,2
1882,1
1883,0
1884,2
1885,1
1886,0
1887,1
1888,0
1889,2
1890,1
1891,2
1892,2
1893,2
1894,1
1895,2
1896,1
1897,2
1898,2
1899,2
1900,1
1901,1
1902,2
1903,2
1904,2
1905,1
1906,0
1907,1
1908,2
1909,0
1910,0
1911,0
1912,0
1913,0
1914,1
1915,0
1916,0
1917,1
1918,2
1919,0
1920,1
1921,1
1922,2
1923,1
1924,1
1925,2
1926,1
1927,2
1928,1
1929,1
1930,1
1931,1
1932,0
1933,1
1934,1
1935,2
1936,2
1937,1
1938,1
1939,1
1940,2
1941,1
1942,1
1943,2
1944,2
1945,1
1946,1
1947,2
1948,0
1949,1
1950,1
1951,2
1952,2
1953,1
1954,1
1955,1
1956,1
1957,2
1958,1
1959,2
1960,0
1961,0
1962,1
1963,1
1964,2
1965,2
1966,0
1967,0
1968,1
1969,1
1970,1
1971,1
1972,0
1973,1
1974,1
1975,1
1976,2
1977,1
1978,1
1979,1
1980,1
1981,2
1982,0
1983,2
1984,2
1985,2
1986,1
1987,1
1988,1
1989,2
1990,2
1991,0
1992,2
1993,1
1994,0
1995,1
1996,1
1997,2
1998,2
1999,0
2000,1
2001,1
2002,2
2003,2
2004,1
2005,1
2006,1
2007,1
2008,1
2009,1
2010,2
2011,0
2012,1
2013,2
2014,1
2015,2
2016,1
2017,2
2018,2
2019,2
2020,1
2021,0
2022,1
2023,0
2024,2
2025,1
2026,0
2027,0
2028,1
2029,2
2030,2
2031,1
2032,0
2033,0
2034,1
2035,0
2036,2
2037,2
2038,1
2039,1
2040,0
2041,1
2042,1
2043,2
2044,1
2045,2
2046,2
2047,2
2048,2
2049,1
2050,0
2051,2
2052,2
2053,2
2054,2
2055,2
2056,1
2057,0
2058,2
2059,0
2060,1
2061,0
2062,0
2063,2
2064,0
2065,2
2066,1
2067,1
2068,0
2069,1
2070,2
2071,1
2072,1
2073,0
2074,0
2075,0
2076,1
2077,1
2078,2
2079,1
2080,1
2081,2
2082,2
2083,0
2084,2
2085,1
2086,2
2087,2
2088,0
2089,2
2090,0
2091,2
2092,0
2093,2
2094,0
2095,2
2096,2
2097,1
2098,0
2099,1
2100,2
2101,0
2102,1
2103,1
2104,1
2105,1
2106,2
2107,1
2108,2
2109,2
2110,2
2111,2
2112,1
2113,0
2114,2
2115,0
2116,1
2117,1
2118,1
2119,2
2120,2
2121,2
2122,0
2123,1
2124,2
2125,2
2126,0
2127,2
2128,2
2129,2
2130,2
2131,0
2132,1
2133,1
2134,2
2135,2
2136,2
2137,2
2138,2
2139,1
2140,0
2141,1
2142,2
2143,1
2144,1
2145,1
2146,2
2147,1
2148,0
2149,1
2150,1
2151,1
2152,2
2153,1
2154,2
2155,1
2156,1
2157,2
2158,0
2159,0
2160,0
2161,2
2162,0
2163,2
2164,0
2165,0
2166,1
2167,1
2168,2
2169,1
2170,2
2171,2
2172,2
2173,0
2174,2
2175,1
2176,1
2177,0
2178,0
2179,2
2180,2
2181,1
2182,0
2183,2
2184,1
2185,2
2186,1
2187,1
2188,1
2189,1
2190,2
2191,0
2192,0
2193,2
2194,2
2195,2
2196,1
2197,0
2198,2
2199,1
2200,1
2201,1
2202,1
2203,1
2204,2
2205,1
2206,1
2207,1
2208,2
2209,0
2210,2
2211,2
2212,0
2213,1
2214,2
2215,2
2216,2
2217,1
2218,0
2219,1
2220,1
2221,2
2222,1
2223,2
2224,0
2225,2
2226,2
2227,1
2228,1
2229,1
2230,2
2231,0
2232,1
2233,2
2234,1
2235,1
2236,1
2237,1
2238,1
2239,1
2240,2
2241,2
2242,0
2243,2
2244,0
2245,1
2246,1
2247,2
2248,0
2249,2
2250,0
2251,0
2252,1
2253,1
2254,1
2255,2
2256,1
2257,0
2258,2
2259,0
2260,1
2261,1
2262,2
2263,2
2264,1
2265,2
2266,2
2267,1
2268,1
2269,0
2270,2
2271,2
2272,1
2273,0
2274,1
2275,1
2276,2
2277,1
2278,0
2279,2
2280,1
2281,0
2282,1
2283,1
2284,0
2285,0
2286,0
2287,2
2288,0
2289,2
2290,0
2291,1
2292,0
2293,2
2294,1
2295,2
2296,2
2297,1
2298,0
2299,2
2300,1
2301,0
2302,1
2303,1
2304,2
2305,2
2306,2
2307,1
2308,2
2309,1
2310,2
2311,1
2312,1
2313,1
2314,1
2315,1
2316,0
2317,2
2318,0
2319,2
2320,2
2321,2
2322,1
2323,1
2324,2
2325,1
2326,1
2327,1
2328,1
2329,2
2330,1
2331,2
2332,1
2333,1
2334,2
2335,2
2336,1
2337,0
2338,0
2339,2
2340,1
2341,2
2342,0
2343,1
2344,2
2345,1
2346,2
2347,0
2348,2
2349,1
2350,1
2351,2
2352,1
2353,0
2354,2
2355,0
2356,2
2357,1
2358,2
2359,0
2360,2
2361,1
2362,2
2363,1
2364,2
2365,2
2366,1
2367,0
2368,1
2369,0
2370,1
2371,1
2372,1
2373,2
2374,1
2375,2
2376,1
2377,0
2378,2
2379,2
2380,1
2381,1
2382,2
2383,1
2384,0
2385,1
2386,2
2387,2
2388,2
2389,1
2390,2
2391,0
2392,2
2393,0
2394,0
2395,2
2396,2
2397,2
2398,0
2399,0
2400,1
2401,1
2402,1
2403,2
2404,1
2405,0
2406,1
2407,0
2408,1
2409,1
2410,2
2411,2
2412,1
2413,1
2414,1
2415,1
2416,1
2417,1
2418,2
2419,0
2420,0
2421,1
2422,2
2423,2
2424,2
2425,0
2426,2
2427,2
2428,1
2429,0
2430,0
2431,1
2432,0
2433,1
2434,0
2435,2
2436,2
2437,1
2438,0
2439,0
2440,2
2441,1
2442,0
2443,1
2444,1
2445,2
2446,2
2447,1
2448,2
2449,2
2450,1
2451,2
2452,2
2453,2
2454,1
2455,2
2456,1
2457,1
2458,1
2459,1
2460,1
2461,1
2462,1
2463,1
2464,0
2465,0
2466,0
2467,1
2468,2
2469,0
2470,2
2471,2
2472,2
2473,0
2474,1
2475,1
2476,2
2477,0
2478,2
2479,1
2480,2
2481,0
2482,0
2483,2
2484,0
2485,2
2486,0
2487,2
2488,2
2489,1
2490,2
2491,0
2492,1
2493,0
2494,1
2495,2
2496,2
2497,0
2498,1
2499,1
2500,2
2501,0
2502,1
2503,2
2504,2
2505,1
2506,0
2507,1
2508,1
2509,0
2510,1
2511,1
2512,2
2513,1
2514,1
2515,2
2516,0
2517,2
2518,2
2519,1
2520,2
2521,1
2522,1
2523,1
2524,2
2525,2
2526,1
2527,0
2528,2
2529,2
2530,2
2531,1
2532,2
2533,0
2534,0
2535,0
2536,0
2537,1
2538,1
2539,2
2540,2
2541,2
2542,0
2543,1
2544,1
2545,2
2546,2
2547,1
2548,1
2549,0
2550,0
2551,0
2552,1
2553,1
2554,0
2555,1
2556,1
2557,0
2558,1
2559,1
2560,2
2561,1
2562,0
2563,2
2564,2
2565,2
2566,1
2567,1
2568,2
2569,1
2570,1
2571,1
2572,2
2573,1
2574,1
2575,0
2576,1
2577,2
2578,0
2579,2
2580,1
2581,0
2582,2
2583,0
2584,2
2585,1
2586,1
2587,1
2588,1
2589,2
2590,1
2591,0
2592,0
2593,1
2594,2
2595,1
2596,1
2597,1
2598,2
2599,0
2600,1
2601,2
2602,1
2603,1
2604,1
2605,0
2606,2
2607,1
2608,1
2609,1
2610,2
2611,0
2612,1
2613,1
2614,2
2615,1
2616,1
2617,2
2618,2
2619,2
2620,2
2621,1
2622,1
2623,2
2624,2
2625,1
2626,1
2627,1
2628,0
2629,0
2630,1
2631,1
2632,1
2633,2
2634,0
2635,0
2636,2
2637,0
2638,2
2639,2
2640,1
2641,2
2642,2
2643,0
2644,2
2645,1
2646,2
2647,0
2648,2
2649,2
2650,2
2651,1
2652,1
2653,1
2654,2
2655,1
2656,2
2657,0
2658,1
2659,2
2660,2
2661,1
2662,2
2663,0
2664,2
2665,1
2666,2
2667,0
2668,2
2669,1
2670,2
2671,1
2672,0
2673,1
2674,1
2675,1
2676,1
2677,2
2678,2
2679,0
2680,0
2681,2
2682,1
2683,1
2684,2
2685,2
2686,2
2687,1
2688,2
2689,1
2690,0
2691,1
2692,1
2693,1
2694,2
2695,2
2696,2
2697,1
2698,2
2699,2
2700,2
2701,1
2702,1
2703,2
2704,1
2705,2
2706,1
2707,2
2708,0
2709,0
2710,1
2711,2
2712,0
2713,0
2714,2
2715,1
2716,1
2717,2
2718,1
2719,0
2720,2
2721,0
2722,1
2723,0
2724,1
2725,1
2726,1
2727,2
2728,0
2729,0
2730,2
2731,2
2732,2
2733,1
2734,2
2735,2
2736,1
2737,2
2738,1
2739,1
2740,0
2741,0
2742,1
2743,2
2744,0
2745,1
2746,2
2747,0
2748,1
2749,1
2750,2
2751,1
2752,0
2753,0
2754,2
2755,2
2756,0
2757,1
2758,0
2759,2
2760,0
2761,1
2762,0
2763,1
2764,1
2765,2
2766,2
2767,2
2768,0
2769,2
2770,2
2771,1
2772,0
2773,1
2774,2
2775,0
2776,2
2777,1
2778,0
2779,1
2780,1
2781,1
2782,0
2783,0
2784,1
2785,2
2786,1
2787,2
2788,1
2789,2
2790,1
2791,0
2792,2
2793,1
2794,0
2795,2
2796,0
2797,1
2798,2
2799,0
2800,1
2801,2
2802,0
2803,0
2804,2
2805,2
2806,1
2807,0
2808,0
2809,2
2810,1
2811,0
2812,1
2813,0
2814,1
2815,0
2816,0
2817,1
2818,1
2819,1
2820,2
2821,2
2822,2
2823,0
2824,2
2825,0
2826,1
2827,2
2828,2
2829,0
2830,1
2831,1
2832,1
2833,2
2834,2
2835,0
2836,2
2837,2
2838,1
2839,1
2840,1
2841,2
2842,0
2843,1
2844,1
2845,2
2846,0
2847,1
2848,2
2849,2
2850,1
2851,2
2852,2
2853,0
2854,1
2855,1
2856,0
2857,1
2858,2
2859,1
2860,0
2861,1
2862,0
2863,1
2864,1
2865,2
2866,2
2867,2
2868,1
2869,2
2870,2
2871,1
2872,0
2873,2
2874,1
2875,0
2876,0
2877,1
2878,1
2879,0
2880,1
2881,1
2882,0
2883,0
2884,1
2885,1
2886,0
2887,0
2888,2
2889,1
2890,0
2891,1
2892,0
2893,1
2894,1
2895,0
2896,1
2897,2
2898,1
2899,2
2900,2
2901,0
2902,1
2903,0
2904,1
2905,2
2906,0
2907,2
2908,2
2909,1
2910,1
2911,1
2912,1
2913,2
2914,0
2915,0
2916,2
2917,1
2918,0
2919,1
2920,0
2921,2
2922,0
2923,1
2924,2
2925,2
2926,2
2927,2
2928,2
2929,2
2930,2
2931,2
2932,1
2933,0
2934,1
2935,2
2936,0
2937,1
2938,2
2939,2
2940,0
2941,0
2942,2
2943,2
2944,1
2945,1
2946,2
2947,2
2948,2
2949,2
2950,1
2951,0
2952,1
2953,0
2954,1
2955,2
2956,1
2957,1
2958,0
2959,1
2960,2
2961,0
2962,2
2963,1
2964,0
2965,1
2966,1
2967,0
2968,0
2969,2
2970,0
2971,1
2972,0
2973,1
2974,2
2975,1
2976,2
2977,2
2978,2
2979,2
2980,2
2981,2
2982,2
2983,2
2984,2
2985,0
2986,0
2987,1
2988,0
2989,0
2990,2
2991,0
2992,2
2993,1
2994,0
2995,1
2996,0
2997,1
2998,2
2999,2
3000,2
3001,1
3002,1
3003,2
3004,2
3005,2
3006,1
3007,2
3008,2
3009,0
3010,2
3011,1
3012,0
3013,1
3014,1
3015,0
3016,0
3017,2
3018,0
3019,2
3020,1
3021,0
3022,2
3023,1
3024,1
3025,2
3026,1
3027,2
3028,1
3029,0
3030,2
3031,1
3032,1
3033,1
3034,0
3035,2
3036,0
3037,2
3038,2
3039,1
3040,2
3041,2
3042,1
3043,0
3044,1
3045,0
3046,1
3047,1
3048,1
3049,0
3050,2
3051,0
3052,2
3053,1
3054,1
3055,1
3056,0
3057,2
3058,1
3059,2
3060,2
3061,1
3062,1
3063,0
3064,0
3065,0
3066,1
3067,2
3068,2
3069,0
3070,2
3071,2
3072,0
3073,0
3074,0
3075,1
3076,1
3077,1
3078,0
3079,2
3080,1
3081,0
3082,1
3083,2
3084,1
3085,1
3086,1
3087,2
3088,1
3089,1
3090,2
3091,2
3092,2
3093,1
3094,2
3095,2
3096,0
3097,1
3098,2
3099,0
3100,0
3101,2
3102,2
3103,2
3104,1
3105,0
3106,1
3107,2
3108,1
3109,1
3110,1
3111,1
3112,2
3113,2
3114,2
3115,2
3116,1
3117,2
3118,0
3119,1
3120,2
3121,1
3122,2
3123,0
3124,0
3125,2
3126,1
3127,1
3128,1
3129,2
3130,2
3131,1
3132,2
3133,1
3134,0
3135,0
3136,2
3137,2
3138,1
3139,1
3140,1
3141,2
3142,1
3143,1
3144,2
3145,2
3146,1
3147,1
3148,1
3149,2
3150,0
3151,2
3152,2
3153,0
3154,1
3155,0
3156,1
3157,1
3158,2
3159,0
3160,2
3161,2
3162,2
3163,2
3164,0
3165,0
3166,1
3167,1
3168,0
3169,1
3170,2
3171,0
3172,1
3173,1
3174,1
3175,0
3176,0
3177,0
3178,1
3179,0
3180,2
3181,1
3182,1
3183,1
3184,1
3185,1
3186,2
3187,1
3188,2
3189,0
3190,0
3191,2
3192,1
3193,1
3194,1
3195,1
3196,2
3197,0
3198,2
3199,0
3200,2
3201,1
3202,0
3203,0
3204,1
3205,1
3206,2
3207,2
3208,0
3209,2
3210,2
3211,1
3212,1
3213,1
3214,0
3215,1
3216,0
3217,2
3218,2
3219,1
3220,2
3221,1
3222,2
3223,2
3224,1
3225,2
3226,1
3227,2
3228,1
3229,0
3230,1
3231,1
3232,0
3233,2
3234,2
3235,0
3236,2
3237,1
3238,1
3239,1
3240,1
3241,2
3242,0
3243,0
3244,1
3245,2
3246,2
3247,0
3248,2
3249,0
3250,1
3251,1
3252,2
3253,0
3254,2
3255,2
3256,2
3257,1
3258,2
3259,2
3260,1
3261,0
3262,1
3263,1
3264,2
3265,2
3266,2
3267,0
3268,2
3269,0
3270,1
3271,2
3272,0
3273,0
3274,2
3275,2
3276,0
3277,1
3278,0
3279,1
3280,1
3281,2
3282,2
3283,1
3284,2
3285,1
3286,2
3287,2
3288,0
3289,0
3290,1
3291,1
3292,1
3293,1
3294,0
3295,2
3296,0
3297,1
3298,1
3299,1
3300,0
3301,1
3302,0
3303,2
3304,0
3305,0
3306,0
3307,2
3308,1
3309,0
3310,1
3311,0
3312,1
3313,2
3314,2
3315,1
3316,1
3317,1
3318,0
3319,0
3320,1
3321,0
3322,0
3323,2
3324,1
3325,2
3326,0
3327,1
3328,1
3329,1
3330,2
3331,2
3332,1
3333,1
3334,2
3335,1
3336,1
3337,1
3338,2
3339,1
3340,0
3341,1
3342,1
3343,1
3344,1
3345,1
3346,2
3347,1
3348,0
3349,0
3350,2
3351,2
3352,0
3353,2
3354,1
3355,0
3356,2
3357,1
3358,1
3359,2
3360,0
3361,1
3362,1
3363,2
3364,1
3365,2
3366,1
3367,0
3368,0
3369,1
3370,1
3371,1
3372,2
3373,0
3374,1
3375,1
3376,0
3377,2
3378,1
3379,1
3380,2
3381,0
3382,2
3383,1
3384,1
3385,2
3386,0
3387,1
3388,2
3389,1
3390,1
3391,2
3392,0
3393,2
3394,2
3395,2
3396,2
3397,1
3398,1
3399,1
3400,1
3401,2
3402,2
3403,2
3404,2
3405,0
3406,2
3407,0
3408,0
3409,2
3410,2
3411,2
3412,2
3413,2
3414,0
3415,1
3416,2
3417,1
3418,1
3419,1
3420,0
3421,2
3422,0
3423,2
3424,0
3425,1
3426,0
3427,0
3428,1
3429,1
3430,1
3431,0
3432,2
3433,1
3434,2
3435,2
3436,1
3437,1
3438,1
3439,1
3440,2
3441,0
3442,0
3443,1
3444,0
3445,0
3446,2
3447,2
3448,1
3449,2
3450,2
3451,1
3452,1
3453,0
3454,2
3455,0
3456,2
3457,1
3458,0
3459,1
3460,2
3461,1
3462,0
3463,2
3464,2
3465,0
3466,1
3467,0
3468,1
3469,2
3470,2
3471,0
3472,1
3473,2
3474,1
3475,0
3476,2
3477,0
3478,2
3479,1
3480,0
3481,1
3482,2
3483,1
3484,0
3485,0
3486,1
3487,2
3488,0
3489,0
3490,2
3491,0
3492,1
3493,1
3494,0
3495,1
3496,0
3497,0
3498,0
3499,2
3500,2
3501,2
3502,0
3503,2
3504,2
3505,1
3506,0
3507,2
3508,0
3509,0
3510,2
3511,2
3512,2
3513,1
3514,2
3515,1
3516,2
3517,2
3518,2
3519,1
3520,1
3521,1
3522,1
3523,1
3524,2
3525,2
3526,1
3527,1
3528,2
3529,2
3530,0
3531,2
3532,1
3533,2
3534,1
3535,2
3536,1
3537,1
3538,1
3539,0
3540,1
3541,0
3542,2
3543,1
3544,1
3545,0
3546,1
3547,2
3548,0
3549,1
3550,2
3551,0
3552,0
3553,1
3554,2
3555,1
3556,1
3557,2
3558,1
3559,2
3560,0
3561,0
3562,0
3563,1
3564,1
3565,1
3566,0
3567,2
3568,2
3569,2
3570,1
3571,2
3572,0
3573,2
3574,2
3575,2
3576,1
3577,1
3578,0
3579,1
3580,2
3581,2
3582,0
3583,1
3584,1
3585,2
3586,2
3587,0
3588,1
3589,2
3590,2
3591,0
3592,1
3593,0
3594,1
3595,0
3596,1
3597,1
3598,1
3599,0
3600,2
3601,2
3602,2
3603,0
3604,2
3605,1
3606,2
3607,1
3608,2
3609,1
3610,2
3611,1
3612,0
3613,2
3614,0
3615,0
3616,0
3617,1
3618,2
3619,2
3620,2
3621,0
3622,1
3623,2
3624,1
3625,0
3626,1
3627,1
3628,2
3629,2
3630,1
3631,0
3632,0
3633,1
3634,1
3635,1
3636,1
3637,1
3638,0
3639,0
3640,0
3641,0
3642,1
3643,0
3644,2
3645,1
3646,2
3647,1
3648,1
3649,1
3650,0
3651,2
3652,2
3653,2
3654,2
3655,0
3656,1
3657,1
3658,2
3659,1
3660,1
3661,0
3662,0
3663,1
3664,1
3665,0
3666,1
3667,1
3668,0
3669,1
3670,2
3671,2
3672,1
3673,1
3674,0
3675,2
3676,0
3677,1
3678,0
3679,1
3680,1
3681,1
3682,0
3683,0
3684,2
3685,1
3686,0
3687,0
3688,2
3689,2
3690,2
3691,2
3692,1
3693,0
3694,1
3695,0
3696,0
3697,1
3698,2
3699,1
3700,0
3701,0
3702,1
3703,2
3704,0
3705,1
3706,2
3707,1
3708,2
3709,1
3710,1
3711,0
3712,1
3713,1
3714,2
3715,0
3716,2
3717,2
3718,1
3719,1
3720,2
3721,1
3722,1
3723,1
3724,1
3725,0
3726,2
3727,1
3728,1
3729,2
3730,1
3731,2
3732,0
3733,0
3734,2
3735,2
3736,0
3737,0
3738,0
3739,0
3740,1
3741,1
3742,2
3743,0
3744,2
3745,0
3746,1
3747,1
3748,1
3749,1
3750,2
3751,2
3752,1
3753,0
3754,2
3755,2
3756,2
3757,2
3758,1
3759,2
3760,0
3761,0
3762,2
3763,2
3764,1
3765,0
3766,0
3767,0
3768,1
3769,0
3770,2
3771,2
3772,1
3773,2
3774,1
3775,0
3776,2
3777,2
3778,0
3779,0
3780,2
3781,2
3782,2
3783,1
3784,1
3785,1
3786,1
3787,0
3788,1
3789,1
3790,0
3791,0
3792,2
3793,0
3794,2
3795,0
3796,1
3797,2
3798,2
3799,0
3800,1
3801,2
3802,2
3803,1
3804,1
3805,2
3806,2
3807,2
3808,2
3809,2
3810,2
3811,0
3812,2
3813,2
3814,1
3815,1
3816,0
3817,2
3818,2
3819,2
3820,1
3821,2
3822,1
3823,1
3824,0
3825,1
3826,1
3827,1
3828,2
3829,1
3830,1
3831,1
3832,1
3833,0
3834,1
3835,1
3836,2
3837,1
3838,0
3839,1
3840,1
3841,2
3842,1
3843,0
3844,2
3845,1
3846,2
3847,0
3848,2
3849,2
3850,2
3851,0
3852,1
3853,0
3854,1
3855,1
3856,0
3857,1
3858,1
3859,0
3860,2
3861,0
3862,1
3863,0
3864,2
3865,1
3866,1
3867,0
3868,1
3869,2
3870,2
3871,2
3872,1
3873,1
3874,2
3875,2
3876,2
3877,1
3878,0
3879,1
3880,2
3881,2
3882,0
3883,1
3884,2
3885,1
3886,0
3887,0
3888,1
3889,1
3890,1
3891,1
3892,1
3893,2
3894,0
3895,1
3896,1
3897,1
3898,0
3899,2
3900,2
3901,2
3902,1
3903,1
3904,1
3905,1
3906,1
3907,1
3908,1
3909,1
3910,0
3911,2
3912,0
3913,1
3914,0
3915,1
3916,1
3917,1
3918,2
3919,0
3920,1
3921,1
3922,1
3923,2
3924,2
3925,1
3926,2
3927,1
3928,2
3929,2
3930,0
3931,1
3932,1
3933,0
3934,2
3935,1
3936,1
3937,1
3938,1
3939,0
3940,1
3941,1
3942,1
3943,1
3944,1
3945,1
3946,0
3947,2
3948,1
3949,0
3950,0
3951,1
3952,2
3953,2
3954,1
3955,0
3956,1
3957,2
3958,0
3959,1
3960,2
3961,0
3962,0
3963,1
3964,2
3965,0
3966,1
3967,2
3968,2
3969,1
3970,1
3971,0
3972,1
3973,0
3974,2
3975,2
3976,1
3977,2
3978,0
3979,1
3980,2
3981,1
3982,2
3983,2
3984,1
3985,1
3986,0
3987,1
3988,2
3989,2
3990,1
3991,1
3992,0
3993,1
3994,1
3995,2
3996,1
3997,1
3998,0
3999,2
4000,0
4001,0
4002,2
4003,0
4004,0
4005,0
4006,2
4007,1
4008,1
4009,1
4010,0
4011,2
4012,0
4013,0
4014,1
4015,1
4016,2
4017,1
4018,2
4019,0
4020,0
4021,2
4022,1
4023,1
4024,0
4025,2
4026,1
4027,2
4028,0
4029,2
4030,1
4031,1
4032,0
4033,2
4034,0
4035,0
4036,1
4037,2
4038,0
4039,1
4040,0
4041,1
4042,1
4043,0
4044,1
4045,2
4046,2
4047,2
4048,0
4049,1
4050,0
4051,2
4052,2
4053,1
4054,2
4055,1
4056,2
4057,1
4058,0
4059,1
4060,0
4061,1
4062,0
4063,2
4064,1
4065,2
4066,2
4067,1
4068,1
4069,1
4070,0
4071,2
4072,2
4073,0
4074,1
4075,2
4076,0
4077,1
4078,2
4079,0
4080,2
4081,2
4082,1
4083,2
4084,1
4085,2
4086,2
4087,2
4088,0
4089,1
4090,2
4091,2
4092,2
4093,1
4094,1
4095,1
4096,1
4097,1
4098,2
4099,2
4100,2
4101,1
4102,2
4103,0
4104,1
4105,1
4106,1
4107,2
4108,1
4109,1
4110,2
4111,1
4112,1
4113,1
4114,1
4115,2
4116,2
4117,1
4118,2
4119,2
4120,2
4121,0
4122,1
4123,2
4124,0
4125,2
4126,1
4127,1
4128,2
4129,1
4130,1
4131,2
4132,0
4133,1
4134,2
4135,1
4136,0
4137,0
4138,2
4139,0
4140,1
4141,0
4142,2
4143,1
4144,2
4145,1
4146,0
4147,1
4148,2
4149,1
4150,0
4151,0
4152,2
4153,2
4154,1
4155,1
4156,2
4157,1
4158,1
4159,0
4160,1
4161,0
4162,1
4163,0
4164,2
4165,0
4166,2
4167,2
4168,1
4169,2
4170,1
4171,2
4172,0
4173,0
4174,2
4175,2
4176,1
4177,2
4178,1
4179,0
4180,2
4181,1
4182,1
4183,1
4184,1
4185,1
4186,0
4187,1
4188,1
4189,2
4190,1
4191,1
4192,1
4193,2
4194,2
4195,1
4196,1
4197,1
4198,0
4199,0
4200,2
4201,1
4202,1
4203,1
4204,1
4205,1
4206,1
4207,1
4208,0
4209,0
4210,0
4211,1
4212,1
4213,2
4214,2
4215,2
4216,2
4217,2
4218,2
4219,1
4220,0
4221,0
4222,0
4223,1
4224,2
4225,2
4226,0
4227,2
4228,2
4229,0
4230,0
4231,1
4232,1
4233,1
4234,2
4235,1
4236,2
4237,1
4238,2
4239,0
4240,1
4241,1
4242,0
4243,0
4244,2
4245,1
4246,1
4247,1
4248,1
4249,2
4250,0
4251,2
4252,1
4253,2
4254,2
4255,2
4256,0
4257,0
4258,2
4259,1
4260,1
4261,2
4262,2
4263,2
4264,1
4265,2
4266,1
4267,0
4268,2
4269,1
4270,0
4271,1
4272,0
4273,1
4274,1
4275,2
4276,1
4277,2
4278,1
4279,2
4280,2
4281,0
4282,0
4283,0
4284,1
4285,0
4286,0
4287,1
4288,0
4289,2
4290,2
4291,1
4292,0
4293,0
4294,0
4295,1
4296,1
4297,0
4298,1
4299,1
4300,2
4301,0
4302,1
4303,1
4304,2
4305,2
4306,0
4307,0
4308,2
4309,2
4310,1
4311,0
4312,2
4313,2
4314,2
4315,2
4316,2
4317,0
4318,1
4319,0
4320,1
4321,0
4322,0
4323,1
4324,1
4325,0
4326,2
4327,2
4328,0
4329,1
4330,0
4331,2
4332,2
4333,2
4334,1
4335,1
4336,2
4337,0
4338,2
4339,2
4340,2
4341,1
4342,1
4343,0
4344,1
4345,2
4346,1
4347,2
4348,2
4349,2
4350,0
4351,1
4352,0
4353,2
4354,1
4355,1
4356,1
4357,2
4358,1
4359,1
4360,2
4361,1
4362,2
4363,2
4364,2
4365,1
4366,0
4367,2
4368,1
4369,0
4370,2
4371,0
4372,0
4373,2
4374,0
4375,2
4376,0
4377,0
4378,0
4379,1
4380,2
4381,2
4382,0
4383,2
4384,0
4385,1
4386,1
4387,0
4388,1
4389,0
4390,2
4391,2
4392,1
4393,1
4394,2
4395,2
4396,2
4397,2
4398,1
4399,1
4400,2
4401,0
4402,1
4403,1
4404,0
4405,2
4406,1
4407,0
4408,2
4409,2
4410,1
4411,1
4412,2
4413,2
4414,2
4415,0
4416,2
4417,2
4418,2
4419,1
4420,1
4421,1
4422,0
4423,2
4424,1
4425,1
4426,1
4427,1
4428,2
4429,1
4430,2
4431,2
4432,2
4433,1
4434,2
4435,1
4436,1
4437,2
4438,2
4439,0
4440,1
4441,2
4442,1
4443,2
4444,0
4445,1
4446,0
4447,2
4448,1
4449,2
4450,1
4451,0
4452,0
4453,0
4454,2
4455,0
4456,2
4457,2
4458,1
4459,2
4460,1
4461,1
4462,0
4463,0
4464,1
4465,1
4466,2
4467,1
4468,0
4469,1
4470,2
4471,0
4472,2
4473,2
4474,2
4475,1
4476,1
4477,2
4478,2
4479,2
4480,2
4481,2
4482,1
4483,0
4484,2
4485,0
4486,0
4487,0
4488,2
4489,2
4490,0
4491,0
4492,0
4493,1
4494,0
4495,1
4496,0
4497,2
4498,1
4499,2
4500,1
4501,2
4502,1
4503,2
4504,0
4505,1
4506,1
4507,0
4508,2
4509,2
4510,1
4511,2
4512,2
4513,0
4514,0
4515,2
4516,1
4517,2
4518,2
4519,1
4520,1
4521,2
4522,2
4523,1
4524,2
4525,2
4526,0
4527,0
4528,1
4529,0
4530,2
4531,2
4532,2
4533,2
4534,2
4535,0
4536,2
4537,1
4538,0
4539,1
4540,1
4541,0
4542,1
4543,2
4544,2
4545,2
4546,1
4547,0
4548,0
4549,1
4550,2
4551,2
4552,1
4553,1
4554,2
4555,2
4556,1
4557,1
4558,0
4559,0
4560,1
4561,2
4562,1
4563,0
4564,1
4565,0
4566,2
4567,2
4568,0
4569,2
4570,2
4571,2
4572,1
4573,0
4574,0
4575,1
4576,1
4577,1
4578,0
4579,1
4580,0
4581,1
4582,0
4583,2
4584,1
4585,2
4586,1
4587,0
4588,1
4589,2
4590,1
4591,2
4592,0
4593,2
4594,2
4595,2
4596,1
4597,1
4598,1
4599,2
4600,2
4601,2
4602,0
4603,2
4604,1
4605,2
4606,2
4607,2
4608,2
4609,0
4610,2
4611,2
4612,1
4613,1
4614,1
4615,2
4616,0
4617,1
4618,2
4619,1
4620,1
4621,2
4622,1
4623,1
4624,2
4625,1
4626,2
4627,0
4628,1
4629,2
4630,1
4631,1
4632,0
4633,0
4634,2
4635,2
4636,2
4637,1
4638,1
4639,1
4640,2
4641,1
4642,2
4643,1
4644,1
4645,0
4646,1
4647,2
4648,2
4649,2
4650,1
4651,1
4652,2
4653,1
4654,1
4655,1
4656,2
4657,1
4658,1
4659,2
4660,0
4661,2
4662,2
4663,2
4664,2
4665,1
4666,1
4667,2
4668,1
4669,0
4670,1
4671,2
4672,1
4673,1
4674,0
4675,2
4676,1
4677,0
4678,2
4679,1
4680,0
4681,2
4682,0
4683,0
4684,1
4685,0
4686,1
4687,1
4688,2
4689,1
4690,0
4691,0
4692,0
4693,0
4694,1
4695,0
4696,0
4697,1
4698,1
4699,0
4700,1
4701,0
4702,0
4703,0
4704,1
4705,1
4706,2
4707,1
4708,1
4709,2
4710,2
4711,1
4712,0
4713,2
4714,1
4715,0
4716,0
4717,0
4718,1
4719,0
4720,1
4721,1
4722,0
4723,0
4724,1
4725,0
4726,2
4727,0
4728,0
4729,2
4730,1
4731,1
4732,1
4733,1
4734,1
4735,0
4736,1
4737,0
4738,0
4739,1
4740,0
4741,0
4742,1
4743,0
4744,1
4745,2
4746,1
4747,2
4748,1
4749,1
4750,2
4751,0
4752,1
4753,1
4754,1
4755,2
4756,0
4757,2
4758,0
4759,1
4760,2
4761,1
4762,2
4763,2
4764,1
4765,2
4766,2
4767,1
4768,2
4769,1
4770,0
4771,2
4772,2
4773,1
4774,1
4775,2
4776,1
4777,2
4778,0
4779,0
4780,1
4781,0
4782,1
4783,1
4784,1
4785,0
4786,1
4787,0
4788,2
4789,0
4790,1
4791,2
4792,1
4793,2
4794,2
4795,2
4796,0
4797,1
4798,2
4799,2
4800,1
4801,0
4802,2
4803,1
4804,0
4805,0
4806,1
4807,0
4808,2
4809,1
4810,0
4811,2
4812,1
4813,1
4814,0
4815,2
4816,2
4817,0
4818,1
4819,0
4820,2
4821,2
4822,1
4823,2
4824,1
4825,0
4826,2
4827,0
4828,1
4829,2
4830,1
4831,2
4832,2
4833,0
4834,0
4835,1
4836,2
4837,1
4838,0
4839,1
4840,2
4841,2
4842,2
4843,2
4844,2
4845,0
4846,1
4847,0
4848,1
4849,2
4850,2
4851,1
4852,1
4853,0
4854,1
4855,1
4856,0
4857,2
4858,0
4859,0
4860,0
4861,1
4862,1
4863,1
4864,1
4865,0
4866,0
4867,2
4868,2
4869,1
4870,1
4871,0
4872,2
4873,1
4874,1
4875,1
4876,1
4877,2
4878,1
4879,1
4880,1
4881,1
4882,1
4883,1
4884,1
4885,2
4886,2
4887,0
4888,2
4889,0
4890,1
4891,1
4892,1
4893,1
4894,2
4895,2
4896,0
4897,1
4898,2
4899,1
4900,1
4901,1
4902,1
4903,2
4904,2
4905,0
4906,2
4907,1
4908,0
4909,1
4910,1
4911,0
4912,2
4913,1
4914,0
4915,2
4916,0
4917,2
4918,2
4919,1
4920,0
4921,1
4922,0
4923,0
4924,2
4925,1
4926,2
4927,1
4928,2
4929,1
4930,0
4931,1
4932,1
4933,1
4934,0
4935,1
4936,1
4937,2
4938,2
4939,2
4940,1
4941,2
4942,0
4943,0
4944,2
4945,1
4946,1
4947,2
4948,1
4949,1
4950,2
4951,1
4952,0
4953,2
4954,1
4955,0
4956,1
4957,2
4958,1
4959,2
4960,0
4961,0
4962,1
4963,2
4964,2
4965,2
4966,2
4967,0
4968,1
4969,1
4970,1
4971,0
4972,2
4973,2
4974,2
4975,0
4976,0
4977,2
4978,2
4979,0
4980,1
4981,2
4982,2
4983,1
4984,2
4985,1
4986,2
4987,0
4988,0
4989,1
4990,1
4991,1
4992,1
4993,1
4994,1
4995,2
4996,2
4997,0
4998,2
4999,2
5000,2
5001,2
5002,1
5003,2
5004,1
5005,1
5006,1
5007,2
5008,2
5009,1
5010,2
5011,2
5012,2
5013,1
5014,2
5015,0
5016,1
5017,0
5018,1
5019,1
5020,1
5021,1
5022,0
5023,0
5024,2
5025,0
5026,1
5027,2
5028,1
5029,0
5030,2
5031,2
5032,2
5033,1
5034,0
5035,0
5036,2
5037,2
5038,1
5039,1
5040,2
5041,0
5042,1
5043,1
5044,2
5045,0
5046,1
5047,1
5048,1
5049,2
5050,2
5051,0
5052,2
5053,2
5054,0
5055,2
5056,0
5057,1
5058,1
5059,2
5060,2
5061,2
5062,2
5063,0
5064,0
5065,2
5066,1
5067,2
5068,1
5069,1
5070,1
5071,1
5072,2
5073,2
5074,0
5075,2
5076,0
5077,1
5078,2
5079,1
5080,2
5081,0
5082,0
5083,1
5084,1
5085,0
5086,1
5087,2
5088,0
5089,2
5090,1
5091,1
5092,1
5093,1
5094,2
5095,0
5096,0
5097,1
5098,1
5099,1
5100,1
5101,2
5102,2
5103,2
5104,2
5105,2
5106,1
5107,2
5108,0
5109,2
5110,0
5111,1
5112,2
5113,0
5114,0
5115,0
5116,0
5117,1
5118,0
5119,1
5120,2
5121,2
5122,1
5123,1
5124,1
5125,1
5126,1
5127,1
5128,0
5129,1
5130,1
5131,1
5132,1
5133,0
5134,0
5135,2
5136,1
5137,0
5138,0
5139,1
5140,1
5141,2
5142,2
5143,1
5144,1
5145,2
5146,2
5147,1
5148,0
5149,1
5150,1
5151,2
5152,1
5153,1
5154,2
5155,2
5156,2
5157,2
5158,1
5159,2
5160,1
5161,1
5162,2
5163,2
5164,1
5165,0
5166,1
5167,0
5168,1
5169,2
5170,2
5171,1
5172,0
5173,1
5174,1
5175,1
5176,2
5177,1
5178,2
5179,2
5180,0
5181,0
5182,2
5183,2
5184,0
5185,0
5186,0
5187,0
5188,1
5189,2
5190,0
5191,1
5192,1
5193,1
5194,1
5195,0
5196,1
5197,1
5198,1
5199,0
5200,2
5201,1
5202,1
5203,1
5204,1
5205,1
5206,1
5207,1
5208,2
5209,2
5210,1
5211,0
5212,1
5213,2
5214,1
5215,2
5216,1
5217,1
5218,2
5219,2
5220,0
5221,2
5222,1
5223,2
5224,2
5225,0
5226,2
5227,2
5228,2
5229,1
5230,1
5231,2
5232,2
5233,1
5234,1
5235,1
5236,0
5237,2
5238,0
5239,0
5240,1
5241,1
5242,1
5243,0
5244,1
5245,1
5246,1
5247,2
5248,2
5249,1
5250,0
5251,1
5252,2
5253,2
5254,2
5255,0
5256,1
5257,1
5258,1
5259,1
5260,1
5261,0
5262,0
5263,2
5264,1
5265,1
5266,1
5267,2
5268,1
5269,0
5270,2
5271,1
5272,2
5273,1
5274,2
5275,2
5276,1
5277,0
5278,2
5279,1
5280,2
5281,0
5282,0
5283,2
5284,2
5285,1
5286,0
5287,0
5288,0
5289,0
5290,1
5291,0
5292,1
5293,0
5294,2
5295,2
5296,2
5297,0
5298,1
5299,0
5300,1
5301,2
5302,1
5303,1
5304,2
5305,0
5306,2
5307,2
5308,1
5309,2
5310,2
5311,1
5312,1
5313,1
5314,2
5315,2
5316,0
5317,0
5318,1
5319,1
5320,2
5321,1
5322,0
5323,2
5324,2
5325,0
5326,1
5327,0
5328,1
5329,2
5330,2
5331,2
5332,0
5333,2
5334,1
5335,1
5336,2
5337,2
5338,1
5339,2
5340,2
5341,0
5342,2
5343,0
5344,0
5345,1
5346,2
5347,1
5348,2
5349,0
5350,2
5351,1
5352,0
5353,2
5354,1
5355,0
5356,0
5357,0
5358,0
5359,2
5360,2
5361,1
5362,2
5363,2
5364,0
5365,1
5366,1
5367,1
5368,1
5369,1
5370,0
5371,2
5372,2
5373,2
5374,0
5375,1
5376,0
5377,2
5378,2
5379,2
5380,1
5381,0
5382,0
5383,2
5384,1
5385,0
5386,1
5387,2
5388,2
5389,1
5390,1
5391,2
5392,2
5393,2
5394,1
5395,1
5396,2
5397,1
5398,2
5399,0
5400,2
5401,2
5402,2
5403,2
5404,2
5405,0
5406,2
5407,2
5408,1
5409,1
5410,2
5411,1
5412,0
5413,1
5414,1
5415,1
5416,1
5417,1
5418,2
5419,1
5420,1
5421,0
5422,0
5423,2
5424,0
5425,1
5426,2
5427,2
5428,2
5429,2
5430,1
5431,0
5432,2
5433,2
5434,1
5435,1
5436,2
5437,2
5438,0
5439,1
5440,1
5441,2
5442,2
5443,1
5444,1
5445,2
5446,2
5447,2
5448,1
5449,0
5450,2
5451,2
5452,0
5453,1
5454,1
5455,1
5456,2
5457,2
5458,2
5459,2
5460,1
5461,1
5462,0
5463,0
5464,0
5465,1
5466,1
5467,2
5468,2
5469,1
5470,2
5471,1
5472,0
5473,1
5474,0
5475,2
5476,0
5477,0
5478,1
5479,1
5480,2
5481,0
5482,1
5483,0
5484,1
5485,0
5486,1
5487,1
5488,2
5489,2
5490,1
5491,0
5492,2
5493,2
5494,1
5495,1
5496,1
5497,0
5498,0
5499,0
5500,1
5501,2
5502,2
5503,1
5504,1
5505,1
5506,0
5507,2
5508,0
5509,2
5510,1
5511,1
5512,2
5513,2
5514,2
5515,2
5516,1
5517,2
5518,2
5519,0
5520,0
5521,0
5522,0
5523,0
5524,0
5525,1
5526,0
5527,1
5528,1
5529,0
5530,2
5531,2
5532,2
5533,1
5534,2
5535,0
5536,1
5537,2
5538,2
5539,1
5540,0
5541,2
5542,0
5543,2
5544,1
5545,1
5546,2
5547,1
5548,1
5549,0
5550,1
5551,0
5552,1
5553,1
5554,0
5555,2
5556,1
5557,2
5558,1
5559,1
5560,1
5561,2
5562,2
5563,1
5564,0
5565,1
5566,2
5567,1
5568,0
5569,2
5570,2
5571,1
5572,2
5573,2
5574,2
5575,0
5576,0
5577,2
5578,1
5579,0
5580,0
5581,1
5582,0
5583,1
5584,1
5585,2
5586,2
5587,0
5588,1
5589,1
5590,1
5591,1
5592,1
5593,1
5594,1
5595,1
5596,1
5597,0
5598,1
5599,1
5600,1
5601,0
5602,2
5603,2
5604,0
5605,1
5606,1
5607,1
5608,1
5609,1
5610,2
5611,1
5612,0
5613,2
5614,0
5615,2
5616,0
5617,0
5618,0
5619,2
5620,1
5621,2
5622,2
5623,2
5624,1
5625,2
5626,2
5627,2
5628,0
5629,0
5630,1
5631,0
5632,0
5633,1
5634,0
5635,1
5636,0
5637,1
5638,2
5639,0
5640,2
5641,0
5642,2
5643,1
5644,0
5645,0
5646,2
5647,1
5648,2
5649,0
5650,0
5651,1
5652,2
5653,1
5654,1
5655,2
5656,2
5657,0
5658,2
5659,1
5660,0
5661,0
5662,2
5663,1
5664,2
5665,0
5666,2
5667,0
5668,2
5669,1
5670,1
5671,0
5672,2
5673,2
5674,1
5675,1
5676,1
5677,2
5678,2
5679,0
5680,2
5681,1
5682,2
5683,0
5684,2
5685,2
5686,1
5687,1
5688,2
5689,2
5690,0
5691,2
5692,2
5693,1
5694,1
5695,2
5696,2
5697,1
5698,2
5699,0
5700,1
5701,1
5702,1
5703,2
5704,2
5705,2
5706,2
5707,1
5708,1
5709,1
5710,1
5711,0
5712,0
5713,2
5714,1
5715,1
5716,2
5717,1
5718,1
5719,1
5720,2
5721,1
5722,2
5723,2
5724,2
5725,1
5726,2
5727,0
5728,0
5729,1
5730,2
5731,2
5732,2
5733,2
5734,1
5735,1
5736,0
5737,0
5738,0
5739,0
5740,2
5741,0
5742,0
5743,0
5744,2
5745,1
5746,2
5747,1
5748,0
5749,0
5750,2
5751,0
5752,1
5753,1
5754,1
5755,2
5756,0
5757,1
5758,1
5759,2
5760,0
5761,1
5762,1
5763,0
5764,1
5765,1
5766,0
5767,1
5768,2
5769,1
5770,0
5771,1
5772,1
5773,1
5774,0
5775,2
5776,1
5777,1
5778,2
5779,1
5780,1
5781,0
5782,1
5783,2
5784,1
5785,2
5786,2
5787,0
5788,0
5789,1
5790,2
5791,0
5792,1
5793,0
5794,2
5795,0
5796,1
5797,0
5798,2
5799,2
5800,0
5801,0
5802,1
5803,1
5804,2
5805,2
5806,2
5807,1
5808,1
5809,0
5810,0
5811,2
5812,2
5813,0
5814,1
5815,0
5816,1
5817,1
5818,0
5819,1
5820,1
5821,2
5822,2
5823,1
5824,1
5825,2
5826,0
5827,2
5828,1
5829,1
5830,2
5831,1
5832,0
5833,2
5834,1
5835,2
5836,0
5837,2
5838,2
5839,2
5840,0
5841,1
5842,2
5843,0
5844,0
5845,1
5846,0
5847,2
5848,2
5849,1
5850,2
5851,1
5852,1
5853,1
5854,0
5855,0
5856,1
5857,2
5858,2
5859,0
5860,0
5861,1
5862,1
5863,1
5864,0
5865,2
5866,0
5867,1
5868,1
5869,1
5870,1
5871,1
5872,2
5873,0
5874,0
5875,2
5876,0
5877,2
5878,0
5879,2
5880,1
5881,2
5882,1
5883,2
5884,2
5885,1
5886,2
5887,2
5888,0
5889,0
5890,2
5891,2
5892,2
5893,2
5894,0
5895,2
5896,2
5897,0
5898,1
5899,0
5900,0
5901,2
5902,1
5903,1
5904,0
5905,0
5906,0
5907,1
5908,0
5909,1
5910,1
5911,2
5912,1
5913,1
5914,0
5915,2
5916,0
5917,0
5918,2
5919,1
5920,1
5921,2
5922,0
5923,1
5924,1
5925,0
5926,2
5927,1
5928,2
5929,0
5930,2
5931,1
5932,2
5933,2
5934,0
5935,0
5936,1
5937,2
5938,1
5939,1
5940,1
5941,0
5942,1
5943,0
5944,2
5945,2
5946,2
5947,1
5948,0
5949,1
5950,2
5951,1
5952,0
5953,2
5954,1
5955,1
5956,1
5957,1
5958,2
5959,1
5960,1
5961,0
5962,1
5963,1
5964,0
5965,2
5966,1
5967,1
5968,0
5969,2
5970,1
5971,2
5972,2
5973,2
5974,0
5975,0
5976,1
5977,0
5978,1
5979,1
5980,1
5981,2
5982,1
5983,0
5984,0
5985,0
5986,2
5987,2
5988,1
5989,1
5990,1
5991,2
5992,2
5993,2
5994,2
5995,1
5996,1
5997,1
5998,2
5999,0
6000,0
6001,1
6002,2
6003,1
6004,1
6005,2
6006,0
6007,2
6008,0
6009,0
6010,0
6011,1
6012,0
6013,1
6014,1
6015,2
6016,1
6017,0
6018,1
6019,1
6020,2
6021,1
6022,0
6023,2
6024,0
6025,0
6026,0
6027,2
6028,1
6029,0
6030,2
6031,0
6032,2
6033,0
6034,0
6035,2
6036,2
6037,1
6038,2
6039,2
6040,0
6041,1
6042,2
6043,1
6044,2
6045,2
6046,1
6047,0
6048,1
6049,1
6050,2
6051,1
6052,2
6053,0
6054,0
6055,1
6056,1
6057,2
6058,2
6059,2
6060,1
6061,1
6062,2
6063,1
6064,1
6065,2
6066,2
6067,1
6068,0
6069,0
6070,1
6071,1
6072,2
6073,1
6074,2
6075,0
6076,0
6077,2
6078,1
6079,1
6080,2
6081,0
6082,1
6083,2
6084,0
6085,0
6086,1
6087,2
6088,1
6089,1
6090,1
6091,2
6092,2
6093,1
6094,0
6095,0
6096,2
6097,2
6098,2
6099,0
6100,1
6101,0
6102,2
6103,2
6104,2
6105,2
6106,1
6107,1
6108,0
6109,2
6110,0
6111,1
6112,2
6113,0
6114,1
6115,2
6116,1
6117,1
6118,1
6119,1
6120,2
6121,1
6122,2
6123,2
6124,2
6125,1
6126,0
6127,0
6128,1
6129,0
6130,1
6131,2
6132,1
6133,1
6134,2
6135,1
6136,0
6137,1
6138,1
6139,0
6140,1
6141,0
6142,0
6143,2
6144,0
6145,1
6146,0
6147,1
6148,2
6149,2
6150,0
6151,1
6152,1
6153,0
6154,1
6155,2
6156,2
6157,1
6158,2
6159,1
6160,1
6161,1
6162,2
6163,1
6164,2
6165,1
6166,2
6167,1
6168,0
6169,1
6170,2
6171,2
6172,0
6173,0
6174,1
6175,1
6176,1
6177,1
6178,2
6179,2
6180,1
6181,1
6182,1
6183,0
6184,1
6185,2
6186,1
6187,2
6188,2
6189,2
6190,0
6191,1
6192,0
6193,2
6194,1
6195,0
6196,1
6197,1
6198,2
6199,2
6200,1
6201,1
6202,2
6203,0
6204,1
6205,2
6206,0
6207,1
6208,2
6209,0
6210,2
6211,2
6212,2
6213,2
6214,0
6215,1
6216,1
6217,1
6218,1
6219,2
6220,1
6221,2
6222,1
6223,1
6224,2
6225,1
6226,2
6227,0
6228,1
6229,1
6230,1
6231,1
6232,1
6233,0
6234,0
6235,2
6236,1
6237,1
6238,1
6239,0
6240,2
6241,1
6242,2
6243,2
6244,2
6245,1
6246,2
6247,2
6248,2
6249,0
6250,1
6251,0
6252,0
6253,2
6254,2
6255,0
6256,0
6257,0
6258,1
6259,0
6260,1
6261,1
6262,0
6263,2
6264,1
6265,2
6266,2
6267,1
6268,2
6269,1
6270,0
6271,1
6272,0
6273,1
6274,2
6275,1
6276,2
6277,2
6278,2
6279,2
6280,2
6281,1
6282,2
6283,1
6284,2
6285,0
6286,1
6287,2
6288,1
6289,0
6290,1
6291,2
6292,2
6293,1
6294,1
6295,0
6296,2
6297,2
6298,1
6299,0
6300,1
6301,2
6302,1
6303,2
6304,1
6305,2
6306,2
6307,2
6308,2
6309,2
6310,1
6311,1
6312,1
6313,2
6314,2
6315,1
6316,2
6317,0
6318,1
6319,0
6320,2
6321,1
6322,1
6323,2
6324,1
6325,1
6326,1
6327,0
6328,1
6329,0
6330,1
6331,2
6332,0
6333,1
6334,2
6335,1
6336,2
6337,0
6338,1
6339,2
6340,1
6341,2
6342,2
6343,2
6344,0
6345,1
6346,0
6347,1
6348,0
6349,2
6350,2
6351,2
6352,0
6353,1
6354,0
6355,0
6356,0
6357,2
6358,1
6359,2
6360,0
6361,2
6362,0
6363,2
6364,2
6365,1
6366,2
6367,2
6368,1
6369,2
6370,1
6371,0
6372,0
6373,0
6374,1
6375,2
6376,0
6377,2
6378,2
6379,2
6380,1
6381,2
6382,2
6383,0
6384,1
6385,0
6386,2
6387,1
6388,0
6389,1
6390,0
6391,1
6392,0
6393,1
6394,0
6395,2
6396,2
6397,1
6398,1
6399,1
6400,1
6401,1
6402,2
6403,0
6404,0
6405,2
6406,1
6407,1
6408,0
6409,2
6410,0
6411,2
6412,0
6413,0
6414,0
6415,1
6416,2
6417,1
6418,1
6419,0
6420,0
6421,2
6422,2
6423,1
6424,1
6425,2
6426,1
6427,0
6428,1
6429,0
6430,2
6431,2
6432,1
6433,2
6434,0
6435,0
6436,1
6437,2
6438,1
6439,0
6440,0
6441,2
6442,1
6443,1
6444,0
6445,2
6446,1
6447,1
6448,1
6449,1
6450,2
6451,2
6452,1
6453,1
6454,1
6455,1
6456,2
6457,2
6458,1
6459,2
6460,0
6461,1
6462,1
6463,1
6464,1
6465,1
6466,2
6467,1
6468,1
6469,1
6470,0
6471,0
6472,1
6473,1
6474,0
6475,1
6476,2
6477,1
6478,1
6479,1
6480,2
6481,2
6482,1
6483,2
6484,2
6485,0
6486,1
6487,2
6488,1
6489,0
6490,2
6491,2
6492,2
6493,0
6494,2
6495,2
6496,1
6497,2
6498,2
6499,0
6500,1
6501,2
6502,1
6503,1
6504,1
6505,1
6506,0
6507,1
6508,0
6509,2
6510,1
6511,2
6512,2
6513,2
6514,1
6515,1
6516,2
6517,1
6518,1
6519,0
6520,1
6521,1
6522,0
6523,2
6524,1
6525,1
6526,2
6527,1
6528,2
6529,1
6530,2
6531,1
6532,2
6533,2
6534,1
6535,0
6536,1
6537,2
6538,0
6539,2
6540,0
6541,2
6542,1
6543,2
6544,0
6545,1
6546,1
6547,2
6548,2
6549,0
6550,1
6551,2
6552,1
6553,0
6554,0
6555,2
6556,0
6557,0
6558,1
6559,2
6560,1
6561,1
6562,0
6563,2
6564,1
6565,1
6566,1
6567,2
6568,1
6569,0
6570,0
6571,1
6572,1
6573,1
6574,2
6575,2
6576,0
6577,0
6578,2
6579,0
6580,0
6581,0
6582,2
6583,1
6584,0
6585,2
6586,1
6587,2
6588,1
6589,2
6590,1
6591,1
6592,2
6593,0
6594,1
6595,2
6596,1
6597,0
6598,1
6599,0
6600,1
6601,1
6602,0
6603,2
6604,2
6605,1
6606,2
6607,2
6608,0
6609,2
6610,2
6611,1
6612,1
6613,0
6614,2
6615,2
6616,2
6617,1
6618,1
6619,1
6620,0
6621,1
6622,1
6623,1
6624,2
6625,2
6626,1
6627,0
6628,1
6629,0
6630,2
6631,1
6632,1
6633,2
6634,1
6635,1
6636,1
6637,0
6638,1
6639,1
6640,1
6641,0
6642,2
6643,1
6644,2
6645,0
6646,1
6647,1
6648,1
6649,0
6650,2
6651,0
6652,1
6653,2
6654,2
6655,1
6656,0
6657,2
6658,1
6659,1
6660,1
6661,1
6662,1
6663,2
6664,2
6665,2
6666,1
6667,1
6668,0
6669,2
6670,2
6671,1
6672,2
6673,2
6674,1
6675,2
6676,1
6677,2
6678,1
6679,1
6680,1
6681,0
6682,1
6683,1
6684,1
6685,0
6686,0
6687,0
6688,0
6689,0
6690,2
6691,0
6692,0
6693,1
6694,1
6695,0
6696,1
6697,2
6698,2
6699,0
6700,2
6701,2
6702,1
6703,0
6704,2
6705,2
6706,2
6707,2
6708,1
6709,2
6710,2
6711,1
6712,0
6713,2
6714,0
6715,1
6716,2
6717,0
6718,0
6719,0
6720,1
6721,1
6722,1
6723,2
6724,0
6725,2
6726,2
6727,0
6728,1
6729,2
6730,1
6731,0
6732,0
6733,0
6734,1
6735,2
6736,1
6737,1
6738,1
6739,2
6740,2
6741,0
6742,1
6743,1
6744,1
6745,1
6746,1
6747,1
6748,2
6749,2
6750,1
6751,1
6752,2
6753,1
6754,0
6755,0
6756,2
6757,1
6758,1
6759,1
6760,2
6761,2
6762,2
6763,2
6764,1
6765,0
6766,1
6767,0
6768,0
6769,2
6770,1
6771,2
6772,1
6773,1
6774,1
6775,1
6776,1
6777,0
6778,2
6779,2
6780,2
6781,1
6782,1
6783,2
6784,1
6785,0
6786,2
6787,0
6788,2
6789,1
6790,2
6791,0
6792,0
6793,1
6794,1
6795,2
6796,2
6797,1
6798,1
6799,0
6800,1
6801,1
6802,0
6803,2
6804,1
6805,1
6806,0
6807,2
6808,1
6809,1
6810,2
6811,1
6812,0
6813,1
6814,2
6815,1
6816,0
6817,0
6818,1
6819,0
6820,0
6821,1
6822,0
6823,0
6824,1
6825,2
6826,1
6827,1
6828,0
6829,0
6830,2
6831,2
6832,1
6833,0
6834,0
6835,0
6836,2
6837,1
6838,0
6839,0
6840,2
6841,2
6842,1
6843,1
6844,0
6845,1
6846,2
6847,2
6848,1
6849,2
6850,0
6851,0
6852,1
6853,1
6854,1
6855,1
6856,1
6857,1
6858,1
6859,2
6860,1
6861,0
6862,0
6863,0
6864,1
6865,0
6866,0
6867,0
6868,1
6869,1
6870,0
6871,2
6872,0
6873,1
6874,0
6875,1
6876,1
6877,1
6878,1
6879,1
6880,0
6881,1
6882,2
6883,0
6884,2
6885,1
6886,0
6887,2
6888,1
6889,2
6890,2
6891,0
6892,1
6893,2
6894,2
6895,2
6896,1
6897,1
6898,2
6899,1
6900,1
6901,0
6902,1
6903,1
6904,2
6905,1
6906,1
6907,2
6908,2
6909,1
6910,2
6911,2
6912,1
6913,1
6914,0
6915,2
6916,1
6917,2
6918,2
6919,1
6920,1
6921,0
6922,2
6923,1
6924,2
6925,2
6926,0
6927,1
6928,1
6929,2
6930,1
6931,1
6932,1
6933,0
6934,1
6935,1
6936,1
6937,2
6938,0
6939,1
6940,2
6941,1
6942,0
6943,2
6944,0
6945,1
6946,2
6947,2
6948,1
6949,0
6950,1
6951,0
6952,0
6953,2
6954,0
6955,1
6956,0
6957,1
6958,1
6959,1
6960,0
6961,0
6962,1
6963,1
6964,1
6965,2
6966,1
6967,1
6968,0
6969,1
6970,2
6971,1
6972,0
6973,2
6974,1
6975,0
6976,1
6977,2
6978,1
6979,0
6980,1
6981,2
6982,2
6983,1
6984,1
6985,1
6986,0
6987,0
6988,1
6989,0
6990,0
6991,2
6992,2
6993,1
6994,0
6995,0
6996,1
6997,0
6998,2
6999,0
7000,0
7001,2
7002,2
7003,2
7004,2
7005,2
7006,0
7007,0
7008,2
7009,2
7010,1
7011,1
7012,1
7013,1
7014,2
7015,1
7016,0
7017,1
7018,2
7019,0
7020,1
7021,1
7022,1
7023,0
7024,1
7025,0
7026,1
7027,2
7028,2
7029,2
7030,2
7031,1
7032,2
7033,2
7034,0
7035,2
7036,2
7037,1
7038,1
7039,0
7040,2
7041,1
7042,1
7043,0
7044,2
7045,0
7046,1
7047,1
7048,0
7049,1
7050,0
7051,0
7052,2
7053,1
7054,1
7055,0
7056,0
7057,1
7058,1
7059,2
7060,1
7061,2
7062,2
7063,2
7064,2
7065,1
7066,2
7067,2
7068,0
7069,2
7070,2
7071,1
7072,1
7073,1
7074,0
7075,2
7076,0
7077,0
7078,2
7079,2
7080,0
7081,0
7082,1
7083,1
7084,1
7085,1
7086,2
7087,0
7088,1
7089,2
7090,1
7091,0
7092,0
7093,1
7094,0
7095,1
7096,2
7097,2
7098,1
7099,1
7100,1
7101,0
7102,0
7103,2
7104,0
7105,2
7106,0
7107,1
7108,2
7109,0
7110,1
7111,1
7112,2
7113,1
7114,1
7115,2
7116,0
7117,1
7118,1
7119,2
7120,0
7121,0
7122,2
7123,1
7124,2
7125,1
7126,0
7127,2
7128,1
7129,0
7130,0
7131,2
7132,0
7133,2
7134,1
7135,0
7136,2
7137,0
7138,0
7139,0
7140,0
7141,2
7142,1
7143,0
7144,1
7145,1
7146,0
7147,1
7148,1
7149,2
7150,1
7151,2
7152,2
7153,2
7154,2
7155,1
7156,1
7157,2
7158,0
7159,1
7160,2
7161,1
7162,2
7163,1
7164,1
7165,1
7166,2
7167,1
7168,1
7169,0
7170,1
7171,2
7172,0
7173,1
7174,2
7175,1
7176,1
7177,1
7178,1
7179,1
7180,1
7181,0
7182,1
7183,1
7184,1
7185,2
7186,1
7187,1
7188,1
7189,1
7190,2
7191,1
7192,1
7193,2
7194,2
7195,1
7196,0
7197,1
7198,1
7199,1
7200,2
7201,0
7202,1
7203,1
7204,0
7205,2
7206,2
7207,2
7208,1
7209,1
7210,1
7211,2
7212,0
7213,0
7214,1
7215,1
7216,1
7217,0
7218,0
7219,1
7220,2
7221,0
7222,0
7223,1
7224,0
7225,0
7226,0
7227,1
7228,0
7229,1
7230,1
7231,2
7232,0
7233,2
7234,2
7235,2
7236,2
7237,0
7238,2
7239,0
7240,2
7241,1
7242,2
7243,2
7244,1
7245,2
7246,1
7247,2
7248,2
7249,2
7250,0
7251,0
7252,2
7253,1
7254,1
7255,2
7256,2
7257,1
7258,2
7259,1
7260,0
7261,1
7262,0
7263,2
7264,1
7265,1
7266,2
7267,2
7268,1
7269,2
7270,1
7271,0
7272,1
7273,0
7274,2
7275,2
7276,1
7277,0
7278,2
7279,1
7280,0
7281,0
7282,2
7283,2
7284,2
7285,2
7286,2
7287,0
7288,2
7289,0
7290,1
7291,1
7292,1
7293,2
7294,0
7295,0
7296,0
7297,1
7298,2
7299,2
7300,2
7301,1
7302,0
7303,2
7304,1
7305,1
7306,1
7307,1
7308,2
7309,1
7310,1
7311,2
7312,2
7313,0
7314,2
7315,1
7316,2
7317,0
7318,2
7319,0
7320,0
7321,2
7322,1
7323,2
7324,2
7325,1
7326,0
7327,1
7328,2
7329,1
7330,1
7331,1
7332,2
7333,1
7334,1
7335,0
7336,1
7337,0
7338,0
7339,1
7340,1
7341,1
7342,0
7343,1
7344,0
7345,1
7346,2
7347,0
7348,2
7349,2
7350,1
7351,2
7352,2
7353,1
7354,2
7355,2
7356,2
7357,1
7358,1
7359,1
7360,0
7361,2
7362,2
7363,2
7364,2
7365,1
7366,2
7367,2
7368,1
7369,0
7370,1
7371,1
7372,1
7373,2
7374,0
7375,1
7376,2
7377,1
7378,0
7379,2
7380,1
7381,2
7382,1
7383,2
7384,2
7385,1
7386,0
7387,2
7388,1
7389,1
7390,1
7391,2
7392,1
7393,2
7394,2
7395,0
7396,1
7397,2
7398,1
7399,2
7400,1
7401,2
7402,0
7403,1
7404,0
7405,0
7406,1
7407,2
7408,2
7409,2
7410,2
7411,2
7412,2
7413,0
7414,1
7415,2
7416,0
7417,1
7418,2
7419,2
7420,1
7421,1
7422,0
7423,1
7424,2
7425,0
7426,2
7427,1
7428,2
7429,0
7430,2
7431,2
7432,2
7433,1
7434,1
7435,0
7436,0
7437,0
7438,2
7439,2
7440,0
7441,0
7442,2
7443,0
7444,1
7445,2
7446,2
7447,0
7448,2
7449,1
7450,0
7451,1
7452,2
7453,2
7454,1
7455,0
7456,2
7457,1
7458,0
7459,2
7460,2
7461,0
7462,0
7463,1
7464,2
7465,2
7466,0
7467,1
7468,1
7469,2
7470,1
7471,1
7472,0
7473,0
7474,1
7475,0
7476,0
7477,0
7478,2
7479,1
7480,0
7481,1
7482,0
7483,1
7484,2
7485,1
7486,1
7487,0
7488,1
7489,1
7490,0
7491,0
7492,1
7493,1
7494,1
7495,2
7496,0
7497,0
7498,1
7499,0
7500,1
7501,0
7502,0
7503,2
7504,0
7505,1
7506,2
7507,1
7508,1
7509,2
7510,1
7511,0
7512,2
7513,2
7514,1
7515,0
7516,2
7517,2
7518,1
7519,1
7520,1
7521,1
7522,2
7523,1
7524,0
7525,2
7526,1
7527,1
7528,2
7529,1
7530,2
7531,0
7532,1
7533,2
7534,1
7535,0
7536,2
7537,2
7538,2
7539,2
7540,1
7541,2
7542,2
7543,2
7544,0
7545,2
7546,0
7547,2
7548,0
7549,1
7550,2
7551,1
7552,2
7553,0
7554,2
7555,1
7556,0
7557,0
7558,1
7559,0
7560,1
7561,1
7562,1
7563,2
7564,1
7565,1
7566,1
7567,0
7568,1
7569,1
7570,1
7571,2
7572,1
7573,1
7574,0
7575,0
7576,1
7577,1
7578,2
7579,1
7580,2
7581,2
7582,0
7583,0
7584,1
7585,1
7586,2
7587,0
7588,1
7589,0
7590,0
7591,0
7592,2
7593,2
7594,1
7595,0
7596,1
7597,0
7598,0
7599,1
7600,2
7601,1
7602,2
7603,1
7604,1
7605,1
7606,1
7607,0
7608,0
7609,2
7610,2
7611,1
7612,1
7613,0
7614,2
7615,1
7616,2
7617,2
7618,1
7619,2
7620,0
7621,0
7622,2
7623,0
7624,0
7625,0
7626,0
7627,0
7628,0
7629,2
7630,2
7631,1
7632,1
7633,0
7634,1
7635,2
7636,1
7637,0
7638,2
7639,1
7640,1
7641,2
7642,2
7643,2
7644,1
7645,2
7646,2
7647,1
7648,1
7649,1
7650,1
7651,1
7652,2
7653,2
7654,0
7655,0
7656,1
7657,0
7658,0
7659,2
7660,1
7661,1
7662,1
7663,1
7664,1
7665,2
7666,1
7667,1
7668,1
7669,2
7670,2
7671,0
7672,2
7673,1
7674,2
7675,2
7676,1
7677,0
7678,0
7679,1
7680,1
7681,2
7682,1
7683,2
7684,0
7685,2
7686,2
7687,1
7688,1
7689,1
7690,2
7691,0
7692,2
7693,1
7694,1
7695,2
7696,0
7697,0
7698,1
7699,1
7700,1
7701,1
7702,2
7703,2
7704,1
7705,2
7706,1
7707,1
7708,0
7709,2
7710,2
7711,1
7712,1
7713,2
7714,1
7715,0
7716,2
7717,1
7718,2
7719,1
7720,0
7721,2
7722,1
7723,2
7724,2
7725,2
7726,1
7727,0
7728,0
7729,2
7730,0
7731,2
7732,0
7733,0
7734,2
7735,1
7736,1
7737,0
7738,1
7739,1
7740,2
7741,2
7742,2
7743,1
7744,1
7745,1
7746,2
7747,1
7748,1
7749,1
7750,1
7751,2
7752,1
7753,1
7754,1
7755,2
7756,2
7757,1
7758,2
7759,1
7760,2
7761,2
7762,2
7763,2
7764,0
7765,1
7766,1
7767,2
7768,1
7769,2
7770,1
7771,1
7772,2
7773,1
7774,2
7775,1
7776,1
7777,2
7778,0
7779,2
7780,1
7781,1
7782,2
7783,2
7784,2
7785,0
7786,2
7787,1
7788,2
7789,2
7790,2
7791,1
7792,2
7793,0
7794,1
7795,2
7796,0
7797,1
7798,0
7799,0
7800,2
7801,0
7802,2
7803,2
7804,0
7805,2
7806,1
7807,0
7808,2
7809,0
7810,1
7811,1
7812,1
7813,2
7814,0
7815,2
7816,1
7817,1
7818,0
7819,2
7820,2
7821,0
7822,0
7823,1
7824,2
7825,1
7826,0
7827,1
7828,0
7829,2
7830,0
7831,1
7832,1
7833,2
7834,2
7835,0
7836,2
7837,2
7838,1
7839,1
7840,1
7841,2
7842,1
7843,1
7844,2
7845,2
7846,1
7847,2
7848,1
7849,2
7850,0
7851,2
7852,0
7853,1
7854,1
7855,1
7856,1
7857,1
7858,1
7859,0
7860,1
7861,0
7862,1
7863,1
7864,2
7865,2
7866,0
7867,1
7868,0
7869,1
7870,2
7871,1
7872,1
7873,1
7874,1
7875,1
7876,0
7877,0
7878,0
7879,0
7880,1
7881,2
7882,1
7883,0
7884,0
7885,2
7886,0
7887,2
7888,1
7889,1
7890,2
7891,2
7892,1
7893,1
7894,1
7895,0
7896,2
7897,0
7898,2
7899,1
7900,0
7901,1
7902,1
7903,1
7904,0
7905,2
7906,0
7907,2
7908,1
7909,1
7910,2
7911,2
7912,1
7913,1
7914,2
7915,0
7916,2
7917,2
7918,0
7919,2
7920,1
7921,2
7922,2
7923,1
7924,2
7925,1
7926,1
7927,1
7928,0
7929,1
7930,1
7931,1
7932,1
7933,2
7934,2
7935,1
7936,1
7937,2
7938,2
7939,0
7940,1
7941,1
7942,1
7943,2
7944,2
7945,2
7946,2
7947,1
7948,1
7949,0
7950,2
7951,0
7952,0
7953,1
7954,0
7955,0
7956,1
7957,2
7958,2
7959,2
7960,2
7961,1
7962,1
7963,0
7964,2
7965,2
7966,2
7967,2
7968,0
7969,2
7970,1
7971,1
7972,2
7973,0
7974,2
7975,1
7976,2
7977,0
7978,2
7979,1
7980,2
7981,1
7982,2
7983,1
7984,1
7985,0
7986,2
7987,2
7988,1
7989,1
7990,1
7991,1
7992,2
7993,2
7994,0
7995,2
7996,2
7997,2
7998,2
7999,0
8000,0
8001,2
8002,0
8003,1
8004,0
8005,1
8006,2
8007,1
8008,0
8009,2
8010,0
8011,2
8012,2
8013,2
8014,0
8015,1
8016,2
8017,0
8018,1
8019,2
8020,1
8021,0
8022,2
8023,1
8024,0
8025,2
8026,1
8027,2
8028,2
8029,1
8030,0
8031,0
8032,1
8033,2
8034,0
8035,1
8036,2
8037,1
8038,2
8039,1
8040,2
8041,0
8042,0
8043,1
8044,0
8045,2
8046,0
8047,2
8048,2
8049,2
8050,2
8051,1
8052,1
8053,1
8054,2
8055,2
8056,2
8057,1
8058,0
8059,0
8060,2
8061,1
8062,1
8063,2
8064,1
8065,0
8066,1
8067,0
8068,1
8069,1
8070,0
8071,2
8072,0
8073,2
8074,2
8075,1
8076,0
8077,2
8078,0
8079,1
8080,2
8081,1
8082,1
8083,1
8084,0
8085,1
8086,0
8087,2
8088,2
8089,2
8090,1
8091,2
8092,1
8093,2
8094,0
8095,2
8096,2
8097,0
8098,0
8099,1
8100,1
8101,0
8102,2
8103,2
8104,2
8105,1
8106,1
8107,2
8108,2
8109,1
8110,1
8111,1
8112,1
8113,1
8114,1
8115,1
8116,2
8117,2
8118,2
8119,2
8120,1
8121,2
8122,2
8123,1
8124,2
8125,1
8126,2
8127,2
8128,1
8129,2
8130,0
8131,1
8132,0
8133,0
8134,0
8135,2
8136,2
8137,0
8138,2
8139,2
8140,2
8141,2
8142,1
8143,0
8144,2
8145,1
8146,1
8147,1
8148,1
8149,1
8150,2
8151,0
8152,2
8153,0
8154,2
8155,2
8156,2
8157,1
8158,2
8159,1
8160,0
8161,1
8162,1
8163,2
8164,1
8165,0
8166,1
8167,2
8168,1
8169,2
8170,2
8171,2
8172,1
8173,1
8174,2
8175,0
8176,1
8177,2
8178,2
8179,0
8180,0
8181,1
8182,0
8183,2
8184,1
8185,2
8186,2
8187,2
8188,1
8189,2
8190,2
8191,0
8192,2
8193,2
8194,0
8195,1
8196,2
8197,0
8198,1
8199,1
8200,0
8201,0
8202,1
8203,1
8204,1
8205,1
8206,1
8207,0
8208,0
8209,1
8210,0
8211,1
8212,0
8213,2
8214,1
8215,2
8216,1
8217,1
8218,1
8219,1
8220,1
8221,1
8222,2
8223,2
8224,2
8225,1
8226,1
8227,2
8228,2
8229,2
8230,1
8231,0
8232,0
8233,1
8234,0
8235,2
8236,0
8237,0
8238,2
8239,1
8240,1
8241,1
8242,2
8243,2
8244,1
8245,2
8246,0
8247,2
8248,2
8249,2
8250,2
8251,0
8252,0
8253,0
8254,1
8255,0
8256,0
8257,2
8258,1
8259,0
8260,2
8261,2
8262,1
8263,1
8264,1
8265,1
8266,2
8267,0
8268,1
8269,1
8270,1
8271,0
8272,1
8273,1
8274,1
8275,2
8276,0
8277,0
8278,0
8279,0
8280,0
8281,1
8282,2
8283,0
8284,2
8285,1
8286,2
8287,2
8288,1
8289,2
8290,1
8291,2
8292,1
8293,1
8294,2
8295,2
8296,1
8297,1
8298,2
8299,2
8300,2
8301,2
8302,1
8303,1
8304,2
8305,0
8306,2
8307,2
8308,2
8309,0
8310,1
8311,0
8312,0
8313,0
8314,0
8315,1
8316,0
8317,2
8318,2
8319,0
8320,1
8321,1
8322,1
8323,1
8324,2
8325,2
8326,1
8327,2
8328,2
8329,1
8330,2
8331,1
8332,0
8333,0
8334,2
8335,1
8336,0
8337,1
8338,2
8339,0
8340,1
8341,1
8342,2
8343,1
8344,1
8345,0
8346,2
8347,1
8348,2
8349,1
8350,2
8351,0
8352,2
8353,0
8354,1
8355,1
8356,1
8357,2
8358,2
8359,0
8360,2
8361,1
8362,2
8363,0
8364,0
8365,1
8366,1
8367,1
8368,0
8369,0
8370,2
8371,2
8372,2
8373,1
8374,1
8375,2
8376,2
8377,2
8378,0
8379,2
8380,2
8381,0
8382,1
8383,0
8384,2
8385,2
8386,2
8387,2
8388,0
8389,2
8390,2
8391,1
8392,1
8393,1
8394,1
8395,0
8396,0
8397,1
8398,0
8399,2
8400,0
8401,1
8402,2
8403,2
8404,0
8405,0
8406,2
8407,1
8408,2
8409,2
8410,0
8411,2
8412,2
8413,1
8414,2
8415,2
8416,2
8417,1
8418,2
8419,1
8420,1
8421,1
8422,1
8423,1
8424,2
8425,0
8426,2
8427,2
8428,1
8429,2
8430,0
8431,2
8432,1
8433,2
8434,2
8435,1
8436,1
8437,0
8438,1
8439,2
8440,1
8441,0
8442,2
8443,1
8444,0
8445,2
8446,2
8447,2
8448,0
8449,1
8450,2
8451,0
8452,0
8453,1
8454,2
8455,2
8456,0
8457,2
8458,2
8459,2
8460,0
8461,2
8462,0
8463,2
8464,2
8465,2
8466,0
8467,2
8468,1
8469,0
8470,0
8471,1
8472,0
8473,0
8474,1
8475,2
8476,1
8477,1
8478,1
8479,2
8480,2
8481,1
8482,0
8483,2
8484,0
8485,1
8486,1
8487,2
8488,0
8489,0
8490,2
8491,2
8492,1
8493,1
8494,2
8495,2
8496,1
8497,2
8498,2
8499,2
8500,1
8501,1
8502,1
8503,1
8504,1
8505,0
8506,2
8507,1
8508,2
8509,2
8510,2
8511,1
8512,2
8513,0
8514,2
8515,2
8516,0
8517,1
8518,1
8519,1
8520,1
8521,2
8522,0
8523,0
8524,1
8525,1
8526,0
8527,2
8528,1
8529,0
8530,1
8531,2
8532,2
8533,0
8534,1
8535,1
8536,2
8537,1
8538,1
8539,2
8540,0
8541,1
8542,2
8543,2
8544,2
8545,1
8546,0
8547,0
8548,0
8549,2
8550,2
8551,1
8552,0
8553,2
8554,0
8555,1
8556,1
8557,0
8558,1
8559,2
8560,2
8561,0
8562,0
8563,2
8564,0
8565,0
8566,1
8567,1
8568,0
8569,2
8570,1
8571,2
8572,0
8573,2
8574,2
8575,2
8576,1
8577,2
8578,0
8579,0
8580,1
8581,1
8582,0
8583,2
8584,0
8585,1
8586,2
8587,2
8588,0
8589,2
8590,0
8591,1
8592,0
8593,0
8594,0
8595,0
8596,1
8597,2
8598,2
8599,2
8600,1
8601,2
8602,0
8603,1
8604,2
8605,2
8606,2
8607,2
8608,0
8609,0
8610,1
8611,1
8612,2
8613,0
8614,1
8615,2
8616,1
8617,0
8618,0
8619,1
8620,1
8621,1
8622,1
8623,0
8624,1
8625,2
8626,1
8627,0
8628,2
8629,2
8630,0
8631,1
8632,0
8633,2
8634,1
8635,0
8636,2
8637,0
8638,1
8639,1
8640,2
8641,1
8642,1
8643,1
8644,2
8645,0
8646,2
8647,1
8648,2
8649,1
8650,0
8651,2
8652,1
8653,1
8654,2
8655,1
8656,0
8657,0
8658,1
8659,1
8660,1
8661,0
8662,2
8663,0
8664,0
8665,1
8666,2
8667,2
8668,2
8669,0
8670,2
8671,2
8672,1
8673,0
8674,0
8675,2
8676,1
8677,0
8678,0
8679,1
8680,1
8681,1
8682,0
8683,2
8684,1
8685,2
8686,2
8687,1
8688,2
8689,0
8690,2
8691,2
8692,2
8693,2
8694,1
8695,0
8696,1
8697,1
8698,1
8699,1
8700,0
8701,1
8702,0
8703,1
8704,2
8705,0
8706,1
8707,0
8708,1
8709,0
8710,2
8711,1
8712,2
8713,2
8714,0
8715,2
8716,2
8717,0
8718,1
8719,1
8720,2
8721,1
8722,0
8723,1
8724,0
8725,1
8726,2
8727,1
8728,0
8729,0
8730,0
8731,1
8732,2
8733,0
8734,1
8735,2
8736,2
8737,2
8738,0
8739,1
8740,0
8741,1
8742,1
8743,1
8744,1
8745,1
8746,0
8747,1
8748,1
8749,1
8750,0
8751,1
8752,2
8753,2
8754,0
8755,0
8756,2
8757,1
8758,1
8759,0
8760,2
8761,1
8762,1
8763,0
8764,1
8765,2
8766,2
8767,2
8768,2
8769,1
8770,2
8771,1
8772,1
8773,0
8774,1
8775,0
8776,0
8777,2
8778,0
8779,1
8780,2
8781,2
8782,2
8783,1
8784,1
8785,1
8786,1
8787,1
8788,1
8789,1
8790,0
8791,2
8792,1
8793,2
8794,0
8795,0
8796,1
8797,2
8798,0
8799,1
8800,2
8801,1
8802,2
8803,1
8804,0
8805,1
8806,1
8807,0
8808,1
8809,2
8810,2
8811,0
8812,0
8813,0
8814,0
8815,2
8816,0
8817,1
8818,0
8819,0
8820,0
8821,1
8822,0
8823,2
8824,2
8825,2
8826,0
8827,1
8828,2
8829,1
8830,1
8831,1
8832,2
8833,0
8834,2
8835,0
8836,1
8837,2
8838,1
8839,0
8840,1
8841,1
8842,1
8843,0
8844,0
8845,1
8846,2
8847,0
8848,2
8849,2
8850,1
8851,2
8852,2
8853,1
8854,0
8855,1
8856,0
8857,2
8858,1
8859,2
8860,0
8861,0
8862,1
8863,1
8864,2
8865,1
8866,1
8867,1
8868,2
8869,1
8870,2
8871,0
8872,0
8873,2
8874,2
8875,2
8876,2
8877,1
8878,2
8879,1
8880,2
8881,0
8882,1
8883,0
8884,0
8885,0
8886,2
8887,1
8888,0
8889,1
8890,2
8891,1
8892,0
8893,1
8894,2
8895,1
8896,0
8897,0
8898,1
8899,0
8900,1
8901,2
8902,2
8903,2
8904,1
8905,1
8906,0
8907,1
8908,1
8909,1
8910,1
8911,0
8912,0
8913,1
8914,0
8915,1
8916,1
8917,0
8918,2
8919,0
8920,2
8921,1
8922,2
8923,2
8924,2
8925,2
8926,2
8927,2
8928,2
8929,1
8930,1
8931,1
8932,0
8933,0
8934,2
8935,2
8936,0
8937,1
8938,1
8939,1
8940,1
8941,0
8942,2
8943,2
8944,2
8945,1
8946,2
8947,1
8948,2
8949,0
8950,1
8951,0
8952,1
8953,0
8954,2
8955,0
8956,1
8957,2
8958,1
8959,1
8960,2
8961,0
8962,1
8963,1
8964,1
8965,2
8966,1
8967,0
8968,1
8969,1
8970,2
8971,1
8972,0
8973,0
8974,2
8975,2
8976,0
8977,1
8978,1
8979,1
8980,2
8981,0
8982,1
8983,1
8984,2
8985,2
8986,1
8987,1
8988,1
8989,2
8990,0
8991,1
8992,1
8993,1
8994,2
8995,2
8996,1
8997,0
8998,0
8999,1
9000,1
9001,1
9002,0
9003,1
9004,2
9005,2
9006,0
9007,2
9008,1
9009,0
9010,1
9011,0
9012,0
9013,2
9014,2
9015,1
9016,1
9017,1
9018,2
9019,1
9020,2
9021,2
9022,1
9023,1
9024,2
9025,1
9026,2
9027,1
9028,2
9029,0
9030,1
9031,0
9032,2
9033,0
9034,1
9035,2
9036,0
9037,2
9038,0
9039,2
9040,2
9041,2
9042,1
9043,2
9044,1
9045,1
9046,0
9047,1
9048,2
9049,1
9050,1
9051,2
9052,1
9053,0
9054,0
9055,0
9056,1
9057,0
9058,0
9059,1
9060,2
9061,2
9062,1
9063,1
9064,0
9065,2
9066,1
9067,1
9068,1
9069,1
9070,2
9071,1
9072,1
9073,2
9074,0
9075,1
9076,0
9077,2
9078,2
9079,0
9080,0
9081,2
9082,0
9083,2
9084,1
9085,2
9086,0
9087,1
9088,2
9089,0
9090,0
9091,1
9092,0
9093,2
9094,0
9095,2
9096,2
9097,0
9098,0
9099,0
9100,0
9101,2
9102,0
9103,1
9104,1
9105,0
9106,0
9107,0
9108,1
9109,0
9110,1
9111,0
9112,2
9113,2
9114,2
9115,1
9116,2
9117,1
9118,2
9119,1
9120,1
9121,1
9122,0
9123,1
9124,2
9125,0
9126,1
9127,1
9128,1
9129,0
9130,0
9131,0
9132,2
9133,1
9134,0
9135,2
9136,1
9137,1
9138,0
9139,0
9140,0
9141,2
9142,0
9143,1
9144,1
9145,1
9146,2
9147,1
9148,2
9149,2
9150,1
9151,0
9152,1
9153,2
9154,0
9155,0
9156,1
9157,1
9158,1
9159,2
9160,0
9161,1
9162,0
9163,2
9164,1
9165,2
9166,0
9167,1
9168,2
9169,1
9170,1
9171,0
9172,2
9173,2
9174,0
9175,1
9176,1
9177,0
9178,1
9179,1
9180,1
9181,0
9182,2
9183,0
9184,1
9185,2
9186,2
9187,0
9188,2
9189,1
9190,1
9191,0
9192,2
9193,0
9194,2
9195,1
9196,2
9197,1
9198,2
9199,2
9200,1
9201,2
9202,1
9203,2
9204,1
9205,1
9206,1
9207,1
9208,0
9209,1
9210,0
9211,0
9212,2
9213,2
9214,1
9215,0
9216,2
9217,1
9218,1
9219,2
9220,0
9221,1
9222,0
9223,0
9224,0
9225,2
9226,1
9227,2
9228,0
9229,0
9230,2
9231,0
9232,2
9233,1
9234,1
9235,1
9236,0
9237,1
9238,2
9239,1
9240,0
9241,1
9242,2
9243,2
9244,1
9245,1
9246,2
9247,2
9248,1
9249,2
9250,2
9251,2
9252,1
9253,1
9254,1
9255,1
9256,1
9257,0
9258,0
9259,1
9260,2
9261,2
9262,2
9263,1
9264,1
9265,0
9266,0
9267,0
9268,2
9269,1
9270,2
9271,0
9272,1
9273,2
9274,2
9275,2
9276,0
9277,1
9278,2
9279,0
9280,1
9281,2
9282,1
9283,1
9284,1
9285,0
9286,2
9287,2
9288,1
9289,1
9290,1
9291,1
9292,1
9293,1
9294,0
9295,1
9296,0
9297,1
9298,0
9299,2
9300,2
9301,1
9302,2
9303,1
9304,0
9305,1
9306,1
9307,2
9308,1
9309,0
9310,0
9311,0
9312,1
9313,1
9314,0
9315,0
9316,2
9317,2
9318,0
9319,2
9320,2
9321,0
9322,1
9323,1
9324,1
9325,2
9326,1
9327,1
9328,0
9329,0
9330,0
9331,0
9332,2
9333,0
9334,2
9335,2
9336,2
9337,0
9338,2
9339,1
9340,1
9341,1
9342,2
9343,1
9344,0
9345,0
9346,1
9347,0
9348,0
9349,1
9350,1
9351,2
9352,1
9353,1
9354,0
9355,0
9356,2
9357,1
9358,2
9359,0
9360,1
9361,1
9362,1
9363,1
9364,1
9365,1
9366,1
9367,2
9368,1
9369,0
9370,1
9371,1
9372,0
9373,1
9374,0
9375,1
9376,1
9377,0
9378,1
9379,2
9380,2
9381,1
9382,0
9383,2
9384,2
9385,1
9386,2
9387,2
9388,2
9389,1
9390,0
9391,2
9392,1
9393,2
9394,2
9395,0
9396,2
9397,1
9398,1
9399,0
9400,1
9401,2
9402,2
9403,0
9404,2
9405,0
9406,1
9407,2
9408,1
9409,1
9410,2
9411,2
9412,2
9413,2
9414,2
9415,0
9416,2
9417,1
9418,1
9419,0
9420,1
9421,0
9422,2
9423,2
9424,1
9425,2
9426,2
9427,1
9428,0
9429,1
9430,1
9431,0
9432,0
9433,1
9434,2
9435,2
9436,0
9437,2
9438,1
9439,0
9440,2
9441,0
9442,1
9443,0
9444,2
9445,1
9446,1
9447,1
9448,0
9449,1
9450,2
9451,0
9452,1
9453,0
9454,2
9455,2
9456,0
9457,2
9458,1
9459,0
9460,1
9461,2
9462,2
9463,2
9464,1
9465,2
9466,1
9467,1
9468,0
9469,1
9470,1
9471,1
9472,2
9473,1
9474,2
9475,0
9476,1
9477,2
9478,1
9479,0
9480,1
9481,0
9482,0
9483,1
9484,1
9485,0
9486,0
9487,1
9488,1
9489,2
9490,1
9491,2
9492,1
9493,2
9494,0
9495,2
9496,2
9497,2
9498,2
9499,1
9500,1
9501,2
9502,0
9503,1
9504,2
9505,2
9506,1
9507,1
9508,2
9509,1
9510,2
9511,0
9512,0
9513,0
9514,1
9515,0
9516,1
9517,0
9518,0
9519,2
9520,1
9521,0
9522,0
9523,2
9524,1
9525,1
9526,1
9527,1
9528,1
9529,1
9530,2
9531,0
9532,2
9533,0
9534,1
9535,2
9536,2
9537,2
9538,0
9539,1
9540,1
9541,2
9542,1
9543,1
9544,0
9545,2
9546,2
9547,1
9548,2
9549,1
9550,1
9551,1
9552,1
9553,1
9554,1
9555,2
9556,0
9557,2
9558,2
9559,0
9560,0
9561,1
9562,1
9563,0
9564,2
9565,1
9566,2
9567,2
9568,2
9569,1
9570,2
9571,2
9572,0
9573,1
9574,1
9575,2
9576,2
9577,2
9578,1
9579,1
9580,1
9581,0
9582,1
9583,2
9584,0
9585,1
9586,1
9587,1
9588,2
9589,1
9590,2
9591,2
9592,2
9593,1
9594,2
9595,1
9596,1
9597,1
9598,0
9599,1
9600,2
9601,1
9602,2
9603,1
9604,0
9605,2
9606,1
9607,2
9608,2
9609,1
9610,1
9611,1
9612,1
9613,0
9614,1
9615,0
9616,1
9617,2
9618,1
9619,2
9620,0
9621,1
9622,1
9623,2
9624,0
9625,1
9626,2
9627,1
9628,1
9629,2
9630,0
9631,2
9632,1
9633,0
9634,2
9635,0
9636,2
9637,2
9638,0
9639,1
9640,2
9641,2
9642,0
9643,0
9644,1
9645,1
9646,0
9647,2
9648,1
9649,0
9650,0
9651,1
9652,0
9653,0
9654,1
9655,0
9656,1
9657,2
9658,0
9659,0
9660,1
9661,2
9662,0
9663,1
9664,1
9665,1
9666,2
9667,1
9668,0
9669,0
9670,1
9671,1
9672,1
9673,2
9674,2
9675,1
9676,2
9677,1
9678,2
9679,0
9680,0
9681,2
9682,0
9683,1
9684,1
9685,2
9686,2
9687,1
9688,0
9689,0
9690,0
9691,2
9692,0
9693,1
9694,1
9695,2
9696,0
9697,2
9698,2
9699,0
9700,1
9701,0
9702,0
9703,2
9704,0
9705,1
9706,1
9707,2
9708,0
9709,2
9710,0
9711,2
9712,0
9713,0
9714,1
9715,0
9716,1
9717,2
9718,1
9719,1
9720,1
9721,2
9722,2
9723,0
9724,1
9725,0
9726,0
9727,0
9728,0
9729,2
9730,1
9731,0
9732,0
9733,2
9734,2
9735,2
9736,1
9737,2
9738,1
9739,2
9740,1
9741,1
9742,2
9743,1
9744,1
9745,0
9746,0
9747,0
9748,1
9749,1
9750,2
9751,1
9752,2
9753,1
9754,1
9755,0
9756,1
9757,0
9758,1
9759,0
9760,1
9761,2
9762,2
9763,1
9764,2
9765,1
9766,0
9767,0
9768,0
9769,1
9770,2
9771,0
9772,2
9773,1
9774,1
9775,0
9776,2
9777,2
9778,1
9779,2
9780,1
9781,1
9782,2
9783,2
9784,1
9785,2
9786,2
9787,0
9788,1
9789,0
9790,0
9791,2
9792,1
9793,1
9794,0
9795,1
9796,1
9797,0
9798,1
9799,1
9800,2
9801,0
9802,2
9803,1
9804,2
9805,0
9806,0
9807,2
9808,0
9809,0
9810,1
9811,1
9812,1
9813,1
9814,0
9815,1
9816,1
9817,1
9818,0
9819,0
9820,1
9821,1
9822,0
9823,2
9824,0
9825,0
9826,2
9827,2
9828,1
9829,1
9830,1
9831,1
9832,0
9833,1
9834,0
9835,1
9836,1
9837,2
9838,0
9839,1
9840,0
9841,2
9842,2
9843,2
9844,1
9845,1
9846,1
9847,1
9848,1
9849,0
9850,0
9851,1
9852,2
9853,1
9854,0
9855,2
9856,1
9857,2
9858,0
9859,2
9860,1
9861,2
9862,1
9863,1
9864,1
9865,1
9866,1
9867,2
9868,1
9869,1
9870,1
9871,2
9872,0
9873,1
9874,2
9875,2
9876,2
9877,1
9878,0
9879,1
9880,0
9881,1
9882,2
9883,2
9884,1
9885,0
9886,1
9887,2
9888,2
9889,1
9890,1
9891,1
9892,0
9893,1
9894,1
9895,1
9896,1
9897,1
9898,1
9899,2
9900,1
9901,2
9902,2
9903,2
9904,1
9905,2
9906,2
9907,1
9908,1
9909,0
9910,0
9911,1
9912,2
9913,2
9914,2
9915,1
9916,1
9917,2
9918,0
9919,1
9920,0
9921,2
9922,2
9923,0
9924,1
9925,0
9926,1
9927,1
9928,2
9929,0
9930,2
9931,2
9932,1
9933,0
9934,1
9935,1
9936,2
9937,1
9938,0
9939,2
9940,0
9941,0
9942,1
9943,2
9944,1
9945,1
9946,1
9947,1
9948,1
9949,0
9950,1
9951,1
9952,0
9953,2
9954,2
9955,2
9956,0
9957,1
9958,2
9959,1
9960,1
9961,2
9962,2
9963,1
9964,2
9965,2
9966,2
9967,0
9968,1
9969,1
9970,2
9971,1
9972,2
9973,0
9974,1
9975,2
9976,1
9977,2
9978,1
9979,0
9980,1
9981,2
9982,0
9983,2
9984,0
9985,1
9986,2
9987,2
9988,1
9989,0
9990,1
9991,2
9992,1
9993,2
9994,1
9995,1
9996,1
9997,2
9998,1
9999,1
10000,0
10001,1
10002,0
10003,0
10004,1
10005,0
10006,2
10007,0
10008,1
10009,1
10010,2
10011,2
10012,1
10013,2
10014,2
10015,0
10016,2
10017,1
10018,0
10019,2
10020,2
10021,2
10022,0
10023,2
10024,1
10025,0
10026,2
10027,1
10028,2
10029,0
10030,1
10031,2
10032,0
10033,2
10034,1
10035,1
10036,2
10037,1
10038,2
10039,1
10040,1
10041,0
10042,2
10043,1
10044,0
10045,1
10046,2
10047,2
10048,1
10049,0
10050,0
10051,1
10052,0
10053,1
10054,0
10055,1
10056,0
10057,1
10058,1
10059,2
10060,2
10061,1
10062,2
10063,0
10064,2
10065,2
10066,2
10067,2
10068,2
10069,2
10070,1
10071,2
10072,0
10073,2
10074,2
10075,2
10076,0
10077,0
10078,0
10079,1
10080,0
10081,1
10082,0
10083,1
10084,2
10085,1
10086,0
10087,2
10088,0
10089,1
10090,2
10091,1
10092,1
10093,1
10094,0
10095,1
10096,0
10097,0
10098,0
10099,0
10100,2
10101,0
10102,1
10103,0
10104,2
10105,1
10106,1
10107,2
10108,2
10109,1
10110,2
10111,1
10112,1
10113,0
10114,2
10115,2
10116,1
10117,1
10118,0
10119,0
10120,0
10121,1
10122,1
10123,0
10124,0
10125,1
10126,0
10127,2
10128,1
10129,0
10130,2
10131,1
10132,2
10133,0
10134,1
10135,1
10136,2
10137,0
10138,1
10139,0
10140,0
10141,1
10142,2
10143,0
10144,1
10145,2
10146,0
10147,1
10148,1
10149,2
10150,2
10151,2
10152,0
10153,0
10154,1
10155,1
10156,0
10157,1
10158,1
10159,1
10160,2
10161,2
10162,0
10163,1
10164,1
10165,2
10166,0
10167,1
10168,1
10169,2
10170,1
10171,1
10172,0
10173,2
10174,0
10175,2
10176,2
10177,2
10178,1
10179,1
10180,2
10181,2
10182,1
10183,2
10184,0
10185,1
10186,0
10187,1
10188,1
10189,0
10190,0
10191,2
10192,0
10193,0
10194,2
10195,2
10196,1
10197,1
10198,2
10199,2
10200,1
10201,0
10202,2
10203,1
10204,1
10205,1
10206,1
10207,1
10208,1
10209,1
10210,0
10211,1
10212,1
10213,1
10214,2
10215,0
10216,1
10217,2
10218,2
10219,1
10220,1
10221,0
10222,0
10223,0
10224,0
10225,2
10226,0
10227,2
10228,1
10229,2
10230,1
10231,1
10232,2
10233,2
10234,1
10235,0
10236,2
10237,2
10238,2
10239,0
10240,0
10241,1
10242,1
10243,1
10244,2
10245,1
10246,1
10247,1
10248,2
10249,0
10250,0
10251,1
10252,1
10253,1
10254,2
10255,0
10256,1
10257,1
10258,1
10259,1
10260,2
10261,1
10262,1
10263,1
10264,1
10265,2
10266,1
10267,2
10268,0
10269,2
10270,1
10271,1
10272,1
10273,0
10274,0
10275,1
10276,0
10277,0
10278,0
10279,2
10280,1
10281,1
10282,1
10283,2
10284,1
10285,2
10286,2
10287,0
10288,1
10289,0
10290,1
10291,2
10292,2
10293,1
10294,1
10295,1
10296,1
10297,0
10298,0
10299,1
10300,2
10301,2
10302,2
10303,0
10304,0
10305,1
10306,2
10307,1
10308,1
10309,0
10310,1
10311,1
10312,1
10313,0
10314,0
10315,1
10316,1
10317,0
10318,1
10319,1
10320,0
10321,2
10322,2
10323,0
10324,0
10325,0
10326,2
10327,2
10328,1
10329,2
10330,2
10331,2
10332,1
10333,1
10334,0
10335,0
10336,2
10337,1
10338,2
10339,1
10340,1
10341,1
10342,2
10343,0
10344,0
10345,1
10346,1
10347,1
10348,2
10349,1
10350,1
10351,2
10352,2
10353,2
10354,1
10355,1
10356,0
10357,1
10358,0
10359,2
10360,0
10361,2
10362,1
10363,2
10364,2
10365,1
10366,1
10367,2
10368,1
10369,2
10370,1
10371,1
10372,0
10373,2
10374,0
10375,2
10376,0
10377,2
10378,2
10379,2
10380,0
10381,1
10382,0
10383,1
10384,2
10385,0
10386,0
10387,2
10388,1
10389,2
10390,0
10391,0
10392,1
10393,1
10394,2
10395,1
10396,0
10397,1
10398,1
10399,0
10400,2
10401,2
10402,2
10403,2
10404,0
10405,2
10406,2
10407,2
10408,2
10409,0
10410,2
10411,2
10412,1
10413,0
10414,2
10415,2
10416,0
10417,2
10418,2
10419,2
10420,2
10421,2
10422,2
10423,0
10424,1
10425,2
10426,2
10427,1
10428,1
10429,1
10430,1
10431,0
10432,0
10433,1
10434,2
10435,0
10436,1
10437,1
10438,0
10439,2
10440,1
10441,1
10442,1
10443,0
10444,2
10445,0
10446,1
10447,0
10448,0
10449,0
10450,1
10451,2
10452,2
10453,2
10454,0
10455,0
10456,2
10457,1
10458,1
10459,1
10460,2
10461,1
10462,1
10463,2
10464,0
10465,1
10466,0
10467,0
10468,2
10469,2
10470,0
10471,2
10472,2
10473,0
10474,2
10475,1
10476,2
10477,2
10478,0
10479,0
10480,1
10481,1
10482,2
10483,2
10484,1
10485,1
10486,2
10487,0
10488,1
10489,0
10490,2
10491,2
10492,1
10493,1
10494,0
10495,1
10496,0
10497,0
10498,1
10499,1
10500,2
10501,1
10502,0
10503,2
10504,2
10505,1
10506,1
10507,0
10508,1
10509,2
10510,2
10511,1
10512,0
10513,2
10514,1
10515,2
10516,2
10517,0
10518,2
10519,1
10520,1
10521,0
10522,2
10523,0
10524,1
10525,1
10526,1
10527,2
10528,2
10529,0
10530,1
10531,2
10532,2
10533,1
10534,1
10535,0
10536,1
10537,2
10538,1
10539,0
10540,2
10541,0
10542,0
10543,1
10544,0
10545,2
10546,0
10547,2
10548,1
10549,1
10550,2
10551,1
10552,1
10553,2
10554,0
10555,1
10556,1
10557,1
10558,2
10559,2
10560,2
10561,2
10562,2
10563,1
10564,2
10565,1
10566,1
10567,2
10568,2
10569,1
10570,1
10571,2
10572,2
10573,0
10574,2
10575,1
10576,2
10577,2
10578,1
10579,2
10580,2
10581,1
10582,1
10583,2
10584,1
10585,2
10586,2
10587,1
10588,1
10589,2
10590,2
10591,1
10592,0
10593,1
10594,0
10595,1
10596,1
10597,2
10598,0
10599,1
10600,2
10601,1
10602,1
10603,2
10604,0
10605,1
10606,2
10607,1
10608,2
10609,2
10610,1
10611,1
10612,1
10613,1
10614,1
10615,2
10616,0
10617,2
10618,1
10619,2
10620,0
10621,1
10622,1
10623,0
10624,1
10625,0
10626,1
10627,1
10628,0
10629,2
10630,2
10631,2
10632,1
10633,1
10634,1
10635,1
10636,0
10637,0
10638,2
10639,1
10640,1
10641,1
10642,0
10643,0
10644,1
10645,1
10646,1
10647,2
10648,1
10649,1
10650,1
10651,1
10652,2
10653,0
10654,1
10655,2
10656,1
10657,0
10658,1
10659,1
10660,0
10661,0
10662,2
10663,1
10664,2
10665,2
10666,0
10667,1
10668,2
10669,2
10670,0
10671,0
10672,1
10673,2
10674,1
10675,1
10676,1
10677,2
10678,2
10679,0
10680,2
10681,1
10682,1
10683,1
10684,0
10685,1
10686,2
10687,1
10688,0
10689,1
10690,1
10691,1
10692,2
10693,1
10694,2
10695,2
10696,0
10697,2
10698,0
10699,1
10700,0
10701,2
10702,0
10703,0
10704,0
10705,1
10706,2
10707,0
10708,2
10709,1
10710,2
10711,2
10712,1
10713,2
10714,2
10715,1
10716,1
10717,0
10718,1
10719,0
10720,0
10721,1
10722,1
10723,0
10724,0
10725,0
10726,1
10727,2
10728,0
10729,0
10730,0
10731,2
10732,1
10733,2
10734,2
10735,0
10736,0
10737,1
10738,0
10739,2
10740,1
10741,2
10742,1
10743,1
10744,0
10745,0
10746,2
10747,0
10748,1
10749,1
10750,1
10751,0
10752,2
10753,2
10754,2
10755,1
10756,1
10757,1
10758,1
10759,1
10760,2
10761,2
10762,0
10763,1
10764,1
10765,0
10766,0
10767,1
10768,1
10769,1
10770,0
10771,1
10772,0
10773,2
10774,2
10775,0
10776,2
10777,1
10778,1
10779,0
10780,1
10781,0
10782,2
10783,0
10784,0
10785,0
10786,1
10787,2
10788,2
10789,1
10790,2
10791,2
10792,1
10793,1
10794,2
10795,2
10796,0
10797,2
10798,2
10799,1
10800,2
10801,2
10802,2
10803,1
10804,1
10805,0
10806,1
10807,0
10808,2
10809,2
10810,1
10811,2
10812,2
10813,0
10814,2
10815,2
10816,1
10817,0
10818,1
10819,2
10820,1
10821,2
10822,1
10823,1
10824,0
10825,1
10826,1
10827,0
10828,0
10829,1
10830,0
10831,1
10832,1
10833,0
10834,1
10835,2
10836,0
10837,2
10838,1
10839,1
10840,2
10841,1
10842,2
10843,1
10844,2
10845,2
10846,1
10847,0
10848,2
10849,1
10850,2
10851,1
10852,2
10853,2
10854,0
10855,0
10856,2
10857,1
10858,1
10859,1
10860,2
10861,2
10862,2
10863,2
10864,1
10865,1
10866,2
10867,1
10868,1
10869,0
10870,1
10871,0
10872,1
10873,2
10874,1
10875,2
10876,1
10877,0
10878,2
10879,0
10880,1
10881,0
10882,2
10883,2
10884,0
10885,2
10886,1
10887,2
10888,0
10889,0
10890,1
10891,1
10892,2
10893,1
10894,1
10895,1
10896,2
10897,0
10898,2
10899,1
10900,0
10901,1
10902,1
10903,2
10904,1
10905,2
10906,0
10907,1
10908,0
10909,1
10910,2
10911,1
10912,2
10913,0
10914,0
10915,0
10916,0
10917,2
10918,2
10919,2
10920,2
10921,1
10922,0
10923,1
10924,2
10925,1
10926,1
10927,0
10928,2
10929,0
10930,0
10931,1
10932,1
10933,0
10934,2
10935,1
10936,2
10937,2
10938,2
10939,1
10940,1
10941,2
10942,1
10943,1
10944,2
10945,0
10946,0
10947,0
10948,2
10949,0
10950,1
10951,2
10952,2
10953,0
10954,2
10955,0
10956,0
10957,2
10958,0
10959,0
10960,1
10961,0
10962,2
10963,1
10964,0
10965,1
10966,1
10967,2
10968,0
10969,1
10970,1
10971,2
10972,0
10973,2
10974,0
10975,0
10976,1
10977,0
10978,2
10979,2
10980,1
10981,0
10982,2
10983,1
10984,0
10985,0
10986,0
10987,2
10988,2
10989,0
10990,0
10991,0
10992,2
10993,1
10994,1
10995,0
10996,0
10997,0
10998,2
10999,2
11000,0
11001,0
11002,1
11003,1
11004,1
11005,1
11006,2
11007,1
11008,1
11009,1
11010,1
11011,1
11012,2
11013,0
11014,2
11015,0
11016,2
11017,2
11018,2
11019,1
11020,1
11021,2
11022,0
11023,2
11024,1
11025,1
11026,1
11027,1
11028,1
11029,2
11030,2
11031,2
11032,0
11033,0
11034,2
11035,0
11036,1
11037,1
11038,2
11039,1
11040,1
11041,1
11042,0
11043,2
11044,2
11045,2
11046,0
11047,2
11048,1
11049,2
11050,2
11051,2
11052,0
11053,2
11054,2
11055,1
11056,0
11057,0
11058,1
11059,0
11060,0
11061,2
11062,2
11063,1
11064,1
11065,1
11066,2
11067,0
11068,2
11069,0
11070,1
11071,1
11072,2
11073,1
11074,1
11075,2
11076,1
11077,1
11078,1
11079,2
11080,1
11081,1
11082,1
11083,2
11084,2
11085,2
11086,1
11087,0
11088,0
11089,1
11090,1
11091,1
11092,0
11093,1
11094,0
11095,2
11096,1
11097,1
11098,2
11099,2
11100,2
11101,1
11102,2
11103,0
11104,1
11105,1
11106,1
11107,2
11108,1
11109,2
11110,1
11111,2
11112,2
11113,0
11114,0
11115,1
11116,0
11117,1
11118,1
11119,1
11120,2
11121,1
11122,1
11123,2
11124,1
11125,2
11126,2
11127,1
11128,2
11129,2
11130,0
11131,2
11132,2
11133,1
11134,1
11135,0
11136,1
11137,2
11138,2
11139,0
11140,1
11141,1
11142,0
11143,0
11144,2
11145,2
11146,0
11147,2
11148,2
11149,0
11150,2
11151,2
11152,0
11153,1
11154,2
11155,1
11156,2
11157,2
11158,2
11159,2
11160,2
11161,2
11162,0
11163,0
11164,1
11165,1
11166,0
11167,2
11168,2
11169,1
11170,2
11171,0
11172,2
11173,1
11174,1
11175,1
11176,1
11177,1
11178,1
11179,1
11180,2
11181,0
11182,0
11183,1
11184,2
11185,0
11186,1
11187,1
11188,2
11189,1
11190,1
11191,0
11192,1
11193,1
11194,2
11195,1
11196,1
11197,2
11198,0
11199,0
11200,2
11201,0
11202,2
11203,1
11204,1
11205,1
11206,0
11207,2
11208,0
11209,0
11210,1
11211,0
11212,0
11213,0
11214,0
11215,1
11216,1
11217,0
11218,0
11219,2
11220,0
11221,1
11222,2
11223,1
11224,0
11225,2
11226,2
11227,2
11228,1
11229,1
11230,0
11231,0
11232,2
11233,1
11234,1
11235,2
11236,1
11237,1
11238,1
11239,0
11240,2
11241,2
11242,0
11243,2
11244,1
11245,2
11246,2
11247,2
11248,2
11249,1
11250,2
11251,2
11252,2
11253,1
11254,1
11255,1
11256,2
11257,0
11258,1
11259,1
11260,2
11261,1
11262,1
11263,1
11264,2
11265,1
11266,1
11267,2
11268,2
11269,1
11270,2
11271,2
11272,0
11273,0
11274,2
11275,1
11276,1
11277,0
11278,1
11279,2
11280,0
11281,2
11282,1
11283,0
11284,1
11285,2
11286,1
11287,1
11288,0
11289,1
11290,2
11291,1
11292,0
11293,1
11294,1
11295,1
11296,0
11297,0
11298,0
11299,2
11300,1
11301,0
11302,1
11303,1
11304,0
11305,1
11306,2
11307,0
11308,1
11309,1
11310,1
11311,2
11312,2
11313,2
11314,2
11315,2
11316,0
11317,2
11318,1
11319,2
11320,1
11321,0
11322,1
11323,1
11324,2
11325,1
11326,1
11327,0
11328,2
11329,2
11330,1
11331,1
11332,1
11333,2
11334,1
11335,2
11336,2
11337,1
11338,0
11339,0
11340,1
11341,2
11342,2
11343,0
11344,1
11345,0
11346,0
11347,0
11348,1
11349,2
11350,2
11351,1
11352,0
11353,2
11354,1
11355,2
11356,1
11357,1
11358,2
11359,1
11360,2
11361,1
11362,1
11363,0
11364,1
11365,1
11366,0
11367,1
11368,2
11369,0
11370,0
11371,1
11372,2
11373,0
11374,1
11375,1
11376,0
11377,2
11378,1
11379,1
11380,2
11381,2
11382,1
11383,2
11384,0
11385,2
11386,1
11387,1
11388,0
11389,1
11390,1
11391,1
11392,2
11393,0
11394,1
11395,2
11396,2
11397,0
11398,0
11399,1
11400,2
11401,0
11402,2
11403,2
11404,2
11405,2
11406,0
11407,2
11408,1
11409,2
11410,0
11411,0
11412,2
11413,1
11414,1
11415,1
11416,0
11417,2
11418,1
11419,2
11420,0
11421,1
11422,1
11423,0
11424,0
11425,2
11426,1
11427,0
11428,1
11429,2
11430,0
11431,2
11432,1
11433,1
11434,1
11435,1
11436,1
11437,1
11438,0
11439,0
11440,1
11441,2
11442,0
11443,2
11444,0
11445,1
11446,1
11447,1
11448,2
11449,1
11450,2
11451,2
11452,2
11453,0
11454,1
11455,0
11456,0
11457,1
11458,1
11459,0
11460,2
11461,0
11462,2
11463,2
11464,2
11465,0
11466,1
11467,0
11468,2
11469,0
11470,0
11471,2
11472,2
11473,1
11474,0
11475,1
11476,0
11477,1
11478,0
11479,1
11480,2
11481,0
11482,1
11483,2
11484,1
11485,2
11486,1
11487,2
11488,1
11489,2
11490,0
11491,1
11492,1
11493,0
11494,1
11495,2
11496,1
11497,1
11498,2
11499,0
11500,1
11501,2
11502,0
11503,2
11504,2
11505,2
11506,0
11507,2
11508,1
11509,0
11510,1
11511,2
11512,2
11513,0
11514,1
11515,0
11516,1
11517,0
11518,1
11519,2
11520,2
11521,1
11522,1
11523,1
11524,1
11525,1
11526,2
11527,2
11528,1
11529,2
11530,0
11531,0
11532,0
11533,2
11534,2
11535,1
11536,2
11537,1
11538,2
11539,1
11540,1
11541,2
11542,2
11543,2
11544,0
11545,0
11546,2
11547,1
11548,0
11549,2
11550,2
11551,1
11552,0
11553,1
11554,2
11555,0
11556,2
11557,2
11558,2
11559,2
11560,2
11561,2
11562,1
11563,2
11564,2
11565,0
11566,1
11567,1
11568,1
11569,2
11570,0
11571,1
11572,1
11573,1
11574,0
11575,0
11576,1
11577,1
11578,0
11579,0
11580,1
11581,2
11582,2
11583,2
11584,0
11585,1
11586,2
11587,2
11588,0
11589,2
11590,2
11591,1
11592,1
11593,0
11594,2
11595,2
11596,1
11597,1
11598,0
11599,1
11600,1
11601,2
11602,1
11603,1
11604,2
11605,2
11606,1
11607,1
11608,0
11609,2
11610,2
11611,1
11612,0
11613,0
11614,1
11615,1
11616,2
11617,1
11618,0
11619,2
11620,1
11621,0
11622,2
11623,0
11624,1
11625,1
11626,1
11627,0
11628,1
11629,1
11630,0
11631,1
11632,0
11633,0
11634,1
11635,2
11636,1
11637,2
11638,1
11639,1
11640,1
11641,2
11642,0
11643,1
11644,2
11645,2
11646,0
11647,0
11648,2
11649,2
11650,1
11651,2
11652,2
11653,2
11654,1
11655,0
11656,0
11657,1
11658,0
11659,1
11660,1
11661,2
11662,1
11663,1
11664,2
11665,1
11666,2
11667,0
11668,0
11669,2
11670,0
11671,2
11672,1
11673,1
11674,2
11675,2
11676,2
11677,1
11678,2
11679,1
11680,1
11681,0
11682,2
11683,0
11684,1
11685,0
11686,1
11687,0
11688,0
11689,2
11690,0
11691,0
11692,2
11693,1
11694,2
11695,2
11696,0
11697,2
11698,0
11699,1
11700,1
11701,0
11702,1
11703,2
11704,2
11705,1
11706,1
11707,1
11708,0
11709,2
11710,1
11711,1
11712,2
11713,2
11714,0
11715,1
11716,1
11717,0
11718,0
11719,2
11720,2
11721,1
11722,1
11723,1
11724,1
11725,2
11726,0
11727,0
11728,0
11729,0
11730,0
11731,2
11732,1
11733,1
11734,0
11735,2
11736,2
11737,2
11738,2
11739,1
11740,2
11741,2
11742,1
11743,2
11744,2
11745,1
11746,2
11747,2
11748,1
11749,1
11750,2
11751,1
11752,0
11753,2
11754,2
11755,1
11756,0
11757,2
11758,2
11759,2
11760,1
11761,1
11762,2
11763,0
11764,1
11765,1
11766,0
11767,1
11768,1
11769,1
11770,2
11771,1
11772,2
11773,0
11774,2
11775,2
11776,1
11777,2
11778,1
11779,1
11780,2
11781,1
11782,0
11783,2
11784,1
11785,0
11786,1
11787,0
11788,0
11789,2
11790,2
11791,1
11792,1
11793,1
11794,0
11795,1
11796,1
11797,2
11798,2
11799,2
11800,1
11801,2
11802,0
11803,2
11804,0
11805,1
11806,0
11807,2
11808,2
11809,0
11810,0
11811,1
11812,0
11813,2
11814,2
11815,1
11816,0
11817,1
11818,2
11819,1
11820,0
11821,1
11822,0
11823,0
11824,0
11825,1
11826,0
11827,1
11828,1
11829,0
11830,2
11831,1
11832,2
11833,1
11834,2
11835,1
11836,2
11837,2
11838,2
11839,2
11840,1
11841,1
11842,2
11843,2
11844,1
11845,2
11846,1
11847,1
11848,2
11849,1
11850,1
11851,0
11852,2
11853,2
11854,0
11855,2
11856,2
11857,0
11858,1
11859,0
11860,2
11861,2
11862,1
11863,2
11864,0
11865,2
11866,2
11867,1
11868,2
11869,0
11870,2
11871,2
11872,1
11873,0
11874,0
11875,2
11876,0
11877,0
11878,2
11879,2
11880,2
11881,1
11882,1
11883,2
11884,1
11885,0
11886,1
11887,0
11888,1
11889,2
11890,0
11891,0
11892,2
11893,1
11894,2
11895,2
11896,0
11897,0
11898,1
11899,2
11900,0
11901,2
11902,0
11903,2
11904,0
11905,2
11906,1
11907,0
11908,2
11909,1
11910,1
11911,2
11912,0
11913,2
11914,1
11915,2
11916,1
11917,2
11918,1
11919,0
11920,0
11921,0
11922,2
11923,1
11924,0
11925,2
11926,1
11927,2
11928,1
11929,1
11930,0
11931,2
11932,2
11933,0
11934,2
11935,1
11936,0
11937,0
11938,1
11939,2
11940,0
11941,2
11942,2
11943,1
11944,2
11945,0
11946,1
11947,0
11948,0
11949,0
11950,2
11951,2
11952,1
11953,2
11954,2
11955,1
11956,2
11957,2
11958,0
11959,0
11960,1
11961,2
11962,0
11963,0
11964,0
11965,2
11966,2
11967,1
11968,0
11969,1
11970,1
11971,1
11972,1
11973,2
11974,0
11975,2
11976,1
11977,0
11978,2
11979,2
11980,1
11981,2
11982,1
11983,1
11984,1
11985,1
11986,2
11987,1
11988,0
11989,1
11990,1
11991,1
11992,0
11993,0
11994,2
11995,0
11996,2
11997,1
11998,1
11999,2
12000,2
12001,1
12002,1
12003,0
12004,2
12005,2
12006,0
12007,2
12008,2
12009,1
12010,2
12011,2
12012,0
12013,1
12014,2
12015,0
12016,1
12017,0
12018,2
12019,0
12020,1
12021,2
12022,1
12023,2
12024,0
12025,0
12026,2
12027,2
12028,1
12029,1
12030,1
12031,2
12032,2
12033,1
12034,0
12035,2
12036,0
12037,0
12038,2
12039,0
12040,0
12041,1
12042,2
12043,2
12044,1
12045,1
12046,1
12047,1
12048,0
12049,1
12050,2
12051,0
12052,2
12053,0
12054,1
12055,1
12056,2
12057,0
12058,0
12059,2
12060,2
12061,1
12062,0
12063,0
12064,1
12065,2
12066,2
12067,2
12068,0
12069,1
12070,0
12071,1
12072,1
12073,0
12074,1
12075,2
12076,1
12077,0
12078,0
12079,2
12080,2
12081,1
12082,0
12083,2
12084,2
12085,1
12086,1
12087,0
12088,1
12089,1
12090,2
12091,2
12092,2
12093,1
12094,1
12095,1
12096,1
12097,2
12098,2
12099,2
12100,1
12101,1
12102,1
12103,1
12104,1
12105,1
12106,0
12107,2
12108,0
12109,1
12110,2
12111,1
12112,1
12113,0
12114,2
12115,2
12116,2
12117,0
12118,2
12119,1
12120,2
12121,1
12122,2
12123,1
12124,2
12125,1
12126,2
12127,1
12128,1
12129,1
12130,2
12131,1
12132,2
12133,1
12134,1
12135,2
12136,2
12137,2
12138,2
12139,0
12140,1
12141,1
12142,2
12143,2
12144,0
12145,1
12146,1
12147,1
12148,1
12149,1
12150,1
12151,2
12152,1
12153,1
12154,1
12155,2
12156,1
12157,0
12158,2
12159,2
12160,1
12161,0
12162,2
12163,1
12164,1
12165,0
12166,1
12167,2
12168,1
12169,1
12170,1
12171,2
12172,1
12173,0
12174,2
12175,0
12176,1
12177,0
12178,1
12179,2
12180,0
12181,1
12182,0
12183,2
12184,2
12185,1
12186,1
12187,1
12188,0
12189,0
12190,2
12191,1
12192,2
12193,0
12194,1
12195,2
12196,1
12197,1
12198,1
12199,1
12200,1
12201,2
12202,1
12203,2
12204,2
12205,1
12206,1
12207,2
12208,2
12209,0
12210,1
12211,2
12212,2
12213,2
12214,2
12215,1
12216,0
12217,1
12218,2
12219,1
12220,0
12221,1
12222,0
12223,1
12224,1
12225,1
12226,0
12227,0
12228,1
12229,2
12230,2
12231,2
12232,1
12233,1
12234,1
12235,2
12236,0
12237,1
12238,2
12239,1
12240,1
12241,1
12242,2
12243,2
12244,2
12245,0
12246,2
12247,2
12248,1
12249,1
12250,1
12251,2
12252,2
12253,1
12254,1
12255,1
12256,2
12257,1
12258,0
12259,2
12260,1
12261,2
12262,2
12263,2
12264,0
12265,1
12266,2
12267,0
12268,1
12269,1
12270,1
12271,2
12272,1
12273,0
12274,1
12275,2
12276,2
12277,1
12278,1
12279,1
12280,1
12281,0
12282,1
12283,2
12284,2
12285,2
12286,1
12287,1
12288,0
12289,1
12290,0
12291,1
12292,1
12293,1
12294,2
12295,1
12296,1
12297,1
12298,1
12299,2
12300,2
12301,0
12302,1
12303,0
12304,1
12305,0
12306,0
12307,2
12308,1
12309,1
12310,0
12311,0
12312,1
12313,2
12314,2
12315,1
12316,2
12317,2
12318,0
12319,1
12320,0
12321,1
12322,2
12323,1
12324,0
12325,2
12326,2
12327,0
12328,0
12329,2
12330,2
12331,2
12332,2
12333,2
12334,2
12335,1
12336,2
12337,0
12338,1
12339,2
12340,0
12341,1
12342,1
12343,1
12344,2
12345,0
12346,0
12347,0
12348,0
12349,0
12350,1
12351,0
12352,0
12353,0
12354,0
12355,1
12356,1
12357,1
12358,0
12359,2
12360,1
12361,2
12362,1
12363,0
12364,1
12365,1
12366,2
12367,2
12368,1
12369,2
12370,1
12371,2
12372,2
12373,1
12374,1
12375,0
12376,1
12377,2
12378,1
12379,1
12380,0
12381,1
12382,0
12383,1
12384,1
12385,1
12386,1
12387,0
12388,2
12389,0
12390,1
12391,1
12392,0
12393,1
12394,1
12395,0
12396,2
12397,2
12398,2
12399,0
12400,1
12401,2
12402,0
12403,2
12404,0
12405,1
12406,2
12407,0
12408,2
12409,1
12410,1
12411,0
12412,1
12413,0
12414,1
12415,2
12416,1
12417,1
12418,1
12419,1
12420,2
12421,1
12422,1
12423,2
12424,1
12425,1
12426,1
12427,1
12428,1
12429,0
12430,2
12431,2
12432,0
12433,2
12434,0
12435,1
12436,2
12437,1
12438,0
12439,1
12440,1
12441,1
12442,2
12443,1
12444,2
12445,1
12446,1
12447,1
12448,0
12449,1
12450,0
12451,1
12452,0
12453,0
12454,0
12455,0
12456,2
12457,2
12458,2
12459,1
12460,0
12461,2
12462,2
12463,2
12464,1
12465,0
12466,1
12467,0
12468,1
12469,2
12470,2
12471,2
12472,2
12473,2
12474,1
12475,1
12476,2
12477,0
12478,1
12479,0
12480,1
12481,1
12482,0
12483,1
12484,0
12485,2
12486,0
12487,2
12488,1
12489,2
12490,2
12491,1
12492,2
12493,1
12494,2
12495,1
12496,1
12497,2
12498,1
12499,0
12500,1
12501,2
12502,2
12503,0
12504,2
12505,0
12506,1
12507,2
12508,1
12509,1
12510,1
12511,0
12512,1
12513,2
12514,1
12515,0
12516,2
12517,1
12518,2
12519,0
12520,1
12521,1
12522,1
12523,1
12524,2
12525,0
12526,2
12527,0
12528,0
12529,0
12530,2
12531,1
12532,1
12533,2
12534,1
12535,0
12536,1
12537,2
12538,2
12539,1
12540,1
12541,2
12542,2
12543,2
12544,2
12545,1
12546,0
12547,1
12548,1
12549,2
12550,2
12551,0
12552,2
12553,2
12554,0
12555,0
12556,1
12557,2
12558,1
12559,1
12560,1
12561,0
12562,1
12563,1
12564,2
12565,2
12566,2
12567,0
12568,1
12569,2
12570,1
12571,2
12572,2
12573,2
12574,0
12575,1
12576,1
12577,2
12578,0
12579,0
12580,0
12581,2
12582,1
12583,1
12584,1
12585,1
12586,2
12587,1
12588,1
12589,2
12590,1
12591,1
12592,2
12593,1
12594,1
12595,0
12596,1
12597,0
12598,0
12599,2
12600,1
12601,2
12602,1
12603,2
12604,0
12605,2
12606,1
12607,0
12608,2
12609,2
12610,1
12611,2
12612,1
12613,0
12614,0
12615,1
12616,2
12617,1
12618,1
12619,0
12620,1
12621,2
12622,0
12623,0
12624,2
12625,1
12626,0
12627,0
12628,1
12629,1
12630,1
12631,1
12632,2
12633,0
12634,2
12635,2
12636,1
12637,1
12638,1
12639,1
12640,1
12641,1
12642,1
12643,1
12644,2
12645,0
12646,2
12647,2
12648,0
12649,0
12650,2
12651,2
12652,0
12653,0
12654,0
12655,0
12656,2
12657,1
12658,2
12659,0
12660,1
12661,1
12662,1
12663,2
12664,2
12665,0
12666,1
12667,1
12668,1
12669,2
12670,0
12671,0
12672,1
12673,1
12674,0
12675,2
12676,0
12677,1
12678,0
12679,2
12680,1
12681,1
12682,1
12683,2
12684,2
12685,1
12686,2
12687,2
12688,0
12689,1
12690,1
12691,1
12692,1
12693,1
12694,2
12695,1
12696,1
12697,2
12698,0
12699,2
12700,2
12701,1
12702,1
12703,0
12704,0
12705,2
12706,0
12707,1
12708,2
12709,1
12710,2
12711,1
12712,0
12713,1
12714,0
12715,2
12716,1
12717,0
12718,2
12719,1
12720,0
12721,0
12722,2
12723,2
12724,2
12725,0
12726,2
12727,1
12728,1
12729,0
12730,0
12731,0
12732,2
12733,1
12734,2
12735,2
12736,2
12737,1
12738,2
12739,0
12740,1
12741,0
12742,0
12743,2
12744,0
12745,0
12746,0
12747,1
12748,0
12749,2
12750,0
12751,2
12752,2
12753,2
12754,0
12755,2
12756,1
12757,1
12758,1
12759,2
12760,1
12761,1
12762,1
12763,1
12764,2
12765,2
12766,2
12767,1
12768,1
12769,1
12770,0
12771,1
12772,1
12773,1
12774,2
12775,1
12776,1
12777,1
12778,2
12779,0
12780,2
12781,1
12782,1
12783,2
12784,1
12785,2
12786,0
12787,1
12788,0
12789,1
12790,2
12791,1
12792,0
12793,0
12794,0
12795,1
12796,0
12797,1
12798,1
12799,0
12800,1
12801,2
12802,0
12803,1
12804,1
12805,2
12806,2
12807,1
12808,2
12809,1
12810,0
12811,0
12812,0
12813,0
12814,1
12815,0
12816,1
12817,0
12818,0
12819,2
12820,0
12821,2
12822,1
12823,1
12824,1
12825,1
12826,2
12827,1
12828,2
12829,0
12830,0
12831,1
12832,1
12833,1
12834,1
12835,1
12836,0
12837,1
12838,0
12839,2
12840,1
12841,1
12842,1
12843,2
12844,1
12845,1
12846,2
12847,2
12848,1
12849,0
12850,0
12851,0
12852,2
12853,2
12854,1
12855,1
12856,1
12857,0
12858,2
12859,2
12860,2
12861,0
12862,0
12863,2
12864,1
12865,1
12866,1
12867,2
12868,1
12869,2
12870,1
12871,0
12872,1
12873,1
12874,1
12875,1
12876,2
12877,1
12878,0
12879,2
12880,2
12881,1
12882,0
12883,1
12884,2
12885,2
12886,2
12887,2
12888,2
12889,2
12890,0
12891,1
12892,2
12893,2
12894,0
12895,1
12896,1
12897,2
12898,0
12899,0
12900,1
12901,1
12902,2
12903,1
12904,2
12905,1
12906,1
12907,2
12908,2
12909,1
12910,2
12911,0
12912,2
12913,2
12914,1
12915,2
12916,0
12917,1
12918,0
12919,1
12920,1
12921,0
12922,1
12923,2
12924,1
12925,2
12926,1
12927,2
12928,0
12929,1
12930,2
12931,2
12932,1
12933,1
12934,0
12935,2
12936,1
12937,1
12938,2
12939,1
12940,2
12941,0
12942,0
12943,1
12944,0
12945,1
12946,2
12947,1
12948,2
12949,0
12950,2
12951,2
12952,1
12953,1
12954,2
12955,0
12956,1
12957,2
12958,0
12959,2
12960,1
12961,0
12962,1
12963,1
12964,1
12965,2
12966,2
12967,1
12968,0
12969,0
12970,2
12971,1
12972,0
12973,2
12974,2
12975,1
12976,0
12977,2
12978,2
12979,1
12980,2
12981,0
12982,0
12983,1
12984,1
12985,0
12986,1
12987,0
12988,1
12989,1
12990,1
12991,2
12992,2
12993,1
12994,2
12995,2
12996,2
12997,1
12998,1
12999,2
13000,2
13001,2
13002,0
13003,1
13004,0
13005,1
13006,2
13007,0
13008,0
13009,0
13010,2
13011,2
13012,0
13013,2
13014,1
13015,0
13016,1
13017,1
13018,2
13019,2
13020,1
13021,0
13022,0
13023,2
13024,1
13025,0
13026,0
13027,1
13028,2
13029,1
13030,2
13031,0
13032,2
13033,2
13034,2
13035,1
13036,2
13037,0
13038,0
13039,1
13040,1
13041,1
13042,2
13043,1
13044,0
13045,2
13046,1
13047,0
13048,0
13049,0
13050,2
13051,0
13052,1
13053,2
13054,1
13055,1
13056,1
13057,1
13058,1
13059,2
13060,1
13061,2
13062,2
13063,2
13064,2
13065,1
13066,0
13067,1
13068,0
13069,1
13070,2
13071,0
13072,0
13073,0
13074,0
13075,2
13076,1
13077,2
13078,2
13079,2
13080,0
13081,2
13082,1
13083,0
13084,0
13085,1
13086,1
13087,0
13088,1
13089,1
13090,0
13091,1
13092,0
13093,2
13094,1
13095,2
13096,0
13097,2
13098,2
13099,1
13100,1
13101,2
13102,1
13103,2
13104,1
13105,1
13106,2
13107,0
13108,2
13109,2
13110,1
13111,1
13112,1
13113,1
13114,2
13115,0
13116,1
13117,1
13118,1
13119,1
13120,0
13121,1
13122,0
13123,0
13124,2
13125,1
13126,0
13127,2
13128,2
13129,1
13130,1
13131,2
13132,2
13133,0
13134,1
13135,0
13136,2
13137,1
13138,2
13139,0
13140,1
13141,0
13142,2
13143,2
13144,2
13145,2
13146,2
13147,2
13148,2
13149,1
13150,0
13151,1
13152,2
13153,1
13154,1
13155,2
13156,2
13157,2
13158,1
13159,0
13160,1
13161,2
13162,2
13163,2
13164,0
13165,0
13166,1
13167,0
13168,2
13169,0
13170,2
13171,0
13172,1
13173,1
13174,0
13175,1
13176,1
13177,0
13178,2
13179,2
13180,2
13181,2
13182,0
13183,2
13184,1
13185,2
13186,2
13187,0
13188,0
13189,1
13190,2
13191,0
13192,1
13193,0
13194,0
13195,0
13196,2
13197,1
13198,2
13199,1
13200,0
13201,1
13202,1
13203,2
13204,2
13205,0
13206,2
13207,1
13208,1
13209,1
13210,2
13211,1
13212,2
13213,1
13214,2
13215,1
13216,1
13217,2
13218,0
13219,2
13220,1
13221,1
13222,0
13223,1
13224,1
13225,1
13226,0
13227,0
13228,0
13229,1
13230,2
13231,1
13232,2
13233,0
13234,0
13235,2
13236,2
13237,2
13238,2
13239,1
13240,2
13241,1
13242,1
13243,2
13244,1
13245,1
13246,0
13247,2
13248,1
13249,2
13250,0
13251,1
13252,0
13253,1
13254,1
13255,2
13256,1
13257,1
13258,1
13259,1
13260,0
13261,2
13262,2
13263,2
13264,0
13265,2
13266,1
13267,1
13268,2
13269,2
13270,2
13271,0
13272,1
13273,1
13274,2
13275,0
13276,2
13277,0
13278,1
13279,0
13280,1
13281,1
13282,2
13283,2
13284,1
13285,0
13286,0
13287,0
13288,1
13289,1
13290,1
13291,2
13292,2
13293,1
13294,1
13295,0
13296,1
13297,1
13298,0
13299,0
13300,2
13301,0
13302,1
13303,1
13304,2
13305,1
13306,1
13307,0
13308,2
13309,0
13310,2
13311,1
13312,1
13313,2
13314,0
13315,2
13316,0
13317,0
13318,0
13319,2
13320,2
13321,1
13322,0
13323,2
13324,2
13325,0
13326,1
13327,1
13328,1
13329,1
13330,2
13331,0
13332,1
13333,0
13334,2
13335,2
13336,1
13337,0
13338,2
13339,1
13340,2
13341,0
13342,0
13343,2
13344,0
13345,1
13346,1
13347,2
13348,1
13349,1
13350,2
13351,0
13352,1
13353,0
13354,1
13355,2
13356,2
13357,1
13358,2
13359,2
13360,2
13361,0
13362,2
13363,1
13364,0
13365,0
13366,1
13367,1
13368,1
13369,1
13370,1
13371,1
13372,2
13373,0
13374,2
13375,2
13376,0
13377,1
13378,2
13379,2
13380,2
13381,0
13382,2
13383,2
13384,2
13385,2
13386,1
13387,1
13388,2
13389,2
13390,2
13391,0
13392,2
13393,0
13394,2
13395,2
13396,2
13397,2
13398,2
13399,2
13400,1
13401,0
13402,1
13403,1
13404,1
13405,1
13406,2
13407,2
13408,1
13409,1
13410,0
13411,0
13412,2
13413,2
13414,0
13415,1
13416,1
13417,2
13418,2
13419,2
13420,1
13421,1
13422,0
13423,1
13424,1
13425,1
13426,2
13427,0
13428,2
13429,2
13430,1
13431,2
13432,2
13433,1
13434,1
13435,0
13436,0
13437,1
13438,2
13439,0
13440,1
13441,1
13442,0
13443,2
13444,0
13445,0
13446,0
13447,0
13448,2
13449,2
13450,2
13451,2
13452,1
13453,1
13454,0
13455,1
13456,0
13457,2
13458,2
13459,1
13460,1
13461,1
13462,1
13463,1
13464,1
13465,0
13466,0
13467,0
13468,0
13469,2
13470,0
13471,2
13472,1
13473,1
13474,1
13475,1
13476,0
13477,1
13478,2
13479,1
13480,2
13481,1
13482,1
13483,1
13484,0
13485,0
13486,1
13487,0
13488,1
13489,1
13490,0
13491,0
13492,1
13493,0
13494,0
13495,0
13496,0
13497,1
13498,2
13499,0
13500,1
13501,1
13502,1
13503,1
13504,2
13505,0
13506,2
13507,0
13508,2
13509,1
13510,0
13511,2
13512,2
13513,0
13514,1
13515,1
13516,2
13517,1
13518,0
13519,1
13520,0
13521,2
13522,1
13523,1
13524,2
13525,0
13526,2
13527,2
13528,0
13529,1
13530,0
13531,2
13532,0
13533,1
13534,0
13535,1
13536,0
13537,2
13538,2
13539,2
13540,2
13541,2
13542,2
13543,1
13544,2
13545,1
13546,2
13547,0
13548,1
13549,1
13550,2
13551,1
13552,2
13553,2
13554,1
13555,0
13556,1
13557,0
13558,1
13559,2
13560,2
13561,2
13562,1
13563,2
13564,2
13565,0
13566,2
13567,2
13568,0
13569,2
13570,0
13571,1
13572,2
13573,2
13574,1
13575,0
13576,1
13577,0
13578,1
13579,1
13580,1
13581,1
13582,1
13583,2
13584,1
13585,0
13586,0
13587,1
13588,0
13589,1
13590,2
13591,0
13592,1
13593,1
13594,2
13595,1
13596,0
13597,2
13598,2
13599,1
13600,2
13601,0
13602,1
13603,2
13604,1
13605,1
13606,0
13607,1
13608,1
13609,2
13610,1
13611,0
13612,2
13613,0
13614,1
13615,1
13616,1
13617,1
13618,1
13619,2
13620,2
13621,2
13622,2
13623,1
13624,1
13625,0
13626,0
13627,1
13628,0
13629,1
13630,0
13631,2
13632,2
13633,1
13634,2
13635,2
13636,0
13637,1
13638,0
13639,0
13640,1
13641,0
13642,2
13643,0
13644,1
13645,2
13646,0
13647,2
13648,2
13649,0
13650,0
13651,2
13652,2
13653,1
13654,1
13655,0
13656,2
13657,1
13658,0
13659,0
13660,1
13661,2
13662,0
13663,1
13664,2
13665,1
13666,2
13667,1
13668,0
13669,1
13670,1
13671,1
13672,0
13673,1
13674,2
13675,1
13676,0
13677,1
13678,1
13679,2
13680,2
13681,1
13682,1
13683,2
13684,2
13685,1
13686,0
13687,1
13688,2
13689,1
13690,0
13691,2
13692,1
13693,0
13694,0
13695,2
13696,0
13697,2
13698,2
13699,2
13700,1
13701,0
13702,1
13703,2
13704,2
13705,1
13706,1
13707,2
13708,0
13709,1
13710,2
13711,2
13712,2
13713,0
13714,2
13715,1
13716,2
13717,1
13718,1
13719,1
13720,0
13721,0
13722,1
13723,0
13724,2
13725,1
13726,2
13727,1
13728,0
13729,1
13730,2
13731,2
13732,0
13733,0
13734,0
13735,1
13736,1
13737,1
13738,2
13739,1
13740,2
13741,2
13742,2
13743,0
13744,2
13745,1
13746,2
13747,2
13748,1
13749,2
13750,1
13751,2
13752,2
13753,0
13754,2
13755,2
13756,2
13757,1
13758,1
13759,2
13760,1
13761,1
13762,1
13763,0
13764,2
13765,0
13766,1
13767,2
13768,1
13769,2
13770,2
13771,0
13772,2
13773,0
13774,1
13775,2
13776,1
13777,2
13778,0
13779,2
13780,1
13781,1
13782,2
13783,1
13784,1
13785,0
13786,1
13787,1
13788,1
13789,2
13790,0
13791,0
13792,1
13793,2
13794,2
13795,2
13796,1
13797,2
13798,1
13799,2
13800,1
13801,1
13802,1
13803,2
13804,1
13805,1
13806,1
13807,2
13808,1
13809,1
13810,2
13811,2
13812,1
13813,0
13814,1
13815,1
13816,1
13817,2
13818,2
13819,1
13820,2
13821,2
13822,2
13823,2
13824,2
13825,1
13826,1
13827,2
13828,0
13829,1
13830,1
13831,2
13832,2
13833,1
13834,1
13835,1
13836,2
13837,1
13838,1
13839,2
13840,2
13841,2
13842,2
13843,1
13844,2
13845,2
13846,0
13847,2
13848,2
13849,1
13850,2
13851,2
13852,2
13853,1
13854,2
13855,1
13856,1
13857,1
13858,0
13859,2
13860,1
13861,2
13862,0
13863,2
13864,1
13865,0
13866,2
13867,2
13868,2
13869,0
13870,2
13871,2
13872,0
13873,1
13874,0
13875,0
13876,1
13877,1
13878,2
13879,2
13880,2
13881,0
13882,2
13883,1
13884,1
13885,0
13886,0
13887,2
13888,2
13889,1
13890,1
13891,1
13892,1
13893,2
13894,1
13895,1
13896,0
13897,1
13898,2
13899,0
13900,2
13901,0
13902,1
13903,2
13904,1
13905,1
13906,2
13907,1
13908,0
13909,2
13910,0
13911,1
13912,0
13913,0
13914,1
13915,0
13916,0
13917,1
13918,2
13919,0
13920,2
13921,0
13922,2
13923,1
13924,0
13925,1
13926,0
13927,2
13928,1
13929,1
13930,0
13931,2
13932,0
13933,1
13934,0
13935,2
13936,2
13937,1
13938,2
13939,1
13940,0
13941,1
13942,2
13943,0
13944,1
13945,2
13946,0
13947,1
13948,1
13949,2
13950,0
13951,2
13952,2
13953,2
13954,2
13955,1
13956,2
13957,1
13958,2
13959,1
13960,0
13961,1
13962,0
13963,2
13964,0
13965,0
13966,1
13967,1
13968,1
13969,2
13970,0
13971,1
13972,1
13973,2
13974,0
13975,0
13976,0
13977,1
13978,1
13979,2
13980,1
13981,1
13982,2
13983,2
13984,0
13985,1
13986,0
13987,0
13988,2
13989,2
13990,0
13991,0
13992,0
13993,1
13994,1
13995,2
13996,0
13997,1
13998,1
13999,1
14000,0
14001,1
14002,1
14003,1
14004,0
14005,1
14006,0
14007,0
14008,1
14009,0
14010,1
14011,0
14012,2
14013,1
14014,1
14015,0
14016,1
14017,1
14018,0
14019,0
14020,2
14021,1
14022,1
14023,2
14024,1
14025,0
14026,2
14027,2
14028,0
14029,2
14030,2
14031,0
14032,0
14033,2
14034,0
14035,2
14036,0
14037,0
14038,0
14039,1
14040,2
14041,0
14042,2
14043,2
14044,1
14045,1
14046,2
14047,1
14048,2
14049,2
14050,1
14051,0
14052,2
14053,1
14054,0
14055,2
14056,1
14057,2
14058,2
14059,1
14060,2
14061,1
14062,2
14063,0
14064,0
14065,2
14066,2
14067,2
14068,1
14069,1
14070,0
14071,2
14072,1
14073,1
14074,2
14075,1
14076,1
14077,1
14078,2
14079,0
14080,1
14081,2
14082,1
14083,1
14084,0
14085,0
14086,0
14087,2
14088,2
14089,1
14090,2
14091,2
14092,1
14093,1
14094,2
14095,1
14096,0
14097,0
14098,1
14099,2
14100,2
14101,1
14102,1
14103,1
14104,1
14105,0
14106,2
14107,0
14108,0
14109,2
14110,1
14111,2
14112,1
14113,1
14114,1
14115,1
14116,1
14117,1
14118,2
14119,0
14120,1
14121,1
14122,0
14123,2
14124,2
14125,2
14126,0
14127,2
14128,0
14129,2
14130,0
14131,0
14132,1
14133,2
14134,1
14135,2
14136,2
14137,1
14138,0
14139,1
14140,0
14141,1
14142,0
14143,2
14144,2
14145,1
14146,1
14147,1
14148,1
14149,2
14150,1
14151,0
14152,0
14153,2
14154,1
14155,2
14156,1
14157,2
14158,1
14159,1
14160,1
14161,2
14162,2
14163,2
14164,1
14165,0
14166,1
14167,1
14168,0
14169,1
14170,1
14171,2
14172,1
14173,1
14174,2
14175,2
14176,2
14177,1
14178,0
14179,2
14180,1
14181,2
14182,1
14183,1
14184,1
14185,0
14186,1
14187,1
14188,2
14189,2
14190,0
14191,1
14192,2
14193,1
14194,1
14195,2
14196,0
14197,1
14198,2
14199,1
14200,1
14201,1
14202,1
14203,1
14204,2
14205,0
14206,1
14207,1
14208,1
14209,0
14210,0
14211,1
14212,1
14213,2
14214,0
14215,1
14216,1
14217,1
14218,1
14219,2
14220,1
14221,0
14222,1
14223,1
14224,0
14225,0
14226,0
14227,2
14228,1
14229,1
14230,1
14231,2
14232,2
14233,1
14234,1
14235,1
14236,1
14237,0
14238,2
14239,1
14240,2
14241,1
14242,1
14243,1
14244,0
14245,2
14246,2
14247,2
14248,0
14249,2
14250,1
14251,2
14252,1
14253,2
14254,2
14255,2
14256,0
14257,1
14258,2
14259,2
14260,0
14261,0
14262,2
14263,1
14264,0
14265,2
14266,2
14267,2
14268,2
14269,0
14270,1
14271,1
14272,1
14273,2
14274,1
14275,1
14276,2
14277,0
14278,2
14279,2
14280,1
14281,2
14282,0
14283,0
14284,1
14285,0
14286,1
14287,2
14288,1
14289,1
14290,0
14291,2
14292,0
14293,1
14294,2
14295,1
14296,1
14297,0
14298,1
14299,1
14300,1
14301,2
14302,2
14303,2
14304,1
14305,1
14306,1
14307,0
14308,2
14309,2
14310,1
14311,2
14312,2
14313,1
14314,1
14315,2
14316,0
14317,2
14318,2
14319,1
14320,0
14321,1
14322,0
14323,2
14324,2
14325,0
14326,0
14327,2
14328,2
14329,2
14330,1
14331,0
14332,2
14333,1
14334,0
14335,0
14336,2
14337,1
14338,0
14339,0
14340,0
14341,1
14342,1
14343,1
14344,0
14345,1
14346,0
14347,1
14348,2
14349,1
14350,1
14351,2
14352,0
14353,1
14354,1
14355,1
14356,1
14357,2
14358,1
14359,2
14360,1
14361,1
14362,1
14363,1
14364,2
14365,0
14366,1
14367,1
14368,1
14369,2
14370,2
14371,2
14372,1
14373,1
14374,2
14375,1
14376,2
14377,2
14378,2
14379,2
14380,1
14381,1
14382,0
14383,0
14384,2
14385,1
14386,2
14387,1
14388,1
14389,0
14390,1
14391,1
14392,1
14393,0
14394,0
14395,0
14396,2
14397,0
14398,2
14399,1
14400,1
14401,1
14402,0
14403,1
14404,1
14405,2
14406,1
14407,0
14408,2
14409,1
14410,1
14411,2
14412,1
14413,1
14414,2
14415,1
14416,1
14417,0
14418,1
14419,2
14420,1
14421,0
14422,2
14423,2
14424,1
14425,1
14426,2
14427,1
14428,2
14429,0
14430,0
14431,2
14432,0
14433,2
14434,0
14435,2
14436,0
14437,1
14438,1
14439,2
14440,0
14441,0
14442,1
14443,1
14444,0
14445,2
14446,1
14447,2
14448,0
14449,0
14450,2
14451,2
14452,1
14453,2
14454,2
14455,1
14456,1
14457,2
14458,1
14459,2
14460,2
14461,2
14462,1
14463,1
14464,2
14465,1
14466,2
14467,0
14468,0
14469,1
14470,2
14471,1
14472,1
14473,1
14474,0
14475,2
14476,1
14477,2
14478,1
14479,0
14480,1
14481,2
14482,0
14483,2
14484,2
14485,0
14486,0
14487,2
14488,2
14489,2
14490,2
14491,1
14492,2
14493,1
14494,2
14495,0
14496,2
14497,0
14498,2
14499,1
14500,0
14501,1
14502,0
14503,2
14504,1
14505,1
14506,1
14507,1
14508,0
14509,1
14510,2
14511,2
14512,1
14513,0
14514,0
14515,1
14516,2
14517,0
14518,1
14519,0
14520,2
14521,2
14522,0
14523,1
14524,0
14525,0
14526,1
14527,0
14528,0
14529,2
14530,1
14531,1
14532,1
14533,0
14534,0
14535,2
14536,1
14537,2
14538,0
14539,1
14540,2
14541,1
14542,1
14543,2
14544,0
14545,2
14546,0
14547,2
14548,2
14549,0
14550,1
14551,1
14552,1
14553,2
14554,1
14555,1
14556,1
14557,0
14558,1
14559,2
14560,1
14561,2
14562,2
14563,2
14564,2
14565,1
14566,2
14567,1
14568,0
14569,1
14570,1
14571,0
14572,2
14573,1
14574,0
14575,1
14576,1
14577,1
14578,1
14579,0
14580,0
14581,1
14582,1
14583,2
14584,2
14585,0
14586,1
14587,1
14588,1
14589,0
14590,1
14591,1
14592,1
14593,2
14594,2
14595,0
14596,2
14597,2
14598,2
14599,1
14600,1
14601,1
14602,2
14603,0
14604,1
14605,1
14606,2
14607,1
14608,2
14609,0
14610,2
14611,0
14612,0
14613,1
14614,0
14615,1
14616,2
14617,1
14618,1
14619,2
14620,1
14621,1
14622,1
14623,0
14624,1
14625,0
14626,2
14627,1
14628,0
14629,0
14630,1
14631,0
14632,2
14633,2
14634,2
14635,1
14636,0
14637,2
14638,1
14639,2
14640,1
14641,2
14642,2
14643,0
14644,2
14645,0
14646,2
14647,1
14648,1
14649,1
14650,1
14651,0
14652,1
14653,2
14654,2
14655,1
14656,2
14657,0
14658,0
14659,2
14660,1
14661,2
14662,1
14663,2
14664,2
14665,2
14666,1
14667,1
14668,0
14669,1
14670,2
14671,2
14672,1
14673,1
14674,0
14675,2
14676,2
14677,0
14678,2
14679,0
14680,1
14681,1
14682,2
14683,0
14684,0
14685,1
14686,2
14687,2
14688,0
14689,1
14690,2
14691,1
14692,2
14693,1
14694,1
14695,0
14696,0
14697,2
14698,1
14699,2
14700,1
14701,0
14702,0
14703,2
14704,1
14705,2
14706,2
14707,1
14708,1
14709,2
14710,1
14711,1
14712,1
14713,1
14714,1
14715,2
14716,0
14717,2
14718,2
14719,2
14720,0
14721,0
14722,0
14723,2
14724,1
14725,0
14726,2
14727,1
14728,1
14729,1
14730,1
14731,1
14732,2
14733,2
14734,2
14735,0
14736,0
14737,0
14738,2
14739,0
14740,1
14741,1
14742,1
14743,0
14744,0
14745,1
14746,0
14747,0
14748,1
14749,2
14750,2
14751,0
14752,2
14753,1
14754,1
14755,2
14756,2
14757,1
14758,2
14759,2
14760,1
14761,0
14762,1
14763,0
14764,2
14765,1
14766,0
14767,2
14768,1
14769,0
14770,1
14771,0
14772,1
14773,1
14774,2
14775,2
14776,1
14777,1
14778,2
14779,1
14780,0
14781,2
14782,1
14783,1
14784,0
14785,1
14786,0
14787,2
14788,1
14789,1
14790,2
14791,0
14792,0
14793,2
14794,1
14795,1
14796,1
14797,2
14798,1
14799,1
14800,1
14801,1
14802,0
14803,2
14804,0
14805,0
14806,0
14807,2
14808,2
14809,2
14810,1
14811,2
14812,0
14813,0
14814,2
14815,1
14816,1
14817,0
14818,2
14819,1
14820,1
14821,0
14822,2
14823,2
14824,1
14825,2
14826,0
14827,1
14828,1
14829,2
14830,1
14831,2
14832,2
14833,0
14834,2
14835,0
14836,2
14837,2
14838,1
14839,2
14840,1
14841,0
14842,1
14843,2
14844,2
14845,1
14846,1
14847,0
14848,2
14849,0
14850,2
14851,1
14852,2
14853,1
14854,2
14855,2
14856,1
14857,1
14858,0
14859,0
14860,2
14861,0
14862,2
14863,1
14864,1
14865,0
14866,0
14867,0
14868,1
14869,2
14870,1
14871,0
14872,1
14873,0
14874,2
14875,1
14876,1
14877,0
14878,2
14879,2
14880,2
14881,1
14882,2
14883,2
14884,2
14885,0
14886,1
14887,1
14888,2
14889,1
14890,2
14891,1
14892,2
14893,1
14894,0
14895,0
14896,2
14897,0
14898,1
14899,2
14900,2
14901,2
14902,0
14903,2
14904,1
14905,2
14906,2
14907,2
14908,1
14909,2
14910,2
14911,2
14912,0
14913,0
14914,1
14915,1
14916,2
14917,1
14918,2
14919,2
14920,1
14921,2
14922,1
14923,1
14924,0
14925,0
14926,1
14927,2
14928,1
14929,1
14930,0
14931,0
14932,1
14933,2
14934,0
14935,2
14936,0
14937,2
14938,1
14939,0
14940,2
14941,2
14942,2
14943,0
14944,2
14945,0
14946,1
14947,2
14948,0
14949,2
14950,1
14951,1
14952,2
14953,0
14954,2
14955,2
14956,1
14957,1
14958,1
14959,1
14960,0
14961,1
14962,1
14963,2
14964,1
14965,1
14966,0
14967,1
14968,0
14969,2
14970,0
14971,1
14972,2
14973,1
14974,2
14975,0
14976,0
14977,0
14978,0
14979,1
14980,2
14981,1
14982,2
14983,0
14984,1
14985,1
14986,0
14987,1
14988,2
14989,0
14990,2
14991,0
14992,2
14993,2
14994,2
14995,1
14996,0
14997,0
14998,1
14999,1
15000,0
15001,1
15002,0
15003,2
15004,1
15005,1
15006,1
15007,1
15008,0
15009,1
15010,0
15011,2
15012,1
15013,1
15014,1
15015,1
15016,2
15017,1
15018,1
15019,1
15020,1
15021,0
15022,1
15023,2
15024,2
15025,0
15026,0
15027,1
15028,2
15029,2
15030,2
15031,1
15032,0
15033,1
15034,0
15035,2
15036,1
15037,2
15038,1
15039,1
15040,0
15041,2
15042,2
15043,0
15044,0
15045,1
15046,2
15047,1
15048,2
15049,1
15050,1
15051,1
15052,2
15053,2
15054,1
15055,2
15056,1
15057,1
15058,1
15059,0
15060,1
15061,0
15062,0
15063,1
15064,1
15065,0
15066,2
15067,0
15068,1
15069,1
15070,1
15071,1
15072,1
15073,2
15074,0
15075,1
15076,1
15077,0
15078,1
15079,1
15080,2
15081,2
15082,1
15083,2
15084,2
15085,2
15086,1
15087,1
15088,2
15089,1
15090,2
15091,2
15092,1
15093,1
15094,2
15095,2
15096,1
15097,0
15098,1
15099,0
15100,1
15101,1
15102,1
15103,2
15104,2
15105,2
15106,0
15107,0
15108,2
15109,1
15110,1
15111,0
15112,1
15113,0
15114,1
15115,1
15116,2
15117,2
15118,1
15119,1
15120,1
15121,2
15122,0
15123,2
15124,0
15125,2
15126,0
15127,2
15128,1
15129,2
15130,2
15131,2
15132,0
15133,1
15134,2
15135,1
15136,1
15137,1
15138,0
15139,2
15140,2
15141,0
15142,2
15143,2
15144,2
15145,1
15146,2
15147,0
15148,0
15149,2
15150,2
15151,0
15152,2
15153,0
15154,0
15155,2
15156,2
15157,2
15158,2
15159,2
15160,2
15161,1
15162,1
15163,0
15164,1
15165,0
15166,2
15167,0
15168,1
15169,1
15170,1
15171,2
15172,2
15173,2
15174,2
15175,1
15176,0
15177,1
15178,1
15179,1
15180,0
15181,0
15182,0
15183,1
15184,1
15185,0
15186,0
15187,2
15188,0
15189,0
15190,0
15191,0
15192,2
15193,1
15194,0
15195,2
15196,2
15197,0
15198,0
15199,2
15200,1
15201,1
15202,1
15203,2
15204,0
15205,2
15206,2
15207,1
15208,0
15209,1
15210,0
15211,0
15212,2
15213,1
15214,1
15215,0
15216,2
15217,2
15218,2
15219,1
15220,2
15221,1
15222,1
15223,1
15224,2
15225,2
15226,2
15227,2
15228,1
15229,1
15230,1
15231,2
15232,2
15233,2
15234,2
15235,2
15236,1
15237,2
15238,0
15239,2
15240,2
15241,1
15242,1
15243,1
15244,2
15245,1
15246,2
15247,0
15248,1
15249,1
15250,1
15251,0
15252,0
15253,1
15254,1
15255,2
15256,1
15257,1
15258,2
15259,2
15260,2
15261,1
15262,1
15263,1
15264,0
15265,2
15266,1
15267,2
15268,0
15269,0
15270,1
15271,2
15272,1
15273,2
15274,1
15275,1
15276,0
15277,1
15278,2
15279,1
15280,1
15281,2
15282,2
15283,1
15284,1
15285,2
15286,2
15287,1
15288,1
15289,1
15290,1
15291,1
15292,0
15293,2
15294,0
15295,1
15296,0
15297,0
15298,1
15299,2
15300,2
15301,1
15302,1
15303,1
15304,1
15305,1
15306,2
15307,1
15308,0
15309,1
15310,2
15311,1
15312,0
15313,0
15314,1
15315,1
15316,1
15317,1
15318,2
15319,1
15320,1
15321,0
15322,1
15323,1
15324,1
15325,0
15326,1
15327,1
15328,0
15329,2
15330,0
15331,0
15332,0
15333,2
15334,2
15335,1
15336,2
15337,2
15338,0
15339,0
15340,2
15341,1
15342,2
15343,0
15344,1
15345,1
15346,1
15347,1
15348,2
15349,1
15350,2
15351,2
15352,2
15353,1
15354,2
15355,1
15356,1
15357,1
15358,1
15359,2
15360,2
15361,0
15362,0
15363,2
15364,0
15365,1
15366,0
15367,0
15368,1
15369,0
15370,0
15371,1
15372,1
15373,0
15374,1
15375,0
15376,2
15377,1
15378,1
15379,0
15380,2
15381,1
15382,2
15383,0
15384,0
15385,2
15386,0
15387,0
15388,2
15389,1
15390,0
15391,0
15392,1
15393,0
15394,1
15395,1
15396,1
15397,1
15398,1
15399,0
15400,0
15401,1
15402,1
15403,0
15404,0
15405,0
15406,2
15407,0
15408,1
15409,0
15410,2
15411,0
15412,0
15413,2
15414,1
15415,1
15416,1
15417,2
15418,2
15419,1
15420,1
15421,0
15422,1
15423,1
15424,1
15425,1
15426,1
15427,0
15428,1
15429,2
15430,1
15431,0
15432,0
15433,1
15434,2
15435,0
15436,1
15437,0
15438,1
15439,0
15440,1
15441,1
15442,0
15443,1
15444,2
15445,1
15446,2
15447,1
15448,1
15449,1
15450,1
15451,1
15452,2
15453,1
15454,0
15455,0
15456,1
15457,1
15458,2
15459,2
15460,2
15461,2
15462,0
15463,2
15464,1
15465,1
15466,2
15467,1
15468,2
15469,1
15470,1
15471,1
15472,1
15473,0
15474,2
15475,2
15476,1
15477,1
15478,2
15479,0
15480,1
15481,1
15482,1
15483,0
15484,0
15485,1
15486,0
15487,1
15488,1
15489,0
15490,2
15491,1
15492,1
15493,0
15494,0
15495,0
15496,1
15497,0
15498,0
15499,1
15500,1
15501,2
15502,1
15503,0
15504,2
15505,2
15506,1
15507,2
15508,2
15509,2
15510,2
15511,0
15512,2
15513,2
15514,0
15515,2
15516,0
15517,1
15518,0
15519,0
15520,1
15521,2
15522,2
15523,0
15524,1
15525,1
15526,1
15527,1
15528,2
15529,0
15530,1
15531,0
15532,0
15533,1
15534,2
15535,0
15536,0
15537,1
15538,1
15539,0
15540,2
15541,2
15542,0
15543,1
15544,1
15545,0
15546,1
15547,2
15548,0
15549,1
15550,0
15551,2
15552,0
15553,1
15554,1
15555,2
15556,2
15557,1
15558,1
15559,0
15560,1
15561,0
15562,0
15563,1
15564,1
15565,0
15566,1
15567,2
15568,0
15569,0
15570,1
15571,1
15572,2
15573,2
15574,0
15575,0
15576,2
15577,1
15578,0
15579,2
15580,2
15581,0
15582,2
15583,2
15584,1
15585,0
15586,0
15587,0
15588,2
15589,2
15590,2
15591,2
15592,1
15593,2
15594,1
15595,1
15596,2
15597,0
15598,2
15599,1
15600,2
15601,2
15602,1
15603,1
15604,1
15605,2
15606,2
15607,1
15608,2
15609,1
15610,1
15611,0
15612,1
15613,1
15614,0
15615,1
15616,1
15617,0
15618,2
15619,2
15620,0
15621,2
15622,0
15623,0
15624,1
15625,1
15626,1
15627,2
15628,0
15629,0
15630,2
15631,0
15632,1
15633,1
15634,0
15635,1
15636,0
15637,1
15638,1
15639,0
15640,2
15641,2
15642,1
15643,2
15644,0
15645,1
15646,1
15647,1
15648,1
15649,1
15650,1
15651,0
15652,1
15653,1
15654,2
15655,1
15656,2
15657,1
15658,1
15659,2
15660,0
15661,1
15662,1
15663,0
15664,2
15665,2
15666,0
15667,1
15668,0
15669,2
15670,0
15671,0
15672,1
15673,2
15674,1
15675,0
15676,1
15677,0
15678,0
15679,2
15680,2
15681,2
15682,1
15683,0
15684,2
15685,1
15686,0
15687,1
15688,2
15689,2
15690,0
15691,2
15692,0
15693,1
15694,1
15695,2
15696,1
15697,1
15698,0
15699,2
15700,1
15701,2
15702,0
15703,1
15704,2
15705,1
15706,0
15707,1
15708,1
15709,0
15710,1
15711,2
15712,1
15713,0
15714,0
15715,0
15716,1
15717,1
15718,1
15719,0
15720,2
15721,2
15722,2
15723,1
15724,2
15725,2
15726,2
15727,0
15728,1
15729,0
15730,2
15731,1
15732,0
15733,0
15734,1
15735,2
15736,0
15737,1
15738,0
15739,2
15740,1
15741,2
15742,1
15743,0
15744,2
15745,0
15746,2
15747,2
15748,2
15749,1
15750,0
15751,1
15752,2
15753,2
15754,0
15755,1
15756,2
15757,1
15758,0
15759,1
15760,1
15761,2
15762,0
15763,2
15764,0
15765,2
15766,1
15767,1
15768,1
15769,1
15770,1
15771,1
15772,1
15773,1
15774,2
15775,1
15776,1
15777,0
15778,2
15779,0
15780,1
15781,0
15782,0
15783,0
15784,1
15785,2
15786,2
15787,1
15788,1
15789,2
15790,0
15791,0
15792,2
15793,2
15794,2
15795,0
15796,1
15797,1
15798,0
15799,2
15800,0
15801,2
15802,2
15803,0
15804,2
15805,0
15806,2
15807,2
15808,0
15809,1
15810,2
15811,2
15812,0
15813,1
15814,1
15815,1
15816,0
15817,0
15818,1
15819,0
15820,1
15821,0
15822,2
15823,2
15824,1
15825,2
15826,0
15827,2
15828,1
15829,2
15830,2
15831,2
15832,0
15833,1
15834,1
15835,2
15836,1
15837,1
15838,0
15839,1
15840,2
15841,0
15842,0
15843,1
15844,1
15845,0
15846,2
15847,1
15848,1
15849,0
15850,1
15851,1
15852,2
15853,1
15854,2
15855,2
15856,0
15857,2
15858,1
15859,2
15860,1
15861,2
15862,1
15863,1
15864,0
15865,2
15866,1
15867,1
15868,1
15869,1
15870,0
15871,1
15872,1
15873,0
15874,0
15875,2
15876,0
15877,0
15878,2
15879,2
15880,0
15881,2
15882,1
15883,2
15884,2
15885,1
15886,1
15887,0
15888,1
15889,1
15890,1
15891,1
15892,1
15893,0
15894,1
15895,1
15896,1
15897,0
15898,1
15899,2
15900,1
15901,2
15902,1
15903,2
15904,1
15905,1
15906,1
15907,0
15908,0
15909,2
15910,2
15911,1
15912,2
15913,2
15914,1
15915,0
15916,2
15917,2
15918,0
15919,2
15920,2
15921,2
15922,2
15923,1
15924,0
15925,1
15926,0
15927,2
15928,0
15929,1
15930,2
15931,2
15932,1
15933,0
15934,1
15935,2
15936,1
15937,0
15938,0
15939,0
15940,1
15941,0
15942,1
15943,2
15944,2
15945,2
15946,1
15947,1
15948,0
15949,1
15950,0
15951,2
15952,2
15953,0
15954,0
15955,0
15956,0
15957,0
15958,1
15959,1
15960,0
15961,1
15962,2
15963,1
15964,2
15965,0
15966,1
15967,1
15968,0
15969,2
15970,0
15971,1
15972,0
15973,2
15974,0
15975,1
15976,0
15977,1
15978,1
15979,0
15980,2
15981,2
15982,2
15983,1
15984,0
15985,2
15986,2
15987,1
15988,1
15989,1
15990,1
15991,2
15992,1
15993,1
15994,1
15995,2
15996,1
15997,1
15998,0
15999,1
16000,2
16001,2
16002,1
16003,2
16004,2
16005,1
16006,1
16007,1
16008,1
16009,2
16010,1
16011,0
16012,0
16013,2
16014,2
16015,1
16016,1
16017,2
16018,2
16019,0
16020,1
16021,1
16022,1
16023,2
16024,2
16025,1
16026,0
16027,0
16028,2
16029,2
16030,1
16031,0
16032,1
16033,1
16034,1
16035,0
16036,0
16037,0
16038,0
16039,1
16040,2
16041,0
16042,1
16043,2
16044,1
16045,1
16046,2
16047,2
16048,1
16049,0
16050,1
16051,0
16052,0
16053,1
16054,1
16055,1
16056,2
16057,1
16058,0
16059,1
16060,1
16061,1
16062,2
16063,0
16064,1
16065,0
16066,2
16067,0
16068,2
16069,2
16070,2
16071,0
16072,1
16073,2
16074,0
16075,0
16076,2
16077,2
16078,2
16079,0
16080,1
16081,0
16082,1
16083,1
16084,2
16085,0
16086,1
16087,0
16088,1
16089,0
16090,2
16091,2
16092,0
16093,1
16094,1
16095,2
16096,0
16097,1
16098,1
16099,1
16100,1
16101,1
16102,2
16103,2
16104,0
16105,1
16106,2
16107,2
16108,1
16109,2
16110,2
16111,0
16112,0
16113,2
16114,0
16115,0
16116,1
16117,1
16118,2
16119,1
16120,0
16121,1
16122,0
16123,1
16124,0
16125,2
16126,0
16127,1
16128,1
16129,1
16130,0
16131,1
16132,2
16133,1
16134,2
16135,1
16136,0
16137,2
16138,0
16139,2
16140,2
16141,1
16142,1
16143,0
16144,1
16145,2
16146,1
16147,2
16148,2
16149,1
16150,1
16151,1
16152,1
16153,2
16154,1
16155,1
16156,0
16157,0
16158,1
16159,0
16160,0
16161,0
16162,2
16163,0
16164,2
16165,1
16166,2
16167,2
16168,2
16169,2
16170,1
16171,0
16172,1
16173,1
16174,0
16175,0
16176,0
16177,0
16178,2
16179,0
16180,1
16181,1
16182,2
16183,2
16184,2
16185,0
16186,0
16187,0
16188,2
16189,0
16190,1
16191,2
16192,2
16193,1
16194,2
16195,1
16196,1
16197,2
16198,1
16199,2
16200,2
16201,1
16202,0
16203,2
16204,2
16205,1
16206,0
16207,1
16208,0
16209,2
16210,1
16211,2
16212,0
16213,1
16214,0
16215,2
16216,2
16217,1
16218,0
16219,1
16220,2
16221,1
16222,0
16223,1
16224,0
16225,1
16226,0
16227,1
16228,0
16229,1
16230,1
16231,0
16232,2
16233,2
16234,0
16235,2
16236,1
16237,2
16238,2
16239,2
16240,2
16241,2
16242,1
16243,2
16244,0
16245,2
16246,2
16247,1
16248,1
16249,2
16250,1
16251,2
16252,2
16253,2
16254,2
16255,2
16256,1
16257,2
16258,2
16259,2
16260,0
16261,1
16262,0
16263,2
16264,2
16265,2
16266,0
16267,0
16268,2
16269,1
16270,0
16271,1
16272,2
16273,2
16274,1
16275,0
16276,1
16277,2
16278,2
16279,0
16280,2
16281,0
16282,0
16283,1
16284,0
16285,1
16286,1
16287,1
16288,2
16289,1
16290,2
16291,0
16292,0
16293,1
16294,2
16295,1
16296,2
16297,2
16298,2
16299,0
16300,1
16301,2
16302,2
16303,0
16304,2
16305,0
16306,2
16307,2
16308,0
16309,2
16310,1
16311,1
16312,2
16313,1
16314,1
16315,0
16316,2
16317,1
16318,0
16319,1
16320,0
16321,2
16322,2
16323,2
16324,0
16325,2
16326,0
16327,0
16328,2
16329,1
16330,2
16331,1
16332,2
16333,2
16334,2
16335,2
16336,0
16337,2
16338,2
16339,2
16340,1
16341,1
16342,1
16343,1
16344,1
16345,2
16346,0
16347,0
16348,2
16349,0
16350,0
16351,2
16352,0
16353,1
16354,2
16355,2
16356,1
16357,1
16358,2
16359,1
16360,2
16361,1
16362,1
16363,2
16364,0
16365,2
16366,1
16367,2
16368,0
16369,1
16370,1
16371,1
16372,0
16373,0
16374,2
16375,2
16376,1
16377,0
16378,0
16379,1
16380,1
16381,1
16382,1
16383,1
16384,0
16385,1
16386,2
16387,2
16388,0
16389,2
16390,2
16391,0
16392,1
16393,0
16394,2
16395,1
16396,1
16397,2
16398,1
16399,2
16400,2
16401,1
16402,1
16403,2
16404,1
16405,2
16406,2
16407,0
16408,2
16409,1
16410,2
16411,1
16412,1
16413,0
16414,2
16415,1
16416,1
16417,1
16418,2
16419,1
16420,0
16421,1
16422,2
16423,1
16424,0
16425,2
16426,0
16427,2
16428,0
16429,0
16430,1
16431,2
16432,2
16433,0
16434,2
16435,2
16436,2
16437,1
16438,1
16439,1
16440,0
16441,1
16442,1
16443,2
16444,2
16445,0
16446,0
16447,1
16448,0
16449,0
16450,1
16451,1
16452,1
16453,0
16454,2
16455,1
16456,1
16457,2
16458,0
16459,2
16460,2
16461,2
16462,1
16463,0
16464,1
16465,0
16466,0
16467,1
16468,2
16469,0
16470,2
16471,1
16472,1
16473,2
16474,0
16475,2
16476,0
16477,1
16478,1
16479,2
16480,2
16481,0
16482,0
16483,0
16484,2
16485,1
16486,0
16487,2
16488,2
16489,2
16490,1
16491,2
16492,2
16493,2
16494,2
16495,2
16496,0
16497,0
16498,2
16499,2
16500,2
16501,0
16502,0
16503,1
16504,1
16505,2
16506,0
16507,1
16508,0
16509,2
16510,1
16511,2
16512,0
16513,1
16514,1
16515,1
16516,1
16517,2
16518,1
16519,2
16520,2
16521,2
16522,1
16523,2
16524,1
16525,1
16526,2
16527,1
16528,1
16529,1
16530,0
16531,1
16532,0
16533,1
16534,0
16535,1
16536,0
16537,1
16538,2
16539,2
16540,1
16541,1
16542,0
16543,1
16544,1
16545,1
16546,0
16547,0
16548,0
16549,2
16550,0
16551,1
16552,0
16553,2
16554,1
16555,0
16556,2
16557,2
16558,1
16559,1
16560,1
16561,1
16562,2
16563,0
16564,2
16565,1
16566,1
16567,0
16568,1
16569,1
16570,1
16571,1
16572,0
16573,0
16574,1
16575,0
16576,0
16577,2
16578,1
16579,2
16580,2
16581,1
16582,0
16583,0
16584,0
16585,1
16586,1
16587,2
16588,0
16589,2
16590,1
16591,0
16592,1
16593,2
16594,2
16595,2
16596,1
16597,0
16598,0
16599,0
16600,2
16601,1
16602,1
16603,1
16604,1
16605,0
16606,1
16607,0
16608,0
16609,0
16610,0
16611,2
16612,1
16613,1
16614,2
16615,0
16616,0
16617,0
16618,2
16619,2
16620,2
16621,1
16622,2
16623,0
16624,0
16625,1
16626,1
16627,1
16628,1
16629,1
16630,2
16631,1
16632,0
16633,2
16634,2
16635,2
16636,1
16637,0
16638,1
16639,2
16640,2
16641,1
16642,1
16643,1
16644,0
16645,0
16646,1
16647,0
16648,2
16649,2
16650,0
16651,1
16652,0
16653,2
16654,2
16655,1
16656,1
16657,0
16658,1
16659,1
16660,1
16661,0
16662,1
16663,1
16664,1
16665,1
16666,0
16667,1
16668,0
16669,2
16670,2
16671,1
16672,0
16673,0
16674,1
16675,1
16676,2
16677,2
16678,1
16679,2
16680,0
16681,2
16682,1
16683,0
16684,0
16685,0
16686,1
16687,1
16688,1
16689,1
16690,2
16691,2
16692,0
16693,1
16694,1
16695,1
16696,2
16697,1
16698,1
16699,1
16700,0
16701,0
16702,1
16703,2
16704,1
16705,1
16706,1
16707,2
16708,0
16709,1
16710,0
16711,0
16712,2
16713,1
16714,0
16715,0
16716,1
16717,0
16718,1
16719,2
16720,0
16721,1
16722,2
16723,1
16724,0
16725,1
16726,2
16727,2
16728,2
16729,1
16730,1
16731,2
16732,2
16733,1
16734,2
16735,2
16736,0
16737,2
16738,2
16739,0
16740,1
16741,1
16742,1
16743,1
16744,0
16745,1
16746,0
16747,2
16748,1
16749,2
16750,0
16751,1
16752,2
16753,1
16754,1
16755,1
16756,1
16757,1
16758,2
16759,2
16760,0
16761,1
16762,1
16763,1
16764,2
16765,2
16766,0
16767,0
16768,2
16769,1
16770,1
16771,1
16772,1
16773,2
16774,1
16775,1
16776,0
16777,0
16778,1
16779,2
16780,1
16781,1
16782,1
16783,2
16784,1
16785,0
16786,2
16787,1
16788,1
16789,2
16790,1
16791,2
16792,1
16793,0
16794,0
16795,2
16796,0
16797,1
16798,2
16799,1
16800,1
16801,1
16802,0
16803,2
16804,1
16805,1
16806,0
16807,2
16808,1
16809,1
16810,2
16811,0
16812,0
16813,0
16814,1
16815,1
16816,2
16817,0
16818,1
16819,1
16820,2
16821,1
16822,1
16823,1
16824,0
16825,1
16826,0
16827,1
16828,1
16829,2
16830,1
16831,1
16832,0
16833,0
16834,0
16835,1
16836,2
16837,1
16838,1
16839,2
16840,2
16841,2
16842,1
16843,1
16844,1
16845,0
16846,0
16847,0
16848,0
16849,2
16850,1
16851,0
16852,0
16853,0
16854,2
16855,0
16856,0
16857,2
16858,1
16859,1
16860,2
16861,2
16862,0
16863,1
16864,2
16865,1
16866,1
16867,2
16868,1
16869,2
16870,0
16871,2
16872,2
16873,2
16874,0
16875,2
16876,1
16877,1
16878,0
16879,0
16880,2
16881,0
16882,2
16883,2
16884,2
16885,2
16886,0
16887,0
16888,2
16889,1
16890,1
16891,2
16892,2
16893,2
16894,2
16895,0
16896,0
16897,2
16898,2
16899,2
16900,0
16901,1
16902,1
16903,1
16904,1
16905,1
16906,2
16907,0
16908,2
16909,0
16910,2
16911,2
16912,1
16913,1
16914,2
16915,2
16916,2
16917,2
16918,0
16919,2
16920,1
16921,1
16922,0
16923,2
16924,2
16925,2
16926,2
16927,2
16928,1
16929,0
16930,1
16931,2
16932,1
16933,2
16934,1
16935,1
16936,0
16937,2
16938,2
16939,1
16940,1
16941,2
16942,2
16943,2
16944,1
16945,2
16946,2
16947,0
16948,2
16949,1
16950,1
16951,1
16952,0
16953,0
16954,1
16955,1
16956,0
16957,0
16958,0
16959,2
16960,1
16961,1
16962,2
16963,2
16964,1
16965,1
16966,1
16967,2
16968,0
16969,1
16970,1
16971,0
16972,0
16973,2
16974,2
16975,2
16976,2
16977,0
16978,2
16979,2
16980,1
16981,2
16982,2
16983,1
16984,1
16985,2
16986,2
16987,0
16988,1
16989,2
16990,0
16991,2
16992,2
16993,2
16994,0
16995,2
16996,2
16997,0
16998,2
16999,2
17000,1
17001,2
17002,2
17003,1
17004,2
17005,1
17006,0
17007,2
17008,0
17009,1
17010,1
17011,1
17012,2
17013,0
17014,0
17015,1
17016,1
17017,0
17018,2
17019,0
17020,0
17021,2
17022,1
17023,2
17024,1
17025,2
17026,1
17027,0
17028,0
17029,2
17030,2
17031,0
17032,1
17033,1
17034,1
17035,2
17036,2
17037,1
17038,2
17039,0
17040,2
17041,2
17042,2
17043,2
17044,0
17045,2
17046,2
17047,1
17048,1
17049,0
17050,0
17051,2
17052,0
17053,2
17054,2
17055,1
17056,2
17057,0
17058,2
17059,2
17060,0
17061,1
17062,1
17063,0
17064,1
17065,0
17066,1
17067,2
17068,1
17069,1
17070,1
17071,1
17072,2
17073,2
17074,2
17075,2
17076,1
17077,1
17078,2
17079,2
17080,2
17081,2
17082,1
17083,2
17084,1
17085,0
17086,2
17087,0
17088,2
17089,2
17090,2
17091,2
17092,1
17093,0
17094,2
17095,2
17096,1
17097,1
17098,2
17099,1
17100,1
17101,2
17102,1
17103,0
17104,1
17105,1
17106,2
17107,2
17108,0
17109,1
17110,2
17111,1
17112,2
17113,1
17114,1
17115,2
17116,1
17117,0
17118,1
17119,0
17120,1
17121,0
17122,1
17123,1
17124,1
17125,1
17126,1
17127,2
17128,1
17129,1
17130,0
17131,2
17132,0
17133,2
17134,0
17135,0
17136,1
17137,0
17138,2
17139,2
17140,2
17141,1
17142,2
17143,0
17144,0
17145,1
17146,0
17147,2
17148,0
17149,2
17150,0
17151,2
17152,0
17153,0
17154,2
17155,2
17156,2
17157,2
17158,0
17159,0
17160,2
17161,1
17162,2
17163,2
17164,0
17165,2
17166,2
17167,1
17168,1
17169,0
17170,0
17171,2
17172,2
17173,1
17174,0
17175,2
17176,1
17177,0
17178,0
17179,1
17180,2
17181,1
17182,0
17183,2
17184,1
17185,0
17186,1
17187,2
17188,2
17189,1
17190,1
17191,2
17192,2
17193,0
17194,1
17195,0
17196,2
17197,2
17198,0
17199,1
17200,1
17201,2
17202,1
17203,1
17204,1
17205,2
17206,1
17207,2
17208,0
17209,1
17210,1
17211,1
17212,2
17213,2
17214,1
17215,2
17216,2
17217,2
17218,1
17219,0
17220,1
17221,0
17222,2
17223,1
17224,1
17225,2
17226,1
17227,2
17228,2
17229,2
17230,1
17231,1
17232,2
17233,2
17234,0
17235,1
17236,1
17237,1
17238,2
17239,1
17240,2
17241,0
17242,1
17243,2
17244,1
17245,0
17246,1
17247,2
17248,0
17249,0
17250,0
17251,2
17252,0
17253,1
17254,0
17255,0
17256,0
17257,1
17258,2
17259,0
17260,1
17261,1
17262,1
17263,1
17264,0
17265,0
17266,0
17267,1
17268,0
17269,1
17270,0
17271,1
17272,1
17273,1
17274,1
17275,1
17276,2
17277,0
17278,2
17279,1
17280,0
17281,0
17282,2
17283,1
17284,1
17285,0
17286,1
17287,2
17288,2
17289,0
17290,2
17291,0
17292,2
17293,1
17294,1
17295,0
17296,2
17297,0
17298,0
17299,1
17300,0
17301,1
17302,1
17303,1
17304,1
17305,1
17306,2
17307,2
17308,1
17309,1
17310,0
17311,2
17312,0
17313,1
17314,2
17315,1
17316,0
17317,1
17318,1
17319,1
17320,2
17321,1
17322,2
17323,2
17324,0
17325,2
17326,1
17327,1
17328,2
17329,1
17330,2
17331,1
17332,2
17333,2
17334,0
17335,1
17336,1
17337,1
17338,2
17339,0
17340,2
17341,0
17342,0
17343,0
17344,1
17345,1
17346,2
17347,0
17348,2
17349,0
17350,2
17351,0
17352,1
17353,2
17354,0
17355,1
17356,0
17357,2
17358,1
17359,1
17360,0
17361,0
17362,2
17363,0
17364,1
17365,1
17366,1
17367,1
17368,0
17369,2
17370,2
17371,2
17372,1
17373,1
17374,1
17375,2
17376,1
17377,1
17378,2
17379,0
17380,2
17381,1
17382,2
17383,2
17384,2
17385,2
17386,1
17387,1
17388,1
17389,2
17390,2
17391,1
17392,2
17393,2
17394,1
17395,1
17396,1
17397,1
17398,0
17399,2
17400,0
17401,0
17402,1
17403,0
17404,2
17405,0
17406,1
17407,0
17408,1
17409,1
17410,1
17411,2
17412,2
17413,2
17414,1
17415,1
17416,1
17417,1
17418,2
17419,1
17420,0
17421,2
17422,2
17423,2
17424,1
17425,1
17426,0
17427,1
17428,2
17429,2
17430,1
17431,0
17432,1
17433,1
17434,1
17435,2
17436,1
17437,0
17438,2
17439,0
17440,1
17441,0
17442,0
17443,1
17444,2
17445,1
17446,2
17447,2
17448,1
17449,0
17450,0
17451,2
17452,0
17453,2
17454,0
17455,1
17456,0
17457,2
17458,1
17459,0
17460,1
17461,2
17462,2
17463,0
17464,2
17465,2
17466,0
17467,0
17468,0
17469,0
17470,1
17471,1
17472,0
17473,1
17474,0
17475,2
17476,1
17477,0
17478,1
17479,1
17480,1
17481,2
17482,2
17483,0
17484,1
17485,1
17486,1
17487,1
17488,0
17489,2
17490,1
17491,2
17492,1
17493,2
17494,0
17495,1
17496,2
17497,2
17498,1
17499,2
17500,1
17501,0
17502,2
17503,1
17504,1
17505,0
17506,1
17507,0
17508,1
17509,0
17510,0
17511,1
17512,2
17513,1
17514,2
17515,2
17516,0
17517,0
17518,1
17519,2
17520,1
17521,1
17522,2
17523,0
17524,2
17525,2
17526,0
17527,2
17528,1
17529,1
17530,0
17531,2
17532,2
17533,1
17534,1
17535,2
17536,2
17537,0
17538,1
17539,1
17540,2
17541,2
17542,2
17543,2
17544,1
17545,1
17546,1
17547,0
17548,1
17549,0
17550,2
17551,2
17552,2
17553,2
17554,1
17555,1
17556,0
17557,2
17558,2
17559,2
17560,1
17561,1
17562,0
17563,2
17564,0
17565,1
17566,2
17567,0
17568,2
17569,0
17570,2
17571,2
17572,0
17573,2
17574,2
17575,2
17576,1
17577,2
17578,1
17579,1
17580,0
17581,2
17582,2
17583,1
17584,1
17585,1
17586,1
17587,1
17588,1
17589,0
17590,0
17591,0
17592,0
17593,1
17594,2
17595,2
17596,2
17597,2
17598,1
17599,2
17600,2
17601,0
17602,0
17603,2
17604,0
17605,2
17606,1
17607,0
17608,2
17609,1
17610,2
17611,1
17612,0
17613,1
17614,1
17615,1
17616,1
17617,1
17618,0
17619,0
17620,1
17621,2
17622,0
17623,1
17624,1
17625,1
17626,1
17627,2
17628,1
17629,1
17630,0
17631,2
17632,1
17633,1
17634,0
17635,2
17636,2
17637,2
17638,2
17639,0
17640,0
17641,1
17642,0
17643,1
17644,2
17645,2
17646,1
17647,1
17648,2
17649,2
17650,0
17651,2
17652,2
17653,0
17654,0
17655,2
17656,1
17657,1
17658,2
17659,0
17660,2
17661,1
17662,1
17663,0
17664,0
17665,1
17666,0
17667,2
17668,1
17669,2
17670,2
17671,2
17672,2
17673,0
17674,0
17675,2
17676,0
17677,2
17678,0
17679,0
17680,1
17681,1
17682,2
17683,1
17684,2
17685,2
17686,2
17687,2
17688,2
17689,2
17690,2
17691,0
17692,0
17693,2
17694,0
17695,2
17696,2
17697,1
17698,0
17699,2
17700,2
17701,2
17702,0
17703,1
17704,0
17705,1
17706,2
17707,2
17708,1
17709,1
17710,0
17711,2
17712,2
17713,0
17714,2
17715,1
17716,1
17717,1
17718,1
17719,0
17720,2
17721,1
17722,2
17723,0
17724,2
17725,0
17726,2
17727,2
17728,0
17729,1
17730,2
17731,1
17732,0
17733,2
17734,1
17735,2
17736,2
17737,1
17738,0
17739,0
17740,0
17741,0
17742,2
17743,1
17744,1
17745,2
17746,2
17747,2
17748,1
17749,2
17750,1
17751,1
17752,1
17753,2
17754,1
17755,2
17756,1
17757,0
17758,1
17759,1
17760,1
17761,0
17762,1
17763,1
17764,1
17765,0
17766,2
17767,1
17768,2
17769,1
17770,1
17771,1
17772,0
17773,0
17774,2
17775,1
17776,1
17777,1
17778,1
17779,0
17780,0
17781,2
17782,1
17783,2
17784,1
17785,2
17786,2
17787,0
17788,2
17789,1
17790,1
17791,2
17792,1
17793,0
17794,0
17795,1
17796,1
17797,0
17798,1
17799,2
17800,1
17801,1
17802,1
17803,2
17804,1
17805,2
17806,2
17807,0
17808,2
17809,2
17810,1
17811,2
17812,1
17813,0
17814,1
17815,2
17816,0
17817,1
17818,2
17819,2
17820,0
17821,1
17822,1
17823,0
17824,1
17825,0
17826,2
17827,1
17828,2
17829,2
17830,1
17831,0
17832,0
17833,1
17834,2
17835,1
17836,2
17837,1
17838,1
17839,2
17840,0
17841,1
17842,2
17843,2
17844,1
17845,2
17846,1
17847,0
17848,1
17849,1
17850,0
17851,0
17852,1
17853,2
17854,2
17855,1
17856,2
17857,0
17858,2
17859,1
17860,2
17861,1
17862,1
17863,2
17864,2
17865,1
17866,2
17867,2
17868,0
17869,2
17870,2
17871,1
17872,2
17873,1
17874,1
17875,2
17876,0
17877,0
17878,2
17879,1
17880,1
17881,1
17882,2
17883,1
17884,2
17885,2
17886,1
17887,1
17888,1
17889,0
17890,0
17891,1
17892,2
17893,2
17894,1
17895,2
17896,1
17897,0
17898,0
17899,1
17900,0
17901,1
17902,0
17903,2
17904,0
17905,2
17906,2
17907,0
17908,2
17909,2
17910,2
17911,0
17912,0
17913,1
17914,0
17915,2
17916,1
17917,2
17918,2
17919,2
17920,2
17921,1
17922,2
17923,2
17924,2
17925,1
17926,2
17927,0
17928,2
17929,1
17930,2
17931,0
17932,2
17933,0
17934,0
17935,0
17936,1
17937,1
17938,0
17939,2
17940,2
17941,0
17942,0
17943,0
17944,0
17945,0
17946,2
17947,1
17948,2
17949,1
17950,0
17951,2
17952,0
17953,1
17954,1
17955,1
17956,0
17957,1
17958,2
17959,2
17960,1
17961,2
17962,0
17963,2
17964,2
17965,0
17966,2
17967,1
17968,1
17969,0
17970,2
17971,0
17972,2
17973,2
17974,0
17975,0
17976,1
17977,2
17978,1
17979,1
17980,1
17981,2
17982,0
17983,2
17984,2
17985,1
17986,1
17987,1
17988,0
17989,2
17990,1
17991,1
17992,0
17993,1
17994,0
17995,2
17996,2
17997,1
17998,1
17999,1
18000,1
18001,1
18002,0
18003,0
18004,1
18005,1
18006,2
18007,1
18008,1
18009,0
18010,1
18011,0
18012,1
18013,2
18014,1
18015,2
18016,1
18017,0
18018,2
18019,0
18020,2
18021,2
18022,1
18023,2
18024,2
18025,1
18026,1
18027,2
18028,2
18029,1
18030,1
18031,0
18032,2
18033,1
18034,0
18035,0
18036,1
18037,2
18038,1
18039,2
18040,2
18041,2
18042,0
18043,0
18044,1
18045,0
18046,0
18047,0
18048,1
18049,1
18050,2
18051,2
18052,2
18053,1
18054,2
18055,2
18056,1
18057,2
18058,0
18059,0
18060,2
18061,2
18062,1
18063,2
18064,0
18065,2
18066,1
18067,1
18068,0
18069,1
18070,1
18071,2
18072,2
18073,2
18074,0
18075,1
18076,0
18077,1
18078,1
18079,1
18080,1
18081,0
18082,2
18083,2
18084,2
18085,2
18086,0
18087,2
18088,2
18089,1
18090,0
18091,1
18092,0
18093,0
18094,0
18095,1
18096,1
18097,0
18098,2
18099,0
18100,0
18101,2
18102,1
18103,1
18104,0
18105,2
18106,0
18107,1
18108,2
18109,2
18110,1
18111,0
18112,1
18113,2
18114,0
18115,2
18116,2
18117,0
18118,2
18119,2
18120,2
18121,2
18122,0
18123,0
18124,0
18125,2
18126,1
18127,1
18128,1
18129,1
18130,2
18131,2
18132,2
18133,2
18134,2
18135,2
18136,1
18137,0
18138,2
18139,2
18140,0
18141,1
18142,2
18143,2
18144,2
18145,2
18146,1
18147,2
18148,2
18149,2
18150,2
18151,1
18152,2
18153,1
18154,2
18155,2
18156,0
18157,2
18158,1
18159,0
18160,2
18161,2
18162,1
18163,1
18164,0
18165,1
18166,1
18167,1
18168,2
18169,1
18170,1
18171,1
18172,2
18173,2
18174,2
18175,2
18176,2
18177,2
18178,0
18179,1
18180,2
18181,2
18182,0
18183,0
18184,2
18185,2
18186,2
18187,0
18188,1
18189,0
18190,0
18191,2
18192,2
18193,2
18194,2
18195,1
18196,1
18197,2
18198,1
18199,2
18200,2
18201,2
18202,1
18203,1
18204,2
18205,2
18206,1
18207,0
18208,2
18209,1
18210,1
18211,0
18212,1
18213,0
18214,2
18215,2
18216,2
18217,0
18218,0
18219,1
18220,1
18221,2
18222,1
18223,2
18224,1
18225,2
18226,0
18227,0
18228,2
18229,1
18230,2
18231,2
18232,0
18233,0
18234,2
18235,0
18236,2
18237,1
18238,0
18239,0
18240,2
18241,1
18242,1
18243,2
18244,2
18245,2
18246,0
18247,2
18248,0
18249,0
18250,2
18251,2
18252,0
18253,1
18254,0
18255,0
18256,2
18257,2
18258,0
18259,2
18260,0
18261,2
18262,2
18263,2
18264,0
18265,0
18266,1
18267,2
18268,0
18269,1
18270,0
18271,1
18272,1
18273,2
18274,0
18275,1
18276,0
18277,0
18278,2
18279,1
18280,1
18281,2
18282,2
18283,2
18284,1
18285,1
18286,1
18287,2
18288,1
18289,2
18290,0
18291,2
18292,1
18293,1
18294,2
18295,2
18296,1
18297,1
18298,0
18299,1
18300,1
18301,2
18302,1
18303,2
18304,1
18305,0
18306,2
18307,0
18308,1
18309,2
18310,2
18311,2
18312,1
18313,2
18314,0
18315,0
18316,1
18317,2
18318,1
18319,0
18320,0
18321,2
18322,0
18323,2
18324,1
18325,2
18326,1
18327,0
18328,2
18329,1
18330,2
18331,0
18332,0
18333,2
18334,1
18335,2
18336,1
18337,1
18338,2
18339,0
18340,0
18341,2
18342,2
18343,2
18344,1
18345,0
18346,2
18347,2
18348,2
18349,1
18350,2
18351,0
18352,0
18353,2
18354,1
18355,1
18356,0
18357,1
18358,1
18359,1
18360,1
18361,2
18362,2
18363,2
18364,1
18365,2
18366,0
18367,0
18368,1
18369,2
18370,1
18371,1
18372,0
18373,0
18374,2
18375,1
18376,0
18377,0
18378,1
18379,2
18380,0
18381,0
18382,1
18383,2
18384,0
18385,1
18386,1
18387,1
18388,2
18389,1
18390,1
18391,1
18392,1
18393,2
18394,0
18395,1
18396,2
18397,2
18398,2
18399,1
18400,0
18401,2
18402,0
18403,1
18404,0
18405,1
18406,2
18407,2
18408,0
18409,2
18410,0
18411,1
18412,1
18413,1
18414,2
18415,0
18416,2
18417,2
18418,1
18419,2
18420,2
18421,0
18422,1
18423,2
18424,0
18425,2
18426,2
18427,0
18428,2
18429,1
18430,2
18431,1
18432,0
18433,1
18434,0
18435,1
18436,1
18437,2
18438,0
18439,2
18440,1
18441,1
18442,2
18443,2
18444,1
18445,2
18446,2
18447,1
18448,1
18449,1
18450,2
18451,0
18452,2
18453,2
18454,1
18455,1
18456,1
18457,2
18458,0
18459,1
18460,0
18461,1
18462,1
18463,1
18464,1
18465,1
18466,0
18467,1
18468,1
18469,2
18470,2
18471,1
18472,1
18473,2
18474,1
18475,1
18476,0
18477,1
18478,0
18479,1
18480,0
18481,0
18482,2
18483,0
18484,1
18485,1
18486,2
18487,2
18488,1
18489,2
18490,1
18491,2
18492,1
18493,2
18494,0
18495,1
18496,1
18497,1
18498,2
18499,1
18500,1
18501,1
18502,2
18503,0
18504,2
18505,0
18506,1
18507,1
18508,0
18509,1
18510,2
18511,1
18512,2
18513,1
18514,1
18515,1
18516,1
18517,2
18518,2
18519,1
18520,2
18521,0
18522,2
18523,1
18524,0
18525,1
18526,1
18527,2
18528,2
18529,0
18530,2
18531,2
18532,2
18533,2
18534,1
18535,0
18536,0
18537,0
18538,1
18539,2
18540,0
18541,1
18542,0
18543,2
18544,0
18545,0
18546,2
18547,1
18548,0
18549,0
18550,1
18551,1
18552,1
18553,1
18554,2
18555,2
18556,0
18557,1
18558,1
18559,2
18560,1
18561,2
18562,0
18563,1
18564,2
18565,1
18566,2
18567,1
18568,0
18569,2
18570,1
18571,0
18572,2
18573,1
18574,2
18575,0
18576,0
18577,1
18578,2
18579,2
18580,2
18581,2
18582,2
18583,1
18584,1
18585,1
18586,2
18587,0
18588,1
18589,1
18590,1
18591,2
18592,2
18593,1
18594,1
18595,1
18596,2
18597,0
18598,1
18599,2
18600,0
18601,1
18602,2
18603,0
18604,2
18605,1
18606,2
18607,2
18608,2
18609,2
18610,2
18611,1
18612,2
18613,2
18614,2
18615,1
18616,0
18617,1
18618,1
18619,0
18620,1
18621,2
18622,1
18623,0
18624,1
18625,2
18626,1
18627,2
18628,2
18629,0
18630,1
18631,0
18632,1
18633,2
18634,0
18635,1
18636,1
18637,1
18638,1
18639,1
18640,0
18641,1
18642,1
18643,1
18644,1
18645,0
18646,1
18647,2
18648,0
18649,2
18650,1
18651,0
18652,2
18653,2
18654,2
18655,1
18656,1
18657,2
18658,0
18659,1
18660,0
18661,0
18662,0
18663,1
18664,1
18665,0
18666,2
18667,0
18668,1
18669,2
18670,1
18671,2
18672,2
18673,0
18674,1
18675,1
18676,1
18677,2
18678,1
18679,1
18680,1
18681,2
18682,2
18683,2
18684,1
18685,0
18686,2
18687,2
18688,0
18689,0
18690,1
18691,2
18692,0
18693,1
18694,1
18695,1
18696,2
18697,1
18698,1
18699,0
18700,1
18701,2
18702,2
18703,2
18704,1
18705,1
18706,2
18707,2
18708,0
18709,0
18710,2
18711,1
18712,2
18713,2
18714,0
18715,0
18716,0
18717,2
18718,2
18719,0
18720,0
18721,2
18722,2
18723,0
18724,2
18725,0
18726,1
18727,1
18728,2
18729,1
18730,2
18731,0
18732,2
18733,1
18734,2
18735,2
18736,0
18737,1
18738,2
18739,2
18740,2
18741,2
18742,1
18743,2
18744,2
18745,1
18746,2
18747,2
18748,1
18749,0
18750,2
18751,0
18752,0
18753,2
18754,0
18755,2
18756,2
18757,1
18758,2
18759,0
18760,2
18761,0
18762,2
18763,2
18764,0
18765,0
18766,0
18767,2
18768,1
18769,1
18770,1
18771,1
18772,2
18773,2
18774,1
18775,0
18776,1
18777,1
18778,2
18779,0
18780,1
18781,2
18782,2
18783,1
18784,2
18785,2
18786,0
18787,1
18788,1
18789,2
18790,1
18791,0
18792,1
18793,0
18794,0
18795,0
18796,0
18797,2
18798,2
18799,0
18800,2
18801,0
18802,0
18803,1
18804,1
18805,2
18806,2
18807,2
18808,2
18809,0
18810,2
18811,0
18812,1
18813,0
18814,1
18815,2
18816,2
18817,1
18818,2
18819,2
18820,2
18821,1
18822,0
18823,1
18824,1
18825,1
18826,0
18827,1
18828,0
18829,1
18830,0
18831,1
18832,1
18833,2
18834,1
18835,0
18836,0
18837,1
18838,2
18839,1
18840,1
18841,2
18842,0
18843,2
18844,0
18845,2
18846,1
18847,2
18848,2
18849,1
18850,0
18851,0
18852,2
18853,2
18854,1
18855,0
18856,1
18857,1
18858,1
18859,2
18860,2
18861,1
18862,0
18863,2
18864,1
18865,1
18866,0
18867,1
18868,1
18869,1
18870,2
18871,1
18872,1
18873,2
18874,2
18875,1
18876,0
18877,2
18878,2
18879,2
18880,0
18881,0
18882,1
18883,2
18884,2
18885,1
18886,0
18887,2
18888,2
18889,0
18890,1
18891,0
18892,1
18893,2
18894,0
18895,1
18896,2
18897,1
18898,1
18899,1
18900,1
18901,1
18902,0
18903,1
18904,0
18905,1
18906,1
18907,2
18908,2
18909,2
18910,2
18911,1
18912,0
18913,2
18914,0
18915,1
18916,1
18917,0
18918,1
18919,0
18920,1
18921,2
18922,0
18923,1
18924,0
18925,0
18926,1
18927,1
18928,1
18929,0
18930,1
18931,0
18932,1
18933,0
18934,0
18935,2
18936,2
18937,0
18938,1
18939,1
18940,2
18941,2
18942,1
18943,1
18944,2
18945,2
18946,1
18947,1
18948,2
18949,1
18950,2
18951,2
18952,0
18953,1
18954,1
18955,2
18956,1
18957,1
18958,1
18959,0
18960,2
18961,2
18962,1
18963,2
18964,2
18965,1
18966,1
18967,2
18968,2
18969,1
18970,0
18971,1
18972,1
18973,0
18974,1
18975,1
18976,2
18977,2
18978,1
18979,1
18980,2
18981,0
18982,1
18983,2
18984,2
18985,1
18986,1
18987,2
18988,0
18989,0
18990,1
18991,1
18992,0
18993,0
18994,1
18995,1
18996,2
18997,0
18998,0
18999,0
19000,1
19001,2
19002,2
19003,0
19004,2
19005,0
19006,1
19007,1
19008,1
19009,0
19010,1
19011,1
19012,0
19013,2
19014,1
19015,2
19016,2
19017,2
19018,1
19019,1
19020,1
19021,2
19022,1
19023,0
19024,2
19025,0
19026,2
19027,1
19028,0
19029,1
19030,0
19031,2
19032,2
19033,0
19034,2
19035,2
19036,1
19037,0
19038,2
19039,2
19040,0
19041,1
19042,0
19043,1
19044,1
19045,0
19046,0
19047,1
19048,2
19049,2
19050,2
19051,1
19052,2
19053,1
19054,2
19055,1
19056,2
19057,2
19058,1
19059,0
19060,0
19061,0
19062,2
19063,2
19064,0
19065,0
19066,0
19067,1
19068,2
19069,1
19070,1
19071,2
19072,1
19073,1
19074,2
19075,1
19076,0
19077,2
19078,1
19079,1
19080,1
19081,2
19082,2
19083,0
19084,2
19085,1
19086,1
19087,2
19088,0
19089,1
19090,1
19091,1
19092,0
19093,0
19094,2
19095,0
19096,1
19097,1
19098,2
19099,1
19100,2
19101,2
19102,1
19103,2
19104,0
19105,2
19106,0
19107,1
19108,1
19109,0
19110,2
19111,1
19112,1
19113,1
19114,2
19115,1
19116,2
19117,1
19118,1
19119,1
19120,0
19121,2
19122,1
19123,0
19124,1
19125,0
19126,0
19127,1
19128,2
19129,1
19130,1
19131,2
19132,1
19133,1
19134,0
19135,0
19136,0
19137,2
19138,1
19139,2
19140,1
19141,0
19142,0
19143,0
19144,0
19145,0
19146,2
19147,1
19148,2
19149,1
19150,0
19151,2
19152,2
19153,0
19154,2
19155,0
19156,0
19157,1
19158,2
19159,2
19160,1
19161,0
19162,2
19163,1
19164,1
19165,2
19166,1
19167,0
19168,0
19169,2
19170,2
19171,2
19172,1
19173,0
19174,0
19175,0
19176,2
19177,1
19178,1
19179,2
19180,1
19181,2
19182,2
19183,1
19184,0
19185,1
19186,2
19187,1
19188,0
19189,0
19190,1
19191,1
19192,2
19193,1
19194,2
19195,1
19196,0
19197,0
19198,1
19199,1
19200,2
19201,2
19202,0
19203,0
19204,1
19205,2
19206,1
19207,2
19208,0
19209,0
19210,1
19211,2
19212,1
19213,1
19214,2
19215,1
19216,2
19217,0
19218,1
19219,0
19220,1
19221,2
19222,2
19223,2
19224,2
19225,0
19226,0
19227,0
19228,0
19229,2
19230,2
19231,2
19232,0
19233,1
19234,1
19235,1
19236,2
19237,1
19238,1
19239,1
19240,2
19241,1
19242,2
19243,2
19244,1
19245,1
19246,1
19247,0
19248,0
19249,1
19250,1
19251,1
19252,1
19253,1
19254,1
19255,1
19256,2
19257,1
19258,1
19259,1
19260,1
19261,2
19262,1
19263,2
19264,2
19265,2
19266,1
19267,1
19268,2
19269,2
19270,0
19271,2
19272,0
19273,0
19274,0
19275,1
19276,2
19277,2
19278,0
19279,1
19280,1
19281,2
19282,0
19283,2
19284,1
19285,2
19286,0
19287,0
19288,1
19289,0
19290,1
19291,1
19292,1
19293,2
19294,2
19295,1
19296,1
19297,0
19298,2
19299,1
19300,2
19301,2
19302,2
19303,1
19304,1
19305,2
19306,0
19307,1
19308,1
19309,1
19310,1
19311,0
19312,2
19313,1
19314,0
19315,0
19316,2
19317,2
19318,2
19319,2
19320,2
19321,2
19322,2
19323,2
19324,2
19325,2
19326,2
19327,1
19328,0
19329,2
19330,0
19331,1
19332,2
19333,2
19334,2
19335,0
19336,0
19337,1
19338,0
19339,2
19340,0
19341,0
19342,1
19343,1
19344,1
19345,0
19346,0
19347,1
19348,2
19349,2
19350,1
19351,1
19352,2
19353,1
19354,2
19355,0
19356,2
19357,2
19358,1
19359,2
19360,0
19361,1
19362,1
19363,0
19364,2
19365,2
19366,2
19367,1
19368,2
19369,1
19370,1
19371,1
19372,1
19373,0
19374,2
19375,2
19376,1
19377,2
19378,1
19379,2
19380,0
19381,2
19382,2
19383,1
19384,0
19385,2
19386,2
19387,1
19388,1
19389,0
19390,2
19391,2
19392,2
19393,1
19394,1
19395,2
19396,2
19397,0
19398,1
19399,1
19400,0
19401,1
19402,1
19403,1
19404,1
19405,1
19406,1
19407,1
19408,0
19409,1
19410,0
19411,2
19412,1
19413,0
19414,1
19415,1
19416,1
19417,0
19418,1
19419,0
19420,2
19421,2
19422,0
19423,1
19424,1
19425,2
19426,1
19427,2
19428,2
19429,0
19430,0
19431,2
19432,0
19433,1
19434,2
19435,0
19436,1
19437,1
19438,2
19439,1
19440,1
19441,0
19442,1
19443,2
19444,0
19445,2
19446,0
19447,1
19448,0
19449,1
19450,1
19451,2
19452,2
19453,2
19454,2
19455,1
19456,0
19457,2
19458,1
19459,1
19460,2
19461,1
19462,1
19463,1
19464,2
19465,1
19466,1
19467,0
19468,1
19469,0
19470,1
19471,1
19472,1
19473,1
19474,0
19475,1
19476,2
19477,1
19478,1
19479,0
19480,0
19481,0
19482,2
19483,0
19484,1
19485,1
19486,2
19487,0
19488,0
19489,0
19490,1
19491,0
19492,1
19493,2
19494,1
19495,1
19496,0
19497,2
19498,2
19499,1
19500,0
19501,0
19502,1
19503,2
19504,2
19505,2
19506,0
19507,1
19508,0
19509,2
19510,1
19511,0
19512,0
19513,0
19514,1
19515,2
19516,1
19517,1
19518,2
19519,1
19520,1
19521,2
19522,1
19523,1
19524,0
19525,2
19526,0
19527,0
19528,2
19529,1
19530,1
19531,0
19532,0
19533,1
19534,0
19535,2
19536,0
19537,1
19538,1
19539,0
19540,0
19541,2
19542,0
19543,1
19544,0
19545,1
19546,2
19547,2
19548,0
19549,1
19550,2
19551,1
19552,0
19553,0
19554,2
19555,2
19556,1
19557,1
19558,2
19559,2
19560,2
19561,0
19562,2
19563,1
19564,2
19565,1
19566,2
19567,2
19568,1
19569,2
19570,1
19571,1
19572,2
19573,2
19574,2
19575,1
19576,0
19577,2
19578,1
19579,2
19580,1
19581,0
19582,1
19583,1
19584,2
19585,2
19586,2
19587,1
19588,2
19589,2
19590,0
19591,0
19592,1
19593,1
19594,1
19595,1
19596,2
19597,0
19598,1
19599,2
19600,0
19601,2
19602,2
19603,1
19604,1
19605,0
19606,1
19607,2
19608,2
19609,0
19610,2
19611,1
19612,2
19613,1
19614,0
19615,0
19616,1
19617,2
19618,1
19619,1
19620,1
19621,1
19622,2
19623,2
19624,2
19625,0
19626,0
19627,1
19628,2
19629,2
19630,2
19631,1
19632,1
19633,0
19634,1
19635,1
19636,0
19637,1
19638,0
19639,1
19640,1
19641,0
19642,2
19643,1
19644,1
19645,1
19646,1
19647,2
19648,2
19649,1
19650,2
19651,2
19652,1
19653,1
19654,2
19655,1
19656,1
19657,1
19658,0
19659,0
19660,0
19661,1
19662,1
19663,2
19664,0
19665,2
19666,1
19667,2
19668,2
19669,0
19670,1
19671,1
19672,0
19673,2
19674,1
19675,2
19676,0
19677,0
19678,2
19679,0
19680,0
19681,1
19682,2
19683,0
19684,2
19685,2
19686,1
19687,0
19688,0
19689,0
19690,1
19691,1
19692,0
19693,0
19694,2
19695,1
19696,0
19697,0
19698,2
19699,1
19700,2
19701,2
19702,2
19703,1
19704,1
19705,0
19706,1
19707,1
19708,2
19709,2
19710,1
19711,2
19712,1
19713,2
19714,0
19715,0
19716,1
19717,2
19718,2
19719,0
19720,0
19721,2
19722,2
19723,1
19724,1
19725,1
19726,2
19727,1
19728,2
19729,1
19730,1
19731,1
19732,0
19733,0
19734,2
19735,1
19736,0
19737,1
19738,2
19739,2
19740,0
19741,2
19742,1
19743,2
19744,1
19745,1
19746,1
19747,0
19748,2
19749,2
19750,0
19751,2
19752,0
19753,2
19754,1
19755,1
19756,2
19757,2
19758,0
19759,2
19760,1
19761,0
19762,2
19763,0
19764,0
19765,0
19766,1
19767,1
19768,1
19769,0
19770,1
19771,0
19772,1
19773,1
19774,2
19775,0
19776,1
19777,2
19778,0
19779,0
19780,2
19781,2
19782,1
19783,2
19784,2
19785,0
19786,0
19787,2
19788,0
19789,2
19790,2
19791,1
19792,0
19793,2
19794,2
19795,0
19796,0
19797,2
19798,1
19799,1
19800,1
19801,1
19802,2
19803,1
19804,0
19805,0
19806,1
19807,2
19808,1
19809,2
19810,1
19811,1
19812,2
19813,1
19814,2
19815,2
19816,1
19817,1
19818,1
19819,2
19820,2
19821,1
19822,1
19823,0
19824,0
19825,2
19826,2
19827,1
19828,1
19829,2
19830,2
19831,2
19832,2
19833,0
19834,0
19835,0
19836,1
19837,1
19838,0
19839,1
19840,0
19841,1
19842,0
19843,2
19844,1
19845,0
19846,1
19847,1
19848,2
19849,2
19850,2
19851,1
19852,1
19853,2
19854,0
19855,1
19856,2
19857,2
19858,2
19859,0
19860,1
19861,0
19862,1
19863,1
19864,2
19865,2
19866,0
19867,2
19868,2
19869,2
19870,1
19871,2
19872,1
19873,0
19874,1
19875,1
19876,1
19877,1
19878,2
19879,2
19880,1
19881,2
19882,0
19883,1
19884,1
19885,2
19886,2
19887,2
19888,0
19889,2
19890,2
19891,0
19892,2
19893,2
19894,0
19895,0
19896,2
19897,1
19898,2
19899,2
19900,1
19901,2
19902,2
19903,2
19904,0
19905,0
19906,1
19907,0
19908,2
19909,2
19910,2
19911,0
19912,0
19913,1
19914,0
19915,2
19916,2
19917,2
19918,0
19919,0
19920,2
19921,0
19922,2
19923,2
19924,2
19925,2
19926,0
19927,2
19928,1
19929,2
19930,2
19931,0
19932,1
19933,1
19934,0
19935,2
19936,2
19937,0
19938,0
19939,1
19940,0
19941,0
19942,0
19943,0
19944,1
19945,2
19946,0
19947,2
19948,0
19949,1
19950,2
19951,1
19952,2
19953,1
19954,1
19955,1
19956,1
19957,0
19958,0
19959,1
19960,0
19961,1
19962,2
19963,1
19964,0
19965,0
19966,1
19967,0
19968,2
19969,0
19970,2
19971,0
19972,2
19973,0
19974,0
19975,1
19976,1
19977,0
19978,0
19979,1
19980,1
19981,2
19982,2
19983,0
19984,2
19985,1
19986,0
19987,2
19988,0
19989,0
19990,0
19991,1
19992,1
19993,1
19994,1
19995,2
19996,1
19997,2
19998,2
19999,1
20000,2
20001,2
20002,0
20003,1
20004,2
20005,0
20006,2
20007,1
20008,2
20009,0
20010,0
20011,1
20012,1
20013,0
20014,1
20015,2
20016,1
20017,1
20018,0
20019,2
20020,0
20021,1
20022,2
20023,1
20024,2
20025,2
20026,2
20027,0
20028,2
20029,1
20030,2
20031,2
20032,1
20033,2
20034,0
20035,2
20036,1
20037,1
20038,0
20039,1
20040,2
20041,2
20042,1
20043,2
20044,2
20045,2
20046,0
20047,1
20048,0
20049,0
20050,2
20051,2
20052,2
20053,1
20054,2
20055,0
20056,1
20057,0
20058,1
20059,0
20060,1
20061,0
20062,2
20063,2
20064,1
20065,1
20066,1
20067,2
20068,1
20069,1
20070,0
20071,1
20072,1
20073,0
20074,1
20075,0
20076,2
20077,1
20078,2
20079,1
20080,0
20081,0
20082,1
20083,1
20084,1
20085,1
20086,1
20087,0
20088,1
20089,2
20090,0
20091,1
20092,0
20093,1
20094,2
20095,1
20096,2
20097,2
20098,2
20099,1
20100,2
20101,2
20102,2
20103,0
20104,0
20105,2
20106,2
20107,2
20108,2
20109,2
20110,1
20111,0
20112,1
20113,1
20114,2
20115,2
20116,2
20117,1
20118,1
20119,2
20120,0
20121,2
20122,0
20123,1
20124,2
20125,2
20126,2
20127,2
20128,1
20129,1
20130,0
20131,1
20132,0
20133,2
20134,2
20135,2
20136,2
20137,0
20138,2
20139,0
20140,1
20141,1
20142,0
20143,0
20144,2
20145,2
20146,1
20147,2
20148,0
20149,1
20150,2
20151,1
20152,1
20153,2
20154,2
20155,1
20156,1
20157,1
20158,2
20159,2
20160,1
20161,0
20162,2
20163,2
20164,2
20165,1
20166,2
20167,2
20168,1
20169,1
20170,0
20171,1
20172,2
20173,0
20174,0
20175,1
20176,1
20177,1
20178,0
20179,2
20180,0
20181,1
20182,2
20183,0
20184,1
20185,1
20186,1
20187,0
20188,0
20189,1
20190,1
20191,0
20192,2
20193,0
20194,2
20195,1
20196,2
20197,2
20198,1
20199,2
20200,1
20201,1
20202,2
20203,1
20204,2
20205,0
20206,1
20207,0
20208,1
20209,1
20210,2
20211,2
20212,1
20213,1
20214,1
20215,2
20216,0
20217,2
20218,0
20219,1
20220,2
20221,1
20222,1
20223,1
20224,0
20225,0
20226,1
20227,2
20228,1
20229,2
20230,0
20231,1
20232,0
20233,0
20234,2
20235,0
20236,2
20237,1
20238,0
20239,2
20240,0
20241,1
20242,2
20243,0
20244,1
20245,2
20246,0
20247,1
20248,2
20249,1
20250,2
20251,1
20252,2
20253,1
20254,1
20255,1
20256,2
20257,1
20258,1
20259,2
20260,2
20261,2
20262,2
20263,2
20264,0
20265,1
20266,2
20267,1
20268,0
20269,0
20270,1
20271,0
20272,1
20273,0
20274,0
20275,2
20276,0
20277,0
20278,2
20279,0
20280,0
20281,1
20282,2
20283,2
20284,1
20285,1
20286,2
20287,0
20288,2
20289,1
20290,1
20291,1
20292,1
20293,2
20294,2
20295,2
20296,1
20297,1
20298,0
20299,2
20300,2
20301,0
20302,1
20303,1
20304,1
20305,1
20306,1
20307,0
20308,1
20309,0
20310,1
20311,2
20312,1
20313,2
20314,2
20315,2
20316,1
20317,2
20318,1
20319,2
20320,2
20321,1
20322,0
20323,0
20324,1
20325,0
20326,1
20327,1
20328,2
20329,2
20330,2
20331,1
20332,0
20333,2
20334,2
20335,2
20336,0
20337,1
20338,0
20339,2
20340,0
20341,2
20342,1
20343,2
20344,1
20345,0
20346,1
20347,1
20348,1
20349,0
20350,2
20351,0
20352,2
20353,0
20354,2
20355,2
20356,2
20357,2
20358,1
20359,2
20360,0
20361,2
20362,0
20363,0
20364,0
20365,2
20366,1
20367,0
20368,1
20369,1
20370,2
20371,1
20372,0
20373,2
20374,2
20375,2
20376,2
20377,1
20378,2
20379,1
20380,1
20381,0
20382,0
20383,0
20384,1
20385,1
20386,0
20387,1
20388,0
20389,2
20390,1
20391,2
20392,0
20393,1
20394,0
20395,2
20396,2
20397,2
20398,0
20399,0
20400,1
20401,2
20402,0
20403,0
20404,1
20405,2
20406,0
20407,1
20408,2
20409,0
20410,2
20411,1
20412,0
20413,0
20414,1
20415,2
20416,2
20417,1
20418,1
20419,2
20420,0
20421,0
20422,0
20423,0
20424,2
20425,1
20426,1
20427,1
20428,2
20429,2
20430,2
20431,2
20432,2
20433,2
20434,2
20435,0
20436,1
20437,1
20438,2
20439,0
20440,2
20441,2
20442,2
20443,1
20444,2
20445,2
20446,2
20447,1
20448,2
20449,2
20450,2
20451,2
20452,1
20453,1
20454,2
20455,2
20456,1
20457,0
20458,0
20459,1
20460,1
20461,1
20462,2
20463,2
20464,2
20465,2
20466,1
20467,1
20468,0
20469,1
20470,2
20471,1
20472,2
20473,0
20474,1
20475,1
20476,1
20477,0
20478,1
20479,0
20480,1
20481,0
20482,2
20483,2
20484,1
20485,1
20486,2
20487,2
20488,1
20489,0
20490,1
20491,1
20492,0
20493,1
20494,2
20495,1
20496,2
20497,1
20498,0
20499,1
20500,1
20501,2
20502,2
20503,2
20504,1
20505,2
20506,0
20507,2
20508,1
20509,2
20510,0
20511,0
20512,0
20513,2
20514,1
20515,1
20516,2
20517,1
20518,2
20519,1
20520,2
20521,1
20522,0
20523,2
20524,0
20525,0
20526,2
20527,2
20528,0
20529,2
20530,1
20531,2
20532,1
20533,0
20534,2
20535,1
20536,2
20537,2
20538,1
20539,2
20540,2
20541,0
20542,2
20543,2
20544,2
20545,1
20546,1
20547,0
20548,0
20549,2
20550,1
20551,0
20552,0
20553,0
20554,2
20555,2
20556,2
20557,1
20558,2
20559,0
20560,2
20561,2
20562,1
20563,2
20564,1
20565,1
20566,2
20567,1
20568,0
20569,0
20570,0
20571,1
20572,1
20573,0
20574,0
20575,0
20576,2
20577,1
20578,1
20579,1
20580,2
20581,0
20582,2
20583,1
20584,1
20585,1
20586,1
20587,0
20588,0
20589,0
20590,0
20591,0
20592,1
20593,1
20594,1
20595,1
20596,2
20597,1
20598,1
20599,2
20600,0
20601,1
20602,1
20603,1
20604,2
20605,0
20606,0
20607,1
20608,1
20609,2
20610,1
20611,1
20612,1
20613,2
20614,1
20615,2
20616,1
20617,1
20618,1
20619,1
20620,0
20621,1
20622,2
20623,0
20624,0
20625,1
20626,2
20627,0
20628,1
20629,2
20630,2
20631,1
20632,0
20633,0
20634,1
20635,1
20636,1
20637,2
20638,1
20639,2
20640,2
20641,1
20642,0
20643,2
20644,1
20645,0
20646,1
20647,1
20648,2
20649,2
20650,0
20651,1
20652,1
20653,1
20654,2
20655,1
20656,1
20657,1
20658,1
20659,1
20660,2
20661,2
20662,1
20663,1
20664,2
20665,2
20666,1
20667,1
20668,2
20669,2
20670,1
20671,1
20672,1
20673,1
20674,2
20675,0
20676,2
20677,0
20678,1
20679,1
20680,2
20681,1
20682,0
20683,1
20684,1
20685,1
20686,0
20687,1
20688,1
20689,2
20690,0
20691,1
20692,0
20693,2
20694,2
20695,2
20696,1
20697,2
20698,1
20699,2
20700,1
20701,0
20702,1
20703,0
20704,2
20705,2
20706,0
20707,2
20708,2
20709,2
20710,0
20711,2
20712,2
20713,0
20714,2
20715,1
20716,1
20717,1
20718,2
20719,2
20720,0
20721,1
20722,0
20723,2
20724,2
20725,0
20726,0
20727,1
20728,1
20729,1
20730,0
20731,2
20732,2
20733,2
20734,1
20735,2
20736,0
20737,1
20738,1
20739,2
20740,2
20741,0
20742,1
20743,1
20744,2
20745,1
20746,0
20747,2
20748,0
20749,1
20750,1
20751,1
20752,1
20753,0
20754,1
20755,0
20756,0
20757,0
20758,0
20759,1
20760,0
20761,0
20762,2
20763,2
20764,1
20765,1
20766,1
20767,2
20768,0
20769,0
20770,2
20771,2
20772,0
20773,2
20774,1
20775,2
20776,1
20777,0
20778,2
20779,2
20780,0
20781,0
20782,1
20783,2
20784,0
20785,1
20786,0
20787,0
20788,1
20789,2
20790,2
20791,2
20792,2
20793,1
20794,1
20795,0
20796,2
20797,0
20798,1
20799,0
20800,1
20801,0
20802,1
20803,2
20804,1
20805,0
20806,0
20807,2
20808,1
20809,2
20810,1
20811,0
20812,0
20813,1
20814,1
20815,1
20816,0
20817,1
20818,1
20819,1
20820,1
20821,2
20822,1
20823,1
20824,1
20825,1
20826,2
20827,2
20828,0
20829,0
20830,0
20831,0
20832,0
20833,0
20834,1
20835,1
20836,0
20837,1
20838,0
20839,0
20840,0
20841,1
20842,2
20843,1
20844,2
20845,1
20846,1
20847,0
20848,2
20849,0
20850,1
20851,2
20852,2
20853,1
20854,2
20855,0
20856,1
20857,0
20858,2
20859,0
20860,2
20861,2
20862,1
20863,2
20864,2
20865,1
20866,0
20867,2
20868,1
20869,0
20870,2
20871,1
20872,2
20873,1
20874,1
20875,0
20876,2
20877,1
20878,1
20879,2
20880,1
20881,1
20882,1
20883,2
20884,1
20885,2
20886,1
20887,1
20888,1
20889,0
20890,1
20891,2
20892,2
20893,0
20894,0
20895,2
20896,2
20897,1
20898,2
20899,2
20900,1
20901,2
20902,0
20903,0
20904,2
20905,1
20906,1
20907,2
20908,0
20909,1
20910,2
20911,1
20912,0
20913,0
20914,2
20915,1
20916,2
20917,0
20918,2
20919,2
20920,1
20921,1
20922,0
20923,0
20924,1
20925,2
20926,2
20927,2
20928,0
20929,1
20930,2
20931,1
20932,0
20933,0
20934,2
20935,1
20936,1
20937,1
20938,2
20939,0
20940,1
20941,0
20942,1
20943,1
20944,1
20945,2
20946,0
20947,2
20948,2
20949,2
20950,2
20951,2
20952,1
20953,2
20954,1
20955,0
20956,1
20957,2
20958,2
20959,2
20960,0
20961,2
20962,1
20963,2
20964,2
20965,1
20966,0
20967,1
20968,0
20969,2
20970,1
20971,1
20972,0
20973,0
20974,1
20975,0
20976,2
20977,2
20978,2
20979,0
20980,0
20981,1
20982,1
20983,2
20984,0
20985,0
20986,2
20987,0
20988,1
20989,2
20990,2
20991,1
20992,1
20993,1
20994,2
20995,1
20996,1
20997,0
20998,1
20999,2
21000,0
21001,1
21002,2
21003,2
21004,1
21005,1
21006,1
21007,0
21008,2
21009,1
21010,2
21011,2
21012,0
21013,1
21014,1
21015,1
21016,1
21017,1
21018,1
21019,2
21020,1
21021,1
21022,0
21023,1
21024,1
21025,0
21026,1
21027,1
21028,1
21029,0
21030,0
21031,1
21032,2
21033,1
21034,2
21035,1
21036,2
21037,1
21038,0
21039,2
21040,0
21041,2
21042,2
21043,0
21044,1
21045,1
21046,1
21047,0
21048,2
21049,2
21050,0
21051,1
21052,2
21053,1
21054,0
21055,2
21056,2
21057,2
21058,2
21059,1
21060,2
21061,0
21062,2
21063,1
21064,0
21065,2
21066,1
21067,2
21068,0
21069,2
21070,0
21071,1
21072,0
21073,2
21074,2
21075,0
21076,2
21077,1
21078,0
21079,0
21080,1
21081,0
21082,1
21083,2
21084,1
21085,0
21086,2
21087,1
21088,1
21089,2
21090,1
21091,2
21092,2
21093,1
21094,1
21095,0
21096,1
21097,2
21098,2
21099,2
21100,1
21101,0
21102,0
21103,1
21104,1
21105,2
21106,0
21107,2
21108,2
21109,2
21110,0
21111,2
21112,0
21113,0
21114,0
21115,0
21116,2
21117,1
21118,2
21119,2
21120,2
21121,1
21122,1
21123,1
21124,0
21125,1
21126,2
21127,1
21128,1
21129,1
21130,1
21131,1
21132,2
21133,1
21134,0
21135,2
21136,2
21137,1
21138,2
21139,2
21140,0
21141,1
21142,0
21143,1
21144,2
21145,1
21146,2
21147,2
21148,1
21149,1
21150,2
21151,2
21152,0
21153,1
21154,2
21155,0
21156,0
21157,2
21158,2
21159,0
21160,2
21161,2
21162,1
21163,0
21164,0
21165,2
21166,2
21167,1
21168,1
21169,1
21170,1
21171,2
21172,0
21173,0
21174,1
21175,1
21176,2
21177,1
21178,0
21179,1
21180,0
21181,2
21182,1
21183,1
21184,2
21185,1
21186,2
21187,2
21188,1
21189,1
21190,2
21191,2
21192,2
21193,2
21194,2
21195,1
21196,1
21197,2
21198,1
21199,2
21200,2
21201,0
21202,1
21203,2
21204,1
21205,1
21206,2
21207,0
21208,1
21209,2
21210,2
21211,2
21212,1
21213,1
21214,2
21215,2
21216,2
21217,1
21218,2
21219,2
21220,0
21221,2
21222,1
21223,0
21224,0
21225,0
21226,0
21227,1
21228,0
21229,1
21230,1
21231,2
21232,2
21233,2
21234,2
21235,0
21236,1
21237,0
21238,1
21239,2
21240,2
21241,2
21242,1
21243,1
21244,2
21245,0
21246,2
21247,1
21248,0
21249,1
21250,1
21251,2
21252,0
21253,0
21254,2
21255,1
21256,0
21257,2
21258,2
21259,2
21260,0
21261,0
21262,1
21263,1
21264,1
21265,0
21266,1
21267,1
21268,2
21269,1
21270,0
21271,1
21272,1
21273,0
21274,1
21275,1
21276,0
21277,1
21278,2
21279,0
21280,1
21281,2
21282,1
21283,2
21284,2
21285,1
21286,2
21287,2
21288,1
21289,2
21290,2
21291,1
21292,2
21293,0
21294,0
21295,0
21296,0
21297,2
21298,0
21299,0
21300,1
21301,2
21302,0
21303,1
21304,1
21305,2
21306,1
21307,1
21308,0
21309,0
21310,1
21311,1
21312,0
21313,0
21314,0
21315,1
21316,2
21317,1
21318,1
21319,0
21320,0
21321,0
21322,2
21323,0
21324,2
21325,1
21326,1
21327,1
21328,1
21329,1
21330,2
21331,1
21332,2
21333,0
21334,1
21335,0
21336,1
21337,1
21338,1
21339,0
21340,2
21341,0
21342,2
21343,1
21344,1
21345,1
21346,0
21347,2
21348,1
21349,2
21350,1
21351,2
21352,1
21353,1
21354,2
21355,0
21356,2
21357,2
21358,1
21359,2
21360,2
21361,1
21362,2
21363,1
21364,0
21365,0
21366,0
21367,2
21368,1
21369,1
21370,2
21371,2
21372,1
21373,0
21374,0
21375,2
21376,1
21377,0
21378,1
21379,2
21380,1
21381,1
21382,1
21383,0
21384,2
21385,0
21386,1
21387,1
21388,0
21389,2
21390,1
21391,1
21392,2
21393,0
21394,0
21395,2
21396,2
21397,0
21398,1
21399,0
21400,1
21401,0
21402,2
21403,2
21404,1
21405,1
21406,2
21407,0
21408,2
21409,0
21410,2
21411,2
21412,0
21413,0
21414,2
21415,2
21416,2
21417,0
21418,2
21419,2
21420,2
21421,1
21422,0
21423,1
21424,2
21425,2
21426,2
21427,0
21428,1
21429,1
21430,2
21431,1
21432,1
21433,0
21434,2
21435,2
21436,2
21437,1
21438,0
21439,1
21440,1
21441,2
21442,2
21443,2
21444,2
21445,2
21446,1
21447,2
21448,2
21449,1
21450,2
21451,1
21452,0
21453,2
21454,0
21455,0
21456,2
21457,2
21458,0
21459,1
21460,1
21461,0
21462,1
21463,1
21464,0
21465,1
21466,0
21467,2
21468,1
21469,0
21470,0
21471,1
21472,1
21473,2
21474,2
21475,1
21476,1
21477,1
21478,2
21479,1
21480,1
21481,1
21482,2
21483,1
21484,0
21485,1
21486,1
21487,1
21488,2
21489,2
21490,2
21491,0
21492,1
21493,1
21494,1
21495,0
21496,2
21497,0
21498,1
21499,0
21500,2
21501,2
21502,2
21503,0
21504,0
21505,1
21506,2
21507,2
21508,0
21509,0
21510,2
21511,0
21512,1
21513,1
21514,1
21515,2
21516,1
21517,1
21518,2
21519,0
21520,1
21521,0
21522,1
21523,1
21524,1
21525,2
21526,1
21527,1
21528,2
21529,1
21530,1
21531,1
21532,1
21533,1
21534,1
21535,2
21536,0
21537,1
21538,2
21539,2
21540,2
21541,1
21542,1
21543,1
21544,1
21545,1
21546,1
21547,1
21548,1
21549,0
21550,2
21551,0
21552,1
21553,2
21554,0
21555,0
21556,0
21557,0
21558,1
21559,1
21560,0
21561,2
21562,1
21563,2
21564,2
21565,2
21566,2
21567,0
21568,2
21569,1
21570,2
21571,1
21572,1
21573,1
21574,2
21575,0
21576,2
21577,0
21578,0
21579,0
21580,2
21581,0
21582,1
21583,1
21584,0
21585,1
21586,2
21587,1
21588,0
21589,1
21590,0
21591,1
21592,1
21593,2
21594,0
21595,0
21596,2
21597,1
21598,2
21599,0
21600,1
21601,1
21602,0
21603,0
21604,1
21605,0
21606,1
21607,1
21608,2
21609,1
21610,1
21611,1
21612,1
21613,1
21614,0
21615,2
21616,1
21617,1
21618,2
21619,1
21620,2
21621,2
21622,2
21623,0
21624,2
21625,1
21626,2
21627,2
21628,1
21629,2
21630,1
21631,0
21632,1
21633,0
21634,1
21635,2
21636,1
21637,1
21638,1
21639,0
21640,1
21641,2
21642,1
21643,1
21644,2
21645,0
21646,0
21647,0
21648,0
21649,2
21650,0
21651,2
21652,0
21653,0
21654,2
21655,0
21656,1
21657,0
21658,0
21659,1
21660,2
21661,2
21662,1
21663,0
21664,1
21665,1
21666,1
21667,1
21668,1
21669,1
21670,1
21671,1
21672,2
21673,2
21674,0
21675,0
21676,2
21677,1
21678,0
21679,1
21680,1
21681,1
21682,0
21683,1
21684,0
21685,0
21686,1
21687,2
21688,0
21689,1
21690,2
21691,0
21692,2
21693,1
21694,1
21695,0
21696,0
21697,0
21698,1
21699,2
21700,0
21701,0
21702,0
21703,2
21704,1
21705,1
21706,2
21707,1
21708,1
21709,0
21710,0
21711,0
21712,0
21713,0
21714,0
21715,2
21716,1
21717,2
21718,1
21719,2
21720,2
21721,0
21722,0
21723,2
21724,0
21725,2
21726,1
21727,2
21728,2
21729,2
21730,2
21731,2
21732,1
21733,0
21734,1
21735,1
21736,2
21737,2
21738,0
21739,0
21740,2
21741,1
21742,0
21743,0
21744,1
21745,1
21746,2
21747,1
21748,0
21749,0
21750,0
21751,2
21752,1
21753,2
21754,0
21755,2
21756,2
21757,1
21758,1
21759,0
21760,1
21761,1
21762,1
21763,2
21764,1
21765,0
21766,0
21767,2
21768,2
21769,2
21770,1
21771,0
21772,1
21773,2
21774,0
21775,0
21776,0
21777,1
21778,2
21779,1
21780,2
21781,0
21782,1
21783,0
21784,2
21785,2
21786,2
21787,1
21788,0
21789,0
21790,1
21791,1
21792,2
21793,2
21794,1
21795,1
21796,0
21797,2
21798,1
21799,1
21800,2
21801,0
21802,2
21803,1
21804,1
21805,0
21806,0
21807,2
21808,2
21809,0
21810,0
21811,2
21812,1
21813,1
21814,2
21815,2
21816,1
21817,2
21818,2
21819,2
21820,0
21821,2
21822,1
21823,0
21824,2
21825,1
21826,2
21827,1
21828,2
21829,2
21830,2
21831,2
21832,0
21833,2
21834,0
21835,1
21836,0
21837,0
21838,1
21839,1
21840,2
21841,0
21842,2
21843,0
21844,2
21845,0
21846,1
21847,2
21848,2
21849,1
21850,2
21851,1
21852,0
21853,1
21854,2
21855,1
21856,1
21857,1
21858,1
21859,1
21860,2
21861,2
21862,1
21863,2
21864,2
21865,1
21866,1
21867,1
21868,1
21869,2
21870,0
21871,0
21872,0
21873,2
21874,0
21875,0
21876,2
21877,2
21878,1
21879,1
21880,2
21881,0
21882,0
21883,2
21884,2
21885,1
21886,2
21887,2
21888,0
21889,2
21890,1
21891,2
21892,1
21893,1
21894,1
21895,2
21896,0
21897,2
21898,0
21899,0
21900,1
21901,0
21902,1
21903,1
21904,0
21905,1
21906,1
21907,2
21908,2
21909,1
21910,1
21911,1
21912,2
21913,1
21914,2
21915,2
21916,1
21917,1
21918,0
21919,1
21920,0
21921,0
21922,1
21923,0
21924,1
21925,2
21926,2
21927,0
21928,1
21929,1
21930,0
21931,1
21932,1
21933,2
21934,0
21935,0
21936,2
21937,1
21938,0
21939,1
21940,2
21941,0
21942,1
21943,0
21944,2
21945,2
21946,0
21947,2
21948,2
21949,0
21950,1
21951,1
21952,2
21953,0
21954,0
21955,0
21956,1
21957,0
21958,0
21959,2
21960,0
21961,1
21962,2
21963,2
21964,1
21965,0
21966,2
21967,1
21968,2
21969,0
21970,1
21971,0
21972,2
21973,1
21974,0
21975,1
21976,0
21977,1
21978,1
21979,2
21980,1
21981,1
21982,0
21983,1
21984,2
21985,2
21986,1
21987,2
21988,1
21989,0
21990,1
21991,2
21992,1
21993,0
21994,2
21995,1
21996,2
21997,2
21998,2
21999,2
22000,0
22001,2
22002,2
22003,1
22004,0
22005,1
22006,2
22007,1
22008,0
22009,0
22010,2
22011,1
22012,0
22013,0
22014,2
22015,1
22016,1
22017,0
22018,1
22019,0
22020,2
22021,1
22022,1
22023,0
22024,2
22025,2
22026,0
22027,0
22028,2
22029,2
22030,0
22031,1
22032,0
22033,2
22034,0
22035,0
22036,2
22037,2
22038,1
22039,1
22040,0
22041,1
22042,1
22043,2
22044,1
22045,1
22046,2
22047,1
22048,2
22049,2
22050,1
22051,0
22052,1
22053,2
22054,2
22055,1
22056,2
22057,1
22058,2
22059,1
22060,0
22061,0
22062,1
22063,2
22064,2
22065,1
22066,2
22067,0
22068,2
22069,1
22070,1
22071,0
22072,1
22073,0
22074,2
22075,1
22076,1
22077,0
22078,0
22079,1
22080,0
22081,2
22082,2
22083,2
22084,0
22085,2
22086,0
22087,0
22088,1
22089,1
22090,1
22091,1
22092,1
22093,1
22094,1
22095,0
22096,0
22097,0
22098,1
22099,1
22100,0
22101,1
22102,1
22103,0
22104,0
22105,2
22106,0
22107,2
22108,1
22109,0
22110,1
22111,2
22112,2
22113,0
22114,1
22115,2
22116,2
22117,1
22118,1
22119,1
22120,1
22121,1
22122,1
22123,2
22124,1
22125,0
22126,1
22127,1
22128,2
22129,1
22130,2
22131,1
22132,0
22133,1
22134,2
22135,2
22136,1
22137,2
22138,2
22139,1
22140,2
22141,1
22142,2
22143,1
22144,1
22145,2
22146,1
22147,1
22148,2
22149,1
22150,1
22151,1
22152,1
22153,1
22154,1
22155,1
22156,1
22157,1
22158,0
22159,2
22160,2
22161,2
22162,1
22163,1
22164,1
22165,1
22166,2
22167,1
22168,0
22169,2
22170,0
22171,1
22172,2
22173,1
22174,1
22175,2
22176,0
22177,0
22178,0
22179,1
22180,0
22181,2
22182,0
22183,0
22184,2
22185,1
22186,0
22187,0
22188,1
22189,2
22190,1
22191,1
22192,2
22193,1
22194,1
22195,2
22196,1
22197,0
22198,1
22199,0
22200,2
22201,0
22202,0
22203,1
22204,2
22205,2
22206,0
22207,0
22208,2
22209,2
22210,1
22211,2
22212,2
22213,0
22214,2
22215,1
22216,2
22217,0
22218,2
22219,2
22220,1
22221,1
22222,0
22223,1
22224,1
22225,2
22226,0
22227,0
22228,2
22229,1
22230,1
22231,2
22232,0
22233,0
22234,2
22235,0
22236,1
22237,1
22238,2
22239,1
22240,2
22241,0
22242,1
22243,0
22244,0
22245,2
22246,0
22247,1
22248,2
22249,1
22250,0
22251,1
22252,0
22253,2
22254,0
22255,1
22256,1
22257,2
22258,1
22259,1
22260,0
22261,0
22262,0
22263,0
22264,0
22265,2
22266,0
22267,1
22268,1
22269,1
22270,1
22271,2
22272,1
22273,1
22274,2
22275,2
22276,1
22277,1
22278,0
22279,0
22280,2
22281,0
22282,2
22283,1
22284,0
22285,2
22286,1
22287,2
22288,1
22289,2
22290,1
22291,2
22292,2
22293,0
22294,0
22295,2
22296,1
22297,2
22298,0
22299,2
22300,0
22301,2
22302,2
22303,0
22304,2
22305,1
22306,0
22307,2
22308,1
22309,2
22310,1
22311,2
22312,2
22313,1
22314,0
22315,2
22316,0
22317,2
22318,2
22319,1
22320,1
22321,1
22322,2
22323,1
22324,1
22325,0
22326,1
22327,0
22328,2
22329,2
22330,2
22331,2
22332,0
22333,1
22334,1
22335,2
22336,2
22337,1
22338,0
22339,1
22340,2
22341,2
22342,2
22343,1
22344,1
22345,1
22346,1
22347,2
22348,0
22349,0
22350,0
22351,2
22352,1
22353,0
22354,0
22355,1
22356,1
22357,1
22358,2
22359,1
22360,1
22361,0
22362,0
22363,1
22364,1
22365,1
22366,0
22367,0
22368,2
22369,1
22370,1
22371,0
22372,2
22373,1
22374,1
22375,1
22376,2
22377,2
22378,1
22379,0
22380,2
22381,2
22382,1
22383,0
22384,1
22385,1
22386,0
22387,1
22388,1
22389,2
22390,1
22391,1
22392,1
22393,2
22394,1
22395,0
22396,1
22397,2
22398,0
22399,0
22400,1
22401,2
22402,2
22403,0
22404,0
22405,1
22406,0
22407,2
22408,1
22409,1
22410,1
22411,1
22412,1
22413,2
22414,1
22415,1
22416,0
22417,1
22418,2
22419,2
22420,1
22421,0
22422,1
22423,1
22424,2
22425,0
22426,2
22427,1
22428,1
22429,2
22430,1
22431,2
22432,0
22433,2
22434,2
22435,1
22436,2
22437,1
22438,0
22439,0
22440,1
22441,1
22442,1
22443,2
22444,2
22445,0
22446,0
22447,2
22448,0
22449,1
22450,0
22451,1
22452,2
22453,0
22454,1
22455,0
22456,2
22457,1
22458,1
22459,1
22460,2
22461,0
22462,0
22463,0
22464,1
22465,2
22466,0
22467,1
22468,2
22469,2
22470,2
22471,1
22472,2
22473,0
22474,0
22475,1
22476,2
22477,0
22478,1
22479,0
22480,0
22481,2
22482,1
22483,1
22484,2
22485,2
22486,1
22487,2
22488,1
22489,2
22490,0
22491,2
22492,1
22493,1
22494,2
22495,1
22496,1
22497,2
22498,1
22499,0
22500,2
22501,2
22502,0
22503,1
22504,1
22505,1
22506,1
22507,1
22508,0
22509,1
22510,0
22511,1
22512,0
22513,1
22514,0
22515,1
22516,1
22517,1
22518,2
22519,2
22520,2
22521,1
22522,2
22523,1
22524,0
22525,1
22526,2
22527,2
22528,0
22529,1
22530,2
22531,1
22532,1
22533,1
22534,1
22535,2
22536,1
22537,0
22538,1
22539,1
22540,2
22541,1
22542,2
22543,2
22544,0
22545,1
22546,1
22547,1
22548,1
22549,1
22550,2
22551,1
22552,1
22553,0
22554,2
22555,2
22556,2
22557,2
22558,1
22559,1
22560,1
22561,2
22562,1
22563,1
22564,2
22565,2
22566,1
22567,2
22568,2
22569,1
22570,1
22571,1
22572,0
22573,1
22574,2
22575,1
22576,0
22577,1
22578,2
22579,0
22580,2
22581,0
22582,0
22583,1
22584,2
22585,1
22586,2
22587,1
22588,1
22589,2
22590,1
22591,1
22592,0
22593,1
22594,2
22595,2
22596,1
22597,1
22598,1
22599,2
22600,0
22601,1
22602,2
22603,0
22604,1
22605,0
22606,1
22607,0
22608,2
22609,2
22610,0
22611,2
22612,0
22613,0
22614,0
22615,2
22616,0
22617,2
22618,2
22619,0
22620,0
22621,2
22622,0
22623,1
22624,2
22625,1
22626,2
22627,2
22628,1
22629,2
22630,2
22631,1
22632,0
22633,2
22634,2
22635,0
22636,0
22637,1
22638,1
22639,1
22640,0
22641,1
22642,1
22643,2
22644,1
22645,0
22646,2
22647,1
22648,1
22649,2
22650,0
22651,0
22652,1
22653,1
22654,1
22655,1
22656,2
22657,0
22658,1
22659,2
22660,1
22661,1
22662,1
22663,0
22664,1
22665,2
22666,1
22667,2
22668,1
22669,0
22670,2
22671,0
22672,1
22673,2
22674,2
22675,2
22676,0
22677,2
22678,0
22679,2
22680,1
22681,1
22682,2
22683,0
22684,1
22685,2
22686,1
22687,0
22688,1
22689,2
22690,2
22691,1
22692,1
22693,0
22694,2
22695,0
22696,1
22697,2
22698,2
22699,1
22700,0
22701,2
22702,1
22703,1
22704,2
22705,1
22706,0
22707,0
22708,1
22709,2
22710,2
22711,2
22712,1
22713,0
22714,2
22715,1
22716,1
22717,2
22718,2
22719,2
22720,1
22721,1
22722,0
22723,1
22724,1
22725,1
22726,1
22727,0
22728,1
22729,0
22730,2
22731,1
22732,1
22733,2
22734,1
22735,2
22736,2
22737,2
22738,2
22739,1
22740,2
22741,1
22742,2
22743,2
22744,0
22745,2
22746,1
22747,2
22748,1
22749,1
22750,1
22751,2
22752,0
22753,1
22754,2
22755,2
22756,2
22757,2
22758,1
22759,1
22760,0
22761,2
22762,1
22763,0
22764,2
22765,2
22766,1
22767,1
22768,1
22769,0
22770,1
22771,2
22772,2
22773,2
22774,1
22775,2
22776,0
22777,2
22778,0
22779,2
22780,0
22781,2
22782,0
22783,0
22784,2
22785,2
22786,2
22787,1
22788,0
22789,2
22790,2
22791,2
22792,2
22793,1
22794,2
22795,1
22796,2
22797,0
22798,1
22799,0
22800,1
22801,1
22802,0
22803,0
22804,1
22805,2
22806,0
22807,1
22808,2
22809,0
22810,2
22811,1
22812,1
22813,1
22814,0
22815,0
22816,0
22817,1
22818,0
22819,2
22820,1
22821,2
22822,2
22823,1
22824,2
22825,2
22826,1
22827,2
22828,2
22829,1
22830,0
22831,1
22832,2
22833,0
22834,0
22835,0
22836,2
22837,0
22838,2
22839,0
22840,1
22841,2
22842,1
22843,2
22844,2
22845,2
22846,2
22847,0
22848,0
22849,1
22850,1
22851,0
22852,1
22853,2
22854,0
22855,2
22856,0
22857,0
22858,1
22859,0
22860,1
22861,0
22862,2
22863,1
22864,1
22865,1
22866,2
22867,2
22868,2
22869,0
22870,1
22871,0
22872,1
22873,0
22874,0
22875,1
22876,2
22877,2
22878,1
22879,1
22880,0
22881,1
22882,2
22883,2
22884,2
22885,2
22886,1
22887,1
22888,2
22889,2
22890,0
22891,1
22892,1
22893,0
22894,1
22895,1
22896,1
22897,2
22898,2
22899,1
22900,1
22901,2
22902,2
22903,2
22904,0
22905,2
22906,1
22907,1
22908,2
22909,1
22910,1
22911,1
22912,2
22913,1
22914,1
22915,1
22916,1
22917,2
22918,1
22919,0
22920,1
22921,1
22922,2
22923,1
22924,2
22925,0
22926,1
22927,2
22928,2
22929,1
22930,2
22931,1
22932,0
22933,2
22934,0
22935,2
22936,2
22937,1
22938,2
22939,1
22940,0
22941,1
22942,0
22943,1
22944,1
22945,1
22946,1
22947,0
22948,0
22949,1
22950,2
22951,1
22952,2
22953,1
22954,1
22955,1
22956,2
22957,2
22958,1
22959,2
22960,2
22961,1
22962,2
22963,2
22964,1
22965,0
22966,1
22967,2
22968,1
22969,1
22970,1
22971,2
22972,0
22973,0
22974,2
22975,1
22976,2
22977,0
22978,2
22979,1
22980,1
22981,0
22982,1
22983,2
22984,1
22985,2
22986,1
22987,1
22988,1
22989,2
22990,1
22991,1
22992,2
22993,1
22994,2
22995,2
22996,2
22997,0
22998,1
22999,1
23000,2
23001,1
23002,1
23003,1
23004,1
23005,0
23006,2
23007,2
23008,1
23009,1
23010,2
23011,2
23012,1
23013,2
23014,1
23015,1
23016,2
23017,0
23018,0
23019,1
23020,1
23021,2
23022,0
23023,1
23024,0
23025,2
23026,2
23027,2
23028,1
23029,0
23030,1
23031,2
23032,1
23033,1
23034,1
23035,2
23036,2
23037,1
23038,1
23039,1
23040,1
23041,2
23042,2
23043,0
23044,2
23045,1
23046,2
23047,0
23048,1
23049,2
23050,1
23051,1
23052,0
23053,0
23054,1
23055,0
23056,1
23057,2
23058,2
23059,2
23060,2
23061,2
23062,2
23063,0
23064,2
23065,1
23066,0
23067,2
23068,0
23069,2
23070,2
23071,2
23072,1
23073,0
23074,1
23075,1
23076,0
23077,1
23078,2
23079,1
23080,0
23081,1
23082,0
23083,1
23084,0
23085,0
23086,0
23087,0
23088,1
23089,2
23090,2
23091,1
23092,2
23093,0
23094,0
23095,1
23096,0
23097,2
23098,2
23099,0
23100,0
23101,1
23102,2
23103,0
23104,1
23105,1
23106,1
23107,1
23108,1
23109,1
23110,0
23111,2
23112,2
23113,1
23114,1
23115,0
23116,1
23117,1
23118,1
23119,1
23120,1
23121,2
23122,2
23123,2
23124,0
23125,1
23126,1
23127,2
23128,0
23129,2
23130,0
23131,2
23132,2
23133,1
23134,0
23135,1
23136,2
23137,1
23138,0
23139,1
23140,2
23141,0
23142,0
23143,2
23144,2
23145,2
23146,0
23147,0
23148,0
23149,1
23150,2
23151,2
23152,1
23153,1
23154,1
23155,2
23156,0
23157,0
23158,2
23159,1
23160,0
23161,2
23162,0
23163,2
23164,1
23165,2
23166,2
23167,1
23168,1
23169,2
23170,2
23171,1
23172,0
23173,0
23174,2
23175,2
23176,1
23177,1
23178,2
23179,1
23180,0
23181,0
23182,1
23183,1
23184,0
23185,2
23186,1
23187,1
23188,2
23189,1
23190,1
23191,1
23192,0
23193,2
23194,1
23195,1
23196,2
23197,0
23198,1
23199,0
23200,0
23201,2
23202,1
23203,1
23204,1
23205,0
23206,1
23207,2
23208,0
23209,2
23210,1
23211,1
23212,1
23213,1
23214,1
23215,2
23216,1
23217,1
23218,0
23219,1
23220,0
23221,0
23222,2
23223,0
23224,2
23225,1
23226,1
23227,0
23228,0
23229,0
23230,2
23231,2
23232,2
23233,0
23234,1
23235,2
23236,1
23237,2
23238,1
23239,2
23240,1
23241,2
23242,2
23243,0
23244,0
23245,1
23246,2
23247,1
23248,0
23249,0
23250,2
23251,2
23252,1
23253,1
23254,0
23255,1
23256,2
23257,2
23258,1
23259,2
23260,0
23261,2
23262,2
23263,0
23264,0
23265,2
23266,1
23267,0
23268,2
23269,0
23270,2
23271,2
23272,1
23273,0
23274,2
23275,2
23276,2
23277,2
23278,2
23279,2
23280,0
23281,2
23282,1
23283,0
23284,1
23285,2
23286,1
23287,1
23288,1
23289,0
23290,2
23291,1
23292,1
23293,2
23294,0
23295,2
23296,1
23297,2
23298,2
23299,2
23300,1
23301,2
23302,1
23303,2
23304,0
23305,1
23306,0
23307,1
23308,0
23309,1
23310,2
23311,1
23312,2
23313,2
23314,1
23315,0
23316,1
23317,2
23318,2
23319,2
23320,2
23321,0
23322,2
23323,2
23324,1
23325,2
23326,2
23327,1
23328,1
23329,1
23330,1
23331,2
23332,0
23333,1
23334,2
23335,0
23336,2
23337,1
23338,2
23339,2
23340,1
23341,2
23342,0
23343,1
23344,0
23345,1
23346,2
23347,2
23348,1
23349,2
23350,1
23351,1
23352,1
23353,2
23354,1
23355,2
23356,2
23357,0
23358,1
23359,2
23360,1
23361,1
23362,2
23363,2
23364,2
23365,1
23366,1
23367,1
23368,2
23369,2
23370,2
23371,0
23372,1
23373,1
23374,1
23375,1
23376,2
23377,2
23378,2
23379,2
23380,1
23381,2
23382,2
23383,1
23384,2
23385,2
23386,1
23387,2
23388,1
23389,1
23390,1
23391,1
23392,2
23393,2
23394,0
23395,2
23396,1
23397,2
23398,1
23399,1
23400,1
23401,0
23402,1
23403,1
23404,1
23405,1
23406,1
23407,0
23408,1
23409,1
23410,1
23411,1
23412,2
23413,1
23414,1
23415,2
23416,2
23417,0
23418,1
23419,0
23420,1
23421,1
23422,2
23423,1
23424,1
23425,2
23426,1
23427,2
23428,2
23429,2
23430,2
23431,2
23432,0
23433,2
23434,2
23435,0
23436,2
23437,1
23438,2
23439,1
23440,0
23441,0
23442,2
23443,2
23444,2
23445,0
23446,1
23447,0
23448,1
23449,2
23450,1
23451,0
23452,2
23453,2
23454,1
23455,2
23456,1
23457,2
23458,1
23459,1
23460,0
23461,0
23462,2
23463,2
23464,1
23465,0
23466,2
23467,1
23468,1
23469,1
23470,1
23471,1
23472,2
23473,0
23474,0
23475,1
23476,1
23477,2
23478,1
