index,cluster
0,2
1,0
2,0
3,2
4,0
5,2
6,2
7,2
8,0
9,0
10,1
11,1
12,2
13,0
14,0
15,2
16,1
17,2
18,0
19,1
20,1
21,2
22,1
23,1
24,1
25,0
26,2
27,2
28,2
29,0
30,2
31,0
32,1
33,0
34,0
35,1
36,0
37,1
38,0
39,2
40,0
41,2
42,0
43,1
44,0
45,0
46,1
47,0
48,1
49,1
50,0
51,0
52,1
53,2
54,0
55,1
56,0
57,0
58,0
59,0
60,0
61,1
62,2
63,0
64,1
65,1
66,1
67,2
68,2
69,1
70,0
71,0
72,0
73,1
74,1
75,1
76,1
77,0
78,2
79,1
80,2
81,1
82,2
83,1
84,1
85,1
86,0
87,0
88,0
89,0
90,0
91,2
92,0
93,2
94,1
95,2
96,1
97,0
98,1
99,1
100,2
101,0
102,2
103,1
104,2
105,0
106,1
107,1
108,0
109,2
110,0
111,2
112,1
113,0
114,1
115,0
116,0
117,2
118,1
119,2
120,0
121,2
122,1
123,0
124,0
125,0
126,0
127,0
128,0
129,2
130,0
131,0
132,0
133,1
134,0
135,0
136,1
137,2
138,0
139,2
140,2
141,2
142,1
143,2
144,2
145,0
146,0
147,2
148,1
149,1
150,2
151,0
152,2
153,0
154,1
155,0
156,0
157,1
158,1
159,2
160,1
161,0
162,0
163,2
164,0
165,1
166,2
167,1
168,2
169,1
170,1
171,0
172,2
173,1
174,0
175,1
176,1
177,0
178,1
179,2
180,0
181,2
182,0
183,2
184,0
185,1
186,1
187,1
188,0
189,2
190,2
191,0
192,0
193,2
194,1
195,1
196,1
197,0
198,1
199,2
200,2
201,2
202,0
203,0
204,2
205,1
206,0
207,0
208,1
209,2
210,0
211,0
212,1
213,2
214,2
215,1
216,0
217,0
218,0
219,2
220,0
221,0
222,1
223,2
224,1
225,2
226,1
227,2
228,0
229,2
230,0
231,2
232,2
233,1
234,2
235,1
236,0
237,1
238,2
239,1
240,1
241,2
242,2
243,1
244,0
245,0
246,1
247,0
248,2
249,0
250,1
251,2
252,0
253,2
254,2
255,0
256,2
257,1
258,1
259,2
260,0
261,1
262,0
263,0
264,0
265,1
266,1
267,1
268,0
269,0
270,1
271,2
272,1
273,2
274,0
275,1
276,1
277,0
278,2
279,0
280,0
281,0
282,0
283,2
284,2
285,0
286,0
287,1
288,1
289,0
290,1
291,0
292,2
293,2
294,0
295,2
296,0
297,0
298,1
299,0
300,0
301,2
302,2
303,1
304,0
305,1
306,0
307,1
308,2
309,1
310,0
311,1
312,1
313,2
314,2
315,1
316,2
317,2
318,0
319,0
320,0
321,1
322,0
323,0
324,0
325,1
326,0
327,0
328,2
329,2
330,2
331,2
332,0
333,2
334,2
335,0
336,2
337,0
338,0
339,0
340,0
341,2
342,0
343,1
344,0
345,0
346,2
347,2
348,0
349,1
350,1
351,0
352,2
353,2
354,2
355,0
356,0
357,0
358,0
359,2
360,1
361,1
362,2
363,2
364,1
365,0
366,2
367,2
368,0
369,1
370,2
371,2
372,0
373,0
374,2
375,0
376,1
377,2
378,0
379,2
380,0
381,1
382,0
383,0
384,1
385,2
386,0
387,2
388,0
389,2
390,1
391,2
392,0
393,0
394,2
395,2
396,0
397,0
398,0
399,0
400,0
401,0
402,0
403,1
404,2
405,0
406,2
407,2
408,0
409,0
410,1
411,2
412,0
413,0
414,2
415,0
416,0
417,0
418,0
419,0
420,0
421,2
422,2
423,0
424,0
425,1
426,0
427,2
428,2
429,1
430,2
431,2
432,2
433,2
434,2
435,1
436,1
437,0
438,2
439,0
440,2
441,1
442,1
443,1
444,2
445,2
446,1
447,1
448,0
449,1
450,2
451,0
452,2
453,0
454,0
455,0
456,2
457,0
458,0
459,2
460,0
461,2
462,2
463,0
464,0
465,1
466,2
467,1
468,0
469,2
470,1
471,1
472,2
473,0
474,2
475,2
476,0
477,2
478,2
479,0
480,2
481,0
482,2
483,2
484,1
485,1
486,0
487,2
488,2
489,0
490,2
491,2
492,1
493,1
494,1
495,2
496,2
497,0
498,2
499,2
500,2
501,2
502,2
503,1
504,1
505,1
506,2
507,0
508,2
509,2
510,2
511,0
512,2
513,2
514,2
515,2
516,2
517,0
518,0
519,0
520,0
521,0
522,2
523,2
524,0
525,2
526,1
527,2
528,2
529,2
530,0
531,0
532,0
533,1
534,0
535,0
536,2
537,0
538,2
539,0
540,2
541,0
542,1
543,2
544,0
545,2
546,0
547,2
548,0
549,2
550,0
551,1
552,0
553,0
554,0
555,2
556,0
557,1
558,1
559,0
560,1
561,1
562,0
563,2
564,2
565,2
566,2
567,0
568,1
569,1
570,1
571,1
572,2
573,0
574,0
575,2
576,1
577,2
578,1
579,2
580,2
581,2
582,1
583,1
584,2
585,0
586,1
587,0
588,1
589,1
590,1
591,2
592,0
593,0
594,2
595,1
596,0
597,2
598,0
599,1
600,0
601,0
602,0
603,2
604,0
605,2
606,2
607,1
608,1
609,0
610,2
611,2
612,1
613,1
614,2
615,1
616,0
617,2
618,0
619,1
620,1
621,2
622,0
623,0
624,2
625,0
626,2
627,1
628,0
629,0
630,0
631,0
632,2
633,2
634,0
635,2
636,1
637,0
638,0
639,0
640,1
641,2
642,0
643,2
644,0
645,0
646,1
647,1
648,1
649,0
650,0
651,0
652,0
653,2
654,2
655,2
656,2
657,2
658,1
659,0
660,2
661,1
662,2
663,2
664,0
665,0
666,2
667,0
668,2
669,2
670,0
671,1
672,1
673,1
674,0
675,0
676,2
677,1
678,2
679,1
680,0
681,2
682,1
683,1
684,0
685,2
686,1
687,2
688,2
689,1
690,0
691,0
692,0
693,2
694,0
695,1
696,1
697,2
698,1
699,0
700,0
701,2
702,0
703,0
704,0
705,1
706,0
707,0
708,1
709,2
710,1
711,1
712,2
713,0
714,0
715,2
716,0
717,0
718,0
719,1
720,0
721,0
722,2
723,1
724,0
725,0
726,2
727,2
728,1
729,0
730,2
731,0
732,2
733,2
734,2
735,0
736,1
737,2
738,0
739,2
740,1
741,1
742,1
743,2
744,0
745,1
746,0
747,0
748,0
749,1
750,1
751,2
752,1
753,0
754,2
755,1
756,1
757,1
758,1
759,0
760,1
761,2
762,2
763,0
764,2
765,0
766,0
767,2
768,1
769,2
770,1
771,0
772,0
773,0
774,0
775,0
776,1
777,0
778,0
779,1
780,1
781,1
782,1
783,0
784,1
785,0
786,0
787,0
788,1
789,2
790,0
791,0
792,1
793,1
794,0
795,0
796,0
797,2
798,0
799,2
800,2
801,1
802,1
803,0
804,0
805,0
806,1
807,0
808,0
809,2
810,0
811,0
812,0
813,1
814,1
815,0
816,0
817,0
818,0
819,1
820,2
821,1
822,0
823,0
824,0
825,2
826,1
827,2
828,2
829,2
830,1
831,1
832,2
833,1
834,2
835,0
836,2
837,2
838,1
839,1
840,0
841,1
842,1
843,1
844,0
845,0
846,0
847,0
848,2
849,2
850,0
851,1
852,0
853,1
854,0
855,2
856,1
857,1
858,1
859,2
860,0
861,1
862,1
863,1
864,0
865,2
866,2
867,0
868,1
869,1
870,2
871,2
872,2
873,2
874,1
875,1
876,2
877,1
878,0
879,1
880,2
881,2
882,0
883,0
884,2
885,0
886,0
887,0
888,1
889,0
890,1
891,0
892,0
893,2
894,0
895,2
896,2
897,2
898,2
899,0
900,0
901,2
902,1
903,0
904,2
905,1
906,0
907,0
908,2
909,2
910,1
911,1
912,2
913,2
914,2
915,2
916,1
917,1
918,0
919,2
920,2
921,1
922,0
923,2
924,2
925,0
926,1
927,1
928,2
929,0
930,0
931,0
932,0
933,1
934,1
935,2
936,1
937,0
938,0
939,2
940,2
941,2
942,1
943,2
944,2
945,2
946,1
947,2
948,1
949,2
950,2
951,0
952,0
953,2
954,2
955,0
956,2
957,2
958,2
959,2
960,2
961,1
962,1
963,1
964,1
965,1
966,1
967,2
968,0
969,0
970,0
971,0
972,2
973,0
974,1
975,1
976,0
977,1
978,0
979,1
980,2
981,0
982,0
983,0
984,0
985,1
986,0
987,2
988,2
989,0
990,2
991,0
992,2
993,1
994,0
995,0
996,2
997,1
998,0
999,2
1000,0
1001,0
1002,2
1003,0
1004,2
1005,1
1006,2
1007,0
1008,0
1009,0
1010,0
1011,1
1012,1
1013,0
1014,0
1015,1
1016,2
1017,1
1018,2
1019,0
1020,2
1021,0
1022,0
1023,2
1024,2
1025,1
1026,1
1027,2
1028,2
1029,0
1030,1
1031,0
1032,0
1033,1
1034,0
1035,2
1036,2
1037,0
1038,0
1039,2
1040,1
1041,0
1042,1
1043,0
1044,2
1045,0
1046,2
1047,1
1048,0
1049,0
1050,0
1051,0
1052,1
1053,2
1054,0
1055,2
1056,2
1057,0
1058,0
1059,1
1060,1
1061,0
1062,1
1063,1
1064,0
1065,2
1066,2
1067,0
1068,1
1069,1
1070,0
1071,2
1072,2
1073,0
1074,1
1075,1
1076,2
1077,2
1078,1
1079,2
1080,0
1081,1
1082,0
1083,0
1084,1
1085,2
1086,2
1087,0
1088,0
1089,1
1090,1
1091,2
1092,1
1093,1
1094,2
1095,0
1096,2
1097,0
1098,2
1099,0
1100,2
1101,2
1102,2
1103,0
1104,0
1105,1
1106,2
1107,0
1108,0
1109,0
1110,0
1111,1
1112,2
1113,0
1114,1
1115,0
1116,2
1117,0
1118,2
1119,2
1120,0
1121,1
1122,0
1123,0
1124,1
1125,1
1126,2
1127,1
1128,2
1129,2
1130,2
1131,2
1132,2
1133,2
1134,0
1135,1
1136,2
1137,2
1138,1
1139,0
1140,1
1141,0
1142,0
1143,2
1144,2
1145,2
1146,2
1147,1
1148,2
1149,2
1150,2
1151,0
1152,2
1153,0
1154,0
1155,0
1156,0
1157,1
1158,0
1159,1
1160,2
1161,0
1162,0
1163,2
1164,2
1165,0
1166,1
1167,0
1168,1
1169,0
1170,1
1171,0
1172,2
1173,1
1174,2
1175,2
1176,0
1177,0
1178,0
1179,1
1180,1
1181,1
1182,0
1183,2
1184,0
1185,1
1186,2
1187,2
1188,0
1189,1
1190,0
1191,0
1192,0
1193,0
1194,1
1195,1
1196,1
1197,1
1198,2
1199,1
1200,2
1201,0
1202,0
1203,2
1204,0
1205,1
1206,2
1207,2
1208,0
1209,0
1210,2
1211,1
1212,1
1213,0
1214,2
1215,0
1216,1
1217,2
1218,1
1219,1
1220,0
1221,2
1222,2
1223,2
1224,0
1225,0
1226,0
1227,0
1228,1
1229,2
1230,2
1231,0
1232,0
1233,0
1234,0
1235,2
1236,2
1237,1
1238,2
1239,2
1240,0
1241,1
1242,2
1243,0
1244,2
1245,2
1246,1
1247,0
1248,1
1249,1
1250,0
1251,1
1252,1
1253,1
1254,1
1255,0
1256,0
1257,0
1258,2
1259,1
1260,2
1261,1
1262,1
1263,0
1264,2
1265,2
1266,1
1267,1
1268,1
1269,2
1270,0
1271,2
1272,0
1273,1
1274,1
1275,0
1276,0
1277,2
1278,1
1279,2
1280,1
1281,2
1282,1
1283,0
1284,0
1285,1
1286,0
1287,0
1288,2
1289,0
1290,2
1291,1
1292,1
1293,2
1294,0
1295,2
1296,2
1297,2
1298,0
1299,2
1300,0
1301,2
1302,2
1303,1
1304,1
1305,0
1306,1
1307,1
1308,1
1309,2
1310,2
1311,2
1312,0
1313,0
1314,1
1315,2
1316,1
1317,1
1318,1
1319,1
1320,2
1321,0
1322,0
1323,0
1324,2
1325,0
1326,1
1327,1
1328,1
1329,1
1330,2
1331,2
1332,2
1333,1
1334,0
1335,0
1336,0
1337,0
1338,0
1339,0
1340,1
1341,1
1342,0
1343,2
1344,1
1345,1
1346,0
1347,2
1348,0
1349,2
1350,0
1351,2
1352,2
1353,1
1354,0
1355,1
1356,2
1357,0
1358,2
1359,1
1360,1
1361,2
1362,1
1363,0
1364,2
1365,2
1366,0
1367,2
1368,0
1369,2
1370,2
1371,2
1372,1
1373,0
1374,2
1375,2
1376,2
1377,0
1378,0
1379,0
1380,0
1381,0
1382,0
1383,0
1384,2
1385,0
1386,2
1387,0
1388,0
1389,0
1390,2
1391,0
1392,2
1393,1
1394,0
1395,1
1396,2
1397,1
1398,0
1399,2
1400,1
1401,2
1402,0
1403,0
1404,0
1405,2
1406,0
1407,0
1408,2
1409,2
1410,1
1411,2
1412,0
1413,0
1414,0
1415,2
1416,0
1417,0
1418,1
1419,2
1420,2
1421,1
1422,2
1423,2
1424,0
1425,0
1426,2
1427,1
1428,0
1429,2
1430,2
1431,2
1432,2
1433,2
1434,2
1435,2
1436,0
1437,0
1438,0
1439,0
1440,2
1441,2
1442,2
1443,0
1444,1
1445,2
1446,2
1447,2
1448,2
1449,2
1450,2
1451,2
1452,0
1453,0
1454,0
1455,0
1456,2
1457,0
1458,2
1459,1
1460,0
1461,2
1462,1
1463,1
1464,1
1465,1
1466,1
1467,0
1468,0
1469,1
1470,2
1471,1
1472,1
1473,0
1474,0
1475,2
1476,1
1477,1
1478,0
1479,0
1480,1
1481,1
1482,2
1483,0
1484,2
1485,2
1486,0
1487,2
1488,1
1489,2
1490,1
1491,0
1492,1
1493,0
1494,1
1495,1
1496,0
1497,0
1498,1
1499,0
1500,1
1501,1
1502,1
1503,2
1504,2
1505,1
1506,0
1507,0
1508,1
1509,2
1510,1
1511,1
1512,0
1513,1
1514,0
1515,2
1516,0
1517,0
1518,2
1519,1
1520,0
1521,2
1522,2
1523,1
1524,1
1525,0
1526,2
1527,0
1528,1
1529,1
1530,2
1531,2
1532,2
1533,0
1534,0
1535,0
1536,0
1537,0
1538,1
1539,2
1540,2
1541,2
1542,2
1543,0
1544,0
1545,2
1546,1
1547,1
1548,0
1549,0
1550,0
1551,0
1552,0
1553,2
1554,1
1555,0
1556,0
1557,2
1558,1
1559,2
1560,2
1561,1
1562,0
1563,0
1564,0
1565,0
1566,2
1567,1
1568,2
1569,2
1570,2
1571,1
1572,0
1573,2
1574,0
1575,2
1576,0
1577,0
1578,2
1579,0
1580,0
1581,0
1582,0
1583,0
1584,0
1585,2
1586,0
1587,2
1588,0
1589,1
1590,2
1591,1
1592,2
1593,0
1594,0
1595,2
1596,1
1597,1
1598,0
1599,2
1600,0
1601,2
1602,0
1603,2
1604,0
1605,2
1606,2
1607,2
1608,0
1609,1
1610,2
1611,0
1612,0
1613,2
1614,0
1615,1
1616,0
1617,0
1618,2
1619,1
1620,0
1621,0
1622,0
1623,2
1624,0
1625,1
1626,1
1627,2
1628,0
1629,2
1630,1
1631,0
1632,0
1633,0
1634,2
1635,1
1636,1
1637,0
1638,2
1639,0
1640,1
1641,1
1642,2
1643,2
1644,2
1645,2
1646,2
1647,0
1648,2
1649,0
1650,1
1651,2
1652,1
1653,2
1654,0
1655,0
1656,0
1657,1
1658,2
1659,1
1660,0
1661,1
1662,2
1663,0
1664,1
1665,2
1666,2
1667,1
1668,2
1669,2
1670,2
1671,2
1672,0
1673,0
1674,2
1675,0
1676,2
1677,0
1678,2
1679,0
1680,2
1681,1
1682,0
1683,2
1684,0
1685,0
1686,0
1687,0
1688,0
1689,0
1690,1
1691,1
1692,0
1693,2
1694,1
1695,2
1696,2
1697,0
1698,1
1699,2
1700,2
1701,0
1702,0
1703,2
1704,1
1705,0
1706,0
1707,1
1708,1
1709,0
1710,0
1711,2
1712,1
1713,0
1714,1
1715,1
1716,0
1717,0
1718,2
1719,2
1720,0
1721,2
1722,0
1723,0
1724,2
1725,2
1726,0
1727,1
1728,0
1729,2
1730,2
1731,1
1732,1
1733,0
1734,0
1735,0
1736,2
1737,1
1738,2
1739,0
1740,2
1741,1
1742,2
1743,0
1744,1
1745,1
1746,0
1747,0
1748,1
1749,0
1750,2
1751,0
1752,2
1753,2
1754,2
1755,2
1756,1
1757,2
1758,2
1759,1
1760,1
1761,2
1762,2
1763,0
1764,0
1765,1
1766,0
1767,1
1768,2
1769,1
1770,0
1771,0
1772,0
1773,1
1774,1
1775,1
1776,0
1777,2
1778,0
1779,0
1780,2
1781,0
1782,2
1783,1
1784,2
1785,1
1786,2
1787,2
1788,0
1789,1
1790,1
1791,2
1792,1
1793,0
1794,0
1795,1
1796,1
1797,1
1798,2
1799,0
1800,1
1801,2
1802,0
1803,1
1804,2
1805,1
1806,0
1807,1
1808,2
1809,0
1810,1
1811,0
1812,1
1813,1
1814,2
1815,2
1816,2
1817,0
1818,2
1819,0
1820,2
1821,0
1822,2
1823,2
1824,0
1825,0
1826,2
1827,0
1828,2
1829,2
1830,0
1831,1
1832,2
1833,1
1834,2
1835,2
1836,0
1837,0
1838,1
1839,2
1840,1
1841,0
1842,1
1843,2
1844,2
1845,0
1846,0
1847,1
1848,0
1849,2
1850,2
1851,0
1852,2
1853,2
1854,0
1855,0
1856,0
1857,0
1858,1
1859,0
1860,2
1861,1
1862,1
1863,0
1864,2
1865,0
1866,1
1867,1
1868,0
1869,0
1870,1
1871,0
1872,1
1873,0
1874,1
1875,0
1876,0
1877,2
1878,2
1879,2
1880,2
1881,2
1882,0
1883,1
1884,2
1885,0
1886,1
1887,0
1888,1
1889,2
1890,0
1891,2
1892,2
1893,2
1894,0
1895,2
1896,0
1897,2
1898,2
1899,2
1900,0
1901,0
1902,2
1903,2
1904,2
1905,1
1906,1
1907,0
1908,2
1909,1
1910,1
1911,1
1912,1
1913,1
1914,0
1915,1
1916,1
1917,0
1918,2
1919,1
1920,0
1921,0
1922,2
1923,0
1924,0
1925,2
1926,0
1927,2
1928,0
1929,0
1930,2
1931,0
1932,1
1933,0
1934,0
1935,2
1936,2
1937,0
1938,0
1939,1
1940,2
1941,0
1942,0
1943,2
1944,2
1945,0
1946,0
1947,2
1948,1
1949,0
1950,0
1951,2
1952,2
1953,0
1954,0
1955,1
1956,0
1957,2
1958,0
1959,2
1960,1
1961,1
1962,0
1963,0
1964,2
1965,2
1966,1
1967,1
1968,0
1969,0
1970,0
1971,0
1972,1
1973,0
1974,2
1975,0
1976,2
1977,0
1978,1
1979,0
1980,1
1981,2
1982,1
1983,2
1984,2
1985,2
1986,0
1987,0
1988,0
1989,2
1990,2
1991,1
1992,2
1993,1
1994,1
1995,0
1996,0
1997,2
1998,2
1999,1
2000,0
2001,0
2002,2
2003,2
2004,0
2005,0
2006,0
2007,0
2008,1
2009,0
2010,2
2011,1
2012,0
2013,2
2014,0
2015,0
2016,0
2017,2
2018,2
2019,2
2020,1
2021,1
2022,0
2023,1
2024,2
2025,0
2026,1
2027,1
2028,0
2029,2
2030,2
2031,0
2032,1
2033,1
2034,0
2035,1
2036,2
2037,2
2038,0
2039,0
2040,1
2041,0
2042,0
2043,2
2044,0
2045,2
2046,2
2047,2
2048,2
2049,0
2050,1
2051,2
2052,2
2053,2
2054,2
2055,2
2056,2
2057,1
2058,2
2059,1
2060,0
2061,1
2062,1
2063,2
2064,1
2065,2
2066,0
2067,0
2068,1
2069,0
2070,2
2071,0
2072,0
2073,1
2074,1
2075,1
2076,0
2077,1
2078,1
2079,0
2080,0
2081,2
2082,2
2083,1
2084,2
2085,2
2086,2
2087,2
2088,1
2089,2
2090,1
2091,2
2092,1
2093,2
2094,1
2095,2
2096,2
2097,0
2098,1
2099,0
2100,2
2101,1
2102,0
2103,2
2104,0
2105,0
2106,2
2107,0
2108,2
2109,2
2110,2
2111,2
2112,1
2113,1
2114,2
2115,1
2116,0
2117,0
2118,0
2119,2
2120,2
2121,2
2122,1
2123,0
2124,2
2125,2
2126,1
2127,2
2128,2
2129,2
2130,2
2131,1
2132,0
2133,0
2134,2
2135,2
2136,2
2137,2
2138,2
2139,0
2140,1
2141,0
2142,2
2143,0
2144,0
2145,0
2146,2
2147,0
2148,1
2149,0
2150,0
2151,0
2152,1
2153,0
2154,2
2155,0
2156,0
2157,2
2158,1
2159,1
2160,0
2161,2
2162,1
2163,2
2164,1
2165,1
2166,0
2167,0
2168,2
2169,0
2170,2
2171,2
2172,2
2173,1
2174,2
2175,0
2176,0
2177,1
2178,1
2179,2
2180,2
2181,0
2182,1
2183,2
2184,0
2185,2
2186,0
2187,0
2188,1
2189,0
2190,2
2191,1
2192,1
2193,2
2194,2
2195,0
2196,0
2197,1
2198,2
2199,0
2200,0
2201,0
2202,0
2203,0
2204,2
2205,0
2206,0
2207,0
2208,2
2209,1
2210,2
2211,2
2212,1
2213,0
2214,2
2215,2
2216,2
2217,0
2218,1
2219,0
2220,0
2221,2
2222,0
2223,1
2224,1
2225,2
2226,0
2227,0
2228,0
2229,0
2230,2
2231,1
2232,0
2233,2
2234,0
2235,0
2236,0
2237,0
2238,0
2239,0
2240,2
2241,0
2242,1
2243,2
2244,1
2245,0
2246,0
2247,2
2248,1
2249,2
2250,1
2251,1
2252,0
2253,0
2254,0
2255,2
2256,0
2257,2
2258,2
2259,1
2260,0
2261,0
2262,2
2263,2
2264,0
2265,2
2266,2
2267,0
2268,0
2269,1
2270,2
2271,2
2272,0
2273,1
2274,0
2275,0
2276,0
2277,0
2278,1
2279,2
2280,0
2281,1
2282,0
2283,0
2284,1
2285,1
2286,1
2287,2
2288,1
2289,2
2290,1
2291,0
2292,1
2293,2
2294,0
2295,2
2296,2
2297,0
2298,1
2299,2
2300,0
2301,1
2302,0
2303,0
2304,2
2305,2
2306,0
2307,0
2308,2
2309,0
2310,2
2311,0
2312,0
2313,0
2314,0
2315,1
2316,1
2317,2
2318,1
2319,2
2320,2
2321,2
2322,0
2323,0
2324,2
2325,0
2326,0
2327,0
2328,0
2329,2
2330,0
2331,2
2332,1
2333,0
2334,2
2335,2
2336,0
2337,1
2338,2
2339,2
2340,0
2341,2
2342,1
2343,0
2344,2
2345,0
2346,2
2347,1
2348,2
2349,2
2350,0
2351,2
2352,0
2353,1
2354,2
2355,1
2356,2
2357,0
2358,2
2359,1
2360,2
2361,0
2362,2
2363,0
2364,2
2365,2
2366,0
2367,1
2368,0
2369,1
2370,0
2371,0
2372,0
2373,2
2374,0
2375,2
2376,0
2377,1
2378,2
2379,2
2380,0
2381,0
2382,2
2383,0
2384,1
2385,0
2386,2
2387,2
2388,2
2389,0
2390,2
2391,1
2392,2
2393,2
2394,1
2395,2
2396,2
2397,2
2398,1
2399,1
2400,0
2401,0
2402,0
2403,1
2404,0
2405,1
2406,0
2407,1
2408,0
2409,0
2410,2
2411,2
2412,0
2413,0
2414,1
2415,0
2416,1
2417,0
2418,2
2419,1
2420,1
2421,0
2422,2
2423,2
2424,2
2425,1
2426,2
2427,2
2428,0
2429,1
2430,1
2431,0
2432,1
2433,0
2434,1
2435,2
2436,2
2437,0
2438,1
2439,1
2440,2
2441,0
2442,1
2443,0
2444,0
2445,0
2446,2
2447,0
2448,2
2449,0
2450,0
2451,2
2452,2
2453,2
2454,0
2455,2
2456,0
2457,0
2458,0
2459,0
2460,0
2461,0
2462,0
2463,0
2464,1
2465,1
2466,1
2467,0
2468,1
2469,1
2470,2
2471,2
2472,0
2473,1
2474,0
2475,0
2476,2
2477,1
2478,2
2479,0
2480,2
2481,1
2482,1
2483,2
2484,1
2485,2
2486,1
2487,2
2488,2
2489,0
2490,1
2491,1
2492,0
2493,1
2494,0
2495,2
2496,2
2497,1
2498,0
2499,0
2500,2
2501,1
2502,0
2503,1
2504,2
2505,2
2506,1
2507,0
2508,0
2509,1
2510,0
2511,0
2512,2
2513,1
2514,0
2515,2
2516,1
2517,2
2518,2
2519,0
2520,2
2521,0
2522,0
2523,0
2524,2
2525,2
2526,0
2527,1
2528,2
2529,2
2530,2
2531,0
2532,2
2533,1
2534,1
2535,1
2536,1
2537,1
2538,0
2539,2
2540,2
2541,2
2542,1
2543,0
2544,0
2545,2
2546,2
2547,0
2548,0
2549,1
2550,1
2551,1
2552,0
2553,0
2554,1
2555,0
2556,0
2557,1
2558,0
2559,0
2560,0
2561,0
2562,1
2563,2
2564,2
2565,2
2566,0
2567,0
2568,2
2569,0
2570,0
2571,0
2572,2
2573,0
2574,0
2575,1
2576,0
2577,2
2578,1
2579,2
2580,1
2581,1
2582,1
2583,1
2584,2
2585,0
2586,0
2587,0
2588,0
2589,2
2590,0
2591,1
2592,1
2593,0
2594,2
2595,0
2596,0
2597,0
2598,2
2599,1
2600,0
2601,2
2602,0
2603,0
2604,0
2605,1
2606,2
2607,0
2608,0
2609,0
2610,2
2611,1
2612,0
2613,0
2614,2
2615,0
2616,2
2617,2
2618,2
2619,2
2620,2
2621,0
2622,0
2623,2
2624,2
2625,0
2626,0
2627,0
2628,1
2629,1
2630,0
2631,0
2632,0
2633,2
2634,1
2635,1
2636,2
2637,1
2638,2
2639,2
2640,0
2641,2
2642,2
2643,1
2644,2
2645,0
2646,2
2647,1
2648,0
2649,2
2650,2
2651,0
2652,0
2653,0
2654,2
2655,0
2656,2
2657,1
2658,0
2659,2
2660,2
2661,0
2662,2
2663,1
2664,2
2665,0
2666,2
2667,1
2668,2
2669,0
2670,2
2671,0
2672,1
2673,1
2674,0
2675,0
2676,0
2677,2
2678,2
2679,1
2680,1
2681,2
2682,0
2683,0
2684,2
2685,2
2686,2
2687,0
2688,2
2689,1
2690,1
2691,0
2692,0
2693,0
2694,2
2695,2
2696,2
2697,0
2698,2
2699,2
2700,2
2701,0
2702,0
2703,2
2704,0
2705,2
2706,0
2707,1
2708,1
2709,1
2710,0
2711,2
2712,1
2713,1
2714,2
2715,0
2716,0
2717,2
2718,0
2719,1
2720,2
2721,1
2722,0
2723,1
2724,0
2725,0
2726,0
2727,2
2728,1
2729,1
2730,2
2731,2
2732,2
2733,0
2734,2
2735,2
2736,0
2737,2
2738,0
2739,0
2740,1
2741,1
2742,0
2743,2
2744,1
2745,0
2746,2
2747,1
2748,0
2749,2
2750,2
2751,0
2752,1
2753,1
2754,2
2755,2
2756,1
2757,0
2758,1
2759,2
2760,1
2761,2
2762,1
2763,0
2764,0
2765,2
2766,1
2767,2
2768,1
2769,2
2770,2
2771,0
2772,1
2773,0
2774,2
2775,1
2776,2
2777,0
2778,1
2779,0
2780,0
2781,0
2782,1
2783,2
2784,0
2785,2
2786,0
2787,2
2788,0
2789,2
2790,0
2791,1
2792,2
2793,0
2794,1
2795,2
2796,1
2797,0
2798,2
2799,1
2800,1
2801,2
2802,1
2803,1
2804,2
2805,2
2806,0
2807,1
2808,1
2809,2
2810,0
2811,1
2812,0
2813,1
2814,1
2815,1
2816,1
2817,0
2818,0
2819,1
2820,2
2821,1
2822,2
2823,1
2824,2
2825,1
2826,0
2827,1
2828,2
2829,1
2830,0
2831,0
2832,0
2833,2
2834,2
2835,1
2836,2
2837,2
2838,0
2839,0
2840,0
2841,2
2842,1
2843,0
2844,0
2845,2
2846,1
2847,2
2848,2
2849,2
2850,0
2851,2
2852,2
2853,1
2854,0
2855,0
2856,1
2857,0
2858,2
2859,0
2860,1
2861,2
2862,1
2863,0
2864,0
2865,2
2866,2
2867,2
2868,0
2869,2
2870,2
2871,0
2872,1
2873,2
2874,0
2875,1
2876,1
2877,0
2878,0
2879,1
2880,0
2881,0
2882,1
2883,0
2884,0
2885,0
2886,1
2887,1
2888,2
2889,0
2890,1
2891,0
2892,1
2893,1
2894,0
2895,1
2896,0
2897,2
2898,0
2899,2
2900,2
2901,1
2902,0
2903,1
2904,0
2905,2
2906,1
2907,2
2908,2
2909,0
2910,0
2911,0
2912,0
2913,2
2914,1
2915,1
2916,2
2917,0
2918,1
2919,2
2920,1
2921,2
2922,1
2923,0
2924,2
2925,2
2926,2
2927,2
2928,2
2929,2
2930,2
2931,2
2932,0
2933,1
2934,0
2935,2
2936,1
2937,0
2938,2
2939,2
2940,1
2941,1
2942,2
2943,2
2944,0
2945,1
2946,2
2947,2
2948,2
2949,0
2950,0
2951,1
2952,0
2953,1
2954,0
2955,2
2956,2
2957,0
2958,1
2959,0
2960,2
2961,1
2962,2
2963,0
2964,1
2965,0
2966,0
2967,1
2968,1
2969,2
2970,1
2971,0
2972,1
2973,0
2974,2
2975,0
2976,2
2977,2
2978,0
2979,2
2980,2
2981,2
2982,2
2983,2
2984,2
2985,1
2986,1
2987,1
2988,1
2989,1
2990,2
2991,1
2992,2
2993,0
2994,1
2995,0
2996,1
2997,0
2998,0
2999,2
3000,2
3001,0
3002,0
3003,0
3004,0
3005,2
3006,0
3007,2
3008,2
3009,1
3010,2
3011,0
3012,1
3013,0
3014,0
3015,1
3016,1
3017,2
3018,1
3019,2
3020,0
3021,1
3022,2
3023,0
3024,0
3025,2
3026,0
3027,2
3028,0
3029,1
3030,2
3031,0
3032,0
3033,1
3034,1
3035,2
3036,1
3037,2
3038,2
3039,0
3040,2
3041,2
3042,0
3043,1
3044,0
3045,1
3046,0
3047,0
3048,0
3049,1
3050,2
3051,1
3052,2
3053,0
3054,0
3055,0
3056,1
3057,2
3058,0
3059,2
3060,2
3061,1
3062,0
3063,1
3064,1
3065,1
3066,1
3067,2
3068,2
3069,1
3070,2
3071,2
3072,1
3073,1
3074,1
3075,0
3076,0
3077,0
3078,1
3079,2
3080,0
3081,1
3082,0
3083,2
3084,0
3085,0
3086,0
3087,2
3088,1
3089,0
3090,2
3091,2
3092,2
3093,0
3094,2
3095,2
3096,1
3097,0
3098,2
3099,1
3100,1
3101,2
3102,2
3103,2
3104,0
3105,1
3106,0
3107,2
3108,0
3109,0
3110,0
3111,0
3112,2
3113,2
3114,2
3115,2
3116,0
3117,2
3118,1
3119,0
3120,2
3121,0
3122,2
3123,1
3124,1
3125,2
3126,0
3127,0
3128,2
3129,0
3130,2
3131,0
3132,2
3133,0
3134,1
3135,1
3136,2
3137,2
3138,0
3139,0
3140,0
3141,2
3142,0
3143,0
3144,2
3145,2
3146,0
3147,1
3148,0
3149,2
3150,1
3151,1
3152,2
3153,1
3154,0
3155,1
3156,0
3157,0
3158,2
3159,1
3160,2
3161,2
3162,2
3163,2
3164,1
3165,1
3166,0
3167,0
3168,1
3169,0
3170,2
3171,1
3172,0
3173,0
3174,0
3175,1
3176,1
3177,1
3178,0
3179,1
3180,2
3181,0
3182,0
3183,0
3184,0
3185,0
3186,2
3187,0
3188,0
3189,2
3190,1
3191,2
3192,0
3193,0
3194,0
3195,0
3196,2
3197,1
3198,0
3199,1
3200,2
3201,0
3202,1
3203,1
3204,0
3205,0
3206,2
3207,2
3208,1
3209,2
3210,2
3211,0
3212,2
3213,0
3214,1
3215,0
3216,1
3217,1
3218,2
3219,0
3220,2
3221,0
3222,2
3223,2
3224,0
3225,2
3226,0
3227,2
3228,0
3229,1
3230,0
3231,0
3232,1
3233,2
3234,2
3235,1
3236,2
3237,0
3238,0
3239,0
3240,0
3241,2
3242,1
3243,1
3244,0
3245,2
3246,2
3247,1
3248,2
3249,1
3250,0
3251,0
3252,2
3253,1
3254,2
3255,2
3256,2
3257,0
3258,2
3259,2
3260,0
3261,1
3262,0
3263,0
3264,2
3265,2
3266,2
3267,1
3268,2
3269,1
3270,0
3271,0
3272,1
3273,1
3274,2
3275,2
3276,1
3277,0
3278,1
3279,0
3280,0
3281,2
3282,2
3283,0
3284,2
3285,0
3286,2
3287,2
3288,1
3289,1
3290,0
3291,0
3292,0
3293,0
3294,1
3295,2
3296,1
3297,0
3298,2
3299,0
3300,1
3301,0
3302,1
3303,2
3304,1
3305,1
3306,1
3307,2
3308,0
3309,1
3310,0
3311,1
3312,0
3313,2
3314,2
3315,0
3316,0
3317,0
3318,1
3319,1
3320,0
3321,1
3322,1
3323,2
3324,0
3325,2
3326,1
3327,0
3328,0
3329,0
3330,2
3331,2
3332,0
3333,0
3334,2
3335,0
3336,0
3337,0
3338,2
3339,0
3340,1
3341,0
3342,2
3343,0
3344,0
3345,0
3346,0
3347,0
3348,1
3349,1
3350,2
3351,2
3352,1
3353,2
3354,0
3355,1
3356,2
3357,0
3358,0
3359,2
3360,1
3361,0
3362,0
3363,2
3364,0
3365,2
3366,0
3367,1
3368,1
3369,0
3370,0
3371,0
3372,2
3373,1
3374,0
3375,0
3376,1
3377,2
3378,0
3379,0
3380,2
3381,1
3382,2
3383,0
3384,0
3385,2
3386,1
3387,0
3388,2
3389,2
3390,0
3391,2
3392,1
3393,2
3394,0
3395,2
3396,2
3397,0
3398,0
3399,0
3400,0
3401,2
3402,2
3403,2
3404,2
3405,1
3406,2
3407,1
3408,1
3409,2
3410,2
3411,2
3412,2
3413,1
3414,1
3415,0
3416,2
3417,0
3418,0
3419,0
3420,1
3421,2
3422,1
3423,2
3424,1
3425,2
3426,1
3427,1
3428,0
3429,0
3430,0
3431,1
3432,2
3433,0
3434,2
3435,2
3436,0
3437,2
3438,0
3439,2
3440,2
3441,1
3442,1
3443,0
3444,1
3445,1
3446,2
3447,2
3448,0
3449,2
3450,2
3451,2
3452,0
3453,1
3454,2
3455,1
3456,2
3457,0
3458,1
3459,0
3460,2
3461,0
3462,1
3463,2
3464,2
3465,1
3466,0
3467,1
3468,0
3469,2
3470,2
3471,1
3472,0
3473,2
3474,0
3475,1
3476,2
3477,1
3478,2
3479,0
3480,1
3481,0
3482,2
3483,0
3484,1
3485,1
3486,0
3487,2
3488,1
3489,1
3490,2
3491,1
3492,0
3493,0
3494,1
3495,0
3496,1
3497,1
3498,1
3499,2
3500,2
3501,2
3502,1
3503,2
3504,2
3505,0
3506,1
3507,2
3508,1
3509,1
3510,2
3511,2
3512,2
3513,0
3514,2
3515,2
3516,2
3517,2
3518,2
3519,0
3520,0
3521,0
3522,0
3523,0
3524,2
3525,2
3526,0
3527,0
3528,2
3529,2
3530,1
3531,2
3532,0
3533,2
3534,0
3535,2
3536,0
3537,1
3538,0
3539,1
3540,2
3541,1
3542,2
3543,0
3544,1
3545,1
3546,0
3547,2
3548,1
3549,0
3550,2
3551,1
3552,1
3553,0
3554,2
3555,0
3556,0
3557,2
3558,0
3559,2
3560,1
3561,1
3562,1
3563,0
3564,0
3565,0
3566,1
3567,2
3568,2
3569,2
3570,0
3571,2
3572,1
3573,2
3574,2
3575,2
3576,0
3577,0
3578,1
3579,0
3580,2
3581,2
3582,1
3583,0
3584,0
3585,2
3586,2
3587,1
3588,0
3589,2
3590,2
3591,1
3592,0
3593,1
3594,0
3595,1
3596,0
3597,0
3598,0
3599,1
3600,2
3601,2
3602,2
3603,1
3604,2
3605,0
3606,2
3607,2
3608,2
3609,0
3610,2
3611,0
3612,1
3613,2
3614,1
3615,1
3616,1
3617,0
3618,2
3619,2
3620,2
3621,1
3622,0
3623,2
3624,0
3625,1
3626,0
3627,1
3628,2
3629,2
3630,0
3631,1
3632,1
3633,0
3634,0
3635,0
3636,0
3637,0
3638,1
3639,1
3640,1
3641,1
3642,0
3643,1
3644,2
3645,0
3646,2
3647,0
3648,0
3649,0
3650,1
3651,2
3652,2
3653,2
3654,2
3655,1
3656,0
3657,0
3658,2
3659,0
3660,0
3661,1
3662,1
3663,0
3664,1
3665,1
3666,0
3667,0
3668,1
3669,1
3670,2
3671,2
3672,0
3673,0
3674,1
3675,2
3676,1
3677,1
3678,1
3679,0
3680,0
3681,0
3682,0
3683,1
3684,2
3685,0
3686,1
3687,1
3688,2
3689,2
3690,2
3691,2
3692,0
3693,1
3694,0
3695,1
3696,1
3697,0
3698,2
3699,0
3700,1
3701,1
3702,2
3703,2
3704,1
3705,0
3706,2
3707,0
3708,2
3709,0
3710,0
3711,1
3712,1
3713,0
3714,2
3715,1
3716,2
3717,2
3718,0
3719,0
3720,2
3721,0
3722,0
3723,0
3724,0
3725,1
3726,2
3727,0
3728,0
3729,2
3730,0
3731,2
3732,1
3733,1
3734,2
3735,2
3736,1
3737,1
3738,1
3739,1
3740,0
3741,0
3742,2
3743,1
3744,2
3745,1
3746,0
3747,0
3748,0
3749,0
3750,2
3751,0
3752,0
3753,1
3754,2
3755,2
3756,1
3757,2
3758,0
3759,1
3760,1
3761,1
3762,2
3763,2
3764,0
3765,1
3766,1
3767,1
3768,2
3769,1
3770,2
3771,2
3772,0
3773,2
3774,0
3775,1
3776,2
3777,2
3778,1
3779,1
3780,2
3781,2
3782,2
3783,0
3784,0
3785,0
3786,0
3787,1
3788,0
3789,0
3790,1
3791,1
3792,2
3793,1
3794,2
3795,1
3796,0
3797,2
3798,2
3799,1
3800,0
3801,2
3802,2
3803,0
3804,0
3805,2
3806,2
3807,2
3808,2
3809,2
3810,2
3811,1
3812,2
3813,2
3814,0
3815,0
3816,1
3817,2
3818,2
3819,2
3820,0
3821,2
3822,0
3823,0
3824,1
3825,0
3826,0
3827,0
3828,2
3829,0
3830,0
3831,0
3832,2
3833,1
3834,0
3835,0
3836,2
3837,0
3838,1
3839,0
3840,0
3841,2
3842,1
3843,1
3844,2
3845,0
3846,2
3847,1
3848,2
3849,2
3850,2
3851,1
3852,0
3853,1
3854,0
3855,0
3856,1
3857,0
3858,0
3859,1
3860,2
3861,1
3862,0
3863,1
3864,2
3865,0
3866,1
3867,1
3868,0
3869,2
3870,2
3871,2
3872,0
3873,0
3874,2
3875,2
3876,2
3877,0
3878,1
3879,0
3880,2
3881,2
3882,1
3883,0
3884,2
3885,0
3886,1
3887,1
3888,0
3889,0
3890,0
3891,0
3892,0
3893,2
3894,1
3895,1
3896,0
3897,0
3898,1
3899,2
3900,1
3901,2
3902,0
3903,0
3904,0
3905,0
3906,0
3907,0
3908,0
3909,0
3910,1
3911,2
3912,1
3913,0
3914,1
3915,0
3916,0
3917,0
3918,2
3919,2
3920,0
3921,0
3922,0
3923,2
3924,2
3925,0
3926,2
3927,0
3928,2
3929,2
3930,1
3931,0
3932,0
3933,1
3934,2
3935,0
3936,0
3937,1
3938,0
3939,1
3940,0
3941,0
3942,0
3943,0
3944,0
3945,2
3946,1
3947,2
3948,0
3949,1
3950,1
3951,0
3952,2
3953,2
3954,0
3955,1
3956,0
3957,2
3958,1
3959,0
3960,2
3961,1
3962,1
3963,0
3964,2
3965,1
3966,0
3967,2
3968,2
3969,1
3970,0
3971,1
3972,0
3973,1
3974,2
3975,2
3976,0
3977,2
3978,1
3979,2
3980,2
3981,0
3982,2
3983,2
3984,0
3985,0
3986,1
3987,0
3988,2
3989,2
3990,1
3991,0
3992,1
3993,0
3994,0
3995,2
3996,0
3997,0
3998,1
3999,2
4000,1
4001,1
4002,2
4003,1
4004,1
4005,1
4006,2
4007,0
4008,0
4009,0
4010,1
4011,2
4012,1
4013,1
4014,0
4015,0
4016,2
4017,0
4018,2
4019,1
4020,1
4021,1
4022,2
4023,0
4024,1
4025,2
4026,0
4027,2
4028,1
4029,2
4030,0
4031,0
4032,1
4033,2
4034,1
4035,2
4036,0
4037,2
4038,1
4039,0
4040,1
4041,1
4042,0
4043,1
4044,0
4045,2
4046,2
4047,2
4048,1
4049,0
4050,1
4051,2
4052,2
4053,0
4054,1
4055,1
4056,2
4057,0
4058,1
4059,0
4060,1
4061,0
4062,1
4063,2
4064,0
4065,2
4066,2
4067,0
4068,0
4069,0
4070,1
4071,2
4072,2
4073,1
4074,0
4075,0
4076,1
4077,0
4078,2
4079,1
4080,2
4081,2
4082,0
4083,2
4084,0
4085,2
4086,2
4087,2
4088,1
4089,0
4090,2
4091,2
4092,1
4093,0
4094,0
4095,0
4096,0
4097,0
4098,2
4099,2
4100,2
4101,0
4102,2
4103,1
4104,0
4105,0
4106,0
4107,2
4108,2
4109,0
4110,2
4111,0
4112,0
4113,0
4114,0
4115,2
4116,2
4117,0
4118,2
4119,2
4120,2
4121,1
4122,0
4123,2
4124,1
4125,2
4126,0
4127,0
4128,2
4129,0
4130,0
4131,2
4132,1
4133,0
4134,2
4135,0
4136,1
4137,1
4138,2
4139,1
4140,0
4141,1
4142,2
4143,0
4144,2
4145,0
4146,1
4147,0
4148,2
4149,2
4150,1
4151,1
4152,2
4153,2
4154,0
4155,0
4156,2
4157,0
4158,0
4159,1
4160,0
4161,1
4162,0
4163,1
4164,2
4165,1
4166,2
4167,2
4168,0
4169,2
4170,0
4171,2
4172,1
4173,1
4174,2
4175,2
4176,0
4177,2
4178,0
4179,1
4180,2
4181,2
4182,0
4183,0
4184,0
4185,0
4186,1
4187,0
4188,0
4189,2
4190,0
4191,0
4192,0
4193,2
4194,2
4195,0
4196,0
4197,0
4198,1
4199,0
4200,2
4201,0
4202,0
4203,0
4204,0
4205,2
4206,0
4207,0
4208,1
4209,1
4210,1
4211,0
4212,0
4213,2
4214,2
4215,2
4216,2
4217,2
4218,2
4219,0
4220,1
4221,1
4222,1
4223,0
4224,2
4225,2
4226,1
4227,2
4228,2
4229,1
4230,1
4231,0
4232,1
4233,0
4234,2
4235,0
4236,2
4237,0
4238,2
4239,1
4240,0
4241,0
4242,1
4243,1
4244,2
4245,0
4246,0
4247,0
4248,0
4249,2
4250,1
4251,2
4252,1
4253,2
4254,2
4255,2
4256,1
4257,1
4258,2
4259,0
4260,0
4261,2
4262,2
4263,2
4264,0
4265,2
4266,0
4267,1
4268,2
4269,0
4270,1
4271,2
4272,1
4273,0
4274,0
4275,2
4276,2
4277,2
4278,0
4279,2
4280,2
4281,1
4282,1
4283,1
4284,0
4285,1
4286,1
4287,0
4288,1
4289,2
4290,2
4291,0
4292,1
4293,1
4294,1
4295,0
4296,0
4297,1
4298,0
4299,0
4300,2
4301,1
4302,0
4303,0
4304,2
4305,2
4306,1
4307,1
4308,2
4309,2
4310,0
4311,1
4312,2
4313,2
4314,2
4315,2
4316,2
4317,1
4318,0
4319,1
4320,0
4321,1
4322,1
4323,0
4324,0
4325,1
4326,2
4327,2
4328,1
4329,0
4330,1
4331,2
4332,1
4333,2
4334,0
4335,0
4336,2
4337,1
4338,2
4339,2
4340,2
4341,0
4342,0
4343,1
4344,0
4345,2
4346,0
4347,1
4348,2
4349,2
4350,1
4351,0
4352,1
4353,2
4354,0
4355,0
4356,0
4357,2
4358,0
4359,0
4360,2
4361,0
4362,2
4363,2
4364,2
4365,0
4366,1
4367,0
4368,1
4369,1
4370,2
4371,1
4372,1
4373,2
4374,1
4375,2
4376,1
4377,1
4378,1
4379,0
4380,2
4381,2
4382,1
4383,2
4384,1
4385,0
4386,0
4387,1
4388,0
4389,1
4390,2
4391,2
4392,0
4393,0
4394,2
4395,2
4396,2
4397,2
4398,0
4399,0
4400,2
4401,1
4402,0
4403,0
4404,1
4405,2
4406,0
4407,1
4408,2
4409,2
4410,0
4411,0
4412,2
4413,2
4414,2
4415,1
4416,1
4417,2
4418,2
4419,0
4420,0
4421,0
4422,1
4423,2
4424,0
4425,0
4426,0
4427,0
4428,2
4429,0
4430,2
4431,2
4432,2
4433,0
4434,2
4435,0
4436,0
4437,2
4438,2
4439,1
4440,0
4441,2
4442,0
4443,2
4444,1
4445,0
4446,1
4447,0
4448,0
4449,2
4450,0
4451,0
4452,1
4453,1
4454,2
4455,1
4456,2
4457,2
4458,0
4459,2
4460,0
4461,0
4462,1
4463,1
4464,0
4465,0
4466,2
4467,2
4468,1
4469,0
4470,2
4471,1
4472,2
4473,0
4474,2
4475,0
4476,0
4477,2
4478,2
4479,2
4480,0
4481,2
4482,0
4483,1
4484,2
4485,1
4486,1
4487,1
4488,2
4489,2
4490,1
4491,1
4492,1
4493,0
4494,1
4495,0
4496,1
4497,2
4498,0
4499,0
4500,0
4501,2
4502,0
4503,2
4504,1
4505,1
4506,0
4507,1
4508,2
4509,2
4510,1
4511,2
4512,2
4513,1
4514,1
4515,2
4516,2
4517,2
4518,2
4519,0
4520,0
4521,0
4522,2
4523,0
4524,2
4525,2
4526,1
4527,1
4528,0
4529,1
4530,2
4531,2
4532,2
4533,2
4534,2
4535,1
4536,2
4537,0
4538,1
4539,0
4540,0
4541,1
4542,0
4543,2
4544,2
4545,2
4546,0
4547,1
4548,1
4549,0
4550,2
4551,2
4552,0
4553,2
4554,2
4555,1
4556,0
4557,0
4558,1
4559,1
4560,0
4561,2
4562,0
4563,1
4564,0
4565,1
4566,2
4567,2
4568,1
4569,2
4570,2
4571,2
4572,0
4573,1
4574,1
4575,0
4576,0
4577,0
4578,1
4579,0
4580,1
4581,0
4582,1
4583,2
4584,0
4585,2
4586,0
4587,1
4588,0
4589,2
4590,0
4591,2
4592,1
4593,2
4594,2
4595,2
4596,0
4597,0
4598,0
4599,2
4600,2
4601,2
4602,1
4603,2
4604,0
4605,2
4606,2
4607,2
4608,2
4609,1
4610,2
4611,1
4612,0
4613,0
4614,0
4615,2
4616,1
4617,0
4618,2
4619,0
4620,0
4621,2
4622,0
4623,0
4624,2
4625,0
4626,2
4627,1
4628,0
4629,1
4630,0
4631,0
4632,1
4633,1
4634,0
4635,2
4636,2
4637,0
4638,0
4639,0
4640,2
4641,2
4642,2
4643,0
4644,0
4645,1
4646,0
4647,2
4648,2
4649,2
4650,0
4651,0
4652,2
4653,0
4654,0
4655,0
4656,2
4657,2
4658,0
4659,2
4660,1
4661,2
4662,2
4663,2
4664,2
4665,0
4666,0
4667,2
4668,0
4669,1
4670,0
4671,2
4672,0
4673,0
4674,1
4675,2
4676,0
4677,1
4678,2
4679,0
4680,1
4681,2
4682,1
4683,1
4684,0
4685,0
4686,0
4687,0
4688,2
4689,0
4690,1
4691,1
4692,1
4693,1
4694,0
4695,1
4696,1
4697,0
4698,0
4699,1
4700,0
4701,1
4702,1
4703,1
4704,0
4705,0
4706,2
4707,0
4708,0
4709,2
4710,2
4711,0
4712,1
4713,2
4714,0
4715,1
4716,1
4717,1
4718,0
4719,1
4720,0
4721,0
4722,1
4723,0
4724,0
4725,1
4726,2
4727,1
4728,1
4729,0
4730,0
4731,0
4732,0
4733,2
4734,0
4735,1
4736,0
4737,1
4738,1
4739,0
4740,1
4741,1
4742,0
4743,1
4744,0
4745,2
4746,0
4747,2
4748,0
4749,0
4750,1
4751,1
4752,0
4753,0
4754,0
4755,2
4756,1
4757,2
4758,1
4759,0
4760,1
4761,0
4762,2
4763,2
4764,0
4765,0
4766,2
4767,1
4768,2
4769,2
4770,1
4771,2
4772,1
4773,0
4774,0
4775,2
4776,0
4777,2
4778,1
4779,1
4780,0
4781,1
4782,0
4783,0
4784,0
4785,1
4786,0
4787,1
4788,2
4789,1
4790,0
4791,2
4792,0
4793,2
4794,2
4795,2
4796,1
4797,1
4798,2
4799,2
4800,0
4801,1
4802,2
4803,0
4804,1
4805,1
4806,0
4807,1
4808,2
4809,2
4810,2
4811,2
4812,0
4813,0
4814,1
4815,2
4816,2
4817,1
4818,0
4819,1
4820,2
4821,2
4822,0
4823,2
4824,0
4825,1
4826,2
4827,1
4828,1
4829,2
4830,0
4831,2
4832,2
4833,1
4834,1
4835,0
4836,2
4837,0
4838,1
4839,0
4840,2
4841,2
4842,2
4843,2
4844,2
4845,1
4846,1
4847,1
4848,0
4849,2
4850,2
4851,0
4852,1
4853,1
4854,0
4855,0
4856,1
4857,2
4858,1
4859,1
4860,1
4861,0
4862,0
4863,0
4864,0
4865,1
4866,1
4867,2
4868,2
4869,0
4870,0
4871,1
4872,2
4873,1
4874,0
4875,0
4876,0
4877,2
4878,1
4879,0
4880,0
4881,0
4882,0
4883,0
4884,0
4885,2
4886,2
4887,1
4888,2
4889,1
4890,0
4891,0
4892,0
4893,0
4894,2
4895,2
4896,1
4897,0
4898,2
4899,0
4900,0
4901,0
4902,0
4903,2
4904,2
4905,1
4906,2
4907,0
4908,1
4909,0
4910,0
4911,0
4912,2
4913,0
4914,1
4915,2
4916,2
4917,2
4918,2
4919,0
4920,1
4921,0
4922,1
4923,1
4924,0
4925,0
4926,2
4927,0
4928,2
4929,0
4930,1
4931,0
4932,0
4933,0
4934,0
4935,0
4936,0
4937,2
4938,2
4939,2
4940,0
4941,2
4942,1
4943,1
4944,2
4945,0
4946,2
4947,2
4948,0
4949,0
4950,2
4951,0
4952,1
4953,2
4954,0
4955,1
4956,2
4957,2
4958,1
4959,2
4960,1
4961,1
4962,0
4963,1
4964,2
4965,2
4966,2
4967,1
4968,0
4969,0
4970,0
4971,1
4972,0
4973,2
4974,2
4975,1
4976,0
4977,2
4978,2
4979,1
4980,0
4981,2
4982,2
4983,0
4984,2
4985,0
4986,2
4987,1
4988,1
4989,0
4990,0
4991,0
4992,0
4993,0
4994,0
4995,2
4996,2
4997,1
4998,2
4999,2
5000,2
5001,2
5002,0
5003,2
5004,0
5005,0
5006,0
5007,2
5008,2
5009,0
5010,2
5011,2
5012,2
5013,0
5014,2
5015,1
5016,0
5017,1
5018,0
5019,0
5020,0
5021,0
5022,1
5023,1
5024,2
5025,1
5026,0
5027,2
5028,0
5029,0
5030,2
5031,2
5032,2
5033,0
5034,1
5035,1
5036,2
5037,2
5038,0
5039,0
5040,2
5041,1
5042,0
5043,0
5044,2
5045,1
5046,0
5047,0
5048,0
5049,2
5050,2
5051,1
5052,2
5053,2
5054,1
5055,2
5056,1
5057,0
5058,0
5059,2
5060,2
5061,2
5062,2
5063,1
5064,1
5065,2
5066,0
5067,2
5068,0
5069,0
5070,0
5071,0
5072,2
5073,2
5074,1
5075,2
5076,1
5077,0
5078,2
5079,0
5080,2
5081,0
5082,1
5083,1
5084,2
5085,1
5086,0
5087,2
5088,1
5089,2
5090,0
5091,2
5092,0
5093,0
5094,2
5095,1
5096,1
5097,0
5098,0
5099,0
5100,0
5101,2
5102,0
5103,2
5104,2
5105,2
5106,0
5107,2
5108,1
5109,2
5110,1
5111,0
5112,2
5113,1
5114,1
5115,1
5116,1
5117,0
5118,1
5119,0
5120,2
5121,2
5122,0
5123,0
5124,2
5125,0
5126,0
5127,0
5128,1
5129,0
5130,2
5131,0
5132,0
5133,1
5134,0
5135,2
5136,0
5137,1
5138,1
5139,0
5140,0
5141,2
5142,2
5143,0
5144,0
5145,2
5146,2
5147,0
5148,0
5149,1
5150,0
5151,0
5152,0
5153,0
5154,2
5155,2
5156,2
5157,2
5158,1
5159,2
5160,0
5161,0
5162,2
5163,2
5164,0
5165,1
5166,0
5167,1
5168,2
5169,2
5170,2
5171,0
5172,1
5173,0
5174,0
5175,0
5176,2
5177,0
5178,2
5179,2
5180,1
5181,1
5182,2
5183,2
5184,1
5185,1
5186,1
5187,1
5188,0
5189,2
5190,1
5191,0
5192,0
5193,0
5194,1
5195,2
5196,0
5197,0
5198,0
5199,1
5200,2
5201,0
5202,0
5203,0
5204,0
5205,0
5206,0
5207,0
5208,2
5209,2
5210,0
5211,1
5212,0
5213,2
5214,0
5215,2
5216,0
5217,0
5218,2
5219,2
5220,1
5221,2
5222,0
5223,2
5224,2
5225,1
5226,2
5227,2
5228,2
5229,2
5230,0
5231,2
5232,2
5233,0
5234,0
5235,0
5236,1
5237,2
5238,1
5239,1
5240,0
5241,0
5242,0
5243,1
5244,0
5245,0
5246,0
5247,2
5248,2
5249,0
5250,1
5251,0
5252,2
5253,2
5254,2
5255,1
5256,2
5257,0
5258,1
5259,0
5260,0
5261,1
5262,1
5263,2
5264,0
5265,0
5266,0
5267,2
5268,0
5269,1
5270,2
5271,0
5272,2
5273,0
5274,2
5275,2
5276,0
5277,1
5278,1
5279,0
5280,0
5281,1
5282,1
5283,2
5284,2
5285,0
5286,1
5287,1
5288,1
5289,1
5290,0
5291,0
5292,0
5293,1
5294,2
5295,2
5296,2
5297,1
5298,0
5299,1
5300,0
5301,2
5302,0
5303,0
5304,2
5305,1
5306,2
5307,2
5308,0
5309,2
5310,2
5311,0
5312,0
5313,0
5314,2
5315,2
5316,1
5317,1
5318,0
5319,0
5320,2
5321,0
5322,1
5323,2
5324,2
5325,1
5326,0
5327,1
5328,0
5329,2
5330,2
5331,2
5332,1
5333,2
5334,0
5335,0
5336,2
5337,2
5338,0
5339,2
5340,2
5341,1
5342,2
5343,1
5344,1
5345,0
5346,2
5347,0
5348,2
5349,1
5350,2
5351,0
5352,1
5353,2
5354,0
5355,1
5356,1
5357,1
5358,0
5359,2
5360,2
5361,0
5362,2
5363,2
5364,1
5365,0
5366,2
5367,0
5368,0
5369,0
5370,1
5371,2
5372,2
5373,2
5374,1
5375,0
5376,1
5377,2
5378,2
5379,2
5380,0
5381,1
5382,1
5383,2
5384,0
5385,0
5386,0
5387,2
5388,2
5389,2
5390,0
5391,2
5392,2
5393,2
5394,1
5395,0
5396,2
5397,0
5398,2
5399,1
5400,2
5401,2
5402,2
5403,0
5404,2
5405,1
5406,0
5407,2
5408,0
5409,0
5410,2
5411,0
5412,1
5413,0
5414,2
5415,0
5416,0
5417,0
5418,2
5419,0
5420,0
5421,1
5422,1
5423,2
5424,1
5425,0
5426,2
5427,2
5428,2
5429,0
5430,0
5431,1
5432,2
5433,2
5434,0
5435,0
5436,2
5437,2
5438,1
5439,0
5440,0
5441,2
5442,2
5443,0
5444,0
5445,2
5446,2
5447,2
5448,0
5449,1
5450,2
5451,2
5452,1
5453,0
5454,0
5455,2
5456,2
5457,2
5458,2
5459,2
5460,0
5461,0
5462,1
5463,1
5464,1
5465,0
5466,0
5467,2
5468,2
5469,0
5470,2
5471,0
5472,1
5473,0
5474,1
5475,2
5476,1
5477,1
5478,0
5479,0
5480,2
5481,1
5482,0
5483,1
5484,0
5485,1
5486,0
5487,0
5488,2
5489,0
5490,0
5491,1
5492,2
5493,2
5494,0
5495,0
5496,0
5497,1
5498,0
5499,1
5500,0
5501,2
5502,2
5503,0
5504,0
5505,0
5506,1
5507,2
5508,1
5509,2
5510,0
5511,0
5512,2
5513,2
5514,2
5515,2
5516,0
5517,2
5518,2
5519,1
5520,1
5521,1
5522,1
5523,1
5524,1
5525,0
5526,1
5527,0
5528,0
5529,1
5530,2
5531,2
5532,1
5533,2
5534,2
5535,1
5536,0
5537,2
5538,2
5539,0
5540,1
5541,2
5542,1
5543,2
5544,0
5545,0
5546,2
5547,0
5548,0
5549,1
5550,0
5551,1
5552,0
5553,2
5554,1
5555,2
5556,0
5557,2
5558,0
5559,0
5560,0
5561,2
5562,2
5563,0
5564,1
5565,0
5566,1
5567,0
5568,1
5569,2
5570,2
5571,0
5572,2
5573,2
5574,2
5575,1
5576,1
5577,2
5578,0
5579,1
5580,1
5581,0
5582,1
5583,0
5584,1
5585,2
5586,2
5587,1
5588,0
5589,2
5590,0
5591,0
5592,0
5593,1
5594,0
5595,0
5596,1
5597,1
5598,0
5599,0
5600,0
5601,1
5602,2
5603,2
5604,1
5605,2
5606,0
5607,0
5608,0
5609,0
5610,2
5611,0
5612,1
5613,2
5614,1
5615,2
5616,1
5617,1
5618,1
5619,2
5620,0
5621,2
5622,0
5623,2
5624,0
5625,2
5626,2
5627,2
5628,1
5629,1
5630,2
5631,1
5632,1
5633,0
5634,1
5635,0
5636,2
5637,0
5638,2
5639,1
5640,2
5641,1
5642,2
5643,0
5644,1
5645,1
5646,0
5647,0
5648,2
5649,1
5650,1
5651,0
5652,2
5653,0
5654,0
5655,2
5656,2
5657,1
5658,2
5659,0
5660,1
5661,1
5662,2
5663,0
5664,2
5665,1
5666,2
5667,1
5668,2
5669,0
5670,0
5671,1
5672,2
5673,2
5674,0
5675,0
5676,0
5677,2
5678,2
5679,1
5680,2
5681,0
5682,2
5683,1
5684,2
5685,2
5686,0
5687,0
5688,2
5689,2
5690,1
5691,2
5692,2
5693,0
5694,0
5695,2
5696,2
5697,0
5698,2
5699,1
5700,0
5701,0
5702,0
5703,2
5704,2
5705,2
5706,2
5707,0
5708,0
5709,1
5710,0
5711,1
5712,1
5713,2
5714,0
5715,0
5716,2
5717,0
5718,0
5719,0
5720,2
5721,0
5722,2
5723,2
5724,2
5725,0
5726,2
5727,1
5728,1
5729,0
5730,2
5731,2
5732,0
5733,2
5734,0
5735,0
5736,1
5737,1
5738,1
5739,1
5740,2
5741,1
5742,1
5743,1
5744,2
5745,0
5746,2
5747,0
5748,1
5749,1
5750,0
5751,1
5752,0
5753,0
5754,1
5755,2
5756,1
5757,0
5758,0
5759,1
5760,1
5761,1
5762,0
5763,1
5764,0
5765,0
5766,1
5767,0
5768,2
5769,0
5770,1
5771,0
5772,2
5773,0
5774,1
5775,2
5776,0
5777,0
5778,2
5779,0
5780,0
5781,1
5782,2
5783,2
5784,0
5785,2
5786,2
5787,2
5788,1
5789,0
5790,2
5791,1
5792,0
5793,1
5794,2
5795,1
5796,0
5797,1
5798,2
5799,1
5800,1
5801,1
5802,0
5803,0
5804,2
5805,2
5806,0
5807,0
5808,0
5809,1
5810,1
5811,2
5812,2
5813,1
5814,1
5815,1
5816,0
5817,0
5818,1
5819,0
5820,0
5821,2
5822,2
5823,0
5824,0
5825,2
5826,1
5827,2
5828,0
5829,0
5830,2
5831,0
5832,1
5833,2
5834,1
5835,2
5836,1
5837,2
5838,2
5839,2
5840,1
5841,0
5842,2
5843,1
5844,1
5845,0
5846,1
5847,2
5848,2
5849,0
5850,2
5851,0
5852,2
5853,0
5854,1
5855,1
5856,0
5857,2
5858,2
5859,1
5860,1
5861,0
5862,0
5863,1
5864,1
5865,2
5866,1
5867,0
5868,0
5869,0
5870,0
5871,0
5872,2
5873,1
5874,1
5875,2
5876,1
5877,2
5878,1
5879,1
5880,0
5881,2
5882,0
5883,2
5884,2
5885,0
5886,2
5887,2
5888,1
5889,1
5890,2
5891,2
5892,2
5893,2
5894,1
5895,2
5896,2
5897,1
5898,0
5899,1
5900,1
5901,2
5902,0
5903,0
5904,1
5905,1
5906,1
5907,0
5908,1
5909,0
5910,0
5911,2
5912,0
5913,0
5914,1
5915,2
5916,1
5917,1
5918,2
5919,0
5920,0
5921,2
5922,1
5923,0
5924,0
5925,1
5926,2
5927,0
5928,2
5929,1
5930,2
5931,0
5932,2
5933,2
5934,1
5935,1
5936,0
5937,2
5938,0
5939,0
5940,0
5941,1
5942,0
5943,1
5944,2
5945,2
5946,2
5947,0
5948,1
5949,0
5950,2
5951,0
5952,1
5953,2
5954,0
5955,0
5956,0
5957,0
5958,2
5959,0
5960,0
5961,1
5962,0
5963,0
5964,1
5965,2
5966,0
5967,0
5968,1
5969,2
5970,0
5971,2
5972,2
5973,2
5974,1
5975,1
5976,0
5977,1
5978,0
5979,0
5980,2
5981,2
5982,0
5983,1
5984,1
5985,1
5986,2
5987,2
5988,0
5989,0
5990,0
5991,2
5992,2
5993,2
5994,2
5995,0
5996,0
5997,0
5998,2
5999,1
6000,1
6001,0
6002,1
6003,0
6004,0
6005,2
6006,1
6007,2
6008,1
6009,1
6010,1
6011,1
6012,1
6013,0
6014,2
6015,2
6016,0
6017,1
6018,0
6019,0
6020,2
6021,0
6022,1
6023,2
6024,1
6025,1
6026,1
6027,2
6028,1
6029,1
6030,2
6031,1
6032,2
6033,0
6034,1
6035,2
6036,2
6037,0
6038,2
6039,2
6040,1
6041,0
6042,2
6043,0
6044,2
6045,2
6046,0
6047,1
6048,0
6049,0
6050,2
6051,0
6052,2
6053,1
6054,1
6055,0
6056,0
6057,2
6058,2
6059,2
6060,0
6061,0
6062,2
6063,0
6064,0
6065,2
6066,2
6067,0
6068,1
6069,1
6070,0
6071,0
6072,2
6073,0
6074,2
6075,1
6076,1
6077,2
6078,0
6079,0
6080,2
6081,1
6082,0
6083,2
6084,1
6085,1
6086,0
6087,2
6088,0
6089,0
6090,0
6091,2
6092,2
6093,0
6094,1
6095,1
6096,2
6097,2
6098,2
6099,1
6100,2
6101,1
6102,2
6103,2
6104,2
6105,2
6106,0
6107,0
6108,1
6109,2
6110,1
6111,1
6112,2
6113,1
6114,0
6115,2
6116,0
6117,0
6118,0
6119,0
6120,2
6121,0
6122,2
6123,2
6124,2
6125,0
6126,1
6127,1
6128,0
6129,1
6130,0
6131,2
6132,0
6133,0
6134,2
6135,0
6136,1
6137,0
6138,0
6139,1
6140,0
6141,1
6142,1
6143,2
6144,1
6145,0
6146,1
6147,2
6148,1
6149,2
6150,1
6151,0
6152,0
6153,1
6154,0
6155,2
6156,2
6157,0
6158,2
6159,0
6160,0
6161,0
6162,2
6163,0
6164,2
6165,0
6166,2
6167,0
6168,1
6169,0
6170,2
6171,1
6172,1
6173,1
6174,0
6175,0
6176,0
6177,0
6178,2
6179,0
6180,0
6181,0
6182,2
6183,1
6184,0
6185,2
6186,0
6187,2
6188,2
6189,2
6190,1
6191,0
6192,1
6193,2
6194,0
6195,1
6196,2
6197,0
6198,2
6199,2
6200,0
6201,1
6202,2
6203,1
6204,0
6205,2
6206,1
6207,0
6208,0
6209,1
6210,2
6211,2
6212,2
6213,2
6214,1
6215,0
6216,0
6217,0
6218,0
6219,2
6220,0
6221,2
6222,0
6223,0
6224,2
6225,0
6226,2
6227,1
6228,0
6229,0
6230,0
6231,0
6232,0
6233,1
6234,1
6235,2
6236,0
6237,0
6238,0
6239,1
6240,2
6241,0
6242,1
6243,0
6244,2
6245,0
6246,2
6247,2
6248,2
6249,1
6250,0
6251,1
6252,1
6253,2
6254,2
6255,1
6256,1
6257,1
6258,0
6259,1
6260,0
6261,0
6262,1
6263,2
6264,0
6265,2
6266,2
6267,0
6268,2
6269,0
6270,1
6271,1
6272,1
6273,0
6274,2
6275,0
6276,2
6277,2
6278,2
6279,2
6280,2
6281,0
6282,2
6283,0
6284,2
6285,1
6286,0
6287,2
6288,0
6289,1
6290,0
6291,2
6292,2
6293,0
6294,0
6295,1
6296,2
6297,2
6298,0
6299,1
6300,0
6301,2
6302,0
6303,2
6304,0
6305,2
6306,2
6307,2
6308,2
6309,2
6310,0
6311,0
6312,0
6313,2
6314,2
6315,0
6316,2
6317,1
6318,0
6319,1
6320,2
6321,0
6322,0
6323,2
6324,0
6325,0
6326,0
6327,1
6328,0
6329,1
6330,0
6331,2
6332,1
6333,2
6334,2
6335,0
6336,2
6337,1
6338,0
6339,2
6340,0
6341,2
6342,2
6343,2
6344,1
6345,0
6346,1
6347,0
6348,1
6349,2
6350,2
6351,2
6352,1
6353,0
6354,1
6355,1
6356,1
6357,2
6358,0
6359,2
6360,1
6361,2
6362,1
6363,2
6364,2
6365,0
6366,2
6367,2
6368,0
6369,2
6370,0
6371,1
6372,1
6373,0
6374,0
6375,2
6376,1
6377,2
6378,2
6379,2
6380,0
6381,2
6382,2
6383,1
6384,0
6385,1
6386,2
6387,0
6388,1
6389,0
6390,1
6391,0
6392,1
6393,0
6394,1
6395,2
6396,2
6397,0
6398,0
6399,0
6400,0
6401,0
6402,2
6403,1
6404,1
6405,2
6406,0
6407,0
6408,2
6409,2
6410,1
6411,2
6412,1
6413,1
6414,1
6415,0
6416,0
6417,0
6418,0
6419,1
6420,1
6421,2
6422,2
6423,2
6424,0
6425,2
6426,0
6427,1
6428,2
6429,1
6430,2
6431,2
6432,0
6433,2
6434,1
6435,1
6436,0
6437,2
6438,0
6439,1
6440,1
6441,2
6442,0
6443,0
6444,1
6445,2
6446,0
6447,0
6448,0
6449,0
6450,2
6451,2
6452,0
6453,0
6454,0
6455,0
6456,2
6457,2
6458,0
6459,2
6460,1
6461,0
6462,0
6463,0
6464,0
6465,0
6466,2
6467,0
6468,0
6469,0
6470,1
6471,1
6472,0
6473,0
6474,1
6475,0
6476,2
6477,0
6478,0
6479,0
6480,2
6481,2
6482,0
6483,2
6484,2
6485,1
6486,0
6487,2
6488,0
6489,1
6490,2
6491,2
6492,2
6493,1
6494,2
6495,2
6496,0
6497,2
6498,2
6499,1
6500,0
6501,2
6502,0
6503,0
6504,0
6505,0
6506,1
6507,0
6508,1
6509,2
6510,0
6511,2
6512,2
6513,2
6514,0
6515,0
6516,2
6517,0
6518,0
6519,1
6520,0
6521,0
6522,1
6523,2
6524,0
6525,0
6526,1
6527,2
6528,2
6529,0
6530,2
6531,0
6532,2
6533,2
6534,0
6535,1
6536,0
6537,2
6538,1
6539,2
6540,1
6541,2
6542,0
6543,2
6544,1
6545,0
6546,2
6547,2
6548,2
6549,1
6550,0
6551,2
6552,0
6553,1
6554,1
6555,2
6556,1
6557,1
6558,0
6559,2
6560,0
6561,0
6562,1
6563,2
6564,0
6565,0
6566,0
6567,2
6568,0
6569,1
6570,1
6571,2
6572,0
6573,0
6574,2
6575,0
6576,1
6577,1
6578,2
6579,1
6580,1
6581,1
6582,2
6583,0
6584,1
6585,2
6586,1
6587,2
6588,0
6589,0
6590,0
6591,0
6592,2
6593,1
6594,0
6595,2
6596,0
6597,1
6598,0
6599,1
6600,0
6601,0
6602,1
6603,2
6604,2
6605,0
6606,2
6607,2
6608,1
6609,2
6610,2
6611,0
6612,0
6613,1
6614,2
6615,2
6616,2
6617,2
6618,0
6619,0
6620,1
6621,0
6622,0
6623,0
6624,2
6625,2
6626,0
6627,1
6628,0
6629,1
6630,2
6631,0
6632,0
6633,2
6634,1
6635,0
6636,0
6637,1
6638,0
6639,0
6640,0
6641,1
6642,2
6643,0
6644,2
6645,1
6646,0
6647,0
6648,0
6649,1
6650,2
6651,1
6652,0
6653,2
6654,2
6655,0
6656,1
6657,2
6658,0
6659,0
6660,0
6661,0
6662,0
6663,2
6664,2
6665,2
6666,2
6667,0
6668,1
6669,2
6670,2
6671,0
6672,2
6673,2
6674,0
6675,2
6676,0
6677,2
6678,0
6679,0
6680,0
6681,1
6682,0
6683,0
6684,0
6685,1
6686,1
6687,1
6688,1
6689,1
6690,2
6691,1
6692,1
6693,0
6694,0
6695,1
6696,0
6697,2
6698,2
6699,1
6700,2
6701,2
6702,0
6703,1
6704,2
6705,2
6706,2
6707,2
6708,0
6709,2
6710,2
6711,0
6712,1
6713,2
6714,1
6715,0
6716,2
6717,1
6718,1
6719,1
6720,0
6721,0
6722,0
6723,2
6724,1
6725,2
6726,2
6727,1
6728,0
6729,2
6730,0
6731,1
6732,1
6733,1
6734,0
6735,2
6736,0
6737,0
6738,0
6739,2
6740,2
6741,1
6742,0
6743,0
6744,0
6745,0
6746,0
6747,1
6748,2
6749,2
6750,0
6751,0
6752,2
6753,0
6754,1
6755,1
6756,2
6757,0
6758,0
6759,0
6760,2
6761,2
6762,2
6763,2
6764,0
6765,1
6766,0
6767,1
6768,1
6769,2
6770,0
6771,2
6772,0
6773,0
6774,0
6775,0
6776,0
6777,1
6778,2
6779,2
6780,2
6781,0
6782,1
6783,2
6784,0
6785,1
6786,2
6787,1
6788,2
6789,0
6790,2
6791,1
6792,1
6793,0
6794,0
6795,2
6796,2
6797,0
6798,0
6799,1
6800,0
6801,0
6802,1
6803,2
6804,0
6805,0
6806,1
6807,2
6808,0
6809,0
6810,2
6811,0
6812,1
6813,0
6814,2
6815,0
6816,1
6817,1
6818,2
6819,1
6820,1
6821,0
6822,1
6823,1
6824,0
6825,2
6826,0
6827,0
6828,1
6829,1
6830,2
6831,2
6832,0
6833,1
6834,1
6835,1
6836,2
6837,0
6838,1
6839,1
6840,2
6841,2
6842,0
6843,0
6844,1
6845,0
6846,2
6847,2
6848,0
6849,2
6850,1
6851,1
6852,0
6853,0
6854,0
6855,0
6856,0
6857,0
6858,0
6859,2
6860,1
6861,1
6862,1
6863,1
6864,0
6865,1
6866,1
6867,1
6868,0
6869,0
6870,1
6871,2
6872,1
6873,0
6874,1
6875,0
6876,0
6877,0
6878,0
6879,0
6880,1
6881,0
6882,2
6883,1
6884,2
6885,0
6886,1
6887,2
6888,0
6889,0
6890,2
6891,1
6892,0
6893,2
6894,2
6895,2
6896,0
6897,0
6898,2
6899,0
6900,0
6901,1
6902,0
6903,0
6904,2
6905,0
6906,0
6907,2
6908,2
6909,0
6910,2
6911,2
6912,2
6913,0
6914,1
6915,2
6916,0
6917,2
6918,2
6919,0
6920,0
6921,1
6922,2
6923,0
6924,2
6925,2
6926,1
6927,0
6928,0
6929,2
6930,0
6931,0
6932,0
6933,1
6934,0
6935,0
6936,0
6937,2
6938,1
6939,0
6940,0
6941,0
6942,1
6943,2
6944,1
6945,0
6946,2
6947,2
6948,0
6949,1
6950,0
6951,1
6952,1
6953,2
6954,1
6955,0
6956,1
6957,0
6958,0
6959,0
6960,1
6961,1
6962,0
6963,0
6964,0
6965,2
6966,0
6967,0
6968,1
6969,2
6970,2
6971,0
6972,1
6973,2
6974,0
6975,1
6976,0
6977,2
6978,0
6979,0
6980,0
6981,2
6982,2
6983,0
6984,0
6985,0
6986,1
6987,1
6988,0
6989,1
6990,1
6991,2
6992,2
6993,0
6994,1
6995,1
6996,0
6997,1
6998,2
6999,1
7000,1
7001,2
7002,2
7003,2
7004,2
7005,2
7006,1
7007,1
7008,2
7009,2
7010,0
7011,2
7012,0
7013,0
7014,2
7015,0
7016,1
7017,0
7018,0
7019,1
7020,0
7021,0
7022,1
7023,1
7024,0
7025,1
7026,2
7027,2
7028,2
7029,2
7030,2
7031,2
7032,2
7033,2
7034,1
7035,2
7036,2
7037,0
7038,0
7039,1
7040,2
7041,0
7042,0
7043,1
7044,2
7045,1
7046,0
7047,0
7048,1
7049,0
7050,1
7051,1
7052,2
7053,0
7054,0
7055,1
7056,1
7057,1
7058,0
7059,2
7060,0
7061,2
7062,2
7063,2
7064,2
7065,0
7066,2
7067,2
7068,1
7069,2
7070,2
7071,0
7072,0
7073,0
7074,1
7075,2
7076,1
7077,1
7078,2
7079,2
7080,1
7081,1
7082,0
7083,1
7084,0
7085,0
7086,2
7087,1
7088,0
7089,2
7090,0
7091,1
7092,1
7093,0
7094,0
7095,0
7096,2
7097,2
7098,0
7099,0
7100,0
7101,1
7102,1
7103,2
7104,1
7105,2
7106,1
7107,0
7108,2
7109,1
7110,2
7111,0
7112,2
7113,0
7114,1
7115,2
7116,1
7117,0
7118,0
7119,2
7120,1
7121,1
7122,2
7123,2
7124,2
7125,0
7126,1
7127,2
7128,0
7129,0
7130,1
7131,2
7132,1
7133,2
7134,0
7135,1
7136,2
7137,1
7138,1
7139,1
7140,1
7141,2
7142,0
7143,1
7144,0
7145,0
7146,1
7147,0
7148,0
7149,0
7150,0
7151,2
7152,2
7153,0
7154,2
7155,0
7156,0
7157,2
7158,1
7159,0
7160,2
7161,0
7162,1
7163,0
7164,0
7165,0
7166,2
7167,0
7168,2
7169,1
7170,0
7171,2
7172,1
7173,0
7174,2
7175,0
7176,0
7177,0
7178,0
7179,0
7180,0
7181,1
7182,0
7183,0
7184,0
7185,2
7186,0
7187,0
7188,0
7189,0
7190,2
7191,2
7192,0
7193,2
7194,2
7195,1
7196,1
7197,1
7198,0
7199,0
7200,2
7201,1
7202,0
7203,2
7204,1
7205,2
7206,2
7207,2
7208,1
7209,0
7210,0
7211,2
7212,1
7213,1
7214,2
7215,0
7216,0
7217,1
7218,1
7219,0
7220,2
7221,1
7222,1
7223,0
7224,1
7225,1
7226,1
7227,0
7228,1
7229,0
7230,0
7231,2
7232,1
7233,2
7234,2
7235,2
7236,2
7237,1
7238,2
7239,1
7240,2
7241,0
7242,2
7243,2
7244,0
7245,2
7246,0
7247,2
7248,2
7249,2
7250,1
7251,1
7252,2
7253,0
7254,0
7255,2
7256,2
7257,0
7258,2
7259,0
7260,1
7261,0
7262,1
7263,2
7264,0
7265,0
7266,2
7267,2
7268,0
7269,2
7270,0
7271,1
7272,0
7273,1
7274,2
7275,2
7276,0
7277,1
7278,2
7279,0
7280,1
7281,0
7282,2
7283,2
7284,2
7285,2
7286,2
7287,1
7288,2
7289,1
7290,0
7291,0
7292,0
7293,2
7294,1
7295,1
7296,1
7297,0
7298,2
7299,2
7300,2
7301,0
7302,1
7303,2
7304,0
7305,0
7306,0
7307,0
7308,2
7309,0
7310,0
7311,2
7312,2
7313,1
7314,2
7315,0
7316,2
7317,1
7318,2
7319,1
7320,1
7321,2
7322,0
7323,2
7324,2
7325,0
7326,1
7327,0
7328,2
7329,0
7330,0
7331,0
7332,2
7333,0
7334,0
7335,1
7336,0
7337,1
7338,1
7339,0
7340,0
7341,0
7342,1
7343,0
7344,1
7345,0
7346,2
7347,1
7348,2
7349,2
7350,0
7351,2
7352,2
7353,0
7354,2
7355,2
7356,2
7357,0
7358,0
7359,0
7360,1
7361,2
7362,2
7363,2
7364,2
7365,0
7366,2
7367,2
7368,0
7369,1
7370,1
7371,0
7372,0
7373,2
7374,1
7375,0
7376,2
7377,0
7378,1
7379,2
7380,0
7381,0
7382,0
7383,2
7384,2
7385,1
7386,1
7387,2
7388,0
7389,0
7390,0
7391,2
7392,1
7393,2
7394,2
7395,1
7396,0
7397,2
7398,0
7399,2
7400,0
7401,2
7402,1
7403,1
7404,1
7405,1
7406,0
7407,2
7408,2
7409,2
7410,2
7411,2
7412,2
7413,1
7414,0
7415,2
7416,1
7417,0
7418,2
7419,2
7420,0
7421,0
7422,1
7423,0
7424,2
7425,1
7426,2
7427,0
7428,2
7429,1
7430,2
7431,2
7432,2
7433,1
7434,0
7435,1
7436,1
7437,1
7438,2
7439,2
7440,1
7441,1
7442,2
7443,1
7444,0
7445,2
7446,2
7447,1
7448,2
7449,0
7450,1
7451,0
7452,2
7453,2
7454,0
7455,1
7456,2
7457,0
7458,1
7459,2
7460,2
7461,1
7462,1
7463,0
7464,2
7465,2
7466,1
7467,0
7468,0
7469,2
7470,1
7471,0
7472,1
7473,1
7474,0
7475,1
7476,1
7477,1
7478,2
7479,0
7480,1
7481,0
7482,1
7483,0
7484,2
7485,0
7486,0
7487,1
7488,0
7489,0
7490,1
7491,1
7492,0
7493,2
7494,0
7495,2
7496,1
7497,1
7498,0
7499,1
7500,0
7501,1
7502,1
7503,2
7504,1
7505,0
7506,2
7507,0
7508,0
7509,2
7510,1
7511,1
7512,2
7513,2
7514,0
7515,1
7516,2
7517,2
7518,0
7519,0
7520,0
7521,0
7522,0
7523,0
7524,2
7525,2
7526,1
7527,0
7528,2
7529,0
7530,2
7531,1
7532,0
7533,2
7534,0
7535,1
7536,2
7537,2
7538,2
7539,2
7540,0
7541,2
7542,2
7543,2
7544,1
7545,2
7546,1
7547,2
7548,1
7549,0
7550,2
7551,0
7552,0
7553,1
7554,2
7555,0
7556,1
7557,1
7558,0
7559,1
7560,0
7561,0
7562,0
7563,2
7564,2
7565,0
7566,0
7567,1
7568,0
7569,0
7570,0
7571,2
7572,0
7573,0
7574,1
7575,1
7576,2
7577,0
7578,2
7579,0
7580,2
7581,2
7582,1
7583,1
7584,0
7585,0
7586,2
7587,1
7588,0
7589,1
7590,1
7591,1
7592,2
7593,2
7594,0
7595,1
7596,0
7597,1
7598,1
7599,0
7600,2
7601,0
7602,2
7603,0
7604,1
7605,0
7606,0
7607,1
7608,1
7609,2
7610,2
7611,0
7612,0
7613,1
7614,2
7615,0
7616,2
7617,2
7618,0
7619,2
7620,1
7621,1
7622,2
7623,1
7624,1
7625,1
7626,1
7627,1
7628,1
7629,2
7630,2
7631,0
7632,0
7633,1
7634,0
7635,2
7636,0
7637,1
7638,2
7639,0
7640,0
7641,2
7642,2
7643,2
7644,0
7645,2
7646,2
7647,0
7648,0
7649,0
7650,0
7651,0
7652,2
7653,2
7654,1
7655,1
7656,0
7657,1
7658,2
7659,2
7660,0
7661,0
7662,0
7663,0
7664,2
7665,2
7666,1
7667,0
7668,0
7669,2
7670,2
7671,1
7672,2
7673,0
7674,2
7675,2
7676,0
7677,1
7678,1
7679,0
7680,0
7681,2
7682,0
7683,2
7684,1
7685,2
7686,2
7687,0
7688,0
7689,0
7690,2
7691,1
7692,2
7693,0
7694,0
7695,1
7696,1
7697,1
7698,0
7699,0
7700,1
7701,0
7702,2
7703,2
7704,2
7705,2
7706,0
7707,0
7708,1
7709,2
7710,0
7711,0
7712,0
7713,2
7714,0
7715,1
7716,2
7717,0
7718,2
7719,0
7720,1
7721,2
7722,0
7723,2
7724,2
7725,1
7726,1
7727,1
7728,1
7729,2
7730,1
7731,2
7732,1
7733,1
7734,0
7735,0
7736,2
7737,1
7738,0
7739,0
7740,2
7741,2
7742,2
7743,0
7744,0
7745,0
7746,2
7747,0
7748,0
7749,0
7750,0
7751,2
7752,0
7753,0
7754,0
7755,2
7756,2
7757,2
7758,2
7759,0
7760,2
7761,2
7762,2
7763,2
7764,1
7765,0
7766,0
7767,2
7768,0
7769,2
7770,0
7771,0
7772,2
7773,0
7774,2
7775,0
7776,0
7777,2
7778,1
7779,2
7780,0
7781,0
7782,2
7783,2
7784,1
7785,1
7786,2
7787,0
7788,2
7789,2
7790,2
7791,0
7792,2
7793,1
7794,0
7795,2
7796,1
7797,0
7798,1
7799,1
7800,2
7801,1
7802,2
7803,2
7804,1
7805,2
7806,2
7807,1
7808,2
7809,1
7810,0
7811,0
7812,0
7813,2
7814,1
7815,2
7816,0
7817,0
7818,1
7819,2
7820,0
7821,1
7822,1
7823,0
7824,2
7825,0
7826,1
7827,0
7828,1
7829,2
7830,1
7831,0
7832,2
7833,2
7834,2
7835,1
7836,2
7837,2
7838,0
7839,0
7840,0
7841,2
7842,0
7843,0
7844,2
7845,2
7846,2
7847,2
7848,0
7849,2
7850,1
7851,2
7852,1
7853,0
7854,0
7855,0
7856,0
7857,0
7858,0
7859,1
7860,0
7861,1
7862,0
7863,0
7864,2
7865,2
7866,1
7867,0
7868,1
7869,0
7870,2
7871,0
7872,0
7873,0
7874,0
7875,0
7876,1
7877,0
7878,1
7879,1
7880,0
7881,2
7882,0
7883,1
7884,1
7885,2
7886,1
7887,2
7888,0
7889,0
7890,2
7891,2
7892,0
7893,0
7894,0
7895,1
7896,2
7897,1
7898,2
7899,0
7900,1
7901,0
7902,0
7903,1
7904,1
7905,2
7906,1
7907,2
7908,0
7909,0
7910,2
7911,2
7912,0
7913,0
7914,2
7915,1
7916,2
7917,2
7918,1
7919,2
7920,0
7921,2
7922,2
7923,0
7924,2
7925,0
7926,1
7927,0
7928,1
7929,0
7930,0
7931,0
7932,0
7933,1
7934,2
7935,0
7936,0
7937,2
7938,2
7939,1
7940,1
7941,0
7942,0
7943,2
7944,2
7945,2
7946,2
7947,0
7948,0
7949,1
7950,2
7951,1
7952,1
7953,0
7954,1
7955,1
7956,0
7957,2
7958,2
7959,2
7960,2
7961,1
7962,0
7963,1
7964,2
7965,2
7966,2
7967,2
7968,1
7969,2
7970,0
7971,0
7972,2
7973,1
7974,2
7975,0
7976,2
7977,1
7978,2
7979,0
7980,2
7981,0
7982,2
7983,0
7984,0
7985,1
7986,2
7987,2
7988,0
7989,0
7990,0
7991,0
7992,2
7993,2
7994,0
7995,2
7996,2
7997,2
7998,2
7999,1
8000,1
8001,2
8002,1
8003,2
8004,1
8005,0
8006,2
8007,1
8008,1
8009,2
8010,1
8011,2
8012,2
8013,2
8014,1
8015,0
8016,2
8017,1
8018,0
8019,2
8020,0
8021,1
8022,2
8023,0
8024,1
8025,2
8026,0
8027,2
8028,2
8029,0
8030,1
8031,1
8032,0
8033,2
8034,1
8035,0
8036,2
8037,0
8038,2
8039,0
8040,2
8041,1
8042,1
8043,0
8044,1
8045,2
8046,1
8047,2
8048,2
8049,2
8050,2
8051,0
8052,0
8053,0
8054,2
8055,2
8056,2
8057,0
8058,1
8059,1
8060,2
8061,0
8062,0
8063,2
8064,0
8065,1
8066,0
8067,1
8068,0
8069,0
8070,1
8071,2
8072,1
8073,2
8074,2
8075,0
8076,1
8077,2
8078,1
8079,0
8080,2
8081,2
8082,0
8083,0
8084,1
8085,0
8086,1
8087,2
8088,2
8089,2
8090,0
8091,1
8092,0
8093,2
8094,1
8095,2
8096,2
8097,1
8098,1
8099,0
8100,0
8101,1
8102,2
8103,2
8104,2
8105,0
8106,0
8107,2
8108,2
8109,0
8110,0
8111,0
8112,0
8113,0
8114,0
8115,0
8116,2
8117,2
8118,2
8119,2
8120,0
8121,2
8122,2
8123,0
8124,2
8125,1
8126,2
8127,2
8128,0
8129,2
8130,1
8131,0
8132,1
8133,1
8134,1
8135,2
8136,2
8137,1
8138,2
8139,2
8140,2
8141,0
8142,0
8143,1
8144,2
8145,0
8146,0
8147,0
8148,0
8149,0
8150,2
8151,1
8152,2
8153,1
8154,2
8155,2
8156,2
8157,0
8158,2
8159,0
8160,1
8161,0
8162,0
8163,2
8164,0
8165,1
8166,0
8167,1
8168,0
8169,2
8170,2
8171,2
8172,0
8173,0
8174,2
8175,1
8176,0
8177,2
8178,2
8179,1
8180,1
8181,0
8182,1
8183,2
8184,1
8185,2
8186,2
8187,2
8188,0
8189,2
8190,2
8191,1
8192,2
8193,2
8194,1
8195,0
8196,2
8197,1
8198,0
8199,0
8200,1
8201,1
8202,1
8203,0
8204,0
8205,0
8206,0
8207,1
8208,1
8209,1
8210,1
8211,2
8212,1
8213,2
8214,0
8215,2
8216,0
8217,0
8218,1
8219,0
8220,2
8221,0
8222,2
8223,2
8224,2
8225,0
8226,0
8227,2
8228,2
8229,2
8230,0
8231,1
8232,1
8233,0
8234,1
8235,2
8236,1
8237,1
8238,2
8239,0
8240,0
8241,1
8242,1
8243,2
8244,0
8245,2
8246,1
8247,2
8248,2
8249,2
8250,2
8251,1
8252,1
8253,0
8254,0
8255,1
8256,1
8257,2
8258,0
8259,1
8260,2
8261,2
8262,0
8263,0
8264,0
8265,0
8266,2
8267,1
8268,0
8269,0
8270,2
8271,1
8272,0
8273,0
8274,0
8275,2
8276,1
8277,1
8278,1
8279,1
8280,1
8281,0
8282,2
8283,1
8284,2
8285,0
8286,2
8287,2
8288,0
8289,2
8290,1
8291,2
8292,0
8293,0
8294,2
8295,2
8296,0
8297,2
8298,2
8299,2
8300,2
8301,2
8302,0
8303,0
8304,2
8305,1
8306,2
8307,2
8308,2
8309,1
8310,0
8311,1
8312,1
8313,1
8314,1
8315,0
8316,1
8317,2
8318,2
8319,1
8320,0
8321,0
8322,0
8323,2
8324,2
8325,2
8326,2
8327,2
8328,2
8329,0
8330,2
8331,0
8332,1
8333,1
8334,2
8335,0
8336,1
8337,0
8338,2
8339,1
8340,0
8341,0
8342,2
8343,1
8344,0
8345,1
8346,2
8347,0
8348,2
8349,1
8350,2
8351,1
8352,2
8353,1
8354,0
8355,0
8356,0
8357,2
8358,2
8359,1
8360,2
8361,0
8362,2
8363,1
8364,1
8365,0
8366,0
8367,0
8368,1
8369,1
8370,2
8371,2
8372,2
8373,2
8374,0
8375,2
8376,2
8377,2
8378,1
8379,2
8380,2
8381,1
8382,0
8383,1
8384,2
8385,1
8386,2
8387,2
8388,1
8389,2
8390,0
8391,0
8392,0
8393,1
8394,0
8395,1
8396,1
8397,0
8398,1
8399,2
8400,1
8401,0
8402,2
8403,2
8404,1
8405,1
8406,2
8407,0
8408,2
8409,2
8410,1
8411,2
8412,2
8413,0
8414,2
8415,2
8416,2
8417,0
8418,2
8419,0
8420,0
8421,0
8422,0
8423,0
8424,2
8425,1
8426,1
8427,2
8428,0
8429,2
8430,1
8431,2
8432,0
8433,1
8434,2
8435,0
8436,0
8437,1
8438,0
8439,2
8440,0
8441,1
8442,2
8443,0
8444,1
8445,2
8446,2
8447,2
8448,1
8449,0
8450,2
8451,1
8452,1
8453,0
8454,2
8455,2
8456,1
8457,2
8458,2
8459,2
8460,1
8461,2
8462,1
8463,2
8464,0
8465,2
8466,1
8467,2
8468,0
8469,1
8470,1
8471,0
8472,1
8473,1
8474,0
8475,2
8476,0
8477,0
8478,1
8479,2
8480,2
8481,0
8482,1
8483,2
8484,1
8485,0
8486,0
8487,2
8488,1
8489,1
8490,2
8491,2
8492,0
8493,0
8494,2
8495,2
8496,0
8497,2
8498,2
8499,2
8500,2
8501,1
8502,0
8503,0
8504,2
8505,1
8506,2
8507,0
8508,2
8509,2
8510,2
8511,0
8512,2
8513,1
8514,2
8515,2
8516,1
8517,0
8518,0
8519,0
8520,0
8521,2
8522,1
8523,1
8524,0
8525,0
8526,1
8527,2
8528,0
8529,1
8530,0
8531,2
8532,2
8533,1
8534,0
8535,0
8536,2
8537,0
8538,0
8539,2
8540,1
8541,0
8542,2
8543,2
8544,2
8545,0
8546,1
8547,0
8548,1
8549,2
8550,2
8551,0
8552,1
8553,2
8554,1
8555,0
8556,0
8557,1
8558,0
8559,0
8560,2
8561,1
8562,1
8563,2
8564,1
8565,1
8566,0
8567,0
8568,1
8569,2
8570,0
8571,2
8572,1
8573,2
8574,2
8575,2
8576,0
8577,2
8578,1
8579,1
8580,0
8581,0
8582,1
8583,0
8584,1
8585,0
8586,2
8587,2
8588,1
8589,2
8590,0
8591,0
8592,1
8593,1
8594,1
8595,1
8596,0
8597,2
8598,2
8599,0
8600,0
8601,2
8602,1
8603,0
8604,2
8605,2
8606,2
8607,2
8608,1
8609,1
8610,0
8611,0
8612,2
8613,1
8614,0
8615,2
8616,0
8617,1
8618,1
8619,0
8620,0
8621,1
8622,0
8623,1
8624,0
8625,2
8626,0
8627,1
8628,2
8629,2
8630,1
8631,0
8632,1
8633,2
8634,0
8635,1
8636,2
8637,1
8638,0
8639,0
8640,2
8641,0
8642,0
8643,0
8644,0
8645,1
8646,2
8647,0
8648,2
8649,0
8650,1
8651,2
8652,0
8653,0
8654,2
8655,0
8656,1
8657,1
8658,0
8659,0
8660,0
8661,1
8662,2
8663,1
8664,1
8665,0
8666,2
8667,2
8668,2
8669,1
8670,2
8671,2
8672,0
8673,1
8674,1
8675,2
8676,0
8677,1
8678,1
8679,0
8680,0
8681,2
8682,1
8683,2
8684,0
8685,2
8686,2
8687,0
8688,2
8689,1
8690,2
8691,2
8692,2
8693,2
8694,0
8695,1
8696,0
8697,0
8698,0
8699,0
8700,1
8701,0
8702,1
8703,0
8704,2
8705,1
8706,2
8707,1
8708,0
8709,0
8710,2
8711,0
8712,2
8713,2
8714,1
8715,1
8716,2
8717,1
8718,0
8719,0
8720,2
8721,0
8722,1
8723,0
8724,1
8725,0
8726,2
8727,0
8728,1
8729,1
8730,1
8731,0
8732,2
8733,1
8734,0
8735,0
8736,2
8737,2
8738,1
8739,0
8740,0
8741,1
8742,0
8743,0
8744,0
8745,2
8746,0
8747,0
8748,0
8749,0
8750,1
8751,0
8752,2
8753,2
8754,1
8755,1
8756,2
8757,0
8758,0
8759,1
8760,2
8761,0
8762,0
8763,1
8764,2
8765,2
8766,2
8767,2
8768,2
8769,0
8770,2
8771,2
8772,0
8773,1
8774,0
8775,1
8776,1
8777,2
8778,1
8779,0
8780,2
8781,2
8782,2
8783,0
8784,2
8785,0
8786,0
8787,0
8788,0
8789,0
8790,1
8791,2
8792,0
8793,2
8794,1
8795,1
8796,0
8797,2
8798,1
8799,0
8800,2
8801,0
8802,2
8803,0
8804,1
8805,0
8806,0
8807,1
8808,0
8809,2
8810,2
8811,1
8812,1
8813,1
8814,1
8815,2
8816,2
8817,2
8818,1
8819,1
8820,1
8821,0
8822,1
8823,0
8824,2
8825,2
8826,1
8827,0
8828,2
8829,0
8830,0
8831,0
8832,1
8833,1
8834,2
8835,1
8836,0
8837,2
8838,0
8839,1
8840,1
8841,0
8842,0
8843,1
8844,2
8845,0
8846,0
8847,1
8848,2
8849,2
8850,0
8851,2
8852,2
8853,0
8854,1
8855,0
8856,1
8857,2
8858,0
8859,1
8860,1
8861,1
8862,0
8863,0
8864,2
8865,0
8866,0
8867,0
8868,2
8869,0
8870,2
8871,1
8872,1
8873,2
8874,2
8875,2
8876,0
8877,0
8878,2
8879,0
8880,2
8881,1
8882,0
8883,1
8884,1
8885,1
8886,2
8887,2
8888,1
8889,0
8890,2
8891,0
8892,1
8893,0
8894,2
8895,0
8896,2
8897,1
8898,0
8899,1
8900,0
8901,2
8902,2
8903,2
8904,0
8905,1
8906,1
8907,0
8908,0
8909,0
8910,0
8911,1
8912,1
8913,0
8914,1
8915,0
8916,0
8917,1
8918,2
8919,1
8920,2
8921,0
8922,2
8923,2
8924,2
8925,2
8926,2
8927,2
8928,2
8929,0
8930,0
8931,0
8932,1
8933,1
8934,2
8935,2
8936,1
8937,0
8938,0
8939,0
8940,0
8941,1
8942,2
8943,2
8944,2
8945,0
8946,2
8947,0
8948,2
8949,1
8950,0
8951,2
8952,0
8953,1
8954,2
8955,1
8956,0
8957,2
8958,0
8959,0
8960,2
8961,1
8962,0
8963,0
8964,0
8965,2
8966,0
8967,1
8968,0
8969,0
8970,2
8971,0
8972,1
8973,1
8974,2
8975,0
8976,1
8977,1
8978,0
8979,0
8980,2
8981,1
8982,0
8983,0
8984,2
8985,2
8986,0
8987,0
8988,0
8989,2
8990,2
8991,1
8992,0
8993,0
8994,2
8995,2
8996,0
8997,1
8998,1
8999,0
9000,0
9001,0
9002,1
9003,0
9004,2
9005,2
9006,2
9007,2
9008,0
9009,1
9010,0
9011,1
9012,1
9013,2
9014,2
9015,1
9016,0
9017,0
9018,2
9019,0
9020,2
9021,2
9022,0
9023,0
9024,2
9025,0
9026,2
9027,0
9028,2
9029,1
9030,0
9031,1
9032,1
9033,1
9034,0
9035,2
9036,1
9037,0
9038,1
9039,2
9040,2
9041,2
9042,0
9043,2
9044,0
9045,0
9046,1
9047,2
9048,0
9049,0
9050,0
9051,2
9052,0
9053,1
9054,1
9055,1
9056,0
9057,1
9058,1
9059,0
9060,1
9061,2
9062,0
9063,0
9064,1
9065,2
9066,0
9067,1
9068,0
9069,0
9070,2
9071,0
9072,2
9073,2
9074,1
9075,0
9076,1
9077,2
9078,2
9079,1
9080,1
9081,2
9082,1
9083,2
9084,0
9085,2
9086,1
9087,0
9088,2
9089,1
9090,1
9091,1
9092,1
9093,2
9094,1
9095,2
9096,2
9097,1
9098,1
9099,1
9100,1
9101,2
9102,1
9103,0
9104,0
9105,1
9106,1
9107,1
9108,0
9109,1
9110,0
9111,1
9112,2
9113,2
9114,0
9115,0
9116,2
9117,0
9118,2
9119,0
9120,0
9121,0
9122,1
9123,0
9124,2
9125,1
9126,0
9127,0
9128,2
9129,1
9130,1
9131,1
9132,2
9133,0
9134,1
9135,2
9136,0
9137,0
9138,1
9139,2
9140,0
9141,2
9142,1
9143,0
9144,0
9145,0
9146,2
9147,0
9148,2
9149,2
9150,0
9151,1
9152,0
9153,2
9154,1
9155,0
9156,0
9157,0
9158,0
9159,2
9160,1
9161,0
9162,1
9163,2
9164,0
9165,2
9166,1
9167,0
9168,2
9169,0
9170,0
9171,1
9172,2
9173,2
9174,1
9175,0
9176,0
9177,1
9178,0
9179,0
9180,0
9181,1
9182,1
9183,1
9184,0
9185,0
9186,2
9187,1
9188,2
9189,0
9190,0
9191,1
9192,2
9193,1
9194,2
9195,0
9196,2
9197,0
9198,2
9199,2
9200,0
9201,2
9202,0
9203,2
9204,0
9205,0
9206,0
9207,0
9208,1
9209,0
9210,1
9211,1
9212,2
9213,2
9214,0
9215,1
9216,2
9217,0
9218,0
9219,2
9220,1
9221,0
9222,1
9223,1
9224,1
9225,2
9226,1
9227,2
9228,1
9229,1
9230,2
9231,1
9232,2
9233,0
9234,0
9235,0
9236,1
9237,0
9238,2
9239,0
9240,1
9241,0
9242,2
9243,2
9244,0
9245,1
9246,2
9247,2
9248,0
9249,2
9250,2
9251,2
9252,0
9253,0
9254,0
9255,0
9256,0
9257,1
9258,1
9259,0
9260,2
9261,2
9262,2
9263,0
9264,0
9265,1
9266,1
9267,1
9268,2
9269,0
9270,2
9271,1
9272,0
9273,0
9274,2
9275,2
9276,1
9277,0
9278,2
9279,1
9280,0
9281,2
9282,0
9283,0
9284,0
9285,1
9286,0
9287,2
9288,0
9289,1
9290,0
9291,0
9292,1
9293,2
9294,1
9295,0
9296,1
9297,0
9298,1
9299,2
9300,2
9301,0
9302,2
9303,0
9304,1
9305,0
9306,0
9307,2
9308,0
9309,1
9310,1
9311,1
9312,2
9313,0
9314,1
9315,1
9316,2
9317,2
9318,1
9319,2
9320,2
9321,1
9322,0
9323,0
9324,0
9325,2
9326,0
9327,0
9328,1
9329,1
9330,1
9331,1
9332,2
9333,1
9334,2
9335,2
9336,2
9337,1
9338,2
9339,0
9340,0
9341,0
9342,2
9343,0
9344,1
9345,1
9346,0
9347,1
9348,1
9349,0
9350,0
9351,2
9352,0
9353,2
9354,1
9355,1
9356,2
9357,0
9358,2
9359,1
9360,0
9361,0
9362,0
9363,0
9364,0
9365,0
9366,0
9367,2
9368,0
9369,1
9370,0
9371,0
9372,1
9373,0
9374,1
9375,1
9376,0
9377,1
9378,0
9379,2
9380,2
9381,0
9382,1
9383,2
9384,2
9385,0
9386,2
9387,2
9388,2
9389,0
9390,1
9391,2
9392,0
9393,2
9394,2
9395,1
9396,2
9397,0
9398,0
9399,1
9400,0
9401,2
9402,2
9403,1
9404,2
9405,1
9406,0
9407,2
9408,0
9409,0
9410,2
9411,2
9412,2
9413,2
9414,2
9415,1
9416,2
9417,0
9418,0
9419,1
9420,0
9421,1
9422,2
9423,2
9424,0
9425,2
9426,2
9427,0
9428,1
9429,0
9430,0
9431,1
9432,1
9433,0
9434,2
9435,2
9436,1
9437,2
9438,0
9439,1
9440,2
9441,1
9442,0
9443,1
9444,2
9445,0
9446,0
9447,0
9448,1
9449,0
9450,2
9451,1
9452,0
9453,1
9454,2
9455,1
9456,1
9457,2
9458,0
9459,1
9460,0
9461,2
9462,2
9463,2
9464,0
9465,2
9466,0
9467,1
9468,1
9469,0
9470,0
9471,0
9472,2
9473,0
9474,0
9475,1
9476,0
9477,2
9478,0
9479,1
9480,0
9481,1
9482,1
9483,0
9484,0
9485,1
9486,1
9487,0
9488,0
9489,2
9490,0
9491,2
9492,0
9493,2
9494,1
9495,2
9496,2
9497,2
9498,2
9499,1
9500,2
9501,2
9502,1
9503,0
9504,2
9505,2
9506,0
9507,0
9508,2
9509,0
9510,2
9511,1
9512,1
9513,1
9514,0
9515,1
9516,0
9517,1
9518,1
9519,2
9520,0
9521,1
9522,1
9523,2
9524,0
9525,0
9526,0
9527,0
9528,0
9529,0
9530,2
9531,1
9532,2
9533,1
9534,0
9535,2
9536,2
9537,2
9538,2
9539,0
9540,0
9541,2
9542,0
9543,0
9544,1
9545,2
9546,2
9547,0
9548,2
9549,0
9550,0
9551,0
9552,0
9553,0
9554,0
9555,2
9556,1
9557,2
9558,2
9559,1
9560,1
9561,0
9562,1
9563,1
9564,2
9565,0
9566,2
9567,2
9568,2
9569,0
9570,2
9571,2
9572,1
9573,0
9574,2
9575,2
9576,2
9577,2
9578,0
9579,0
9580,2
9581,1
9582,0
9583,2
9584,1
9585,0
9586,0
9587,0
9588,1
9589,0
9590,0
9591,2
9592,2
9593,0
9594,2
9595,0
9596,0
9597,0
9598,1
9599,0
9600,2
9601,0
9602,2
9603,0
9604,1
9605,2
9606,0
9607,2
9608,2
9609,0
9610,0
9611,0
9612,0
9613,1
9614,0
9615,1
9616,0
9617,2
9618,0
9619,2
9620,1
9621,0
9622,0
9623,2
9624,1
9625,0
9626,2
9627,0
9628,0
9629,2
9630,1
9631,2
9632,0
9633,1
9634,2
9635,1
9636,2
9637,2
9638,1
9639,0
9640,2
9641,2
9642,1
9643,1
9644,0
9645,2
9646,1
9647,2
9648,0
9649,1
9650,1
9651,0
9652,1
9653,1
9654,0
9655,1
9656,0
9657,2
9658,1
9659,1
9660,0
9661,2
9662,1
9663,0
9664,0
9665,2
9666,2
9667,0
9668,1
9669,1
9670,0
9671,0
9672,0
9673,2
9674,2
9675,1
9676,2
9677,0
9678,2
9679,1
9680,1
9681,2
9682,1
9683,0
9684,0
9685,2
9686,2
9687,0
9688,1
9689,1
9690,1
9691,2
9692,1
9693,0
9694,0
9695,2
9696,1
9697,2
9698,2
9699,1
9700,0
9701,1
9702,1
9703,2
9704,1
9705,0
9706,0
9707,2
9708,1
9709,2
9710,1
9711,2
9712,1
9713,1
9714,0
9715,1
9716,0
9717,2
9718,0
9719,0
9720,2
9721,2
9722,2
9723,1
9724,0
9725,1
9726,1
9727,1
9728,1
9729,2
9730,0
9731,1
9732,1
9733,2
9734,2
9735,2
9736,0
9737,2
9738,0
9739,2
9740,0
9741,0
9742,2
9743,0
9744,0
9745,1
9746,1
9747,1
9748,0
9749,0
9750,2
9751,0
9752,2
9753,0
9754,0
9755,1
9756,2
9757,1
9758,0
9759,1
9760,0
9761,2
9762,2
9763,0
9764,2
9765,0
9766,0
9767,1
9768,1
9769,0
9770,2
9771,1
9772,2
9773,0
9774,0
9775,1
9776,2
9777,2
9778,0
9779,2
9780,0
9781,1
9782,2
9783,2
9784,0
9785,2
9786,2
9787,1
9788,0
9789,1
9790,1
9791,2
9792,0
9793,0
9794,1
9795,0
9796,0
9797,1
9798,0
9799,0
9800,2
9801,1
9802,2
9803,0
9804,2
9805,1
9806,1
9807,2
9808,1
9809,1
9810,0
9811,0
9812,0
9813,0
9814,1
9815,0
9816,0
9817,0
9818,1
9819,1
9820,0
9821,0
9822,1
9823,2
9824,1
9825,1
9826,2
9827,2
9828,0
9829,0
9830,0
9831,0
9832,1
9833,0
9834,1
9835,0
9836,0
9837,2
9838,1
9839,0
9840,1
9841,2
9842,2
9843,2
9844,0
9845,0
9846,0
9847,2
9848,2
9849,1
9850,1
9851,0
9852,2
9853,0
9854,1
9855,2
9856,0
9857,2
9858,1
9859,2
9860,0
9861,2
9862,0
9863,0
9864,0
9865,0
9866,0
9867,2
9868,0
9869,0
9870,0
9871,2
9872,1
9873,0
9874,2
9875,2
9876,2
9877,0
9878,1
9879,0
9880,1
9881,0
9882,2
9883,0
9884,0
9885,1
9886,0
9887,2
9888,2
9889,0
9890,0
9891,0
9892,1
9893,0
9894,0
9895,0
9896,0
9897,0
9898,0
9899,2
9900,0
9901,2
9902,2
9903,2
9904,0
9905,1
9906,2
9907,0
9908,0
9909,1
9910,1
9911,0
9912,2
9913,0
9914,2
9915,0
9916,0
9917,2
9918,1
9919,0
9920,1
9921,2
9922,2
9923,1
9924,0
9925,2
9926,0
9927,0
9928,2
9929,1
9930,2
9931,2
9932,0
9933,1
9934,0
9935,0
9936,2
9937,0
9938,1
9939,0
9940,1
9941,1
9942,0
9943,2
9944,0
9945,2
9946,0
9947,0
9948,0
9949,1
9950,2
9951,0
9952,1
9953,2
9954,2
9955,2
9956,1
9957,0
9958,2
9959,0
9960,0
9961,2
9962,2
9963,0
9964,2
9965,2
9966,2
9967,1
9968,0
9969,0
9970,2
9971,0
9972,2
9973,1
9974,0
9975,2
9976,0
9977,2
9978,0
9979,1
9980,0
9981,2
9982,1
9983,2
9984,1
9985,0
9986,2
9987,2
9988,0
9989,1
9990,0
9991,2
9992,0
9993,2
9994,0
9995,0
9996,0
9997,2
9998,0
9999,0
10000,1
10001,0
10002,1
10003,1
10004,0
10005,1
10006,2
10007,1
10008,0
10009,0
10010,2
10011,2
10012,0
10013,2
10014,2
10015,1
10016,2
10017,0
10018,1
10019,2
10020,2
10021,2
10022,1
10023,2
10024,0
10025,1
10026,2
10027,0
10028,2
10029,1
10030,0
10031,2
10032,1
10033,2
10034,0
10035,0
10036,2
10037,0
10038,2
10039,0
10040,0
10041,1
10042,2
10043,0
10044,1
10045,0
10046,2
10047,2
10048,0
10049,1
10050,1
10051,0
10052,1
10053,0
10054,1
10055,0
10056,1
10057,0
10058,0
10059,2
10060,2
10061,0
10062,2
10063,2
10064,2
10065,2
10066,2
10067,2
10068,2
10069,2
10070,0
10071,2
10072,1
10073,2
10074,2
10075,2
10076,1
10077,1
10078,1
10079,0
10080,1
10081,0
10082,1
10083,0
10084,2
10085,0
10086,1
10087,2
10088,1
10089,0
10090,2
10091,0
10092,0
10093,0
10094,1
10095,0
10096,1
10097,1
10098,1
10099,1
10100,2
10101,1
10102,0
10103,1
10104,2
10105,0
10106,1
10107,2
10108,2
10109,0
10110,2
10111,0
10112,0
10113,1
10114,2
10115,2
10116,0
10117,0
10118,1
10119,1
10120,1
10121,0
10122,0
10123,1
10124,1
10125,0
10126,1
10127,2
10128,0
10129,1
10130,2
10131,0
10132,2
10133,1
10134,0
10135,0
10136,1
10137,1
10138,0
10139,1
10140,1
10141,0
10142,2
10143,1
10144,2
10145,2
10146,1
10147,1
10148,0
10149,2
10150,2
10151,2
10152,1
10153,1
10154,2
10155,0
10156,1
10157,0
10158,0
10159,0
10160,2
10161,2
10162,1
10163,0
10164,0
10165,2
10166,1
10167,0
10168,0
10169,2
10170,0
10171,0
10172,1
10173,2
10174,1
10175,2
10176,2
10177,2
10178,0
10179,0
10180,2
10181,2
10182,0
10183,2
10184,1
10185,0
10186,1
10187,0
10188,0
10189,1
10190,1
10191,2
10192,1
10193,1
10194,2
10195,2
10196,0
10197,0
10198,2
10199,2
10200,0
10201,1
10202,2
10203,0
10204,2
10205,0
10206,0
10207,0
10208,0
10209,0
10210,1
10211,0
10212,0
10213,0
10214,0
10215,1
10216,0
10217,2
10218,2
10219,0
10220,0
10221,1
10222,1
10223,1
10224,1
10225,2
10226,1
10227,2
10228,0
10229,2
10230,0
10231,0
10232,2
10233,2
10234,0
10235,1
10236,2
10237,2
10238,2
10239,2
10240,1
10241,0
10242,0
10243,0
10244,2
10245,0
10246,0
10247,0
10248,2
10249,1
10250,1
10251,0
10252,0
10253,0
10254,2
10255,1
10256,0
10257,0
10258,0
10259,0
10260,2
10261,0
10262,0
10263,0
10264,0
10265,2
10266,0
10267,2
10268,1
10269,2
10270,0
10271,0
10272,0
10273,0
10274,1
10275,0
10276,1
10277,1
10278,1
10279,2
10280,0
10281,0
10282,0
10283,2
10284,0
10285,2
10286,2
10287,1
10288,0
10289,1
10290,0
10291,2
10292,2
10293,0
10294,0
10295,0
10296,0
10297,1
10298,1
10299,0
10300,2
10301,2
10302,0
10303,1
10304,1
10305,0
10306,2
10307,0
10308,0
10309,1
10310,0
10311,0
10312,0
10313,1
10314,1
10315,0
10316,0
10317,1
10318,0
10319,0
10320,1
10321,2
10322,2
10323,1
10324,0
10325,1
10326,2
10327,2
10328,1
10329,2
10330,2
10331,2
10332,1
10333,2
10334,2
10335,1
10336,1
10337,0
10338,2
10339,0
10340,0
10341,0
10342,2
10343,1
10344,1
10345,0
10346,0
10347,2
10348,2
10349,0
10350,0
10351,2
10352,2
10353,2
10354,0
10355,1
10356,1
10357,0
10358,1
10359,2
10360,1
10361,2
10362,0
10363,2
10364,2
10365,0
10366,0
10367,2
10368,0
10369,2
10370,0
10371,0
10372,1
10373,2
10374,1
10375,2
10376,1
10377,2
10378,2
10379,2
10380,1
10381,0
10382,1
10383,0
10384,2
10385,1
10386,1
10387,2
10388,0
10389,2
10390,1
10391,1
10392,0
10393,0
10394,2
10395,0
10396,1
10397,0
10398,0
10399,1
10400,2
10401,2
10402,2
10403,2
10404,1
10405,2
10406,2
10407,2
10408,2
10409,1
10410,2
10411,2
10412,0
10413,1
10414,2
10415,2
10416,1
10417,2
10418,2
10419,2
10420,2
10421,2
10422,2
10423,1
10424,0
10425,2
10426,2
10427,0
10428,0
10429,0
10430,0
10431,1
10432,1
10433,0
10434,2
10435,0
10436,0
10437,0
10438,1
10439,2
10440,0
10441,0
10442,0
10443,1
10444,2
10445,1
10446,0
10447,1
10448,1
10449,1
10450,0
10451,2
10452,2
10453,2
10454,0
10455,0
10456,2
10457,0
10458,0
10459,0
10460,2
10461,0
10462,0
10463,2
10464,1
10465,0
10466,1
10467,1
10468,2
10469,2
10470,1
10471,1
10472,2
10473,1
10474,2
10475,0
10476,2
10477,2
10478,1
10479,1
10480,0
10481,0
10482,2
10483,2
10484,1
10485,0
10486,2
10487,1
10488,0
10489,1
10490,2
10491,2
10492,0
10493,0
10494,1
10495,0
10496,1
10497,2
10498,0
10499,0
10500,2
10501,0
10502,1
10503,2
10504,2
10505,0
10506,0
10507,1
10508,0
10509,2
10510,2
10511,0
10512,1
10513,2
10514,0
10515,2
10516,2
10517,1
10518,2
10519,2
10520,0
10521,1
10522,2
10523,1
10524,0
10525,0
10526,0
10527,2
10528,2
10529,1
10530,0
10531,2
10532,2
10533,0
10534,0
10535,1
10536,0
10537,2
10538,0
10539,1
10540,2
10541,1
10542,1
10543,1
10544,1
10545,2
10546,1
10547,2
10548,0
10549,0
10550,0
10551,0
10552,0
10553,2
10554,1
10555,0
10556,0
10557,0
10558,2
10559,2
10560,2
10561,1
10562,2
10563,0
10564,2
10565,1
10566,1
10567,2
10568,2
10569,0
10570,0
10571,2
10572,2
10573,1
10574,2
10575,0
10576,2
10577,2
10578,0
10579,2
10580,2
10581,2
10582,0
10583,2
10584,0
10585,2
10586,2
10587,0
10588,0
10589,2
10590,2
10591,0
10592,1
10593,0
10594,1
10595,0
10596,0
10597,2
10598,1
10599,0
10600,2
10601,1
10602,0
10603,2
10604,1
10605,0
10606,2
10607,0
10608,2
10609,2
10610,0
10611,0
10612,0
10613,0
10614,0
10615,2
10616,1
10617,2
10618,0
10619,2
10620,1
10621,0
10622,0
10623,1
10624,0
10625,1
10626,0
10627,0
10628,1
10629,2
10630,0
10631,2
10632,0
10633,0
10634,0
10635,0
10636,1
10637,1
10638,2
10639,0
10640,0
10641,0
10642,1
10643,1
10644,0
10645,0
10646,0
10647,2
10648,0
10649,0
10650,0
10651,0
10652,2
10653,1
10654,1
10655,2
10656,0
10657,1
10658,0
10659,0
10660,1
10661,1
10662,2
10663,0
10664,2
10665,2
10666,1
10667,0
10668,2
10669,2
10670,1
10671,1
10672,0
10673,2
10674,0
10675,1
10676,0
10677,2
10678,2
10679,1
10680,2
10681,0
10682,0
10683,0
10684,1
10685,0
10686,2
10687,0
10688,1
10689,1
10690,1
10691,0
10692,2
10693,0
10694,2
10695,2
10696,1
10697,1
10698,1
10699,0
10700,1
10701,2
10702,1
10703,1
10704,1
10705,0
10706,2
10707,1
10708,2
10709,0
10710,2
10711,2
10712,0
10713,2
10714,2
10715,0
10716,0
10717,1
10718,0
10719,1
10720,1
10721,0
10722,0
10723,1
10724,1
10725,1
10726,1
10727,2
10728,1
10729,1
10730,1
10731,2
10732,0
10733,2
10734,2
10735,1
10736,1
10737,0
10738,1
10739,2
10740,0
10741,2
10742,0
10743,0
10744,1
10745,1
10746,2
10747,1
10748,0
10749,2
10750,0
10751,1
10752,0
10753,2
10754,2
10755,0
10756,0
10757,0
10758,0
10759,0
10760,2
10761,2
10762,1
10763,1
10764,0
10765,1
10766,1
10767,0
10768,0
10769,0
10770,1
10771,0
10772,1
10773,2
10774,2
10775,1
10776,2
10777,0
10778,0
10779,1
10780,0
10781,1
10782,2
10783,1
10784,1
10785,1
10786,0
10787,2
10788,2
10789,0
10790,2
10791,2
10792,0
10793,0
10794,2
10795,2
10796,1
10797,2
10798,2
10799,0
10800,2
10801,2
10802,2
10803,0
10804,0
10805,1
10806,1
10807,1
10808,2
10809,2
10810,0
10811,2
10812,2
10813,1
10814,2
10815,0
10816,1
10817,1
10818,0
10819,1
10820,0
10821,0
10822,0
10823,0
10824,1
10825,0
10826,0
10827,1
10828,1
10829,0
10830,1
10831,0
10832,0
10833,1
10834,0
10835,2
10836,1
10837,2
10838,0
10839,0
10840,2
10841,0
10842,2
10843,0
10844,2
10845,2
10846,0
10847,1
10848,2
10849,0
10850,2
10851,0
10852,0
10853,2
10854,1
10855,1
10856,2
10857,0
10858,0
10859,1
10860,2
10861,2
10862,2
10863,2
10864,0
10865,0
10866,2
10867,0
10868,0
10869,1
10870,0
10871,1
10872,0
10873,2
10874,0
10875,2
10876,0
10877,1
10878,2
10879,1
10880,0
10881,1
10882,2
10883,2
10884,1
10885,2
10886,0
10887,2
10888,1
10889,1
10890,0
10891,0
10892,2
10893,0
10894,0
10895,1
10896,2
10897,1
10898,2
10899,0
10900,1
10901,0
10902,0
10903,2
10904,0
10905,2
10906,1
10907,0
10908,1
10909,0
10910,0
10911,0
10912,2
10913,1
10914,1
10915,1
10916,1
10917,2
10918,2
10919,2
10920,2
10921,0
10922,1
10923,0
10924,2
10925,0
10926,0
10927,1
10928,2
10929,1
10930,1
10931,0
10932,0
10933,1
10934,2
10935,0
10936,2
10937,2
10938,2
10939,0
10940,0
10941,2
10942,0
10943,0
10944,2
10945,1
10946,1
10947,1
10948,2
10949,1
10950,0
10951,2
10952,1
10953,1
10954,2
10955,1
10956,1
10957,2
10958,1
10959,1
10960,0
10961,1
10962,2
10963,0
10964,1
10965,0
10966,0
10967,2
10968,1
10969,0
10970,0
10971,2
10972,1
10973,2
10974,1
10975,2
10976,0
10977,1
10978,2
10979,2
10980,0
10981,1
10982,2
10983,0
10984,1
10985,1
10986,1
10987,2
10988,2
10989,1
10990,1
10991,1
10992,2
10993,2
10994,0
10995,1
10996,1
10997,1
10998,2
10999,2
11000,2
11001,1
11002,0
11003,0
11004,0
11005,0
11006,2
11007,0
11008,0
11009,0
11010,0
11011,0
11012,2
11013,1
11014,2
11015,1
11016,2
11017,2
11018,2
11019,0
11020,0
11021,2
11022,1
11023,2
11024,0
11025,0
11026,0
11027,0
11028,0
11029,2
11030,2
11031,2
11032,1
11033,1
11034,2
11035,1
11036,0
11037,0
11038,2
11039,0
11040,2
11041,0
11042,1
11043,2
11044,2
11045,2
11046,1
11047,2
11048,0
11049,2
11050,2
11051,2
11052,1
11053,2
11054,2
11055,0
11056,1
11057,1
11058,0
11059,1
11060,1
11061,2
11062,2
11063,0
11064,0
11065,0
11066,2
11067,1
11068,2
11069,1
11070,2
11071,1
11072,2
11073,0
11074,0
11075,2
11076,0
11077,0
11078,0
11079,2
11080,0
11081,0
11082,0
11083,2
11084,2
11085,2
11086,0
11087,1
11088,1
11089,0
11090,0
11091,0
11092,1
11093,0
11094,1
11095,2
11096,0
11097,0
11098,2
11099,2
11100,2
11101,0
11102,2
11103,1
11104,0
11105,0
11106,0
11107,2
11108,0
11109,0
11110,0
11111,2
11112,2
11113,2
11114,1
11115,0
11116,1
11117,2
11118,0
11119,0
11120,2
11121,0
11122,0
11123,2
11124,0
11125,2
11126,0
11127,2
11128,2
11129,2
11130,1
11131,2
11132,2
11133,2
11134,0
11135,1
11136,0
11137,2
11138,2
11139,1
11140,0
11141,2
11142,1
11143,1
11144,2
11145,2
11146,1
11147,2
11148,2
11149,1
11150,2
11151,2
11152,1
11153,0
11154,2
11155,0
11156,2
11157,2
11158,2
11159,2
11160,2
11161,2
11162,1
11163,1
11164,0
11165,0
11166,1
11167,2
11168,2
11169,0
11170,2
11171,1
11172,2
11173,0
11174,0
11175,0
11176,0
11177,0
11178,0
11179,1
11180,2
11181,1
11182,1
11183,0
11184,2
11185,1
11186,0
11187,0
11188,2
11189,0
11190,0
11191,1
11192,0
11193,0
11194,2
11195,0
11196,0
11197,2
11198,1
11199,1
11200,2
11201,1
11202,2
11203,0
11204,0
11205,0
11206,1
11207,2
11208,1
11209,1
11210,0
11211,1
11212,1
11213,1
11214,1
11215,0
11216,0
11217,2
11218,1
11219,2
11220,1
11221,0
11222,2
11223,2
11224,1
11225,2
11226,2
11227,2
11228,0
11229,0
11230,1
11231,1
11232,2
11233,0
11234,1
11235,2
11236,0
11237,0
11238,0
11239,1
11240,2
11241,2
11242,1
11243,2
11244,0
11245,2
11246,2
11247,2
11248,2
11249,0
11250,2
11251,2
11252,2
11253,1
11254,0
11255,0
11256,2
11257,1
11258,0
11259,0
11260,2
11261,0
11262,1
11263,1
11264,2
11265,0
11266,0
11267,2
11268,2
11269,0
11270,2
11271,2
11272,1
11273,1
11274,2
11275,0
11276,0
11277,1
11278,0
11279,2
11280,1
11281,2
11282,0
11283,1
11284,0
11285,2
11286,0
11287,0
11288,1
11289,0
11290,2
11291,0
11292,1
11293,0
11294,0
11295,0
11296,1
11297,1
11298,1
11299,2
11300,0
11301,1
11302,0
11303,1
11304,1
11305,0
11306,2
11307,1
11308,0
11309,0
11310,0
11311,2
11312,2
11313,2
11314,2
11315,2
11316,1
11317,1
11318,0
11319,2
11320,0
11321,1
11322,0
11323,0
11324,2
11325,0
11326,0
11327,1
11328,1
11329,2
11330,2
11331,0
11332,0
11333,2
11334,0
11335,2
11336,2
11337,0
11338,1
11339,1
11340,0
11341,2
11342,2
11343,1
11344,0
11345,1
11346,1
11347,1
11348,0
11349,2
11350,2
11351,0
11352,1
11353,2
11354,0
11355,2
11356,0
11357,0
11358,2
11359,0
11360,2
11361,0
11362,0
11363,1
11364,0
11365,0
11366,1
11367,0
11368,2
11369,1
11370,1
11371,0
11372,2
11373,1
11374,0
11375,1
11376,1
11377,2
11378,0
11379,0
11380,2
11381,2
11382,0
11383,2
11384,1
11385,2
11386,0
11387,2
11388,0
11389,0
11390,0
11391,0
11392,2
11393,1
11394,0
11395,2
11396,2
11397,1
11398,1
11399,0
11400,2
11401,1
11402,2
11403,2
11404,2
11405,2
11406,1
11407,2
11408,0
11409,2
11410,1
11411,1
11412,2
11413,0
11414,0
11415,0
11416,1
11417,2
11418,0
11419,2
11420,1
11421,0
11422,1
11423,1
11424,1
11425,2
11426,1
11427,1
11428,0
11429,2
11430,1
11431,2
11432,0
11433,0
11434,0
11435,0
11436,0
11437,0
11438,1
11439,1
11440,0
11441,2
11442,1
11443,2
11444,1
11445,0
11446,0
11447,0
11448,2
11449,0
11450,2
11451,2
11452,2
11453,1
11454,0
11455,2
11456,1
11457,1
11458,2
11459,1
11460,2
11461,1
11462,2
11463,2
11464,2
11465,1
11466,0
11467,1
11468,2
11469,1
11470,1
11471,2
11472,2
11473,0
11474,1
11475,1
11476,1
11477,0
11478,1
11479,0
11480,2
11481,1
11482,0
11483,2
11484,0
11485,2
11486,0
11487,2
11488,0
11489,2
11490,1
11491,0
11492,0
11493,1
11494,0
11495,2
11496,0
11497,0
11498,2
11499,1
11500,0
11501,2
11502,1
11503,2
11504,2
11505,2
11506,1
11507,2
11508,0
11509,1
11510,0
11511,2
11512,2
11513,1
11514,0
11515,1
11516,0
11517,1
11518,0
11519,2
11520,2
11521,0
11522,0
11523,1
11524,0
11525,0
11526,2
11527,2
11528,0
11529,2
11530,1
11531,1
11532,1
11533,2
11534,2
11535,0
11536,2
11537,0
11538,2
11539,0
11540,0
11541,2
11542,2
11543,2
11544,1
11545,1
11546,2
11547,0
11548,1
11549,2
11550,2
11551,0
11552,1
11553,0
11554,2
11555,1
11556,2
11557,2
11558,0
11559,2
11560,2
11561,2
11562,0
11563,2
11564,2
11565,1
11566,0
11567,0
11568,0
11569,2
11570,1
11571,0
11572,0
11573,0
11574,1
11575,1
11576,0
11577,2
11578,1
11579,1
11580,0
11581,2
11582,2
11583,2
11584,1
11585,0
11586,2
11587,1
11588,1
11589,2
11590,2
11591,0
11592,0
11593,1
11594,2
11595,2
11596,0
11597,0
11598,1
11599,0
11600,0
11601,2
11602,0
11603,0
11604,2
11605,2
11606,0
11607,0
11608,1
11609,2
11610,2
11611,0
11612,1
11613,1
11614,1
11615,0
11616,2
11617,0
11618,1
11619,2
11620,0
11621,1
11622,2
11623,1
11624,0
11625,0
11626,0
11627,1
11628,2
11629,0
11630,1
11631,0
11632,1
11633,1
11634,0
11635,2
11636,0
11637,2
11638,0
11639,0
11640,0
11641,2
11642,1
11643,0
11644,2
11645,2
11646,1
11647,1
11648,1
11649,2
11650,1
11651,2
11652,2
11653,2
11654,0
11655,1
11656,1
11657,0
11658,1
11659,1
11660,0
11661,2
11662,0
11663,0
11664,2
11665,0
11666,2
11667,1
11668,1
11669,2
11670,1
11671,1
11672,0
11673,0
11674,2
11675,2
11676,2
11677,0
11678,2
11679,0
11680,2
11681,1
11682,2
11683,1
11684,1
11685,1
11686,0
11687,1
11688,1
11689,2
11690,1
11691,1
11692,2
11693,0
11694,2
11695,2
11696,1
11697,2
11698,1
11699,0
11700,0
11701,1
11702,0
11703,2
11704,2
11705,0
11706,0
11707,0
11708,1
11709,2
11710,1
11711,2
11712,2
11713,2
11714,1
11715,1
11716,0
11717,1
11718,1
11719,2
11720,2
11721,0
11722,0
11723,0
11724,0
11725,2
11726,1
11727,1
11728,1
11729,1
11730,1
11731,2
11732,0
11733,0
11734,1
11735,2
11736,2
11737,2
11738,2
11739,0
11740,2
11741,2
11742,0
11743,2
11744,2
11745,0
11746,2
11747,2
11748,0
11749,0
11750,2
11751,0
11752,1
11753,2
11754,2
11755,0
11756,1
11757,2
11758,2
11759,2
11760,0
11761,0
11762,1
11763,1
11764,0
11765,0
11766,1
11767,0
11768,0
11769,0
11770,2
11771,0
11772,2
11773,1
11774,2
11775,2
11776,0
11777,2
11778,0
11779,0
11780,2
11781,0
11782,1
11783,2
11784,0
11785,1
11786,0
11787,1
11788,1
11789,2
11790,2
11791,2
11792,0
11793,0
11794,1
11795,0
11796,0
11797,2
11798,2
11799,2
11800,1
11801,2
11802,1
11803,2
11804,1
11805,0
11806,1
11807,2
11808,2
11809,1
11810,1
11811,0
11812,1
11813,2
11814,2
11815,0
11816,1
11817,2
11818,2
11819,0
11820,1
11821,0
11822,1
11823,1
11824,1
11825,0
11826,1
11827,0
11828,0
11829,1
11830,2
11831,0
11832,2
11833,0
11834,2
11835,0
11836,2
11837,2
11838,2
11839,2
11840,0
11841,0
11842,2
11843,2
11844,0
11845,2
11846,0
11847,0
11848,2
11849,0
11850,0
11851,1
11852,2
11853,2
11854,1
11855,2
11856,2
11857,1
11858,0
11859,1
11860,2
11861,2
11862,0
11863,2
11864,1
11865,2
11866,2
11867,0
11868,2
11869,1
11870,2
11871,2
11872,0
11873,1
11874,1
11875,2
11876,1
11877,1
11878,2
11879,2
11880,2
11881,0
11882,0
11883,2
11884,0
11885,1
11886,0
11887,1
11888,0
11889,2
11890,1
11891,2
11892,2
11893,0
11894,2
11895,2
11896,1
11897,1
11898,0
11899,2
11900,1
11901,2
11902,1
11903,2
11904,1
11905,2
11906,0
11907,1
11908,2
11909,1
11910,0
11911,2
11912,1
11913,2
11914,0
11915,2
11916,1
11917,2
11918,1
11919,1
11920,1
11921,1
11922,1
11923,0
11924,1
11925,2
11926,0
11927,2
11928,0
11929,0
11930,1
11931,1
11932,2
11933,1
11934,2
11935,0
11936,1
11937,1
11938,0
11939,2
11940,1
11941,2
11942,2
11943,0
11944,2
11945,1
11946,0
11947,1
11948,1
11949,1
11950,2
11951,2
11952,0
11953,2
11954,2
11955,0
11956,2
11957,2
11958,1
11959,1
11960,0
11961,2
11962,1
11963,1
11964,1
11965,2
11966,2
11967,0
11968,1
11969,0
11970,0
11971,0
11972,0
11973,2
11974,1
11975,2
11976,0
11977,1
11978,2
11979,2
11980,0
11981,2
11982,0
11983,1
11984,0
11985,0
11986,2
11987,0
11988,1
11989,0
11990,0
11991,2
11992,1
11993,1
11994,0
11995,1
11996,2
11997,0
11998,0
11999,2
12000,2
12001,2
12002,0
12003,1
12004,2
12005,2
12006,1
12007,2
12008,2
12009,0
12010,2
12011,2
12012,1
12013,0
12014,2
12015,1
12016,0
12017,1
12018,2
12019,1
12020,0
12021,2
12022,0
12023,2
12024,1
12025,1
12026,2
12027,2
12028,1
12029,0
12030,0
12031,2
12032,2
12033,0
12034,1
12035,2
12036,1
12037,1
12038,2
12039,1
12040,1
12041,0
12042,2
12043,2
12044,0
12045,0
12046,0
12047,0
12048,1
12049,0
12050,2
12051,1
12052,2
12053,1
12054,2
12055,0
12056,2
12057,1
12058,1
12059,2
12060,2
12061,0
12062,1
12063,1
12064,0
12065,2
12066,2
12067,2
12068,1
12069,0
12070,1
12071,0
12072,0
12073,1
12074,0
12075,2
12076,0
12077,1
12078,1
12079,2
12080,2
12081,0
12082,1
12083,2
12084,2
12085,0
12086,1
12087,1
12088,0
12089,0
12090,2
12091,2
12092,2
12093,0
12094,0
12095,0
12096,0
12097,2
12098,2
12099,2
12100,0
12101,0
12102,0
12103,0
12104,0
12105,0
12106,1
12107,2
12108,1
12109,0
12110,2
12111,0
12112,0
12113,1
12114,2
12115,2
12116,2
12117,1
12118,2
12119,2
12120,0
12121,0
12122,2
12123,0
12124,2
12125,0
12126,2
12127,0
12128,0
12129,0
12130,2
12131,0
12132,2
12133,0
12134,0
12135,2
12136,2
12137,2
12138,2
12139,1
12140,0
12141,0
12142,2
12143,1
12144,1
12145,0
12146,0
12147,0
12148,0
12149,0
12150,0
12151,2
12152,0
12153,0
12154,0
12155,2
12156,0
12157,1
12158,2
12159,2
12160,0
12161,1
12162,2
12163,1
12164,0
12165,1
12166,0
12167,2
12168,0
12169,0
12170,0
12171,2
12172,1
12173,1
12174,2
12175,1
12176,0
12177,1
12178,2
12179,2
12180,1
12181,0
12182,1
12183,2
12184,2
12185,2
12186,0
12187,0
12188,0
12189,1
12190,2
12191,0
12192,2
12193,1
12194,0
12195,2
12196,0
12197,0
12198,0
12199,0
12200,0
12201,2
12202,0
12203,2
12204,2
12205,0
12206,0
12207,2
12208,1
12209,1
12210,0
12211,2
12212,2
12213,2
12214,2
12215,0
12216,1
12217,0
12218,2
12219,0
12220,1
12221,0
12222,1
12223,0
12224,0
12225,0
12226,1
12227,1
12228,0
12229,2
12230,2
12231,2
12232,0
12233,0
12234,0
12235,2
12236,1
12237,0
12238,2
12239,0
12240,0
12241,0
12242,2
12243,2
12244,2
12245,1
12246,2
12247,2
12248,0
12249,1
12250,0
12251,2
12252,2
12253,0
12254,2
12255,0
12256,2
12257,2
12258,1
12259,2
12260,0
12261,2
12262,2
12263,0
12264,1
12265,0
12266,2
12267,1
12268,2
12269,0
12270,0
12271,2
12272,0
12273,1
12274,0
12275,2
12276,2
12277,0
12278,0
12279,0
12280,0
12281,1
12282,0
12283,2
12284,2
12285,2
12286,0
12287,2
12288,1
12289,0
12290,1
12291,0
12292,0
12293,0
12294,2
12295,0
12296,0
12297,0
12298,0
12299,1
12300,2
12301,1
12302,0
12303,1
12304,0
12305,1
12306,1
12307,2
12308,1
12309,0
12310,1
12311,1
12312,1
12313,2
12314,2
12315,0
12316,2
12317,2
12318,1
12319,0
12320,1
12321,0
12322,2
12323,0
12324,1
12325,2
12326,2
12327,1
12328,1
12329,2
12330,2
12331,2
12332,2
12333,2
12334,2
12335,0
12336,2
12337,1
12338,0
12339,2
12340,1
12341,0
12342,0
12343,1
12344,2
12345,1
12346,1
12347,1
12348,1
12349,1
12350,1
12351,1
12352,1
12353,1
12354,1
12355,0
12356,0
12357,0
12358,1
12359,2
12360,0
12361,2
12362,0
12363,1
12364,1
12365,0
12366,2
12367,1
12368,0
12369,2
12370,1
12371,2
12372,2
12373,1
12374,0
12375,1
12376,1
12377,2
12378,0
12379,0
12380,1
12381,0
12382,1
12383,0
12384,0
12385,0
12386,0
12387,1
12388,2
12389,1
12390,0
12391,2
12392,1
12393,0
12394,0
12395,1
12396,2
12397,2
12398,2
12399,1
12400,0
12401,0
12402,1
12403,2
12404,1
12405,0
12406,1
12407,1
12408,2
12409,0
12410,0
12411,1
12412,0
12413,1
12414,0
12415,2
12416,0
12417,0
12418,0
12419,0
12420,2
12421,0
12422,0
12423,2
12424,0
12425,0
12426,0
12427,0
12428,0
12429,1
12430,2
12431,2
12432,1
12433,2
12434,1
12435,0
12436,2
12437,0
12438,1
12439,0
12440,2
12441,0
12442,2
12443,0
12444,2
12445,0
12446,0
12447,0
12448,1
12449,0
12450,1
12451,0
12452,1
12453,1
12454,1
12455,1
12456,2
12457,2
12458,2
12459,0
12460,1
12461,2
12462,2
12463,2
12464,0
12465,1
12466,0
12467,1
12468,0
12469,2
12470,2
12471,2
12472,2
12473,2
12474,0
12475,0
12476,2
12477,1
12478,1
12479,1
12480,0
12481,0
12482,1
12483,0
12484,1
12485,2
12486,1
12487,2
12488,0
12489,1
12490,2
12491,0
12492,2
12493,0
12494,2
12495,0
12496,0
12497,2
12498,0
12499,1
12500,0
12501,2
12502,1
12503,1
12504,2
12505,1
12506,0
12507,2
12508,0
12509,0
12510,0
12511,1
12512,2
12513,2
12514,0
12515,1
12516,2
12517,0
12518,2
12519,1
12520,0
12521,0
12522,0
12523,0
12524,2
12525,1
12526,2
12527,1
12528,1
12529,1
12530,2
12531,0
12532,0
12533,2
12534,0
12535,1
12536,0
12537,2
12538,2
12539,1
12540,0
12541,2
12542,2
12543,2
12544,2
12545,0
12546,1
12547,0
12548,0
12549,2
12550,2
12551,1
12552,2
12553,2
12554,1
12555,1
12556,0
12557,2
12558,0
12559,0
12560,0
12561,1
12562,0
12563,0
12564,1
12565,2
12566,2
12567,1
12568,0
12569,2
12570,0
12571,2
12572,2
12573,2
12574,1
12575,0
12576,0
12577,2
12578,1
12579,1
12580,1
12581,2
12582,0
12583,0
12584,0
12585,0
12586,2
12587,0
12588,1
12589,2
12590,0
12591,0
12592,2
12593,0
12594,0
12595,1
12596,2
12597,1
12598,1
12599,2
12600,0
12601,2
12602,0
12603,2
12604,1
12605,2
12606,0
12607,1
12608,2
12609,2
12610,0
12611,2
12612,0
12613,1
12614,1
12615,0
12616,2
12617,2
12618,0
12619,1
12620,0
12621,2
12622,1
12623,1
12624,2
12625,0
12626,1
12627,1
12628,0
12629,0
12630,0
12631,0
12632,2
12633,1
12634,1
12635,2
12636,0
12637,1
12638,0
12639,0
12640,0
12641,0
12642,0
12643,0
12644,2
12645,1
12646,2
12647,2
12648,1
12649,1
12650,2
12651,2
12652,1
12653,1
12654,1
12655,1
12656,2
12657,0
12658,2
12659,1
12660,0
12661,0
12662,0
12663,1
12664,2
12665,1
12666,0
12667,0
12668,0
12669,2
12670,1
12671,1
12672,0
12673,0
12674,1
12675,2
12676,1
12677,0
12678,1
12679,2
12680,0
12681,0
12682,0
12683,2
12684,2
12685,0
12686,2
12687,2
12688,1
12689,0
12690,0
12691,2
12692,0
12693,0
12694,2
12695,0
12696,0
12697,2
12698,1
12699,2
12700,2
12701,0
12702,0
12703,1
12704,0
12705,0
12706,1
12707,0
12708,2
12709,0
12710,2
12711,0
12712,1
12713,0
12714,1
12715,2
12716,0
12717,1
12718,2
12719,0
12720,1
12721,1
12722,2
12723,1
12724,2
12725,1
12726,2
12727,0
12728,2
12729,1
12730,1
12731,1
12732,1
12733,0
12734,2
12735,2
12736,2
12737,0
12738,2
12739,1
12740,0
12741,1
12742,1
12743,2
12744,1
12745,1
12746,1
12747,2
12748,1
12749,2
12750,1
12751,2
12752,2
12753,2
12754,1
12755,2
12756,0
12757,0
12758,0
12759,2
12760,0
12761,0
12762,0
12763,0
12764,2
12765,2
12766,2
12767,0
12768,0
12769,0
12770,1
12771,0
12772,0
12773,0
12774,2
12775,0
12776,0
12777,0
12778,2
12779,1
12780,2
12781,0
12782,0
12783,2
12784,0
12785,0
12786,1
12787,0
12788,1
12789,0
12790,2
12791,0
12792,1
12793,1
12794,1
12795,0
12796,1
12797,0
12798,0
12799,1
12800,0
12801,2
12802,1
12803,0
12804,0
12805,2
12806,2
12807,0
12808,2
12809,0
12810,1
12811,1
12812,1
12813,1
12814,0
12815,1
12816,0
12817,1
12818,1
12819,2
12820,1
12821,2
12822,0
12823,0
12824,0
12825,0
12826,2
12827,0
12828,2
12829,1
12830,1
12831,0
12832,0
12833,0
12834,0
12835,0
12836,1
12837,0
12838,1
12839,2
12840,0
12841,0
12842,0
12843,2
12844,2
12845,0
12846,2
12847,2
12848,0
12849,1
12850,0
12851,1
12852,2
12853,2
12854,1
12855,0
12856,0
12857,0
12858,2
12859,2
12860,0
12861,1
12862,1
12863,2
12864,0
12865,0
12866,0
12867,2
12868,0
12869,2
12870,0
12871,0
12872,0
12873,0
12874,0
12875,0
12876,2
12877,0
12878,1
12879,2
12880,2
12881,0
12882,1
12883,0
12884,2
12885,0
12886,2
12887,2
12888,2
12889,2
12890,1
12891,1
12892,2
12893,2
12894,1
12895,0
12896,0
12897,2
12898,1
12899,1
12900,0
12901,0
12902,2
12903,0
12904,2
12905,1
12906,0
12907,2
12908,2
12909,0
12910,2
12911,1
12912,2
12913,2
12914,0
12915,0
12916,1
12917,0
12918,1
12919,0
12920,0
12921,0
12922,0
12923,2
12924,0
12925,2
12926,0
12927,2
12928,1
12929,0
12930,2
12931,2
12932,0
12933,0
12934,1
12935,2
12936,0
12937,0
12938,2
12939,0
12940,2
12941,1
12942,1
12943,0
12944,1
12945,0
12946,2
12947,0
12948,2
12949,1
12950,2
12951,2
12952,0
12953,0
12954,2
12955,1
12956,0
12957,2
12958,1
12959,2
12960,0
12961,1
12962,0
12963,0
12964,0
12965,2
12966,2
12967,1
12968,1
12969,1
12970,2
12971,0
12972,1
12973,2
12974,2
12975,0
12976,1
12977,2
12978,2
12979,0
12980,0
12981,1
12982,1
12983,0
12984,0
12985,1
12986,0
12987,0
12988,0
12989,0
12990,0
12991,2
12992,1
12993,0
12994,2
12995,2
12996,2
12997,0
12998,1
12999,2
13000,2
13001,2
13002,1
13003,0
13004,1
13005,0
13006,1
13007,1
13008,1
13009,1
13010,2
13011,2
13012,1
13013,2
13014,0
13015,1
13016,0
13017,0
13018,2
13019,2
13020,1
13021,0
13022,1
13023,2
13024,1
13025,1
13026,1
13027,1
13028,2
13029,0
13030,2
13031,1
13032,2
13033,2
13034,2
13035,0
13036,2
13037,1
13038,1
13039,0
13040,0
13041,0
13042,2
13043,0
13044,1
13045,2
13046,0
13047,1
13048,1
13049,1
13050,2
13051,1
13052,1
13053,2
13054,0
13055,0
13056,0
13057,0
13058,0
13059,2
13060,0
13061,2
13062,2
13063,2
13064,2
13065,0
13066,1
13067,0
13068,0
13069,0
13070,2
13071,1
13072,1
13073,1
13074,1
13075,2
13076,0
13077,2
13078,2
13079,2
13080,1
13081,2
13082,0
13083,1
13084,1
13085,0
13086,0
13087,1
13088,0
13089,0
13090,1
13091,0
13092,1
13093,2
13094,0
13095,2
13096,1
13097,2
13098,0
13099,0
13100,0
13101,2
13102,0
13103,2
13104,0
13105,0
13106,2
13107,1
13108,2
13109,0
13110,0
13111,2
13112,0
13113,0
13114,2
13115,1
13116,0
13117,2
13118,0
13119,0
13120,1
13121,0
13122,1
13123,1
13124,2
13125,0
13126,1
13127,2
13128,2
13129,0
13130,0
13131,2
13132,2
13133,1
13134,0
13135,1
13136,2
13137,0
13138,2
13139,1
13140,0
13141,1
13142,2
13143,2
13144,2
13145,2
13146,2
13147,2
13148,2
13149,0
13150,1
13151,0
13152,2
13153,0
13154,0
13155,2
13156,2
13157,2
13158,0
13159,1
13160,0
13161,2
13162,2
13163,2
13164,1
13165,1
13166,0
13167,1
13168,0
13169,0
13170,2
13171,1
13172,0
13173,0
13174,1
13175,0
13176,0
13177,1
13178,2
13179,2
13180,2
13181,2
13182,1
13183,2
13184,0
13185,1
13186,2
13187,1
13188,1
13189,0
13190,2
13191,1
13192,0
13193,1
13194,1
13195,1
13196,2
13197,0
13198,2
13199,0
13200,1
13201,0
13202,0
13203,2
13204,2
13205,1
13206,2
13207,1
13208,0
13209,0
13210,2
13211,0
13212,2
13213,0
13214,2
13215,0
13216,0
13217,2
13218,1
13219,2
13220,0
13221,0
13222,1
13223,0
13224,0
13225,0
13226,1
13227,1
13228,1
13229,0
13230,2
13231,0
13232,0
13233,1
13234,1
13235,1
13236,2
13237,2
13238,2
13239,0
13240,2
13241,0
13242,0
13243,2
13244,0
13245,0
13246,1
13247,1
13248,0
13249,2
13250,1
13251,0
13252,1
13253,0
13254,0
13255,2
13256,0
13257,0
13258,1
13259,0
13260,1
13261,2
13262,2
13263,2
13264,1
13265,2
13266,0
13267,2
13268,2
13269,2
13270,2
13271,1
13272,0
13273,1
13274,2
13275,1
13276,2
13277,1
13278,0
13279,1
13280,1
13281,0
13282,2
13283,2
13284,0
13285,1
13286,1
13287,1
13288,0
13289,0
13290,0
13291,2
13292,2
13293,0
13294,0
13295,1
13296,0
13297,1
13298,1
13299,0
13300,2
13301,1
13302,0
13303,0
13304,2
13305,0
13306,0
13307,1
13308,2
13309,1
13310,2
13311,0
13312,0
13313,2
13314,1
13315,2
13316,1
13317,1
13318,1
13319,2
13320,2
13321,0
13322,1
13323,2
13324,2
13325,1
13326,0
13327,0
13328,0
13329,0
13330,2
13331,1
13332,0
13333,1
13334,2
13335,2
13336,0
13337,0
13338,2
13339,0
13340,2
13341,1
13342,1
13343,2
13344,1
13345,0
13346,0
13347,2
13348,0
13349,1
13350,2
13351,1
13352,1
13353,0
13354,0
13355,2
13356,2
13357,0
13358,2
13359,2
13360,2
13361,1
13362,2
13363,0
13364,0
13365,1
13366,0
13367,0
13368,0
13369,0
13370,2
13371,0
13372,2
13373,1
13374,2
13375,2
13376,1
13377,0
13378,2
13379,2
13380,2
13381,1
13382,2
13383,2
13384,2
13385,2
13386,2
13387,0
13388,2
13389,2
13390,2
13391,1
13392,2
13393,1
13394,2
13395,2
13396,2
13397,2
13398,2
13399,2
13400,0
13401,1
13402,0
13403,0
13404,0
13405,0
13406,2
13407,2
13408,0
13409,0
13410,1
13411,1
13412,2
13413,2
13414,2
13415,1
13416,0
13417,2
13418,2
13419,2
13420,0
13421,0
13422,1
13423,0
13424,0
13425,0
13426,2
13427,1
13428,2
13429,2
13430,0
13431,2
13432,1
13433,0
13434,0
13435,1
13436,1
13437,0
13438,2
13439,1
13440,0
13441,0
13442,1
13443,2
13444,1
13445,1
13446,1
13447,1
13448,2
13449,2
13450,2
13451,2
13452,0
13453,0
13454,1
13455,0
13456,1
13457,2
13458,2
13459,0
13460,0
13461,0
13462,0
13463,0
13464,0
13465,1
13466,1
13467,1
13468,1
13469,2
13470,1
13471,2
13472,0
13473,0
13474,0
13475,0
13476,1
13477,0
13478,2
13479,0
13480,2
13481,0
13482,0
13483,0
13484,1
13485,1
13486,0
13487,1
13488,0
13489,0
13490,1
13491,1
13492,0
13493,1
13494,1
13495,1
13496,1
13497,0
13498,2
13499,1
13500,0
13501,0
13502,0
13503,2
13504,2
13505,1
13506,2
13507,1
13508,2
13509,0
13510,1
13511,2
13512,2
13513,1
13514,0
13515,0
13516,2
13517,0
13518,1
13519,0
13520,1
13521,2
13522,0
13523,0
13524,0
13525,1
13526,2
13527,2
13528,1
13529,0
13530,1
13531,1
13532,1
13533,0
13534,1
13535,0
13536,1
13537,2
13538,2
13539,2
13540,2
13541,2
13542,2
13543,0
13544,2
13545,0
13546,2
13547,1
13548,0
13549,0
13550,2
13551,0
13552,2
13553,2
13554,0
13555,1
13556,1
13557,1
13558,0
13559,2
13560,2
13561,2
13562,0
13563,2
13564,2
13565,1
13566,2
13567,2
13568,1
13569,2
13570,1
13571,0
13572,2
13573,2
13574,0
13575,1
13576,0
13577,1
13578,0
13579,0
13580,0
13581,0
13582,0
13583,2
13584,0
13585,1
13586,1
13587,0
13588,1
13589,0
13590,2
13591,1
13592,0
13593,0
13594,2
13595,0
13596,1
13597,2
13598,2
13599,0
13600,2
13601,1
13602,0
13603,2
13604,0
13605,2
13606,1
13607,0
13608,0
13609,2
13610,0
13611,1
13612,2
13613,1
13614,0
13615,0
13616,0
13617,0
13618,0
13619,2
13620,2
13621,2
13622,2
13623,0
13624,0
13625,1
13626,1
13627,0
13628,1
13629,0
13630,1
13631,2
13632,2
13633,0
13634,2
13635,2
13636,1
13637,0
13638,1
13639,1
13640,0
13641,1
13642,2
13643,1
13644,0
13645,2
13646,1
13647,2
13648,2
13649,1
13650,1
13651,2
13652,2
13653,0
13654,0
13655,1
13656,2
13657,0
13658,1
13659,1
13660,0
13661,2
13662,1
13663,0
13664,2
13665,0
13666,2
13667,0
13668,1
13669,0
13670,0
13671,0
13672,1
13673,0
13674,2
13675,0
13676,1
13677,0
13678,0
13679,2
13680,2
13681,0
13682,0
13683,2
13684,2
13685,0
13686,1
13687,0
13688,2
13689,0
13690,1
13691,2
13692,0
13693,1
13694,1
13695,2
13696,1
13697,2
13698,2
13699,2
13700,0
13701,1
13702,0
13703,2
13704,2
13705,0
13706,0
13707,2
13708,1
13709,0
13710,2
13711,2
13712,2
13713,2
13714,2
13715,2
13716,2
13717,0
13718,0
13719,0
13720,1
13721,2
13722,0
13723,1
13724,2
13725,0
13726,2
13727,0
13728,1
13729,0
13730,2
13731,2
13732,1
13733,1
13734,1
13735,0
13736,0
13737,2
13738,2
13739,0
13740,2
13741,2
13742,2
13743,1
13744,2
13745,0
13746,2
13747,2
13748,0
13749,2
13750,0
13751,2
13752,2
13753,1
13754,1
13755,2
13756,2
13757,0
13758,0
13759,2
13760,2
13761,0
13762,0
13763,1
13764,2
13765,1
13766,0
13767,2
13768,2
13769,2
13770,2
13771,1
13772,2
13773,1
13774,0
13775,2
13776,0
13777,2
13778,0
13779,2
13780,0
13781,1
13782,2
13783,0
13784,0
13785,1
13786,0
13787,0
13788,1
13789,2
13790,1
13791,1
13792,0
13793,2
13794,2
13795,2
13796,0
13797,2
13798,0
13799,2
13800,0
13801,0
13802,0
13803,2
13804,0
13805,0
13806,0
13807,2
13808,0
13809,0
13810,2
13811,2
13812,0
13813,1
13814,0
13815,0
13816,0
13817,2
13818,2
13819,0
13820,2
13821,2
13822,2
13823,2
13824,2
13825,0
13826,0
13827,2
13828,1
13829,0
13830,0
13831,2
13832,2
13833,0
13834,0
13835,0
13836,1
13837,0
13838,0
13839,2
13840,2
13841,2
13842,2
13843,0
13844,1
13845,2
13846,1
13847,2
13848,2
13849,0
13850,2
13851,2
13852,2
13853,0
13854,2
13855,0
13856,1
13857,0
13858,1
13859,2
13860,2
13861,2
13862,1
13863,2
13864,0
13865,1
13866,2
13867,2
13868,2
13869,0
13870,2
13871,0
13872,1
13873,0
13874,1
13875,1
13876,0
13877,0
13878,2
13879,2
13880,2
13881,1
13882,2
13883,0
13884,0
13885,1
13886,1
13887,2
13888,2
13889,1
13890,0
13891,1
13892,0
13893,2
13894,0
13895,0
13896,1
13897,1
13898,2
13899,1
13900,2
13901,1
13902,0
13903,2
13904,0
13905,0
13906,2
13907,0
13908,1
13909,2
13910,1
13911,0
13912,1
13913,1
13914,0
13915,1
13916,1
13917,0
13918,2
13919,1
13920,2
13921,1
13922,2
13923,0
13924,1
13925,0
13926,1
13927,2
13928,0
13929,0
13930,1
13931,2
13932,1
13933,0
13934,1
13935,2
13936,2
13937,0
13938,2
13939,0
13940,1
13941,0
13942,2
13943,1
13944,0
13945,2
13946,1
13947,0
13948,0
13949,2
13950,1
13951,2
13952,2
13953,2
13954,2
13955,1
13956,2
13957,0
13958,2
13959,0
13960,1
13961,0
13962,1
13963,2
13964,1
13965,2
13966,1
13967,0
13968,0
13969,2
13970,1
13971,0
13972,0
13973,2
13974,1
13975,0
13976,1
13977,0
13978,0
13979,2
13980,0
13981,0
13982,2
13983,2
13984,2
13985,0
13986,1
13987,1
13988,2
13989,2
13990,1
13991,1
13992,1
13993,0
13994,0
13995,2
13996,1
13997,0
13998,0
13999,1
14000,1
14001,0
14002,0
14003,0
14004,1
14005,0
14006,1
14007,1
14008,0
14009,1
14010,0
14011,1
14012,2
14013,0
14014,0
14015,1
14016,0
14017,0
14018,1
14019,1
14020,2
14021,0
14022,0
14023,2
14024,0
14025,1
14026,2
14027,1
14028,1
14029,2
14030,2
14031,1
14032,1
14033,2
14034,1
14035,2
14036,1
14037,1
14038,1
14039,0
14040,2
14041,1
14042,2
14043,2
14044,0
14045,0
14046,2
14047,0
14048,2
14049,2
14050,1
14051,1
14052,2
14053,0
14054,1
14055,2
14056,0
14057,2
14058,2
14059,0
14060,2
14061,0
14062,2
14063,1
14064,1
14065,2
14066,2
14067,2
14068,0
14069,0
14070,1
14071,2
14072,0
14073,0
14074,2
14075,0
14076,0
14077,0
14078,2
14079,1
14080,2
14081,2
14082,0
14083,0
14084,1
14085,1
14086,1
14087,2
14088,0
14089,0
14090,2
14091,2
14092,0
14093,0
14094,2
14095,0
14096,1
14097,1
14098,0
14099,2
14100,2
14101,0
14102,1
14103,0
14104,0
14105,1
14106,2
14107,1
14108,1
14109,2
14110,0
14111,2
14112,0
14113,0
14114,0
14115,0
14116,0
14117,0
14118,2
14119,1
14120,0
14121,0
14122,1
14123,2
14124,2
14125,2
14126,1
14127,2
14128,1
14129,2
14130,1
14131,1
14132,0
14133,2
14134,0
14135,2
14136,2
14137,0
14138,1
14139,0
14140,1
14141,0
14142,1
14143,2
14144,2
14145,0
14146,0
14147,0
14148,0
14149,2
14150,0
14151,1
14152,1
14153,2
14154,0
14155,2
14156,0
14157,2
14158,0
14159,0
14160,0
14161,2
14162,2
14163,2
14164,0
14165,1
14166,0
14167,0
14168,1
14169,0
14170,0
14171,2
14172,0
14173,0
14174,2
14175,2
14176,2
14177,0
14178,1
14179,2
14180,0
14181,2
14182,0
14183,1
14184,0
14185,1
14186,0
14187,0
14188,2
14189,2
14190,1
14191,2
14192,2
14193,0
14194,0
14195,2
14196,1
14197,0
14198,2
14199,0
14200,0
14201,0
14202,0
14203,0
14204,2
14205,1
14206,0
14207,0
14208,0
14209,1
14210,1
14211,0
14212,2
14213,1
14214,1
14215,0
14216,1
14217,0
14218,0
14219,2
14220,0
14221,1
14222,0
14223,0
14224,1
14225,1
14226,1
14227,2
14228,2
14229,0
14230,0
14231,2
14232,2
14233,0
14234,0
14235,0
14236,0
14237,1
14238,2
14239,0
14240,2
14241,0
14242,1
14243,0
14244,2
14245,2
14246,2
14247,2
14248,1
14249,2
14250,0
14251,2
14252,0
14253,2
14254,2
14255,2
14256,1
14257,1
14258,2
14259,2
14260,1
14261,1
14262,2
14263,0
14264,0
14265,0
14266,2
14267,2
14268,0
14269,1
14270,0
14271,0
14272,0
14273,2
14274,0
14275,0
14276,2
14277,1
14278,2
14279,2
14280,0
14281,2
14282,1
14283,1
14284,0
14285,1
14286,0
14287,1
14288,0
14289,0
14290,1
14291,2
14292,1
14293,0
14294,2
14295,0
14296,0
14297,1
14298,0
14299,0
14300,0
14301,2
14302,2
14303,2
14304,0
14305,0
14306,0
14307,1
14308,1
14309,2
14310,0
14311,2
14312,2
14313,0
14314,0
14315,2
14316,1
14317,2
14318,2
14319,0
14320,1
14321,0
14322,1
14323,2
14324,2
14325,0
14326,1
14327,2
14328,2
14329,0
14330,0
14331,1
14332,2
14333,0
14334,1
14335,1
14336,2
14337,0
14338,1
14339,1
14340,1
14341,0
14342,0
14343,0
14344,1
14345,0
14346,1
14347,0
14348,2
14349,0
14350,0
14351,2
14352,1
14353,0
14354,0
14355,0
14356,0
14357,2
14358,0
14359,2
14360,0
14361,0
14362,0
14363,2
14364,2
14365,1
14366,1
14367,1
14368,0
14369,2
14370,2
14371,2
14372,0
14373,0
14374,1
14375,0
14376,2
14377,2
14378,2
14379,2
14380,0
14381,0
14382,1
14383,1
14384,2
14385,0
14386,2
14387,0
14388,0
14389,1
14390,0
14391,0
14392,0
14393,1
14394,1
14395,1
14396,2
14397,1
14398,2
14399,0
14400,0
14401,0
14402,1
14403,0
14404,0
14405,2
14406,0
14407,1
14408,2
14409,0
14410,0
14411,2
14412,0
14413,0
14414,2
14415,1
14416,0
14417,1
14418,0
14419,2
14420,0
14421,1
14422,2
14423,2
14424,0
14425,0
14426,2
14427,0
14428,2
14429,1
14430,1
14431,2
14432,1
14433,2
14434,1
14435,2
14436,1
14437,0
14438,0
14439,2
14440,1
14441,1
14442,0
14443,0
14444,1
14445,2
14446,0
14447,2
14448,0
14449,1
14450,2
14451,2
14452,0
14453,1
14454,0
14455,0
14456,0
14457,2
14458,2
14459,2
14460,2
14461,2
14462,0
14463,0
14464,2
14465,0
14466,2
14467,1
14468,1
14469,0
14470,1
14471,0
14472,0
14473,0
14474,1
14475,2
14476,0
14477,2
14478,0
14479,1
14480,0
14481,2
14482,1
14483,2
14484,2
14485,1
14486,1
14487,2
14488,2
14489,2
14490,2
14491,0
14492,1
14493,0
14494,2
14495,1
14496,2
14497,1
14498,2
14499,0
14500,0
14501,0
14502,1
14503,2
14504,0
14505,0
14506,0
14507,0
14508,1
14509,0
14510,2
14511,2
14512,0
14513,1
14514,1
14515,0
14516,2
14517,1
14518,0
14519,1
14520,2
14521,2
14522,1
14523,0
14524,1
14525,1
14526,0
14527,1
14528,1
14529,2
14530,1
14531,0
14532,0
14533,1
14534,1
14535,2
14536,0
14537,2
14538,1
14539,0
14540,2
14541,0
14542,0
14543,2
14544,1
14545,2
14546,1
14547,2
14548,2
14549,1
14550,0
14551,0
14552,0
14553,2
14554,0
14555,0
14556,2
14557,1
14558,0
14559,2
14560,0
14561,2
14562,2
14563,2
14564,2
14565,0
14566,2
14567,0
14568,1
14569,0
14570,0
14571,1
14572,2
14573,0
14574,1
14575,0
14576,2
14577,0
14578,0
14579,1
14580,1
14581,1
14582,0
14583,2
14584,2
14585,1
14586,0
14587,0
14588,0
14589,1
14590,1
14591,0
14592,0
14593,2
14594,2
14595,1
14596,2
14597,2
14598,2
14599,0
14600,0
14601,0
14602,2
14603,1
14604,0
14605,0
14606,2
14607,0
14608,2
14609,1
14610,2
14611,2
14612,1
14613,0
14614,1
14615,0
14616,2
14617,0
14618,0
14619,2
14620,0
14621,0
14622,0
14623,1
14624,0
14625,1
14626,2
14627,0
14628,1
14629,1
14630,0
14631,1
14632,0
14633,2
14634,2
14635,1
14636,1
14637,2
14638,0
14639,2
14640,0
14641,2
14642,2
14643,1
14644,2
14645,1
14646,2
14647,0
14648,2
14649,0
14650,0
14651,1
14652,0
14653,2
14654,2
14655,0
14656,2
14657,1
14658,1
14659,2
14660,0
14661,2
14662,0
14663,2
14664,2
14665,2
14666,0
14667,0
14668,1
14669,0
14670,2
14671,2
14672,0
14673,0
14674,1
14675,0
14676,2
14677,1
14678,2
14679,1
14680,0
14681,0
14682,2
14683,1
14684,1
14685,0
14686,2
14687,2
14688,1
14689,0
14690,2
14691,0
14692,2
14693,0
14694,0
14695,1
14696,1
14697,0
14698,0
14699,2
14700,0
14701,1
14702,1
14703,0
14704,0
14705,0
14706,2
14707,0
14708,0
14709,2
14710,0
14711,0
14712,0
14713,0
14714,1
14715,2
14716,1
14717,2
14718,2
14719,2
14720,1
14721,1
14722,1
14723,2
14724,0
14725,1
14726,2
14727,0
14728,0
14729,0
14730,0
14731,0
14732,2
14733,2
14734,2
14735,1
14736,1
14737,1
14738,2
14739,1
14740,0
14741,0
14742,0
14743,1
14744,0
14745,0
14746,1
14747,1
14748,0
14749,2
14750,2
14751,1
14752,1
14753,0
14754,0
14755,2
14756,2
14757,0
14758,2
14759,2
14760,0
14761,1
14762,1
14763,1
14764,2
14765,0
14766,1
14767,2
14768,1
14769,1
14770,2
14771,1
14772,0
14773,0
14774,2
14775,2
14776,0
14777,0
14778,1
14779,0
14780,1
14781,2
14782,0
14783,0
14784,1
14785,0
14786,1
14787,2
14788,0
14789,0
14790,2
14791,1
14792,1
14793,2
14794,0
14795,0
14796,0
14797,2
14798,0
14799,0
14800,0
14801,0
14802,1
14803,1
14804,1
14805,1
14806,1
14807,2
14808,2
14809,2
14810,0
14811,2
14812,1
14813,1
14814,2
14815,0
14816,0
14817,1
14818,2
14819,0
14820,0
14821,1
14822,2
14823,2
14824,0
14825,2
14826,1
14827,0
14828,0
14829,2
14830,0
14831,0
14832,2
14833,1
14834,2
14835,1
14836,2
14837,2
14838,0
14839,2
14840,0
14841,1
14842,0
14843,1
14844,2
14845,0
14846,0
14847,1
14848,2
14849,1
14850,2
14851,0
14852,0
14853,0
14854,2
14855,2
14856,0
14857,0
14858,1
14859,1
14860,2
14861,1
14862,2
14863,0
14864,0
14865,1
14866,1
14867,2
14868,0
14869,2
14870,0
14871,1
14872,2
14873,1
14874,2
14875,0
14876,0
14877,1
14878,2
14879,2
14880,2
14881,0
14882,2
14883,2
14884,2
14885,1
14886,0
14887,0
14888,2
14889,2
14890,2
14891,0
14892,2
14893,0
14894,0
14895,1
14896,2
14897,1
14898,0
14899,2
14900,2
14901,2
14902,1
14903,2
14904,0
14905,2
14906,2
14907,2
14908,0
14909,2
14910,2
14911,2
14912,1
14913,1
14914,0
14915,0
14916,2
14917,0
14918,2
14919,2
14920,0
14921,2
14922,0
14923,0
14924,1
14925,1
14926,0
14927,1
14928,0
14929,0
14930,1
14931,1
14932,0
14933,2
14934,1
14935,2
14936,1
14937,2
14938,0
14939,1
14940,2
14941,2
14942,2
14943,1
14944,2
14945,1
14946,0
14947,2
14948,2
14949,2
14950,0
14951,0
14952,2
14953,1
14954,2
14955,2
14956,0
14957,0
14958,0
14959,0
14960,1
14961,0
14962,0
14963,0
14964,0
14965,0
14966,1
14967,0
14968,1
14969,2
14970,1
14971,0
14972,2
14973,0
14974,2
14975,1
14976,1
14977,1
14978,1
14979,0
14980,2
14981,1
14982,2
14983,1
14984,0
14985,2
14986,1
14987,0
14988,2
14989,1
14990,2
14991,1
14992,2
14993,2
14994,2
14995,0
14996,1
14997,1
14998,0
14999,0
15000,1
15001,0
15002,1
15003,2
15004,0
15005,0
15006,0
15007,0
15008,1
15009,0
15010,1
15011,2
15012,0
15013,0
15014,0
15015,0
15016,2
15017,0
15018,0
15019,0
15020,0
15021,1
15022,0
15023,2
15024,2
15025,1
15026,1
15027,0
15028,2
15029,2
15030,2
15031,0
15032,1
15033,0
15034,1
15035,2
15036,0
15037,2
15038,0
15039,0
15040,1
15041,2
15042,2
15043,1
15044,1
15045,0
15046,2
15047,0
15048,2
15049,0
15050,0
15051,0
15052,2
15053,2
15054,0
15055,2
15056,0
15057,0
15058,0
15059,1
15060,0
15061,1
15062,1
15063,0
15064,0
15065,1
15066,2
15067,1
15068,0
15069,0
15070,0
15071,0
15072,0
15073,1
15074,1
15075,0
15076,0
15077,1
15078,0
15079,0
15080,2
15081,2
15082,0
15083,2
15084,2
15085,2
15086,0
15087,0
15088,2
15089,0
15090,2
15091,2
15092,0
15093,0
15094,2
15095,2
15096,0
15097,1
15098,0
15099,1
15100,0
15101,0
15102,0
15103,2
15104,2
15105,2
15106,1
15107,1
15108,2
15109,0
15110,0
15111,1
15112,0
15113,1
15114,0
15115,0
15116,2
15117,2
15118,0
15119,0
15120,0
15121,1
15122,1
15123,2
15124,1
15125,2
15126,1
15127,2
15128,0
15129,2
15130,2
15131,2
15132,1
15133,0
15134,2
15135,0
15136,2
15137,0
15138,1
15139,0
15140,2
15141,1
15142,2
15143,2
15144,2
15145,0
15146,2
15147,1
15148,1
15149,2
15150,2
15151,1
15152,2
15153,1
15154,1
15155,2
15156,2
15157,2
15158,1
15159,2
15160,2
15161,0
15162,0
15163,1
15164,0
15165,1
15166,2
15167,1
15168,0
15169,0
15170,0
15171,2
15172,1
15173,2
15174,2
15175,0
15176,1
15177,0
15178,0
15179,0
15180,1
15181,1
15182,1
15183,0
15184,0
15185,1
15186,1
15187,2
15188,1
15189,1
15190,1
15191,1
15192,2
15193,0
15194,1
15195,2
15196,2
15197,1
15198,1
15199,2
15200,0
15201,0
15202,0
15203,2
15204,1
15205,2
15206,2
15207,0
15208,1
15209,0
15210,1
15211,1
15212,2
15213,0
15214,0
15215,1
15216,2
15217,2
15218,2
15219,0
15220,2
15221,0
15222,0
15223,0
15224,2
15225,2
15226,2
15227,2
15228,0
15229,0
15230,0
15231,2
15232,2
15233,2
15234,2
15235,2
15236,0
15237,2
15238,1
15239,2
15240,2
15241,0
15242,2
15243,0
15244,2
15245,0
15246,2
15247,1
15248,0
15249,0
15250,0
15251,1
15252,1
15253,0
15254,0
15255,2
15256,0
15257,0
15258,2
15259,2
15260,0
15261,0
15262,0
15263,0
15264,2
15265,2
15266,0
15267,2
15268,1
15269,1
15270,0
15271,2
15272,0
15273,2
15274,0
15275,0
15276,1
15277,0
15278,2
15279,0
15280,0
15281,2
15282,2
15283,0
15284,0
15285,2
15286,2
15287,0
15288,0
15289,0
15290,0
15291,0
15292,1
15293,2
15294,1
15295,0
15296,0
15297,1
15298,0
15299,2
15300,2
15301,0
15302,0
15303,0
15304,0
15305,0
15306,2
15307,0
15308,1
15309,0
15310,2
15311,1
15312,1
15313,1
15314,0
15315,0
15316,0
15317,0
15318,2
15319,0
15320,0
15321,1
15322,0
15323,0
15324,0
15325,1
15326,0
15327,0
15328,1
15329,2
15330,1
15331,1
15332,1
15333,2
15334,2
15335,0
15336,2
15337,2
15338,1
15339,1
15340,2
15341,0
15342,2
15343,1
15344,0
15345,0
15346,2
15347,0
15348,2
15349,0
15350,2
15351,2
15352,2
15353,0
15354,2
15355,0
15356,0
15357,0
15358,0
15359,2
15360,2
15361,1
15362,1
15363,2
15364,1
15365,0
15366,1
15367,1
15368,0
15369,1
15370,1
15371,0
15372,0
15373,1
15374,0
15375,1
15376,2
15377,0
15378,0
15379,1
15380,2
15381,0
15382,2
15383,1
15384,1
15385,2
15386,1
15387,1
15388,2
15389,0
15390,1
15391,2
15392,0
15393,1
15394,0
15395,0
15396,0
15397,0
15398,0
15399,1
15400,1
15401,0
15402,0
15403,2
15404,1
15405,1
15406,2
15407,1
15408,0
15409,1
15410,2
15411,1
15412,1
15413,2
15414,0
15415,0
15416,0
15417,2
15418,2
15419,0
15420,0
15421,1
15422,0
15423,0
15424,0
15425,0
15426,0
15427,1
15428,0
15429,2
15430,0
15431,1
15432,1
15433,0
15434,1
15435,1
15436,0
15437,1
15438,0
15439,1
15440,0
15441,0
15442,1
15443,0
15444,2
15445,0
15446,2
15447,0
15448,0
15449,0
15450,0
15451,0
15452,1
15453,0
15454,1
15455,1
15456,0
15457,0
15458,2
15459,2
15460,2
15461,2
15462,1
15463,2
15464,0
15465,0
15466,2
15467,0
15468,2
15469,0
15470,0
15471,0
15472,0
15473,1
15474,0
15475,2
15476,0
15477,0
15478,2
15479,1
15480,0
15481,0
15482,2
15483,1
15484,1
15485,0
15486,1
15487,0
15488,0
15489,1
15490,2
15491,0
15492,0
15493,1
15494,1
15495,1
15496,0
15497,1
15498,1
15499,0
15500,0
15501,2
15502,0
15503,1
15504,2
15505,2
15506,0
15507,2
15508,2
15509,2
15510,2
15511,1
15512,2
15513,2
15514,1
15515,2
15516,1
15517,0
15518,1
15519,1
15520,2
15521,2
15522,2
15523,2
15524,0
15525,0
15526,0
15527,0
15528,2
15529,1
15530,2
15531,1
15532,1
15533,0
15534,2
15535,1
15536,1
15537,0
15538,0
15539,2
15540,2
15541,2
15542,1
15543,0
15544,0
15545,1
15546,0
15547,2
15548,0
15549,0
15550,1
15551,2
15552,1
15553,0
15554,0
15555,2
15556,2
15557,0
15558,0
15559,1
15560,0
15561,1
15562,1
15563,0
15564,0
15565,1
15566,0
15567,2
15568,1
15569,1
15570,0
15571,0
15572,2
15573,2
15574,1
15575,1
15576,2
15577,0
15578,1
15579,2
15580,2
15581,1
15582,2
15583,2
15584,0
15585,1
15586,1
15587,1
15588,2
15589,2
15590,2
15591,2
15592,0
15593,2
15594,0
15595,0
15596,2
15597,1
15598,2
15599,0
15600,2
15601,2
15602,0
15603,0
15604,1
15605,2
15606,2
15607,2
15608,2
15609,0
15610,0
15611,1
15612,0
15613,0
15614,1
15615,0
15616,0
15617,1
15618,2
15619,2
15620,2
15621,2
15622,1
15623,1
15624,0
15625,0
15626,0
15627,2
15628,1
15629,1
15630,2
15631,1
15632,0
15633,0
15634,1
15635,0
15636,1
15637,1
15638,0
15639,1
15640,2
15641,2
15642,0
15643,2
15644,1
15645,0
15646,0
15647,0
15648,0
15649,0
15650,0
15651,1
15652,0
15653,0
15654,2
15655,0
15656,2
15657,0
15658,0
15659,2
15660,1
15661,0
15662,0
15663,1
15664,2
15665,2
15666,1
15667,0
15668,1
15669,2
15670,1
15671,1
15672,0
15673,2
15674,0
15675,1
15676,0
15677,1
15678,1
15679,2
15680,2
15681,2
15682,0
15683,1
15684,2
15685,2
15686,1
15687,0
15688,2
15689,1
15690,1
15691,2
15692,1
15693,0
15694,0
15695,2
15696,2
15697,0
15698,1
15699,2
15700,0
15701,0
15702,1
15703,0
15704,2
15705,0
15706,1
15707,0
15708,0
15709,1
15710,1
15711,2
15712,0
15713,1
15714,1
15715,1
15716,0
15717,1
15718,0
15719,1
15720,1
15721,2
15722,2
15723,0
15724,2
15725,2
15726,2
15727,1
15728,0
15729,1
15730,2
15731,0
15732,1
15733,1
15734,0
15735,2
15736,1
15737,0
15738,1
15739,2
15740,0
15741,2
15742,0
15743,1
15744,2
15745,1
15746,2
15747,2
15748,2
15749,1
15750,1
15751,0
15752,2
15753,2
15754,1
15755,0
15756,2
15757,0
15758,1
15759,0
15760,0
15761,2
15762,1
15763,2
15764,1
15765,2
15766,0
15767,0
15768,0
15769,0
15770,0
15771,0
15772,0
15773,0
15774,2
15775,0
15776,0
15777,1
15778,2
15779,1
15780,0
15781,0
15782,1
15783,1
15784,0
15785,2
15786,2
15787,0
15788,0
15789,0
15790,1
15791,1
15792,2
15793,2
15794,2
15795,1
15796,0
15797,0
15798,1
15799,2
15800,1
15801,2
15802,2
15803,1
15804,2
15805,1
15806,2
15807,2
15808,1
15809,0
15810,2
15811,2
15812,1
15813,0
15814,0
15815,0
15816,1
15817,1
15818,0
15819,1
15820,0
15821,1
15822,2
15823,2
15824,0
15825,1
15826,1
15827,2
15828,1
15829,2
15830,2
15831,2
15832,1
15833,0
15834,0
15835,2
15836,0
15837,0
15838,1
15839,1
15840,2
15841,1
15842,1
15843,0
15844,0
15845,1
15846,2
15847,0
15848,0
15849,1
15850,0
15851,2
15852,2
15853,0
15854,2
15855,2
15856,1
15857,2
15858,0
15859,2
15860,0
15861,2
15862,0
15863,0
15864,1
15865,2
15866,0
15867,0
15868,0
15869,0
15870,1
15871,0
15872,0
15873,1
15874,1
15875,2
15876,1
15877,1
15878,2
15879,2
15880,1
15881,2
15882,0
15883,2
15884,2
15885,0
15886,0
15887,1
15888,1
15889,0
15890,0
15891,0
15892,0
15893,1
15894,0
15895,0
15896,0
15897,2
15898,0
15899,2
15900,0
15901,2
15902,0
15903,2
15904,0
15905,0
15906,0
15907,1
15908,1
15909,2
15910,2
15911,0
15912,2
15913,2
15914,0
15915,1
15916,2
15917,2
15918,1
15919,2
15920,2
15921,2
15922,2
15923,0
15924,1
15925,2
15926,1
15927,2
15928,1
15929,1
15930,2
15931,2
15932,0
15933,1
15934,2
15935,2
15936,1
15937,1
15938,1
15939,1
15940,0
15941,1
15942,0
15943,2
15944,1
15945,2
15946,0
15947,0
15948,1
15949,0
15950,1
15951,2
15952,2
15953,1
15954,1
15955,1
15956,1
15957,1
15958,0
15959,0
15960,1
15961,0
15962,2
15963,0
15964,2
15965,1
15966,1
15967,0
15968,1
15969,2
15970,1
15971,0
15972,0
15973,2
15974,1
15975,0
15976,1
15977,0
15978,0
15979,1
15980,2
15981,2
15982,2
15983,0
15984,1
15985,2
15986,2
15987,0
15988,0
15989,0
15990,0
15991,2
15992,0
15993,0
15994,0
15995,1
15996,0
15997,0
15998,1
15999,0
16000,2
16001,2
16002,0
16003,2
16004,2
16005,0
16006,0
16007,0
16008,0
16009,2
16010,0
16011,1
16012,1
16013,2
16014,2
16015,0
16016,0
16017,2
16018,2
16019,1
16020,0
16021,2
16022,0
16023,2
16024,2
16025,1
16026,1
16027,1
16028,2
16029,2
16030,0
16031,1
16032,0
16033,0
16034,2
16035,1
16036,1
16037,1
16038,1
16039,0
16040,2
16041,1
16042,0
16043,2
16044,0
16045,0
16046,2
16047,2
16048,0
16049,1
16050,0
16051,1
16052,1
16053,0
16054,0
16055,0
16056,2
16057,0
16058,1
16059,0
16060,0
16061,0
16062,2
16063,1
16064,0
16065,1
16066,2
16067,1
16068,2
16069,2
16070,2
16071,1
16072,0
16073,2
16074,1
16075,1
16076,2
16077,0
16078,2
16079,0
16080,0
16081,1
16082,0
16083,1
16084,2
16085,1
16086,0
16087,1
16088,0
16089,1
16090,0
16091,2
16092,2
16093,0
16094,0
16095,2
16096,1
16097,0
16098,1
16099,0
16100,0
16101,0
16102,2
16103,2
16104,1
16105,0
16106,2
16107,2
16108,0
16109,0
16110,2
16111,1
16112,1
16113,2
16114,1
16115,1
16116,0
16117,0
16118,2
16119,0
16120,1
16121,0
16122,1
16123,0
16124,1
16125,2
16126,1
16127,0
16128,0
16129,1
16130,1
16131,0
16132,2
16133,0
16134,2
16135,0
16136,1
16137,2
16138,1
16139,2
16140,2
16141,0
16142,0
16143,1
16144,0
16145,2
16146,0
16147,2
16148,2
16149,0
16150,0
16151,0
16152,0
16153,2
16154,0
16155,0
16156,1
16157,1
16158,0
16159,1
16160,1
16161,1
16162,2
16163,1
16164,2
16165,2
16166,2
16167,2
16168,2
16169,2
16170,0
16171,1
16172,0
16173,0
16174,1
16175,1
16176,1
16177,1
16178,2
16179,1
16180,2
16181,0
16182,2
16183,2
16184,2
16185,1
16186,1
16187,1
16188,2
16189,1
16190,0
16191,2
16192,0
16193,0
16194,2
16195,0
16196,0
16197,2
16198,0
16199,2
16200,2
16201,0
16202,1
16203,2
16204,2
16205,0
16206,0
16207,2
16208,1
16209,2
16210,0
16211,2
16212,0
16213,0
16214,1
16215,2
16216,2
16217,0
16218,1
16219,2
16220,1
16221,0
16222,1
16223,0
16224,1
16225,0
16226,1
16227,0
16228,1
16229,0
16230,0
16231,1
16232,2
16233,2
16234,1
16235,2
16236,0
16237,2
16238,2
16239,2
16240,2
16241,2
16242,0
16243,2
16244,1
16245,2
16246,2
16247,0
16248,0
16249,2
16250,0
16251,2
16252,2
16253,2
16254,2
16255,2
16256,0
16257,2
16258,2
16259,2
16260,1
16261,2
16262,1
16263,2
16264,1
16265,2
16266,1
16267,1
16268,2
16269,0
16270,1
16271,0
16272,2
16273,2
16274,0
16275,1
16276,0
16277,2
16278,2
16279,1
16280,2
16281,1
16282,0
16283,0
16284,1
16285,0
16286,0
16287,0
16288,0
16289,0
16290,2
16291,1
16292,1
16293,0
16294,2
16295,0
16296,2
16297,1
16298,2
16299,1
16300,0
16301,2
16302,2
16303,1
16304,2
16305,1
16306,2
16307,2
16308,1
16309,2
16310,0
16311,0
16312,2
16313,0
16314,0
16315,1
16316,2
16317,0
16318,1
16319,0
16320,1
16321,2
16322,2
16323,2
16324,1
16325,2
16326,1
16327,1
16328,2
16329,0
16330,2
16331,0
16332,2
16333,2
16334,2
16335,2
16336,1
16337,2
16338,2
16339,2
16340,0
16341,0
16342,0
16343,0
16344,0
16345,2
16346,1
16347,1
16348,2
16349,0
16350,1
16351,2
16352,1
16353,0
16354,2
16355,2
16356,0
16357,0
16358,2
16359,0
16360,0
16361,0
16362,0
16363,2
16364,1
16365,2
16366,0
16367,2
16368,1
16369,1
16370,0
16371,0
16372,1
16373,1
16374,2
16375,2
16376,0
16377,1
16378,1
16379,0
16380,0
16381,0
16382,0
16383,0
16384,1
16385,0
16386,2
16387,2
16388,1
16389,2
16390,2
16391,1
16392,0
16393,1
16394,2
16395,0
16396,0
16397,2
16398,0
16399,0
16400,2
16401,0
16402,0
16403,2
16404,0
16405,2
16406,2
16407,1
16408,2
16409,0
16410,2
16411,0
16412,2
16413,1
16414,2
16415,0
16416,0
16417,0
16418,2
16419,0
16420,1
16421,0
16422,1
16423,0
16424,1
16425,2
16426,1
16427,2
16428,1
16429,0
16430,0
16431,2
16432,2
16433,1
16434,2
16435,2
16436,2
16437,2
16438,0
16439,0
16440,1
16441,0
16442,2
16443,2
16444,2
16445,1
16446,1
16447,0
16448,1
16449,1
16450,0
16451,0
16452,0
16453,1
16454,2
16455,0
16456,0
16457,2
16458,1
16459,2
16460,2
16461,2
16462,0
16463,1
16464,0
16465,1
16466,1
16467,0
16468,2
16469,1
16470,2
16471,0
16472,0
16473,2
16474,1
16475,2
16476,1
16477,0
16478,0
16479,2
16480,2
16481,1
16482,1
16483,1
16484,2
16485,0
16486,1
16487,2
16488,2
16489,2
16490,0
16491,2
16492,2
16493,2
16494,2
16495,2
16496,1
16497,1
16498,2
16499,2
16500,2
16501,1
16502,1
16503,0
16504,0
16505,2
16506,1
16507,0
16508,1
16509,2
16510,2
16511,2
16512,1
16513,0
16514,1
16515,0
16516,0
16517,2
16518,0
16519,2
16520,2
16521,2
16522,0
16523,2
16524,0
16525,0
16526,2
16527,0
16528,0
16529,0
16530,1
16531,0
16532,1
16533,0
16534,1
16535,0
16536,1
16537,0
16538,2
16539,2
16540,0
16541,0
16542,1
16543,1
16544,0
16545,0
16546,1
16547,1
16548,1
16549,2
16550,1
16551,0
16552,1
16553,2
16554,0
16555,1
16556,2
16557,2
16558,0
16559,1
16560,0
16561,0
16562,2
16563,1
16564,2
16565,2
16566,0
16567,1
16568,0
16569,0
16570,0
16571,0
16572,1
16573,1
16574,0
16575,1
16576,1
16577,2
16578,0
16579,2
16580,2
16581,0
16582,1
16583,1
16584,1
16585,0
16586,0
16587,2
16588,1
16589,2
16590,0
16591,1
16592,0
16593,2
16594,2
16595,2
16596,0
16597,1
16598,1
16599,1
16600,2
16601,0
16602,0
16603,0
16604,0
16605,1
16606,0
16607,1
16608,1
16609,1
16610,1
16611,2
16612,0
16613,0
16614,2
16615,1
16616,1
16617,1
16618,2
16619,2
16620,1
16621,0
16622,2
16623,1
16624,1
16625,0
16626,0
16627,0
16628,0
16629,0
16630,2
16631,0
16632,1
16633,2
16634,2
16635,1
16636,0
16637,0
16638,0
16639,2
16640,2
16641,0
16642,0
16643,0
16644,1
16645,1
16646,0
16647,1
16648,2
16649,2
16650,1
16651,0
16652,1
16653,2
16654,2
16655,0
16656,0
16657,1
16658,0
16659,0
16660,1
16661,1
16662,0
16663,0
16664,0
16665,0
16666,1
16667,0
16668,1
16669,2
16670,2
16671,0
16672,1
16673,1
16674,0
16675,0
16676,2
16677,2
16678,0
16679,2
16680,1
16681,2
16682,0
16683,1
16684,0
16685,1
16686,0
16687,0
16688,0
16689,0
16690,1
16691,2
16692,1
16693,0
16694,2
16695,0
16696,2
16697,0
16698,0
16699,0
16700,1
16701,1
16702,0
16703,2
16704,0
16705,0
16706,0
16707,2
16708,1
16709,0
16710,1
16711,1
16712,0
16713,1
16714,1
16715,1
16716,0
16717,1
16718,0
16719,2
16720,1
16721,0
16722,2
16723,0
16724,1
16725,0
16726,0
16727,2
16728,2
16729,0
16730,2
16731,2
16732,2
16733,0
16734,2
16735,2
16736,1
16737,2
16738,2
16739,1
16740,0
16741,0
16742,1
16743,1
16744,1
16745,0
16746,1
16747,2
16748,0
16749,2
16750,1
16751,0
16752,2
16753,0
16754,0
16755,0
16756,0
16757,0
16758,2
16759,2
16760,1
16761,0
16762,0
16763,0
16764,2
16765,2
16766,1
16767,2
16768,2
16769,0
16770,0
16771,0
16772,1
16773,2
16774,0
16775,0
16776,1
16777,1
16778,0
16779,2
16780,0
16781,0
16782,0
16783,2
16784,0
16785,1
16786,2
16787,0
16788,0
16789,2
16790,0
16791,2
16792,0
16793,1
16794,1
16795,2
16796,1
16797,0
16798,2
16799,0
16800,0
16801,0
16802,1
16803,2
16804,0
16805,0
16806,1
16807,2
16808,0
16809,0
16810,2
16811,1
16812,1
16813,1
16814,0
16815,0
16816,2
16817,1
16818,0
16819,0
16820,2
16821,0
16822,0
16823,0
16824,1
16825,2
16826,1
16827,0
16828,0
16829,2
16830,0
16831,0
16832,1
16833,1
16834,1
16835,0
16836,2
16837,0
16838,0
16839,2
16840,2
16841,2
16842,0
16843,0
16844,0
16845,1
16846,0
16847,1
16848,1
16849,2
16850,0
16851,1
16852,1
16853,1
16854,2
16855,1
16856,1
16857,2
16858,0
16859,0
16860,2
16861,2
16862,1
16863,0
16864,2
16865,0
16866,0
16867,2
16868,0
16869,2
16870,1
16871,2
16872,2
16873,2
16874,1
16875,2
16876,0
16877,0
16878,1
16879,1
16880,2
16881,1
16882,2
16883,2
16884,2
16885,2
16886,1
16887,1
16888,2
16889,0
16890,0
16891,2
16892,1
16893,2
16894,0
16895,1
16896,1
16897,2
16898,2
16899,2
16900,1
16901,0
16902,1
16903,0
16904,0
16905,0
16906,2
16907,1
16908,2
16909,1
16910,2
16911,2
16912,2
16913,0
16914,2
16915,2
16916,2
16917,2
16918,1
16919,2
16920,0
16921,0
16922,1
16923,2
16924,2
16925,2
16926,2
16927,2
16928,0
16929,1
16930,0
16931,2
16932,0
16933,2
16934,0
16935,0
16936,1
16937,2
16938,2
16939,0
16940,0
16941,0
16942,2
16943,2
16944,0
16945,2
16946,2
16947,1
16948,2
16949,0
16950,0
16951,0
16952,1
16953,0
16954,0
16955,0
16956,1
16957,1
16958,1
16959,2
16960,0
16961,1
16962,2
16963,2
16964,0
16965,0
16966,0
16967,2
16968,1
16969,1
16970,0
16971,1
16972,1
16973,2
16974,2
16975,2
16976,2
16977,1
16978,2
16979,2
16980,0
16981,2
16982,2
16983,0
16984,0
16985,2
16986,2
16987,1
16988,0
16989,2
16990,1
16991,2
16992,2
16993,2
16994,1
16995,2
16996,2
16997,1
16998,2
16999,2
17000,0
17001,0
17002,2
17003,0
17004,2
17005,1
17006,1
17007,2
17008,1
17009,0
17010,0
17011,0
17012,2
17013,1
17014,1
17015,0
17016,0
17017,1
17018,2
17019,1
17020,1
17021,2
17022,0
17023,2
17024,0
17025,2
17026,0
17027,1
17028,1
17029,2
17030,2
17031,1
17032,0
17033,0
17034,0
17035,2
17036,2
17037,0
17038,2
17039,1
17040,2
17041,2
17042,2
17043,2
17044,1
17045,2
17046,2
17047,0
17048,0
17049,1
17050,1
17051,2
17052,1
17053,2
17054,2
17055,0
17056,2
17057,1
17058,2
17059,2
17060,1
17061,0
17062,0
17063,1
17064,0
17065,1
17066,0
17067,2
17068,0
17069,0
17070,0
17071,0
17072,2
17073,2
17074,2
17075,2
17076,0
17077,1
17078,2
17079,2
17080,2
17081,2
17082,0
17083,2
17084,0
17085,1
17086,2
17087,1
17088,2
17089,2
17090,2
17091,2
17092,0
17093,1
17094,2
17095,2
17096,0
17097,0
17098,2
17099,0
17100,0
17101,2
17102,0
17103,1
17104,0
17105,0
17106,2
17107,2
17108,1
17109,0
17110,2
17111,0
17112,2
17113,0
17114,0
17115,2
17116,0
17117,1
17118,0
17119,1
17120,0
17121,1
17122,0
17123,0
17124,2
17125,0
17126,0
17127,2
17128,2
17129,0
17130,1
17131,2
17132,1
17133,2
17134,1
17135,1
17136,0
17137,1
17138,2
17139,2
17140,2
17141,0
17142,2
17143,1
17144,1
17145,0
17146,1
17147,2
17148,1
17149,2
17150,1
17151,2
17152,1
17153,1
17154,2
17155,2
17156,2
17157,2
17158,1
17159,1
17160,2
17161,0
17162,2
17163,2
17164,1
17165,2
17166,2
17167,0
17168,0
17169,1
17170,1
17171,2
17172,2
17173,0
17174,1
17175,2
17176,0
17177,1
17178,1
17179,0
17180,2
17181,0
17182,1
17183,2
17184,0
17185,1
17186,0
17187,2
17188,2
17189,0
17190,0
17191,2
17192,2
17193,1
17194,0
17195,0
17196,2
17197,2
17198,2
17199,0
17200,0
17201,2
17202,0
17203,0
17204,0
17205,2
17206,0
17207,2
17208,1
17209,0
17210,0
17211,0
17212,2
17213,2
17214,0
17215,2
17216,2
17217,2
17218,0
17219,1
17220,0
17221,1
17222,2
17223,0
17224,0
17225,2
17226,0
17227,2
17228,2
17229,2
17230,0
17231,0
17232,2
17233,2
17234,1
17235,0
17236,0
17237,0
17238,2
17239,0
17240,2
17241,1
17242,0
17243,2
17244,0
17245,1
17246,0
17247,2
17248,1
17249,1
17250,1
17251,2
17252,1
17253,0
17254,1
17255,1
17256,1
17257,0
17258,2
17259,1
17260,0
17261,0
17262,0
17263,0
17264,1
17265,1
17266,1
17267,0
17268,1
17269,0
17270,1
17271,0
17272,0
17273,1
17274,0
17275,0
17276,2
17277,1
17278,2
17279,0
17280,1
17281,1
17282,2
17283,0
17284,0
17285,1
17286,0
17287,1
17288,2
17289,1
17290,2
17291,1
17292,2
17293,2
17294,0
17295,1
17296,2
17297,1
17298,1
17299,0
17300,1
17301,0
17302,0
17303,0
17304,0
17305,0
17306,2
17307,2
17308,0
17309,1
17310,1
17311,2
17312,1
17313,0
17314,2
17315,0
17316,1
17317,0
17318,0
17319,0
17320,1
17321,0
17322,2
17323,2
17324,1
17325,2
17326,0
17327,0
17328,1
17329,1
17330,2
17331,0
17332,2
17333,2
17334,1
17335,0
17336,0
17337,0
17338,2
17339,1
17340,2
17341,1
17342,1
17343,1
17344,0
17345,0
17346,2
17347,1
17348,2
17349,1
17350,2
17351,1
17352,0
17353,0
17354,1
17355,0
17356,1
17357,2
17358,0
17359,0
17360,1
17361,1
17362,2
17363,1
17364,0
17365,0
17366,0
17367,0
17368,1
17369,2
17370,2
17371,2
17372,0
17373,0
17374,0
17375,2
17376,0
17377,0
17378,2
17379,1
17380,2
17381,0
17382,2
17383,2
17384,2
17385,2
17386,0
17387,0
17388,0
17389,2
17390,2
17391,0
17392,2
17393,2
17394,0
17395,0
17396,0
17397,0
17398,1
17399,2
17400,1
17401,1
17402,0
17403,1
17404,2
17405,1
17406,0
17407,0
17408,0
17409,0
17410,0
17411,2
17412,2
17413,2
17414,0
17415,0
17416,0
17417,0
17418,2
17419,0
17420,1
17421,2
17422,2
17423,2
17424,0
17425,0
17426,1
17427,0
17428,2
17429,2
17430,0
17431,1
17432,0
17433,0
17434,0
17435,2
17436,0
17437,1
17438,2
17439,1
17440,0
17441,1
17442,1
17443,0
17444,2
17445,0
17446,2
17447,2
17448,0
17449,1
17450,1
17451,2
17452,1
17453,2
17454,1
17455,1
17456,1
17457,2
17458,0
17459,1
17460,0
17461,2
17462,2
17463,1
17464,2
17465,2
17466,1
17467,1
17468,1
17469,1
17470,0
17471,0
17472,1
17473,0
17474,1
17475,2
17476,0
17477,1
17478,0
17479,0
17480,2
17481,2
17482,2
17483,1
17484,0
17485,0
17486,0
17487,0
17488,1
17489,2
17490,2
17491,2
17492,2
17493,2
17494,1
17495,0
17496,2
17497,2
17498,0
17499,2
17500,0
17501,1
17502,2
17503,0
17504,0
17505,1
17506,0
17507,1
17508,0
17509,1
17510,1
17511,0
17512,2
17513,0
17514,2
17515,2
17516,1
17517,1
17518,0
17519,2
17520,2
17521,0
17522,2
17523,1
17524,2
17525,2
17526,1
17527,2
17528,0
17529,0
17530,1
17531,2
17532,2
17533,0
17534,0
17535,2
17536,2
17537,0
17538,0
17539,0
17540,2
17541,2
17542,2
17543,2
17544,0
17545,0
17546,0
17547,1
17548,0
17549,1
17550,2
17551,2
17552,2
17553,2
17554,0
17555,0
17556,1
17557,2
17558,2
17559,2
17560,0
17561,0
17562,1
17563,2
17564,1
17565,0
17566,2
17567,1
17568,2
17569,1
17570,2
17571,2
17572,1
17573,2
17574,2
17575,2
17576,0
17577,2
17578,0
17579,0
17580,1
17581,1
17582,2
17583,0
17584,0
17585,0
17586,0
17587,0
17588,0
17589,1
17590,1
17591,2
17592,1
17593,0
17594,2
17595,2
17596,2
17597,2
17598,0
17599,2
17600,2
17601,1
17602,1
17603,2
17604,1
17605,0
17606,0
17607,1
17608,0
17609,0
17610,2
17611,0
17612,1
17613,0
17614,0
17615,0
17616,0
17617,0
17618,1
17619,1
17620,0
17621,2
17622,1
17623,0
17624,0
17625,0
17626,0
17627,0
17628,0
17629,0
17630,1
17631,2
17632,0
17633,0
17634,1
17635,2
17636,2
17637,2
17638,2
17639,1
17640,1
17641,0
17642,0
17643,0
17644,2
17645,2
17646,0
17647,0
17648,0
17649,2
17650,1
17651,2
17652,2
17653,1
17654,0
17655,2
17656,0
17657,0
17658,2
17659,1
17660,2
17661,0
17662,0
17663,1
17664,1
17665,0
17666,1
17667,2
17668,0
17669,2
17670,2
17671,2
17672,2
17673,1
17674,1
17675,2
17676,1
17677,2
17678,1
17679,1
17680,0
17681,1
17682,2
17683,0
17684,2
17685,2
17686,2
17687,2
17688,2
17689,2
17690,2
17691,1
17692,1
17693,2
17694,1
17695,2
17696,2
17697,0
17698,1
17699,2
17700,0
17701,2
17702,1
17703,0
17704,1
17705,0
17706,1
17707,2
17708,0
17709,0
17710,1
17711,2
17712,2
17713,1
17714,2
17715,1
17716,0
17717,0
17718,0
17719,1
17720,2
17721,0
17722,2
17723,1
17724,2
17725,1
17726,2
17727,2
17728,1
17729,0
17730,2
17731,0
17732,1
17733,2
17734,0
17735,2
17736,2
17737,0
17738,1
17739,1
17740,1
17741,1
17742,2
17743,0
17744,0
17745,2
17746,2
17747,2
17748,0
17749,2
17750,0
17751,0
17752,0
17753,2
17754,0
17755,2
17756,0
17757,1
17758,0
17759,0
17760,0
17761,1
17762,0
17763,0
17764,0
17765,1
17766,2
17767,0
17768,2
17769,0
17770,0
17771,0
17772,1
17773,1
17774,2
17775,1
17776,0
17777,0
17778,0
17779,1
17780,0
17781,2
17782,0
17783,2
17784,1
17785,2
17786,2
17787,1
17788,1
17789,0
17790,0
17791,2
17792,0
17793,1
17794,1
17795,0
17796,0
17797,1
17798,0
17799,2
17800,0
17801,0
17802,0
17803,0
17804,0
17805,2
17806,2
17807,1
17808,2
17809,2
17810,0
17811,2
17812,0
17813,1
17814,0
17815,2
17816,1
17817,0
17818,2
17819,2
17820,1
17821,0
17822,0
17823,2
17824,0
17825,1
17826,2
17827,0
17828,2
17829,2
17830,0
17831,1
17832,1
17833,2
17834,2
17835,1
17836,2
17837,0
17838,0
17839,2
17840,1
17841,1
17842,2
17843,2
17844,0
17845,2
17846,0
17847,1
17848,0
17849,0
17850,1
17851,1
17852,0
17853,2
17854,2
17855,0
17856,0
17857,1
17858,2
17859,0
17860,2
17861,0
17862,0
17863,2
17864,2
17865,1
17866,2
17867,2
17868,1
17869,2
17870,2
17871,2
17872,2
17873,0
17874,0
17875,2
17876,1
17877,1
17878,1
17879,0
17880,0
17881,0
17882,2
17883,0
17884,2
17885,2
17886,0
17887,0
17888,0
17889,1
17890,1
17891,0
17892,2
17893,2
17894,0
17895,2
17896,2
17897,1
17898,1
17899,1
17900,1
17901,0
17902,1
17903,2
17904,1
17905,2
17906,2
17907,1
17908,2
17909,2
17910,2
17911,1
17912,1
17913,0
17914,1
17915,2
17916,2
17917,2
17918,2
17919,2
17920,2
17921,0
17922,2
17923,2
17924,2
17925,0
17926,2
17927,1
17928,2
17929,0
17930,2
17931,1
17932,2
17933,1
17934,1
17935,1
17936,0
17937,0
17938,1
17939,2
17940,2
17941,1
17942,1
17943,1
17944,1
17945,1
17946,2
17947,0
17948,2
17949,0
17950,1
17951,2
17952,1
17953,0
17954,0
17955,0
17956,1
17957,2
17958,2
17959,2
17960,0
17961,2
17962,1
17963,2
17964,2
17965,1
17966,2
17967,0
17968,0
17969,1
17970,2
17971,1
17972,2
17973,2
17974,1
17975,1
17976,0
17977,0
17978,0
17979,0
17980,0
17981,2
17982,1
17983,0
17984,2
17985,0
17986,0
17987,0
17988,1
17989,0
17990,0
17991,0
17992,1
17993,0
17994,1
17995,2
17996,2
17997,0
17998,0
17999,0
18000,0
18001,0
18002,1
18003,1
18004,0
18005,0
18006,2
18007,0
18008,0
18009,1
18010,0
18011,1
18012,0
18013,2
18014,0
18015,2
18016,0
18017,1
18018,2
18019,0
18020,2
18021,2
18022,0
18023,2
18024,2
18025,0
18026,0
18027,2
18028,2
18029,0
18030,0
18031,1
18032,2
18033,0
18034,1
18035,1
18036,0
18037,2
18038,0
18039,2
18040,2
18041,2
18042,1
18043,1
18044,0
18045,1
18046,1
18047,1
18048,0
18049,0
18050,2
18051,2
18052,2
18053,0
18054,2
18055,2
18056,0
18057,2
18058,1
18059,1
18060,2
18061,2
18062,0
18063,2
18064,1
18065,2
18066,0
18067,2
18068,0
18069,0
18070,0
18071,2
18072,2
18073,2
18074,1
18075,0
18076,1
18077,0
18078,0
18079,0
18080,0
18081,1
18082,2
18083,2
18084,2
18085,2
18086,1
18087,2
18088,2
18089,0
18090,1
18091,1
18092,1
18093,1
18094,1
18095,0
18096,0
18097,1
18098,2
18099,1
18100,1
18101,2
18102,0
18103,0
18104,1
18105,2
18106,1
18107,0
18108,2
18109,2
18110,0
18111,1
18112,0
18113,2
18114,1
18115,2
18116,2
18117,1
18118,2
18119,2
18120,2
18121,2
18122,1
18123,1
18124,1
18125,2
18126,0
18127,0
18128,0
18129,0
18130,2
18131,2
18132,2
18133,2
18134,2
18135,2
18136,0
18137,1
18138,2
18139,2
18140,1
18141,0
18142,2
18143,2
18144,2
18145,2
18146,0
18147,2
18148,2
18149,0
18150,2
18151,0
18152,2
18153,0
18154,2
18155,2
18156,1
18157,2
18158,0
18159,1
18160,2
18161,2
18162,0
18163,0
18164,0
18165,0
18166,0
18167,0
18168,2
18169,0
18170,0
18171,0
18172,2
18173,2
18174,2
18175,2
18176,2
18177,2
18178,1
18179,2
18180,0
18181,2
18182,1
18183,1
18184,2
18185,2
18186,2
18187,1
18188,0
18189,1
18190,1
18191,2
18192,2
18193,2
18194,2
18195,0
18196,0
18197,2
18198,0
18199,2
18200,2
18201,2
18202,0
18203,0
18204,2
18205,2
18206,0
18207,1
18208,2
18209,0
18210,2
18211,1
18212,0
18213,1
18214,2
18215,2
18216,2
18217,1
18218,1
18219,0
18220,0
18221,2
18222,0
18223,2
18224,0
18225,2
18226,1
18227,1
18228,2
18229,0
18230,2
18231,2
18232,1
18233,1
18234,2
18235,1
18236,2
18237,0
18238,1
18239,1
18240,2
18241,0
18242,0
18243,2
18244,2
18245,2
18246,1
18247,2
18248,1
18249,1
18250,2
18251,2
18252,1
18253,2
18254,0
18255,1
18256,2
18257,1
18258,1
18259,2
18260,1
18261,0
18262,2
18263,2
18264,1
18265,1
18266,0
18267,2
18268,1
18269,0
18270,1
18271,0
18272,0
18273,2
18274,1
18275,0
18276,1
18277,1
18278,2
18279,0
18280,0
18281,2
18282,2
18283,2
18284,0
18285,0
18286,0
18287,2
18288,0
18289,1
18290,1
18291,2
18292,0
18293,1
18294,2
18295,2
18296,0
18297,0
18298,1
18299,0
18300,2
18301,2
18302,0
18303,2
18304,0
18305,1
18306,2
18307,0
18308,0
18309,2
18310,2
18311,2
18312,0
18313,2
18314,1
18315,1
18316,0
18317,2
18318,0
18319,1
18320,1
18321,2
18322,1
18323,2
18324,0
18325,2
18326,1
18327,1
18328,2
18329,0
18330,2
18331,1
18332,1
18333,2
18334,1
18335,2
18336,0
18337,0
18338,2
18339,1
18340,1
18341,2
18342,2
18343,2
18344,0
18345,1
18346,2
18347,2
18348,2
18349,0
18350,2
18351,1
18352,1
18353,2
18354,0
18355,0
18356,1
18357,0
18358,0
18359,0
18360,0
18361,2
18362,2
18363,2
18364,0
18365,1
18366,1
18367,1
18368,0
18369,2
18370,0
18371,0
18372,1
18373,1
18374,2
18375,0
18376,1
18377,1
18378,0
18379,2
18380,1
18381,1
18382,0
18383,2
18384,1
18385,0
18386,0
18387,0
18388,2
18389,0
18390,0
18391,0
18392,0
18393,2
18394,1
18395,0
18396,2
18397,2
18398,2
18399,0
18400,1
18401,2
18402,1
18403,2
18404,0
18405,0
18406,2
18407,2
18408,1
18409,2
18410,1
18411,0
18412,0
18413,0
18414,2
18415,1
18416,2
18417,2
18418,0
18419,2
18420,2
18421,1
18422,0
18423,2
18424,1
18425,2
18426,2
18427,1
18428,2
18429,0
18430,2
18431,0
18432,1
18433,0
18434,1
18435,0
18436,0
18437,2
18438,1
18439,2
18440,0
18441,0
18442,2
18443,2
18444,0
18445,2
18446,2
18447,0
18448,0
18449,0
18450,2
18451,1
18452,2
18453,2
18454,0
18455,0
18456,0
18457,2
18458,1
18459,0
18460,1
18461,0
18462,1
18463,0
18464,0
18465,0
18466,1
18467,0
18468,0
18469,2
18470,2
18471,0
18472,0
18473,2
18474,1
18475,0
18476,1
18477,0
18478,1
18479,0
18480,1
18481,1
18482,2
18483,1
18484,0
18485,0
18486,2
18487,2
18488,0
18489,2
18490,0
18491,2
18492,0
18493,1
18494,1
18495,0
18496,0
18497,0
18498,0
18499,0
18500,0
18501,0
18502,2
18503,1
18504,2
18505,1
18506,0
18507,0
18508,1
18509,0
18510,2
18511,0
18512,2
18513,0
18514,0
18515,0
18516,0
18517,2
18518,2
18519,2
18520,2
18521,0
18522,2
18523,0
18524,1
18525,0
18526,0
18527,2
18528,2
18529,1
18530,2
18531,2
18532,2
18533,2
18534,0
18535,1
18536,1
18537,1
18538,0
18539,2
18540,1
18541,0
18542,1
18543,2
18544,1
18545,1
18546,2
18547,0
18548,1
18549,1
18550,0
18551,0
18552,0
18553,0
18554,2
18555,2
18556,1
18557,2
18558,0
18559,2
18560,0
18561,2
18562,1
18563,0
18564,2
18565,0
18566,2
18567,1
18568,1
18569,2
18570,0
18571,1
18572,2
18573,0
18574,2
18575,1
18576,1
18577,0
18578,2
18579,2
18580,2
18581,2
18582,2
18583,0
18584,0
18585,0
18586,2
18587,1
18588,0
18589,0
18590,0
18591,2
18592,2
18593,0
18594,2
18595,0
18596,2
18597,1
18598,0
18599,2
18600,1
18601,0
18602,2
18603,1
18604,2
18605,0
18606,2
18607,2
18608,2
18609,1
18610,2
18611,0
18612,2
18613,2
18614,2
18615,0
18616,1
18617,0
18618,0
18619,1
18620,0
18621,2
18622,1
18623,1
18624,0
18625,2
18626,0
18627,2
18628,2
18629,1
18630,0
18631,1
18632,0
18633,2
18634,1
18635,0
18636,0
18637,0
18638,0
18639,0
18640,1
18641,0
18642,0
18643,0
18644,0
18645,1
18646,0
18647,2
18648,1
18649,2
18650,0
18651,1
18652,2
18653,2
18654,2
18655,0
18656,2
18657,2
18658,1
18659,0
18660,1
18661,1
18662,1
18663,0
18664,0
18665,1
18666,2
18667,0
18668,0
18669,2
18670,0
18671,2
18672,2
18673,1
18674,0
18675,0
18676,0
18677,2
18678,0
18679,0
18680,0
18681,2
18682,2
18683,2
18684,2
18685,1
18686,1
18687,2
18688,1
18689,1
18690,0
18691,2
18692,1
18693,0
18694,0
18695,0
18696,2
18697,0
18698,0
18699,1
18700,0
18701,2
18702,0
18703,2
18704,0
18705,0
18706,2
18707,2
18708,1
18709,1
18710,2
18711,0
18712,2
18713,2
18714,1
18715,1
18716,1
18717,2
18718,2
18719,1
18720,1
18721,2
18722,2
18723,1
18724,2
18725,1
18726,0
18727,0
18728,2
18729,0
18730,2
18731,1
18732,2
18733,0
18734,2
18735,2
18736,1
18737,0
18738,2
18739,2
18740,2
18741,0
18742,0
18743,2
18744,2
18745,0
18746,2
18747,2
18748,2
18749,1
18750,2
18751,1
18752,1
18753,2
18754,1
18755,0
18756,2
18757,0
18758,2
18759,1
18760,2
18761,1
18762,2
18763,2
18764,1
18765,1
18766,1
18767,2
18768,0
18769,0
18770,0
18771,0
18772,2
18773,2
18774,0
18775,1
18776,0
18777,0
18778,2
18779,1
18780,0
18781,2
18782,2
18783,0
18784,2
18785,2
18786,1
18787,0
18788,1
18789,2
18790,2
18791,1
18792,0
18793,1
18794,1
18795,1
18796,1
18797,2
18798,2
18799,1
18800,2
18801,1
18802,1
18803,0
18804,0
18805,2
18806,2
18807,2
18808,2
18809,1
18810,2
18811,1
18812,0
18813,1
18814,0
18815,2
18816,2
18817,0
18818,2
18819,2
18820,2
18821,0
18822,1
18823,0
18824,0
18825,0
18826,1
18827,0
18828,1
18829,0
18830,1
18831,0
18832,0
18833,2
18834,0
18835,1
18836,1
18837,0
18838,2
18839,0
18840,0
18841,2
18842,1
18843,2
18844,2
18845,2
18846,0
18847,2
18848,2
18849,0
18850,1
18851,1
18852,2
18853,2
18854,0
18855,1
18856,0
18857,0
18858,0
18859,2
18860,2
18861,0
18862,1
18863,2
18864,0
18865,0
18866,1
18867,0
18868,0
18869,0
18870,2
18871,0
18872,0
18873,2
18874,2
18875,0
18876,1
18877,2
18878,2
18879,2
18880,1
18881,0
18882,0
18883,2
18884,2
18885,0
18886,1
18887,2
18888,2
18889,1
18890,0
18891,1
18892,0
18893,2
18894,1
18895,0
18896,2
18897,0
18898,0
18899,2
18900,0
18901,0
18902,2
18903,0
18904,1
18905,0
18906,0
18907,2
18908,2
18909,1
18910,2
18911,0
18912,1
18913,2
18914,1
18915,0
18916,0
18917,1
18918,0
18919,0
18920,0
18921,2
18922,1
18923,0
18924,1
18925,1
18926,0
18927,0
18928,0
18929,1
18930,1
18931,1
18932,0
18933,1
18934,1
18935,2
18936,0
18937,1
18938,0
18939,0
18940,1
18941,2
18942,0
18943,0
18944,1
18945,2
18946,0
18947,0
18948,2
18949,0
18950,2
18951,1
18952,1
18953,0
18954,0
18955,2
18956,2
18957,0
18958,0
18959,1
18960,2
18961,2
18962,0
18963,2
18964,2
18965,0
18966,0
18967,2
18968,2
18969,0
18970,1
18971,0
18972,0
18973,1
18974,0
18975,0
18976,2
18977,2
18978,0
18979,0
18980,2
18981,1
18982,0
18983,2
18984,2
18985,0
18986,1
18987,2
18988,1
18989,1
18990,0
18991,0
18992,1
18993,1
18994,0
18995,0
18996,2
18997,1
18998,1
18999,1
19000,0
19001,2
19002,2
19003,1
19004,2
19005,1
19006,0
19007,0
19008,0
19009,1
19010,0
19011,0
19012,1
19013,2
19014,0
19015,2
19016,2
19017,2
19018,0
19019,0
19020,0
19021,2
19022,0
19023,1
19024,2
19025,1
19026,2
19027,0
19028,1
19029,0
19030,2
19031,2
19032,2
19033,1
19034,2
19035,2
19036,0
19037,1
19038,2
19039,2
19040,1
19041,0
19042,1
19043,1
19044,0
19045,1
19046,1
19047,0
19048,2
19049,2
19050,2
19051,1
19052,2
19053,0
19054,2
19055,0
19056,2
19057,2
19058,0
19059,1
19060,0
19061,1
19062,1
19063,2
19064,1
19065,1
19066,1
19067,0
19068,2
19069,0
19070,0
19071,2
19072,0
19073,0
19074,2
19075,0
19076,1
19077,2
19078,0
19079,0
19080,0
19081,2
19082,2
19083,1
19084,2
19085,0
19086,1
19087,2
19088,1
19089,1
19090,0
19091,0
19092,0
19093,1
19094,2
19095,1
19096,0
19097,1
19098,1
19099,0
19100,0
19101,2
19102,0
19103,2
19104,1
19105,2
19106,1
19107,0
19108,1
19109,1
19110,0
19111,0
19112,0
19113,0
19114,2
19115,0
19116,2
19117,0
19118,0
19119,0
19120,1
19121,2
19122,0
19123,1
19124,0
19125,1
19126,1
19127,0
19128,2
19129,0
19130,0
19131,2
19132,0
19133,0
19134,1
19135,1
19136,1
19137,2
19138,0
19139,2
19140,0
19141,1
19142,1
19143,1
19144,1
19145,1
19146,2
19147,0
19148,2
19149,0
19150,1
19151,2
19152,2
19153,1
19154,2
19155,1
19156,1
19157,0
19158,2
19159,2
19160,0
19161,1
19162,2
19163,0
19164,0
19165,2
19166,0
19167,0
19168,1
19169,2
19170,2
19171,2
19172,0
19173,1
19174,1
19175,1
19176,2
19177,0
19178,0
19179,2
19180,0
19181,2
19182,2
19183,0
19184,1
19185,0
19186,2
19187,0
19188,1
19189,1
19190,0
19191,0
19192,2
19193,0
19194,2
19195,0
19196,1
19197,1
19198,0
19199,0
19200,2
19201,2
19202,1
19203,1
19204,0
19205,0
19206,0
19207,2
19208,1
19209,1
19210,0
19211,2
19212,0
19213,0
19214,2
19215,0
19216,2
19217,1
19218,0
19219,1
19220,0
19221,2
19222,0
19223,2
19224,2
19225,2
19226,1
19227,1
19228,1
19229,2
19230,2
19231,2
19232,1
19233,0
19234,0
19235,0
19236,2
19237,0
19238,2
19239,0
19240,2
19241,0
19242,2
19243,2
19244,0
19245,0
19246,0
19247,1
19248,1
19249,1
19250,1
19251,0
19252,0
19253,0
19254,0
19255,0
19256,2
19257,0
19258,2
19259,0
19260,0
19261,2
19262,0
19263,2
19264,2
19265,2
19266,0
19267,0
19268,2
19269,1
19270,1
19271,2
19272,1
19273,1
19274,1
19275,0
19276,2
19277,2
19278,1
19279,0
19280,0
19281,2
19282,1
19283,2
19284,2
19285,2
19286,1
19287,1
19288,0
19289,1
19290,0
19291,0
19292,0
19293,2
19294,2
19295,0
19296,0
19297,1
19298,2
19299,0
19300,0
19301,2
19302,2
19303,0
19304,0
19305,2
19306,1
19307,0
19308,0
19309,0
19310,1
19311,1
19312,2
19313,0
19314,1
19315,1
19316,2
19317,2
19318,2
19319,2
19320,2
19321,2
19322,2
19323,2
19324,2
19325,2
19326,2
19327,0
19328,1
19329,2
19330,1
19331,0
19332,2
19333,2
19334,2
19335,1
19336,1
19337,0
19338,1
19339,2
19340,1
19341,1
19342,0
19343,0
19344,0
19345,1
19346,1
19347,0
19348,2
19349,2
19350,0
19351,0
19352,1
19353,0
19354,2
19355,1
19356,2
19357,2
19358,0
19359,2
19360,1
19361,0
19362,1
19363,1
19364,2
19365,0
19366,2
19367,0
19368,2
19369,0
19370,0
19371,0
19372,0
19373,1
19374,2
19375,2
19376,0
19377,2
19378,0
19379,2
19380,1
19381,1
19382,2
19383,0
19384,1
19385,1
19386,2
19387,0
19388,0
19389,1
19390,2
19391,2
19392,2
19393,0
19394,0
19395,2
19396,2
19397,1
19398,0
19399,0
19400,1
19401,0
19402,0
19403,0
19404,0
19405,0
19406,0
19407,2
19408,1
19409,0
19410,1
19411,2
19412,0
19413,1
19414,0
19415,0
19416,1
19417,1
19418,0
19419,1
19420,2
19421,2
19422,1
19423,0
19424,0
19425,2
19426,0
19427,2
19428,1
19429,1
19430,1
19431,0
19432,1
19433,0
19434,2
19435,1
19436,0
19437,0
19438,2
19439,0
19440,0
19441,1
19442,0
19443,2
19444,1
19445,2
19446,1
19447,0
19448,1
19449,2
19450,1
19451,2
19452,2
19453,2
19454,2
19455,0
19456,1
19457,2
19458,0
19459,0
19460,2
19461,0
19462,0
19463,0
19464,0
19465,0
19466,0
19467,1
19468,2
19469,1
19470,0
19471,0
19472,0
19473,0
19474,1
19475,0
19476,2
19477,0
19478,0
19479,1
19480,1
19481,1
19482,2
19483,1
19484,0
19485,0
19486,2
19487,1
19488,0
19489,1
19490,0
19491,1
19492,0
19493,2
19494,0
19495,0
19496,0
19497,2
19498,2
19499,0
19500,1
19501,1
19502,0
19503,2
19504,2
19505,2
19506,1
19507,0
19508,1
19509,2
19510,1
19511,1
19512,1
19513,1
19514,0
19515,2
19516,0
19517,0
19518,2
19519,0
19520,0
19521,2
19522,0
19523,0
19524,1
19525,2
19526,1
19527,1
19528,2
19529,0
19530,0
19531,1
19532,1
19533,0
19534,1
19535,2
19536,1
19537,0
19538,0
19539,1
19540,1
19541,2
19542,1
19543,2
19544,1
19545,0
19546,2
19547,0
19548,1
19549,0
19550,2
19551,0
19552,1
19553,1
19554,1
19555,2
19556,0
19557,0
19558,2
19559,2
19560,2
19561,1
19562,2
19563,0
19564,2
19565,0
19566,2
19567,2
19568,0
19569,2
19570,0
19571,0
19572,2
19573,2
19574,2
19575,0
19576,1
19577,0
19578,0
19579,2
19580,0
19581,1
19582,0
19583,0
19584,2
19585,2
19586,2
19587,0
19588,2
19589,2
19590,1
19591,1
19592,0
19593,0
19594,0
19595,0
19596,2
19597,1
19598,0
19599,2
19600,1
19601,2
19602,2
19603,0
19604,0
19605,1
19606,0
19607,2
19608,2
19609,1
19610,2
19611,0
19612,2
19613,0
19614,1
19615,1
19616,0
19617,2
19618,0
19619,0
19620,0
19621,0
19622,2
19623,2
19624,2
19625,1
19626,1
19627,0
19628,2
19629,2
19630,2
19631,0
19632,0
19633,1
19634,0
19635,0
19636,1
19637,0
19638,1
19639,0
19640,0
19641,1
19642,2
19643,0
19644,0
19645,0
19646,0
19647,2
19648,2
19649,0
19650,2
19651,2
19652,0
19653,0
19654,2
19655,0
19656,0
19657,0
19658,1
19659,1
19660,1
19661,0
19662,0
19663,2
19664,1
19665,2
19666,0
19667,2
19668,2
19669,1
19670,0
19671,0
19672,1
19673,2
19674,0
19675,2
19676,1
19677,1
19678,2
19679,1
19680,1
19681,0
19682,2
19683,1
19684,2
19685,2
19686,0
19687,1
19688,1
19689,1
19690,0
19691,2
19692,1
19693,1
19694,2
19695,0
19696,1
19697,1
19698,2
19699,0
19700,0
19701,1
19702,2
19703,0
19704,0
19705,1
19706,1
19707,0
19708,2
19709,2
19710,0
19711,2
19712,0
19713,2
19714,1
19715,1
19716,0
19717,2
19718,2
19719,1
19720,1
19721,2
19722,2
19723,0
19724,0
19725,0
19726,2
19727,0
19728,2
19729,0
19730,0
19731,2
19732,1
19733,1
19734,2
19735,0
19736,1
19737,0
19738,2
19739,2
19740,1
19741,2
19742,0
19743,2
19744,0
19745,0
19746,0
19747,1
19748,2
19749,2
19750,1
19751,2
19752,1
19753,2
19754,0
19755,0
19756,2
19757,2
19758,1
19759,2
19760,0
19761,1
19762,2
19763,1
19764,1
19765,1
19766,0
19767,0
19768,0
19769,1
19770,0
19771,1
19772,1
19773,1
19774,2
19775,0
19776,0
19777,2
19778,0
19779,1
19780,2
19781,2
19782,0
19783,2
19784,2
19785,1
19786,1
19787,2
19788,1
19789,2
19790,2
19791,0
19792,1
19793,2
19794,2
19795,1
19796,1
19797,2
19798,0
19799,0
19800,0
19801,0
19802,2
19803,0
19804,1
19805,1
19806,0
19807,2
19808,0
19809,2
19810,1
19811,0
19812,2
19813,0
19814,2
19815,2
19816,0
19817,0
19818,0
19819,2
19820,2
19821,0
19822,0
19823,1
19824,1
19825,2
19826,2
19827,1
19828,0
19829,2
19830,0
19831,2
19832,2
19833,1
19834,2
19835,1
19836,0
19837,0
19838,1
19839,0
19840,1
19841,0
19842,1
19843,2
19844,0
19845,1
19846,0
19847,0
19848,2
19849,2
19850,2
19851,0
19852,1
19853,2
19854,1
19855,0
19856,2
19857,2
19858,2
19859,1
19860,0
19861,1
19862,0
19863,0
19864,2
19865,2
19866,1
19867,1
19868,2
19869,2
19870,0
19871,1
19872,2
19873,1
19874,0
19875,0
19876,0
19877,0
19878,2
19879,2
19880,0
19881,0
19882,1
19883,0
19884,0
19885,1
19886,2
19887,2
19888,1
19889,2
19890,2
19891,1
19892,2
19893,2
19894,1
19895,1
19896,2
19897,0
19898,2
19899,2
19900,0
19901,2
19902,2
19903,2
19904,1
19905,1
19906,2
19907,1
19908,2
19909,2
19910,2
19911,1
19912,1
19913,0
19914,1
19915,2
19916,2
19917,2
19918,1
19919,1
19920,2
19921,1
19922,2
19923,2
19924,2
19925,2
19926,1
19927,2
19928,0
19929,2
19930,2
19931,1
19932,0
19933,0
19934,1
19935,2
19936,2
19937,1
19938,2
19939,0
19940,1
19941,1
19942,1
19943,1
19944,0
19945,1
19946,1
19947,2
19948,1
19949,0
19950,2
19951,0
19952,2
19953,0
19954,2
19955,0
19956,0
19957,1
19958,1
19959,0
19960,1
19961,0
19962,2
19963,0
19964,1
19965,1
19966,0
19967,1
19968,2
19969,1
19970,2
19971,1
19972,2
19973,1
19974,1
19975,0
19976,0
19977,1
19978,1
19979,0
19980,0
19981,2
19982,2
19983,1
19984,2
19985,0
19986,1
19987,2
19988,1
19989,1
19990,1
19991,0
19992,0
19993,0
19994,0
19995,2
19996,0
19997,2
19998,2
19999,0
20000,2
20001,2
20002,1
20003,0
20004,2
20005,1
20006,2
20007,0
20008,2
20009,1
20010,1
20011,0
20012,0
20013,1
20014,0
20015,2
20016,0
20017,0
20018,1
20019,2
20020,1
20021,0
20022,2
20023,0
20024,2
20025,2
20026,2
20027,1
20028,2
20029,0
20030,2
20031,2
20032,0
20033,2
20034,1
20035,2
20036,2
20037,0
20038,1
20039,0
20040,2
20041,2
20042,0
20043,2
20044,2
20045,2
20046,1
20047,0
20048,1
20049,1
20050,2
20051,2
20052,2
20053,0
20054,2
20055,1
20056,0
20057,1
20058,0
20059,1
20060,0
20061,1
20062,2
20063,2
20064,0
20065,0
20066,0
20067,2
20068,2
20069,0
20070,1
20071,0
20072,0
20073,1
20074,0
20075,1
20076,1
20077,0
20078,2
20079,0
20080,1
20081,1
20082,0
20083,0
20084,0
20085,0
20086,0
20087,1
20088,0
20089,2
20090,1
20091,0
20092,1
20093,0
20094,2
20095,0
20096,2
20097,2
20098,2
20099,0
20100,2
20101,2
20102,2
20103,1
20104,1
20105,2
20106,2
20107,2
20108,2
20109,2
20110,0
20111,1
20112,0
20113,0
20114,2
20115,2
20116,2
20117,2
20118,0
20119,2
20120,1
20121,2
20122,1
20123,0
20124,2
20125,2
20126,2
20127,2
20128,0
20129,0
20130,2
20131,0
20132,1
20133,2
20134,2
20135,2
20136,2
20137,1
20138,2
20139,1
20140,0
20141,0
20142,1
20143,1
20144,2
20145,2
20146,0
20147,2
20148,1
20149,0
20150,2
20151,0
20152,2
20153,2
20154,2
20155,0
20156,0
20157,0
20158,2
20159,2
20160,1
20161,1
20162,2
20163,2
20164,2
20165,1
20166,2
20167,2
20168,0
20169,0
20170,1
20171,0
20172,2
20173,1
20174,1
20175,0
20176,0
20177,0
20178,1
20179,2
20180,1
20181,0
20182,2
20183,1
20184,0
20185,1
20186,0
20187,1
20188,1
20189,0
20190,0
20191,1
20192,1
20193,1
20194,2
20195,0
20196,2
20197,2
20198,0
20199,2
20200,0
20201,0
20202,2
20203,0
20204,2
20205,1
20206,0
20207,1
20208,0
20209,0
20210,2
20211,2
20212,2
20213,0
20214,0
20215,2
20216,1
20217,2
20218,1
20219,0
20220,2
20221,0
20222,0
20223,0
20224,1
20225,1
20226,0
20227,1
20228,2
20229,2
20230,1
20231,0
20232,1
20233,1
20234,2
20235,1
20236,2
20237,0
20238,1
20239,2
20240,1
20241,0
20242,1
20243,1
20244,0
20245,2
20246,1
20247,0
20248,2
20249,0
20250,2
20251,0
20252,2
20253,0
20254,0
20255,0
20256,2
20257,0
20258,0
20259,2
20260,2
20261,2
20262,2
20263,2
20264,1
20265,0
20266,2
20267,0
20268,1
20269,1
20270,0
20271,1
20272,0
20273,1
20274,1
20275,2
20276,2
20277,1
20278,2
20279,1
20280,1
20281,0
20282,2
20283,2
20284,0
20285,0
20286,2
20287,1
20288,2
20289,0
20290,0
20291,0
20292,0
20293,2
20294,2
20295,2
20296,0
20297,0
20298,1
20299,2
20300,2
20301,1
20302,0
20303,0
20304,0
20305,0
20306,0
20307,1
20308,0
20309,1
20310,0
20311,2
20312,1
20313,2
20314,0
20315,2
20316,0
20317,2
20318,0
20319,2
20320,2
20321,0
20322,1
20323,1
20324,0
20325,1
20326,0
20327,0
20328,2
20329,2
20330,2
20331,0
20332,1
20333,2
20334,2
20335,2
20336,1
20337,0
20338,1
20339,2
20340,1
20341,2
20342,0
20343,2
20344,2
20345,1
20346,0
20347,0
20348,0
20349,1
20350,2
20351,1
20352,2
20353,1
20354,2
20355,0
20356,2
20357,2
20358,0
20359,2
20360,1
20361,2
20362,1
20363,1
20364,1
20365,2
20366,1
20367,1
20368,0
20369,0
20370,2
20371,0
20372,1
20373,1
20374,2
20375,0
20376,2
20377,0
20378,2
20379,0
20380,0
20381,1
20382,1
20383,1
20384,0
20385,2
20386,1
20387,0
20388,1
20389,2
20390,0
20391,2
20392,1
20393,2
20394,1
20395,2
20396,2
20397,2
20398,1
20399,1
20400,0
20401,2
20402,1
20403,1
20404,0
20405,2
20406,1
20407,0
20408,2
20409,1
20410,2
20411,0
20412,1
20413,1
20414,0
20415,2
20416,2
20417,0
20418,0
20419,2
20420,1
20421,1
20422,1
20423,1
20424,2
20425,0
20426,1
20427,0
20428,2
20429,2
20430,2
20431,2
20432,2
20433,2
20434,2
20435,1
20436,0
20437,0
20438,2
20439,1
20440,2
20441,2
20442,2
20443,0
20444,2
20445,2
20446,2
20447,0
20448,2
20449,2
20450,2
20451,2
20452,0
20453,0
20454,2
20455,2
20456,0
20457,1
20458,1
20459,0
20460,1
20461,0
20462,2
20463,2
20464,2
20465,2
20466,0
20467,0
20468,1
20469,2
20470,2
20471,0
20472,2
20473,1
20474,0
20475,0
20476,0
20477,1
20478,0
20479,1
20480,0
20481,1
20482,2
20483,2
20484,0
20485,0
20486,2
20487,2
20488,0
20489,1
20490,0
20491,0
20492,1
20493,0
20494,2
20495,0
20496,2
20497,0
20498,1
20499,0
20500,0
20501,2
20502,2
20503,2
20504,0
20505,2
20506,1
20507,2
20508,0
20509,2
20510,2
20511,1
20512,1
20513,2
20514,0
20515,0
20516,2
20517,0
20518,2
20519,0
20520,2
20521,0
20522,1
20523,2
20524,1
20525,1
20526,2
20527,2
20528,1
20529,2
20530,0
20531,2
20532,0
20533,1
20534,2
20535,0
20536,2
20537,2
20538,0
20539,2
20540,2
20541,1
20542,1
20543,2
20544,2
20545,0
20546,0
20547,1
20548,1
20549,2
20550,0
20551,1
20552,1
20553,1
20554,2
20555,2
20556,2
20557,1
20558,2
20559,1
20560,2
20561,2
20562,0
20563,2
20564,0
20565,0
20566,2
20567,2
20568,1
20569,1
20570,1
20571,0
20572,0
20573,1
20574,1
20575,1
20576,2
20577,0
20578,0
20579,0
20580,2
20581,1
20582,2
20583,0
20584,0
20585,0
20586,0
20587,1
20588,1
20589,1
20590,1
20591,1
20592,0
20593,0
20594,0
20595,0
20596,2
20597,0
20598,0
20599,2
20600,1
20601,1
20602,0
20603,0
20604,2
20605,1
20606,1
20607,0
20608,0
20609,2
20610,0
20611,0
20612,0
20613,2
20614,0
20615,2
20616,0
20617,0
20618,0
20619,0
20620,1
20621,0
20622,2
20623,1
20624,1
20625,0
20626,2
20627,1
20628,0
20629,2
20630,2
20631,0
20632,1
20633,1
20634,0
20635,0
20636,0
20637,2
20638,0
20639,2
20640,2
20641,0
20642,1
20643,2
20644,0
20645,1
20646,0
20647,0
20648,2
20649,2
20650,1
20651,0
20652,0
20653,0
20654,2
20655,0
20656,0
20657,0
20658,0
20659,0
20660,2
20661,2
20662,0
20663,0
20664,2
20665,2
20666,0
20667,0
20668,2
20669,2
20670,0
20671,0
20672,0
20673,0
20674,2
20675,1
20676,2
20677,1
20678,0
20679,2
20680,2
20681,0
20682,1
20683,0
20684,0
20685,0
20686,1
20687,0
20688,0
20689,2
20690,1
20691,0
20692,1
20693,2
20694,2
20695,2
20696,0
20697,2
20698,0
20699,2
20700,0
20701,1
20702,0
20703,1
20704,2
20705,2
20706,1
20707,2
20708,2
20709,2
20710,1
20711,2
20712,2
20713,1
20714,2
20715,0
20716,0
20717,0
20718,2
20719,2
20720,1
20721,0
20722,1
20723,2
20724,2
20725,1
20726,1
20727,0
20728,2
20729,0
20730,1
20731,2
20732,2
20733,2
20734,0
20735,2
20736,1
20737,0
20738,0
20739,1
20740,2
20741,1
20742,0
20743,0
20744,2
20745,0
20746,1
20747,2
20748,1
20749,0
20750,0
20751,0
20752,0
20753,1
20754,0
20755,1
20756,1
20757,1
20758,1
20759,0
20760,1
20761,1
20762,2
20763,1
20764,0
20765,0
20766,2
20767,0
20768,1
20769,1
20770,2
20771,2
20772,1
20773,2
20774,0
20775,2
20776,0
20777,1
20778,2
20779,2
20780,1
20781,1
20782,0
20783,0
20784,1
20785,0
20786,1
20787,1
20788,0
20789,2
20790,2
20791,2
20792,2
20793,1
20794,0
20795,1
20796,2
20797,1
20798,0
20799,1
20800,0
20801,1
20802,0
20803,2
20804,0
20805,1
20806,1
20807,2
20808,0
20809,2
20810,0
20811,1
20812,1
20813,0
20814,0
20815,0
20816,1
20817,0
20818,0
20819,0
20820,0
20821,2
20822,0
20823,0
20824,0
20825,0
20826,2
20827,2
20828,1
20829,1
20830,1
20831,1
20832,1
20833,1
20834,1
20835,0
20836,1
20837,0
20838,1
20839,1
20840,1
20841,0
20842,2
20843,0
20844,2
20845,0
20846,0
20847,1
20848,2
20849,0
20850,0
20851,2
20852,2
20853,0
20854,2
20855,1
20856,0
20857,2
20858,2
20859,1
20860,2
20861,2
20862,0
20863,2
20864,2
20865,0
20866,1
20867,2
20868,0
20869,1
20870,2
20871,0
20872,2
20873,1
20874,0
20875,1
20876,2
20877,0
20878,0
20879,2
20880,0
20881,0
20882,0
20883,2
20884,0
20885,2
20886,0
20887,2
20888,0
20889,1
20890,0
20891,2
20892,2
20893,1
20894,1
20895,2
20896,2
20897,0
20898,2
20899,2
20900,0
20901,2
20902,1
20903,1
20904,2
20905,0
20906,0
20907,1
20908,1
20909,0
20910,2
20911,1
20912,1
20913,1
20914,2
20915,0
20916,2
20917,1
20918,2
20919,2
20920,0
20921,0
20922,1
20923,1
20924,0
20925,2
20926,2
20927,1
20928,0
20929,0
20930,2
20931,0
20932,1
20933,1
20934,0
20935,0
20936,0
20937,0
20938,2
20939,1
20940,0
20941,1
20942,0
20943,0
20944,0
20945,2
20946,1
20947,2
20948,2
20949,2
20950,2
20951,0
20952,0
20953,2
20954,0
20955,1
20956,0
20957,2
20958,2
20959,2
20960,1
20961,2
20962,0
20963,2
20964,2
20965,0
20966,1
20967,0
20968,1
20969,2
20970,0
20971,0
20972,2
20973,1
20974,0
20975,1
20976,2
20977,2
20978,2
20979,1
20980,1
20981,1
20982,0
20983,2
20984,1
20985,1
20986,0
20987,1
20988,0
20989,2
20990,2
20991,0
20992,0
20993,0
20994,2
20995,0
20996,0
20997,1
20998,0
20999,2
21000,1
21001,0
21002,1
21003,2
21004,0
21005,0
21006,0
21007,1
21008,2
21009,0
21010,2
21011,2
21012,1
21013,0
21014,0
21015,0
21016,0
21017,0
21018,0
21019,2
21020,0
21021,0
21022,1
21023,0
21024,0
21025,1
21026,0
21027,0
21028,0
21029,1
21030,1
21031,0
21032,2
21033,0
21034,2
21035,0
21036,2
21037,0
21038,1
21039,2
21040,1
21041,2
21042,2
21043,1
21044,0
21045,0
21046,1
21047,1
21048,2
21049,2
21050,1
21051,0
21052,2
21053,0
21054,1
21055,2
21056,2
21057,2
21058,2
21059,0
21060,2
21061,1
21062,2
21063,0
21064,1
21065,2
21066,0
21067,2
21068,1
21069,2
21070,1
21071,0
21072,1
21073,2
21074,2
21075,1
21076,2
21077,0
21078,1
21079,1
21080,0
21081,1
21082,0
21083,2
21084,0
21085,1
21086,2
21087,0
21088,0
21089,2
21090,0
21091,2
21092,2
21093,0
21094,0
21095,1
21096,0
21097,2
21098,2
21099,2
21100,0
21101,1
21102,1
21103,0
21104,0
21105,2
21106,1
21107,2
21108,2
21109,2
21110,0
21111,2
21112,1
21113,1
21114,1
21115,1
21116,2
21117,0
21118,2
21119,2
21120,2
21121,2
21122,0
21123,0
21124,1
21125,0
21126,2
21127,0
21128,0
21129,0
21130,0
21131,0
21132,2
21133,1
21134,1
21135,2
21136,2
21137,0
21138,2
21139,1
21140,1
21141,1
21142,1
21143,0
21144,1
21145,0
21146,2
21147,2
21148,0
21149,0
21150,2
21151,2
21152,1
21153,0
21154,2
21155,1
21156,1
21157,2
21158,2
21159,1
21160,2
21161,2
21162,0
21163,1
21164,1
21165,2
21166,2
21167,2
21168,0
21169,0
21170,0
21171,2
21172,1
21173,1
21174,0
21175,0
21176,2
21177,0
21178,1
21179,0
21180,1
21181,2
21182,0
21183,0
21184,2
21185,0
21186,2
21187,2
21188,0
21189,0
21190,2
21191,2
21192,2
21193,2
21194,2
21195,0
21196,0
21197,0
21198,0
21199,2
21200,2
21201,1
21202,0
21203,2
21204,0
21205,0
21206,2
21207,1
21208,0
21209,2
21210,2
21211,2
21212,0
21213,0
21214,2
21215,2
21216,2
21217,0
21218,0
21219,2
21220,1
21221,2
21222,0
21223,1
21224,1
21225,1
21226,1
21227,0
21228,1
21229,0
21230,0
21231,2
21232,0
21233,2
21234,2
21235,1
21236,0
21237,1
21238,0
21239,2
21240,2
21241,2
21242,0
21243,0
21244,2
21245,1
21246,2
21247,0
21248,1
21249,0
21250,0
21251,2
21252,1
21253,1
21254,2
21255,0
21256,1
21257,2
21258,2
21259,2
21260,1
21261,1
21262,2
21263,0
21264,1
21265,1
21266,0
21267,0
21268,2
21269,0
21270,1
21271,0
21272,0
21273,1
21274,0
21275,0
21276,1
21277,0
21278,2
21279,1
21280,0
21281,2
21282,0
21283,2
21284,1
21285,2
21286,2
21287,2
21288,0
21289,2
21290,2
21291,0
21292,2
21293,1
21294,1
21295,1
21296,1
21297,2
21298,1
21299,1
21300,0
21301,2
21302,1
21303,0
21304,0
21305,1
21306,0
21307,2
21308,1
21309,1
21310,0
21311,0
21312,1
21313,1
21314,1
21315,0
21316,2
21317,0
21318,0
21319,1
21320,1
21321,1
21322,2
21323,1
21324,2
21325,0
21326,2
21327,2
21328,0
21329,0
21330,2
21331,0
21332,2
21333,1
21334,0
21335,1
21336,0
21337,0
21338,0
21339,1
21340,2
21341,1
21342,0
21343,0
21344,0
21345,0
21346,1
21347,2
21348,0
21349,2
21350,0
21351,2
21352,0
21353,1
21354,2
21355,1
21356,2
21357,2
21358,0
21359,2
21360,2
21361,0
21362,2
21363,0
21364,1
21365,1
21366,1
21367,2
21368,0
21369,1
21370,2
21371,2
21372,0
21373,1
21374,1
21375,2
21376,0
21377,1
21378,0
21379,2
21380,1
21381,0
21382,0
21383,1
21384,2
21385,1
21386,0
21387,0
21388,1
21389,2
21390,0
21391,0
21392,2
21393,1
21394,1
21395,2
21396,1
21397,1
21398,0
21399,1
21400,0
21401,1
21402,2
21403,2
21404,0
21405,1
21406,2
21407,1
21408,2
21409,1
21410,2
21411,2
21412,1
21413,1
21414,2
21415,2
21416,2
21417,1
21418,2
21419,2
21420,0
21421,0
21422,1
21423,0
21424,1
21425,2
21426,2
21427,1
21428,0
21429,0
21430,2
21431,0
21432,0
21433,1
21434,2
21435,2
21436,1
21437,0
21438,0
21439,1
21440,0
21441,2
21442,2
21443,2
21444,2
21445,2
21446,0
21447,2
21448,2
21449,0
21450,2
21451,0
21452,1
21453,2
21454,1
21455,1
21456,2
21457,2
21458,1
21459,0
21460,0
21461,1
21462,0
21463,0
21464,1
21465,0
21466,1
21467,0
21468,0
21469,1
21470,1
21471,0
21472,0
21473,2
21474,2
21475,2
21476,2
21477,0
21478,2
21479,0
21480,0
21481,0
21482,2
21483,0
21484,1
21485,0
21486,0
21487,0
21488,2
21489,0
21490,2
21491,1
21492,0
21493,0
21494,0
21495,1
21496,2
21497,1
21498,0
21499,0
21500,2
21501,2
21502,2
21503,1
21504,1
21505,0
21506,2
21507,2
21508,1
21509,1
21510,2
21511,1
21512,0
21513,0
21514,0
21515,2
21516,0
21517,0
21518,2
21519,0
21520,0
21521,1
21522,0
21523,0
21524,0
21525,2
21526,0
21527,0
21528,2
21529,2
21530,0
21531,0
21532,0
21533,0
21534,0
21535,2
21536,1
21537,0
21538,2
21539,2
21540,2
21541,0
21542,0
21543,0
21544,0
21545,0
21546,0
21547,0
21548,0
21549,1
21550,2
21551,1
21552,0
21553,2
21554,1
21555,1
21556,1
21557,1
21558,0
21559,0
21560,1
21561,2
21562,0
21563,2
21564,2
21565,1
21566,2
21567,1
21568,2
21569,1
21570,2
21571,0
21572,0
21573,0
21574,2
21575,1
21576,2
21577,1
21578,1
21579,1
21580,2
21581,1
21582,0
21583,0
21584,1
21585,0
21586,2
21587,0
21588,1
21589,0
21590,1
21591,0
21592,0
21593,2
21594,1
21595,1
21596,2
21597,0
21598,2
21599,1
21600,0
21601,0
21602,1
21603,1
21604,2
21605,2
21606,0
21607,0
21608,2
21609,0
21610,0
21611,0
21612,0
21613,0
21614,1
21615,2
21616,0
21617,0
21618,0
21619,0
21620,2
21621,2
21622,2
21623,1
21624,2
21625,0
21626,2
21627,2
21628,0
21629,2
21630,0
21631,1
21632,0
21633,1
21634,0
21635,2
21636,0
21637,0
21638,0
21639,1
21640,0
21641,2
21642,0
21643,0
21644,2
21645,1
21646,1
21647,1
21648,1
21649,2
21650,1
21651,2
21652,1
21653,1
21654,2
21655,1
21656,0
21657,1
21658,1
21659,0
21660,2
21661,2
21662,0
21663,1
21664,0
21665,0
21666,0
21667,0
21668,0
21669,0
21670,0
21671,0
21672,2
21673,2
21674,1
21675,1
21676,2
21677,0
21678,1
21679,0
21680,0
21681,0
21682,1
21683,1
21684,1
21685,1
21686,0
21687,2
21688,1
21689,0
21690,2
21691,1
21692,2
21693,0
21694,0
21695,1
21696,1
21697,1
21698,0
21699,2
21700,1
21701,1
21702,1
21703,0
21704,0
21705,0
21706,2
21707,0
21708,0
21709,1
21710,1
21711,1
21712,1
21713,1
21714,1
21715,2
21716,0
21717,2
21718,0
21719,2
21720,2
21721,1
21722,1
21723,2
21724,1
21725,2
21726,0
21727,2
21728,2
21729,2
21730,2
21731,2
21732,0
21733,1
21734,0
21735,0
21736,2
21737,2
21738,1
21739,1
21740,2
21741,0
21742,1
21743,1
21744,0
21745,0
21746,2
21747,0
21748,1
21749,1
21750,1
21751,2
21752,0
21753,2
21754,1
21755,2
21756,2
21757,0
21758,0
21759,1
21760,0
21761,1
21762,0
21763,2
21764,0
21765,1
21766,1
21767,2
21768,2
21769,2
21770,0
21771,1
21772,0
21773,2
21774,1
21775,1
21776,1
21777,0
21778,2
21779,0
21780,2
21781,1
21782,0
21783,1
21784,2
21785,2
21786,2
21787,0
21788,1
21789,1
21790,0
21791,0
21792,2
21793,2
21794,0
21795,0
21796,1
21797,2
21798,0
21799,0
21800,2
21801,1
21802,2
21803,2
21804,2
21805,1
21806,1
21807,2
21808,2
21809,1
21810,1
21811,2
21812,0
21813,2
21814,2
21815,2
21816,0
21817,2
21818,2
21819,2
21820,1
21821,2
21822,0
21823,1
21824,2
21825,2
21826,2
21827,0
21828,2
21829,2
21830,2
21831,2
21832,1
21833,2
21834,1
21835,0
21836,1
21837,1
21838,0
21839,2
21840,2
21841,1
21842,2
21843,1
21844,2
21845,1
21846,0
21847,2
21848,2
21849,0
21850,2
21851,0
21852,1
21853,0
21854,2
21855,0
21856,0
21857,0
21858,0
21859,0
21860,2
21861,2
21862,0
21863,2
21864,2
21865,0
21866,0
21867,0
21868,0
21869,2
21870,0
21871,1
21872,1
21873,2
21874,1
21875,1
21876,2
21877,2
21878,0
21879,0
21880,2
21881,1
21882,1
21883,2
21884,2
21885,0
21886,2
21887,2
21888,1
21889,0
21890,0
21891,2
21892,0
21893,0
21894,0
21895,2
21896,1
21897,2
21898,1
21899,1
21900,0
21901,1
21902,0
21903,0
21904,1
21905,0
21906,0
21907,2
21908,2
21909,0
21910,0
21911,2
21912,2
21913,2
21914,2
21915,2
21916,0
21917,0
21918,1
21919,0
21920,1
21921,1
21922,0
21923,1
21924,0
21925,2
21926,2
21927,1
21928,0
21929,0
21930,1
21931,0
21932,0
21933,2
21934,1
21935,1
21936,2
21937,0
21938,1
21939,0
21940,2
21941,1
21942,0
21943,1
21944,2
21945,2
21946,1
21947,2
21948,2
21949,1
21950,0
21951,0
21952,2
21953,1
21954,1
21955,1
21956,0
21957,1
21958,1
21959,2
21960,1
21961,0
21962,2
21963,2
21964,0
21965,1
21966,2
21967,2
21968,2
21969,1
21970,0
21971,1
21972,2
21973,0
21974,1
21975,0
21976,1
21977,0
21978,0
21979,2
21980,0
21981,0
21982,1
21983,0
21984,2
21985,2
21986,0
21987,2
21988,0
21989,1
21990,0
21991,0
21992,0
21993,1
21994,2
21995,0
21996,2
21997,2
21998,2
21999,2
22000,2
22001,2
22002,2
22003,0
22004,1
22005,0
22006,2
22007,0
22008,1
22009,1
22010,2
22011,0
22012,1
22013,1
22014,2
22015,2
22016,0
22017,1
22018,0
22019,1
22020,2
22021,0
22022,0
22023,1
22024,2
22025,2
22026,1
22027,1
22028,2
22029,2
22030,1
22031,0
22032,1
22033,2
22034,1
22035,1
22036,2
22037,2
22038,0
22039,0
22040,1
22041,0
22042,0
22043,2
22044,0
22045,0
22046,2
22047,0
22048,2
22049,2
22050,0
22051,1
22052,0
22053,2
22054,2
22055,0
22056,0
22057,0
22058,2
22059,0
22060,1
22061,1
22062,0
22063,2
22064,2
22065,0
22066,2
22067,1
22068,2
22069,0
22070,0
22071,1
22072,0
22073,1
22074,2
22075,0
22076,0
22077,1
22078,1
22079,0
22080,1
22081,2
22082,2
22083,2
22084,1
22085,2
22086,1
22087,1
22088,0
22089,0
22090,0
22091,0
22092,0
22093,0
22094,0
22095,1
22096,1
22097,1
22098,0
22099,0
22100,1
22101,0
22102,0
22103,1
22104,1
22105,2
22106,1
22107,0
22108,0
22109,1
22110,1
22111,2
22112,2
22113,1
22114,0
22115,2
22116,2
22117,0
22118,0
22119,0
22120,0
22121,1
22122,0
22123,2
22124,0
22125,1
22126,0
22127,0
22128,2
22129,0
22130,2
22131,0
22132,1
22133,0
22134,2
22135,2
22136,0
22137,2
22138,2
22139,0
22140,2
22141,0
22142,0
22143,0
22144,0
22145,2
22146,0
22147,0
22148,2
22149,0
22150,0
22151,0
22152,0
22153,0
22154,1
22155,0
22156,0
22157,0
22158,1
22159,2
22160,2
22161,2
22162,0
22163,0
22164,0
22165,0
22166,2
22167,0
22168,1
22169,2
22170,1
22171,0
22172,2
22173,0
22174,0
22175,2
22176,1
22177,1
22178,1
22179,0
22180,1
22181,2
22182,1
22183,1
22184,2
22185,0
22186,1
22187,1
22188,0
22189,2
22190,0
22191,2
22192,0
22193,0
22194,0
22195,2
22196,0
22197,1
22198,0
22199,1
22200,2
22201,1
22202,1
22203,0
22204,2
22205,2
22206,1
22207,1
22208,2
22209,2
22210,0
22211,2
22212,2
22213,1
22214,2
22215,0
22216,2
22217,1
22218,2
22219,2
22220,0
22221,0
22222,1
22223,0
22224,0
22225,2
22226,1
22227,1
22228,2
22229,0
22230,1
22231,2
22232,1
22233,1
22234,2
22235,1
22236,0
22237,0
22238,2
22239,0
22240,2
22241,1
22242,0
22243,2
22244,1
22245,2
22246,1
22247,0
22248,2
22249,0
22250,1
22251,0
22252,1
22253,2
22254,1
22255,0
22256,0
22257,2
22258,2
22259,0
22260,1
22261,1
22262,1
22263,1
22264,1
22265,2
22266,1
22267,0
22268,0
22269,0
22270,0
22271,2
22272,0
22273,0
22274,2
22275,2
22276,1
22277,1
22278,1
22279,1
22280,2
22281,1
22282,2
22283,0
22284,1
22285,2
22286,0
22287,2
22288,0
22289,2
22290,0
22291,2
22292,2
22293,1
22294,1
22295,2
22296,0
22297,2
22298,1
22299,2
22300,1
22301,2
22302,2
22303,1
22304,2
22305,0
22306,1
22307,1
22308,0
22309,2
22310,0
22311,2
22312,2
22313,1
22314,1
22315,2
22316,1
22317,2
22318,2
22319,0
22320,0
22321,0
22322,2
22323,0
22324,0
22325,1
22326,0
22327,1
22328,0
22329,2
22330,2
22331,2
22332,1
22333,0
22334,0
22335,2
22336,2
22337,0
22338,1
22339,0
22340,2
22341,2
22342,2
22343,0
22344,0
22345,0
22346,0
22347,1
22348,1
22349,1
22350,1
22351,1
22352,0
22353,1
22354,1
22355,0
22356,0
22357,0
22358,2
22359,2
22360,0
22361,1
22362,1
22363,0
22364,0
22365,0
22366,1
22367,1
22368,2
22369,0
22370,0
22371,1
22372,2
22373,0
22374,1
22375,0
22376,2
22377,2
22378,2
22379,1
22380,2
22381,2
22382,0
22383,1
22384,0
22385,0
22386,1
22387,0
22388,0
22389,2
22390,0
22391,0
22392,0
22393,2
22394,1
22395,1
22396,2
22397,2
22398,1
22399,1
22400,0
22401,2
22402,2
22403,1
22404,1
22405,0
22406,1
22407,2
22408,0
22409,0
22410,2
22411,0
22412,0
22413,2
22414,0
22415,0
22416,1
22417,0
22418,2
22419,2
22420,0
22421,1
22422,0
22423,0
22424,2
22425,1
22426,2
22427,0
22428,0
22429,2
22430,0
22431,2
22432,1
22433,2
22434,2
22435,0
22436,2
22437,0
22438,1
22439,1
22440,0
22441,0
22442,0
22443,1
22444,2
22445,1
22446,1
22447,2
22448,1
22449,0
22450,1
22451,0
22452,2
22453,1
22454,0
22455,1
22456,2
22457,0
22458,0
22459,0
22460,2
22461,1
22462,1
22463,1
22464,0
22465,2
22466,1
22467,0
22468,2
22469,2
22470,2
22471,0
22472,2
22473,1
22474,1
22475,0
22476,2
22477,1
22478,1
22479,1
22480,1
22481,2
22482,0
22483,0
22484,2
22485,2
22486,0
22487,2
22488,0
22489,2
22490,1
22491,2
22492,0
22493,0
22494,2
22495,0
22496,0
22497,2
22498,0
22499,1
22500,2
22501,2
22502,1
22503,0
22504,0
22505,0
22506,0
22507,0
22508,1
22509,0
22510,1
22511,0
22512,1
22513,0
22514,1
22515,0
22516,0
22517,0
22518,2
22519,2
22520,2
22521,0
22522,2
22523,0
22524,1
22525,0
22526,2
22527,2
22528,1
22529,2
22530,2
22531,0
22532,1
22533,0
22534,0
22535,2
22536,0
22537,1
22538,0
22539,0
22540,2
22541,1
22542,2
22543,2
22544,1
22545,0
22546,0
22547,0
22548,0
22549,1
22550,2
22551,0
22552,0
22553,1
22554,2
22555,2
22556,2
22557,2
22558,0
22559,0
22560,0
22561,2
22562,0
22563,0
22564,2
22565,2
22566,0
22567,2
22568,2
22569,0
22570,0
22571,0
22572,1
22573,0
22574,2
22575,0
22576,1
22577,0
22578,2
22579,1
22580,2
22581,0
22582,1
22583,0
22584,2
22585,0
22586,2
22587,0
22588,0
22589,2
22590,0
22591,0
22592,1
22593,0
22594,2
22595,2
22596,0
22597,0
22598,0
22599,2
22600,1
22601,0
22602,2
22603,1
22604,0
22605,1
22606,0
22607,1
22608,1
22609,2
22610,1
22611,2
22612,1
22613,1
22614,1
22615,2
22616,1
22617,2
22618,2
22619,1
22620,1
22621,2
22622,1
22623,0
22624,2
22625,0
22626,2
22627,2
22628,0
22629,2
22630,2
22631,0
22632,1
22633,2
22634,2
22635,1
22636,1
22637,0
22638,0
22639,0
22640,1
22641,0
22642,2
22643,2
22644,0
22645,1
22646,2
22647,0
22648,0
22649,2
22650,1
22651,1
22652,0
22653,0
22654,0
22655,0
22656,2
22657,1
22658,2
22659,2
22660,0
22661,0
22662,0
22663,1
22664,0
22665,2
22666,0
22667,2
22668,0
22669,1
22670,1
22671,1
22672,0
22673,2
22674,2
22675,2
22676,1
22677,2
22678,1
22679,2
22680,0
22681,0
22682,2
22683,1
22684,2
22685,2
22686,0
22687,1
22688,0
22689,2
22690,2
22691,0
22692,0
22693,1
22694,2
22695,1
22696,0
22697,2
22698,2
22699,0
22700,1
22701,2
22702,0
22703,0
22704,0
22705,0
22706,1
22707,1
22708,1
22709,2
22710,0
22711,2
22712,0
22713,1
22714,2
22715,1
22716,1
22717,2
22718,2
22719,2
22720,1
22721,0
22722,1
22723,0
22724,0
22725,0
22726,0
22727,1
22728,0
22729,1
22730,2
22731,0
22732,0
22733,2
22734,0
22735,2
22736,2
22737,2
22738,2
22739,0
22740,2
22741,0
22742,2
22743,2
22744,1
22745,2
22746,0
22747,2
22748,0
22749,0
22750,0
22751,2
22752,1
22753,0
22754,2
22755,2
22756,2
22757,2
22758,0
22759,0
22760,1
22761,2
22762,0
22763,1
22764,2
22765,2
22766,1
22767,2
22768,0
22769,1
22770,0
22771,2
22772,2
22773,2
22774,0
22775,2
22776,1
22777,2
22778,1
22779,0
22780,1
22781,2
22782,1
22783,1
22784,2
22785,2
22786,2
22787,0
22788,1
22789,2
22790,2
22791,2
22792,2
22793,0
22794,2
22795,0
22796,2
22797,1
22798,0
22799,1
22800,0
22801,0
22802,1
22803,1
22804,0
22805,2
22806,1
22807,0
22808,2
22809,1
22810,2
22811,0
22812,0
22813,0
22814,1
22815,1
22816,1
22817,0
22818,1
22819,2
22820,0
22821,2
22822,2
22823,1
22824,2
22825,1
22826,0
22827,2
22828,2
22829,0
22830,1
22831,0
22832,2
22833,1
22834,1
22835,1
22836,2
22837,1
22838,2
22839,1
22840,0
22841,2
22842,0
22843,2
22844,2
22845,2
22846,2
22847,1
22848,1
22849,0
22850,0
22851,1
22852,0
22853,2
22854,1
22855,2
22856,1
22857,1
22858,2
22859,1
22860,0
22861,1
22862,2
22863,0
22864,0
22865,2
22866,2
22867,2
22868,2
22869,1
22870,0
22871,1
22872,0
22873,1
22874,1
22875,0
22876,0
22877,2
22878,0
22879,0
22880,1
22881,0
22882,2
22883,2
22884,2
22885,2
22886,0
22887,0
22888,2
22889,2
22890,1
22891,0
22892,0
22893,1
22894,0
22895,0
22896,0
22897,2
22898,2
22899,0
22900,0
22901,2
22902,1
22903,2
22904,1
22905,2
22906,0
22907,0
22908,2
22909,0
22910,1
22911,0
22912,2
22913,0
22914,0
22915,0
22916,0
22917,2
22918,1
22919,1
22920,0
22921,0
22922,2
22923,0
22924,2
22925,1
22926,0
22927,2
22928,2
22929,0
22930,2
22931,0
22932,1
22933,2
22934,1
22935,2
22936,2
22937,0
22938,2
22939,0
22940,1
22941,0
22942,1
22943,0
22944,0
22945,0
22946,0
22947,1
22948,1
22949,0
22950,2
22951,0
22952,2
22953,0
22954,0
22955,0
22956,2
22957,2
22958,0
22959,2
22960,2
22961,0
22962,2
22963,2
22964,0
22965,1
22966,0
22967,2
22968,0
22969,0
22970,0
22971,2
22972,1
22973,1
22974,2
22975,0
22976,2
22977,0
22978,2
22979,0
22980,0
22981,1
22982,0
22983,2
22984,0
22985,2
22986,0
22987,0
22988,0
22989,2
22990,0
22991,0
22992,2
22993,0
22994,2
22995,2
22996,2
22997,1
22998,0
22999,0
23000,2
23001,0
23002,0
23003,0
23004,0
23005,1
23006,2
23007,2
23008,0
23009,0
23010,2
23011,2
23012,0
23013,2
23014,0
23015,0
23016,2
23017,1
23018,1
23019,0
23020,2
23021,2
23022,1
23023,1
23024,1
23025,2
23026,2
23027,2
23028,0
23029,1
23030,0
23031,2
23032,0
23033,0
23034,0
23035,2
23036,2
23037,0
23038,0
23039,0
23040,1
23041,2
23042,2
23043,1
23044,2
23045,0
23046,2
23047,1
23048,0
23049,2
23050,0
23051,2
23052,1
23053,1
23054,0
23055,1
23056,0
23057,2
23058,2
23059,2
23060,2
23061,2
23062,2
23063,1
23064,2
23065,0
23066,1
23067,2
23068,1
23069,2
23070,2
23071,2
23072,0
23073,1
23074,0
23075,0
23076,1
23077,0
23078,2
23079,2
23080,1
23081,0
23082,1
23083,0
23084,1
23085,1
23086,1
23087,1
23088,0
23089,2
23090,2
23091,0
23092,2
23093,1
23094,1
23095,0
23096,1
23097,2
23098,2
23099,1
23100,1
23101,0
23102,0
23103,1
23104,0
23105,0
23106,0
23107,0
23108,0
23109,0
23110,1
23111,2
23112,2
23113,0
23114,0
23115,1
23116,0
23117,0
23118,0
23119,0
23120,0
23121,2
23122,2
23123,2
23124,1
23125,0
23126,0
23127,0
23128,1
23129,2
23130,1
23131,2
23132,2
23133,0
23134,1
23135,0
23136,2
23137,0
23138,1
23139,0
23140,2
23141,1
23142,1
23143,2
23144,2
23145,2
23146,1
23147,1
23148,1
23149,0
23150,2
23151,2
23152,2
23153,0
23154,0
23155,2
23156,1
23157,1
23158,0
23159,0
23160,1
23161,2
23162,1
23163,2
23164,0
23165,2
23166,2
23167,0
23168,0
23169,2
23170,2
23171,0
23172,1
23173,1
23174,2
23175,2
23176,0
23177,2
23178,2
23179,0
23180,1
23181,1
23182,0
23183,2
23184,1
23185,2
23186,2
23187,0
23188,2
23189,0
23190,0
23191,0
23192,1
23193,2
23194,0
23195,0
23196,2
23197,1
23198,0
23199,1
23200,0
23201,2
23202,0
23203,0
23204,0
23205,1
23206,0
23207,2
23208,1
23209,2
23210,0
23211,0
23212,0
23213,0
23214,0
23215,2
23216,0
23217,0
23218,1
23219,0
23220,1
23221,1
23222,2
23223,1
23224,2
23225,0
23226,0
23227,1
23228,1
23229,1
23230,2
23231,2
23232,2
23233,1
23234,0
23235,2
23236,0
23237,2
23238,0
23239,2
23240,0
23241,2
23242,2
23243,1
23244,1
23245,0
23246,2
23247,0
23248,1
23249,1
23250,2
23251,2
23252,0
23253,0
23254,1
23255,0
23256,2
23257,2
23258,0
23259,2
23260,1
23261,2
23262,2
23263,1
23264,1
23265,2
23266,0
23267,1
23268,2
23269,1
23270,2
23271,1
23272,0
23273,1
23274,2
23275,2
23276,2
23277,2
23278,2
23279,2
23280,1
23281,2
23282,0
23283,1
23284,1
23285,2
23286,0
23287,2
23288,0
23289,1
23290,2
23291,0
23292,0
23293,2
23294,1
23295,2
23296,0
23297,2
23298,2
23299,2
23300,0
23301,1
23302,0
23303,2
23304,1
23305,0
23306,1
23307,0
23308,1
23309,0
23310,2
23311,0
23312,2
23313,2
23314,0
23315,1
23316,0
23317,2
23318,2
23319,2
23320,2
23321,1
23322,2
23323,2
23324,2
23325,0
23326,2
23327,0
23328,0
23329,0
23330,0
23331,2
23332,1
23333,0
23334,0
23335,1
23336,2
23337,0
23338,0
23339,2
23340,0
23341,2
23342,1
23343,0
23344,1
23345,0
23346,0
23347,2
23348,1
23349,2
23350,0
23351,2
23352,0
23353,2
23354,0
23355,2
23356,2
23357,1
23358,0
23359,2
23360,0
23361,0
23362,0
23363,2
23364,2
23365,0
23366,2
23367,0
23368,2
23369,2
23370,2
23371,1
23372,0
23373,0
23374,0
23375,0
23376,2
23377,2
23378,2
23379,2
23380,0
23381,2
23382,2
23383,0
23384,2
23385,2
23386,0
23387,2
23388,0
23389,0
23390,0
23391,0
23392,0
23393,2
23394,1
23395,2
23396,0
23397,2
23398,2
23399,0
23400,0
23401,1
23402,0
23403,0
23404,1
23405,0
23406,0
23407,1
23408,0
23409,0
23410,0
23411,2
23412,2
23413,0
23414,0
23415,2
23416,2
23417,1
23418,0
23419,1
23420,0
23421,2
23422,2
23423,0
23424,0
23425,2
23426,0
23427,2
23428,2
23429,2
23430,2
23431,2
23432,1
23433,2
23434,2
23435,1
23436,2
23437,0
23438,2
23439,0
23440,1
23441,1
23442,2
23443,2
23444,2
23445,1
23446,0
23447,1
23448,0
23449,2
23450,0
23451,1
23452,2
23453,2
23454,0
23455,1
23456,0
23457,2
23458,0
23459,2
23460,1
23461,1
23462,2
23463,2
23464,0
23465,1
23466,2
23467,0
23468,0
23469,0
23470,0
23471,0
23472,2
23473,1
23474,1
23475,0
23476,0
23477,0
23478,0
