index,cluster
0,1
1,2
2,2
3,1
4,2
5,1
6,1
7,1
8,2
9,1
10,0
11,0
12,1
13,2
14,2
15,1
16,0
17,1
18,2
19,0
20,0
21,1
22,0
23,0
24,0
25,2
26,1
27,2
28,1
29,2
30,1
31,2
32,0
33,2
34,2
35,0
36,0
37,0
38,2
39,1
40,2
41,1
42,2
43,0
44,2
45,2
46,0
47,0
48,0
49,0
50,2
51,2
52,0
53,1
54,2
55,0
56,1
57,2
58,2
59,2
60,2
61,0
62,1
63,2
64,0
65,0
66,2
67,1
68,1
69,0
70,2
71,2
72,2
73,0
74,0
75,0
76,0
77,2
78,1
79,0
80,1
81,0
82,1
83,0
84,0
85,0
86,2
87,2
88,2
89,2
90,2
91,1
92,2
93,1
94,0
95,1
96,0
97,2
98,0
99,0
100,1
101,2
102,1
103,0
104,1
105,2
106,0
107,0
108,2
109,1
110,2
111,1
112,0
113,2
114,0
115,2
116,2
117,1
118,0
119,1
120,2
121,1
122,0
123,2
124,2
125,2
126,2
127,2
128,2
129,1
130,2
131,2
132,2
133,0
134,2
135,2
136,0
137,1
138,2
139,1
140,1
141,1
142,0
143,1
144,1
145,2
146,2
147,1
148,0
149,0
150,1
151,2
152,1
153,2
154,0
155,2
156,2
157,0
158,0
159,1
160,0
161,1
162,2
163,1
164,2
165,0
166,1
167,0
168,1
169,0
170,0
171,2
172,1
173,1
174,2
175,0
176,2
177,2
178,0
179,1
180,2
181,1
182,2
183,1
184,2
185,2
186,0
187,0
188,2
189,1
190,1
191,2
192,1
193,2
194,0
195,0
196,0
197,2
198,0
199,1
200,1
201,1
202,2
203,2
204,1
205,0
206,2
207,2
208,0
209,1
210,2
211,2
212,0
213,0
214,1
215,0
216,1
217,2
218,2
219,1
220,2
221,2
222,2
223,1
224,0
225,1
226,0
227,1
228,2
229,1
230,2
231,1
232,1
233,0
234,1
235,0
236,2
237,0
238,1
239,0
240,0
241,1
242,1
243,0
244,2
245,2
246,0
247,2
248,1
249,2
250,0
251,1
252,2
253,1
254,1
255,2
256,1
257,2
258,0
259,1
260,2
261,0
262,2
263,2
264,2
265,0
266,0
267,0
268,2
269,2
270,0
271,1
272,0
273,1
274,2
275,0
276,0
277,2
278,1
279,2
280,2
281,2
282,2
283,1
284,1
285,2
286,2
287,0
288,0
289,2
290,0
291,2
292,1
293,1
294,2
295,1
296,2
297,2
298,0
299,2
300,2
301,1
302,1
303,0
304,2
305,0
306,2
307,0
308,1
309,0
310,2
311,0
312,0
313,2
314,1
315,2
316,1
317,1
318,2
319,2
320,2
321,2
322,2
323,2
324,2
325,0
326,2
327,2
328,1
329,1
330,1
331,1
332,2
333,1
334,1
335,2
336,1
337,2
338,2
339,2
340,2
341,1
342,2
343,2
344,2
345,2
346,1
347,1
348,2
349,0
350,0
351,2
352,1
353,1
354,1
355,2
356,2
357,2
358,2
359,1
360,0
361,0
362,1
363,1
364,2
365,1
366,1
367,1
368,2
369,0
370,1
371,1
372,2
373,2
374,1
375,2
376,0
377,1
378,2
379,1
380,2
381,0
382,2
383,2
384,0
385,1
386,2
387,1
388,2
389,2
390,0
391,2
392,2
393,2
394,1
395,1
396,2
397,2
398,2
399,2
400,2
401,2
402,1
403,0
404,1
405,2
406,1
407,1
408,2
409,2
410,2
411,1
412,2
413,2
414,1
415,2
416,2
417,2
418,2
419,2
420,2
421,1
422,1
423,2
424,2
425,0
426,2
427,1
428,1
429,0
430,1
431,1
432,1
433,1
434,1
435,0
436,0
437,2
438,1
439,2
440,1
441,0
442,0
443,0
444,1
445,1
446,0
447,0
448,2
449,0
450,1
451,2
452,1
453,2
454,2
455,2
456,1
457,2
458,2
459,1
460,2
461,1
462,1
463,2
464,2
465,0
466,1
467,0
468,2
469,1
470,0
471,0
472,1
473,1
474,1
475,1
476,2
477,1
478,1
479,2
480,1
481,2
482,1
483,0
484,0
485,0
486,2
487,1
488,1
489,2
490,1
491,1
492,0
493,0
494,0
495,1
496,1
497,2
498,1
499,1
500,1
501,1
502,1
503,0
504,0
505,0
506,1
507,2
508,1
509,1
510,1
511,2
512,1
513,1
514,1
515,1
516,2
517,2
518,2
519,2
520,2
521,2
522,1
523,1
524,2
525,1
526,0
527,1
528,1
529,1
530,2
531,2
532,2
533,0
534,2
535,2
536,1
537,2
538,1
539,2
540,1
541,2
542,0
543,1
544,2
545,1
546,2
547,1
548,2
549,1
550,2
551,0
552,2
553,2
554,0
555,1
556,2
557,0
558,0
559,2
560,0
561,2
562,2
563,1
564,1
565,1
566,2
567,2
568,0
569,0
570,2
571,0
572,1
573,2
574,2
575,1
576,0
577,1
578,0
579,1
580,1
581,1
582,0
583,0
584,1
585,2
586,0
587,2
588,0
589,0
590,0
591,1
592,2
593,2
594,1
595,0
596,2
597,1
598,2
599,0
600,2
601,2
602,2
603,1
604,2
605,1
606,1
607,2
608,0
609,2
610,1
611,1
612,0
613,0
614,1
615,0
616,0
617,1
618,2
619,0
620,1
621,1
622,2
623,2
624,1
625,2
626,1
627,0
628,2
629,2
630,2
631,2
632,1
633,2
634,2
635,1
636,0
637,2
638,2
639,2
640,0
641,1
642,2
643,1
644,2
645,2
646,0
647,0
648,0
649,2
650,2
651,2
652,2
653,1
654,1
655,1
656,1
657,1
658,2
659,2
660,1
661,0
662,1
663,1
664,2
665,2
666,2
667,2
668,2
669,1
670,2
671,0
672,0
673,0
674,2
675,2
676,1
677,0
678,1
679,2
680,2
681,1
682,0
683,0
684,2
685,1
686,0
687,1
688,1
689,0
690,2
691,2
692,2
693,1
694,2
695,0
696,0
697,1
698,0
699,2
700,2
701,1
702,2
703,2
704,2
705,0
706,2
707,2
708,0
709,1
710,0
711,0
712,1
713,2
714,2
715,1
716,2
717,2
718,2
719,1
720,2
721,2
722,1
723,0
724,2
725,2
726,1
727,0
728,0
729,2
730,1
731,2
732,1
733,1
734,1
735,2
736,0
737,1
738,2
739,1
740,0
741,0
742,0
743,1
744,2
745,0
746,2
747,2
748,2
749,0
750,0
751,1
752,0
753,1
754,1
755,0
756,0
757,0
758,0
759,2
760,0
761,1
762,1
763,2
764,1
765,2
766,2
767,1
768,0
769,1
770,0
771,2
772,2
773,2
774,2
775,2
776,0
777,2
778,2
779,0
780,0
781,0
782,0
783,2
784,0
785,2
786,2
787,2
788,0
789,1
790,2
791,2
792,0
793,0
794,2
795,2
796,2
797,1
798,2
799,1
800,1
801,0
802,0
803,2
804,2
805,2
806,0
807,2
808,2
809,0
810,2
811,2
812,2
813,0
814,2
815,2
816,2
817,2
818,2
819,0
820,1
821,0
822,2
823,2
824,2
825,1
826,0
827,1
828,1
829,1
830,1
831,2
832,1
833,0
834,2
835,2
836,1
837,1
838,0
839,1
840,2
841,0
842,0
843,0
844,2
845,2
846,2
847,2
848,1
849,1
850,2
851,0
852,2
853,0
854,2
855,1
856,0
857,0
858,0
859,1
860,2
861,0
862,0
863,0
864,2
865,1
866,1
867,2
868,0
869,0
870,1
871,1
872,1
873,1
874,2
875,0
876,1
877,0
878,2
879,1
880,1
881,1
882,2
883,2
884,1
885,2
886,2
887,2
888,0
889,2
890,0
891,2
892,2
893,1
894,2
895,1
896,1
897,1
898,1
899,2
900,2
901,1
902,0
903,2
904,1
905,0
906,2
907,2
908,1
909,1
910,0
911,0
912,1
913,1
914,1
915,1
916,0
917,2
918,2
919,1
920,1
921,0
922,2
923,1
924,1
925,2
926,0
927,0
928,1
929,2
930,2
931,2
932,2
933,0
934,0
935,1
936,0
937,2
938,2
939,1
940,2
941,1
942,0
943,1
944,1
945,1
946,0
947,1
948,0
949,1
950,1
951,2
952,2
953,1
954,1
955,2
956,1
957,1
958,1
959,1
960,0
961,0
962,1
963,0
964,0
965,2
966,0
967,1
968,2
969,2
970,2
971,2
972,1
973,2
974,0
975,0
976,2
977,0
978,2
979,0
980,1
981,2
982,2
983,2
984,2
985,0
986,2
987,1
988,1
989,2
990,1
991,2
992,1
993,0
994,2
995,2
996,1
997,0
998,2
999,1
1000,2
1001,2
1002,1
1003,2
1004,1
1005,0
1006,1
1007,2
1008,2
1009,2
1010,2
1011,0
1012,0
1013,2
1014,1
1015,1
1016,1
1017,0
1018,1
1019,2
1020,1
1021,2
1022,2
1023,1
1024,1
1025,0
1026,0
1027,1
1028,1
1029,2
1030,0
1031,2
1032,2
1033,0
1034,2
1035,1
1036,1
1037,2
1038,2
1039,0
1040,0
1041,2
1042,0
1043,2
1044,1
1045,2
1046,1
1047,0
1048,2
1049,2
1050,2
1051,2
1052,0
1053,1
1054,2
1055,1
1056,1
1057,2
1058,2
1059,2
1060,0
1061,2
1062,0
1063,0
1064,0
1065,1
1066,1
1067,2
1068,0
1069,0
1070,2
1071,1
1072,1
1073,2
1074,0
1075,0
1076,1
1077,1
1078,0
1079,1
1080,1
1081,0
1082,2
1083,2
1084,0
1085,1
1086,1
1087,2
1088,2
1089,0
1090,0
1091,1
1092,0
1093,2
1094,1
1095,2
1096,2
1097,2
1098,1
1099,2
1100,1
1101,1
1102,1
1103,2
1104,2
1105,0
1106,1
1107,2
1108,2
1109,2
1110,2
1111,0
1112,1
1113,2
1114,0
1115,1
1116,1
1117,2
1118,1
1119,1
1120,2
1121,0
1122,2
1123,2
1124,0
1125,0
1126,1
1127,0
1128,1
1129,1
1130,1
1131,1
1132,1
1133,1
1134,2
1135,0
1136,1
1137,1
1138,0
1139,2
1140,1
1141,2
1142,2
1143,1
1144,1
1145,1
1146,1
1147,0
1148,1
1149,1
1150,1
1151,2
1152,1
1153,2
1154,2
1155,2
1156,2
1157,0
1158,2
1159,0
1160,1
1161,2
1162,2
1163,1
1164,1
1165,2
1166,0
1167,2
1168,0
1169,2
1170,0
1171,2
1172,1
1173,0
1174,1
1175,1
1176,1
1177,2
1178,2
1179,0
1180,0
1181,0
1182,2
1183,1
1184,2
1185,0
1186,1
1187,1
1188,2
1189,0
1190,2
1191,2
1192,2
1193,2
1194,0
1195,0
1196,0
1197,0
1198,1
1199,0
1200,1
1201,2
1202,2
1203,1
1204,2
1205,0
1206,1
1207,1
1208,2
1209,2
1210,1
1211,2
1212,0
1213,2
1214,1
1215,2
1216,0
1217,1
1218,0
1219,0
1220,2
1221,1
1222,1
1223,1
1224,2
1225,2
1226,2
1227,2
1228,0
1229,1
1230,1
1231,2
1232,2
1233,2
1234,2
1235,1
1236,1
1237,0
1238,1
1239,1
1240,2
1241,0
1242,1
1243,2
1244,1
1245,1
1246,0
1247,2
1248,0
1249,0
1250,2
1251,0
1252,0
1253,0
1254,0
1255,2
1256,2
1257,2
1258,1
1259,0
1260,1
1261,0
1262,0
1263,2
1264,1
1265,1
1266,0
1267,0
1268,0
1269,1
1270,2
1271,1
1272,2
1273,2
1274,0
1275,2
1276,2
1277,1
1278,0
1279,1
1280,0
1281,1
1282,0
1283,2
1284,2
1285,0
1286,2
1287,2
1288,1
1289,2
1290,1
1291,0
1292,0
1293,1
1294,1
1295,1
1296,1
1297,2
1298,2
1299,1
1300,2
1301,1
1302,1
1303,0
1304,0
1305,2
1306,0
1307,0
1308,0
1309,1
1310,1
1311,1
1312,2
1313,2
1314,2
1315,1
1316,2
1317,0
1318,0
1319,0
1320,1
1321,2
1322,2
1323,2
1324,1
1325,2
1326,0
1327,2
1328,0
1329,0
1330,1
1331,1
1332,1
1333,0
1334,1
1335,2
1336,2
1337,2
1338,2
1339,2
1340,0
1341,0
1342,2
1343,2
1344,2
1345,0
1346,2
1347,1
1348,2
1349,1
1350,2
1351,1
1352,1
1353,0
1354,2
1355,0
1356,1
1357,2
1358,1
1359,0
1360,1
1361,1
1362,0
1363,2
1364,1
1365,1
1366,2
1367,1
1368,2
1369,1
1370,1
1371,1
1372,0
1373,2
1374,1
1375,1
1376,1
1377,0
1378,2
1379,2
1380,2
1381,2
1382,2
1383,2
1384,1
1385,2
1386,1
1387,2
1388,2
1389,2
1390,1
1391,2
1392,1
1393,0
1394,2
1395,0
1396,1
1397,1
1398,2
1399,1
1400,0
1401,1
1402,2
1403,2
1404,2
1405,1
1406,2
1407,2
1408,1
1409,1
1410,0
1411,1
1412,2
1413,2
1414,2
1415,1
1416,2
1417,2
1418,0
1419,1
1420,1
1421,0
1422,1
1423,1
1424,2
1425,2
1426,1
1427,0
1428,2
1429,1
1430,1
1431,2
1432,1
1433,1
1434,1
1435,1
1436,2
1437,1
1438,2
1439,2
1440,1
1441,1
1442,1
1443,2
1444,0
1445,1
1446,1
1447,0
1448,1
1449,1
1450,1
1451,1
1452,2
1453,2
1454,2
1455,2
1456,1
1457,2
1458,1
1459,0
1460,2
1461,1
1462,0
1463,0
1464,0
1465,0
1466,0
1467,2
1468,2
1469,0
1470,1
1471,0
1472,0
1473,2
1474,2
1475,1
1476,0
1477,0
1478,2
1479,2
1480,0
1481,2
1482,2
1483,2
1484,1
1485,1
1486,2
1487,1
1488,0
1489,1
1490,0
1491,1
1492,0
1493,2
1494,0
1495,0
1496,2
1497,2
1498,2
1499,2
1500,0
1501,0
1502,0
1503,1
1504,1
1505,0
1506,2
1507,2
1508,0
1509,1
1510,0
1511,1
1512,2
1513,0
1514,2
1515,1
1516,2
1517,2
1518,1
1519,0
1520,2
1521,1
1522,1
1523,0
1524,0
1525,2
1526,1
1527,2
1528,0
1529,0
1530,1
1531,1
1532,1
1533,2
1534,2
1535,2
1536,2
1537,2
1538,0
1539,1
1540,1
1541,1
1542,1
1543,2
1544,2
1545,1
1546,0
1547,0
1548,2
1549,2
1550,2
1551,2
1552,2
1553,1
1554,0
1555,2
1556,2
1557,1
1558,0
1559,1
1560,1
1561,0
1562,2
1563,2
1564,2
1565,2
1566,1
1567,0
1568,1
1569,1
1570,1
1571,0
1572,2
1573,1
1574,2
1575,1
1576,2
1577,2
1578,2
1579,2
1580,2
1581,2
1582,2
1583,2
1584,2
1585,1
1586,2
1587,1
1588,2
1589,0
1590,1
1591,0
1592,1
1593,2
1594,2
1595,1
1596,0
1597,0
1598,2
1599,1
1600,2
1601,1
1602,2
1603,1
1604,2
1605,1
1606,1
1607,1
1608,2
1609,0
1610,1
1611,2
1612,2
1613,2
1614,2
1615,0
1616,2
1617,2
1618,1
1619,0
1620,2
1621,2
1622,2
1623,1
1624,2
1625,0
1626,0
1627,1
1628,1
1629,1
1630,0
1631,2
1632,2
1633,2
1634,1
1635,0
1636,0
1637,2
1638,1
1639,2
1640,0
1641,0
1642,1
1643,1
1644,2
1645,1
1646,1
1647,2
1648,1
1649,2
1650,0
1651,1
1652,0
1653,1
1654,2
1655,2
1656,2
1657,0
1658,1
1659,0
1660,1
1661,0
1662,1
1663,2
1664,0
1665,1
1666,1
1667,0
1668,1
1669,1
1670,1
1671,1
1672,2
1673,2
1674,1
1675,2
1676,1
1677,2
1678,1
1679,2
1680,1
1681,0
1682,2
1683,1
1684,2
1685,2
1686,2
1687,2
1688,2
1689,0
1690,0
1691,0
1692,2
1693,1
1694,0
1695,1
1696,1
1697,2
1698,0
1699,1
1700,1
1701,2
1702,2
1703,1
1704,0
1705,2
1706,2
1707,0
1708,2
1709,2
1710,2
1711,1
1712,0
1713,2
1714,0
1715,0
1716,2
1717,2
1718,1
1719,1
1720,2
1721,1
1722,2
1723,2
1724,1
1725,1
1726,2
1727,0
1728,2
1729,1
1730,1
1731,0
1732,0
1733,2
1734,2
1735,2
1736,1
1737,0
1738,1
1739,2
1740,1
1741,0
1742,1
1743,2
1744,0
1745,0
1746,2
1747,2
1748,0
1749,2
1750,1
1751,2
1752,1
1753,1
1754,2
1755,1
1756,0
1757,1
1758,1
1759,0
1760,0
1761,1
1762,1
1763,2
1764,2
1765,0
1766,2
1767,0
1768,1
1769,0
1770,2
1771,2
1772,2
1773,0
1774,0
1775,0
1776,2
1777,1
1778,2
1779,2
1780,1
1781,2
1782,1
1783,0
1784,1
1785,0
1786,1
1787,1
1788,2
1789,0
1790,0
1791,1
1792,0
1793,2
1794,2
1795,2
1796,0
1797,0
1798,1
1799,2
1800,0
1801,1
1802,2
1803,0
1804,1
1805,1
1806,2
1807,0
1808,1
1809,0
1810,0
1811,2
1812,0
1813,0
1814,1
1815,1
1816,1
1817,2
1818,1
1819,2
1820,1
1821,2
1822,1
1823,1
1824,2
1825,2
1826,1
1827,2
1828,1
1829,1
1830,2
1831,0
1832,1
1833,0
1834,1
1835,1
1836,2
1837,2
1838,2
1839,1
1840,0
1841,2
1842,0
1843,1
1844,1
1845,2
1846,2
1847,0
1848,2
1849,1
1850,1
1851,2
1852,1
1853,1
1854,2
1855,0
1856,2
1857,2
1858,0
1859,2
1860,1
1861,0
1862,0
1863,2
1864,1
1865,2
1866,0
1867,0
1868,2
1869,2
1870,0
1871,2
1872,0
1873,2
1874,0
1875,2
1876,2
1877,1
1878,1
1879,1
1880,1
1881,1
1882,2
1883,0
1884,1
1885,2
1886,0
1887,2
1888,0
1889,1
1890,2
1891,1
1892,1
1893,1
1894,2
1895,1
1896,2
1897,1
1898,1
1899,1
1900,2
1901,2
1902,1
1903,1
1904,1
1905,2
1906,0
1907,2
1908,1
1909,0
1910,0
1911,0
1912,0
1913,0
1914,2
1915,0
1916,0
1917,2
1918,1
1919,0
1920,2
1921,2
1922,1
1923,2
1924,2
1925,1
1926,2
1927,1
1928,2
1929,2
1930,2
1931,2
1932,0
1933,2
1934,2
1935,1
1936,1
1937,2
1938,2
1939,2
1940,1
1941,2
1942,2
1943,1
1944,1
1945,2
1946,2
1947,1
1948,0
1949,2
1950,2
1951,1
1952,1
1953,2
1954,2
1955,2
1956,2
1957,1
1958,2
1959,1
1960,0
1961,0
1962,2
1963,2
1964,1
1965,1
1966,0
1967,0
1968,2
1969,2
1970,2
1971,2
1972,0
1973,2
1974,2
1975,2
1976,1
1977,2
1978,2
1979,2
1980,2
1981,1
1982,0
1983,1
1984,1
1985,1
1986,2
1987,2
1988,2
1989,1
1990,1
1991,0
1992,1
1993,2
1994,0
1995,2
1996,2
1997,1
1998,1
1999,0
2000,2
2001,2
2002,1
2003,1
2004,2
2005,2
2006,2
2007,2
2008,2
2009,2
2010,1
2011,0
2012,2
2013,1
2014,2
2015,1
2016,2
2017,1
2018,1
2019,1
2020,2
2021,0
2022,2
2023,0
2024,1
2025,2
2026,0
2027,0
2028,2
2029,1
2030,1
2031,2
2032,0
2033,0
2034,2
2035,0
2036,1
2037,1
2038,2
2039,2
2040,0
2041,2
2042,2
2043,1
2044,2
2045,1
2046,1
2047,1
2048,1
2049,2
2050,0
2051,1
2052,1
2053,1
2054,1
2055,1
2056,2
2057,0
2058,1
2059,0
2060,2
2061,0
2062,0
2063,1
2064,0
2065,1
2066,2
2067,2
2068,0
2069,2
2070,1
2071,2
2072,2
2073,0
2074,0
2075,0
2076,2
2077,2
2078,1
2079,2
2080,2
2081,1
2082,1
2083,0
2084,1
2085,2
2086,1
2087,1
2088,0
2089,1
2090,0
2091,1
2092,0
2093,1
2094,0
2095,1
2096,1
2097,2
2098,0
2099,2
2100,1
2101,0
2102,2
2103,2
2104,2
2105,2
2106,1
2107,2
2108,1
2109,1
2110,1
2111,1
2112,2
2113,0
2114,1
2115,0
2116,2
2117,2
2118,2
2119,1
2120,1
2121,1
2122,0
2123,2
2124,1
2125,1
2126,0
2127,1
2128,1
2129,1
2130,1
2131,0
2132,2
2133,2
2134,1
2135,1
2136,1
2137,1
2138,1
2139,2
2140,0
2141,2
2142,1
2143,2
2144,2
2145,2
2146,1
2147,2
2148,0
2149,2
2150,2
2151,2
2152,1
2153,2
2154,1
2155,2
2156,2
2157,1
2158,0
2159,0
2160,0
2161,1
2162,0
2163,1
2164,0
2165,0
2166,2
2167,2
2168,1
2169,2
2170,1
2171,1
2172,1
2173,0
2174,1
2175,2
2176,2
2177,0
2178,0
2179,1
2180,1
2181,2
2182,0
2183,1
2184,2
2185,1
2186,2
2187,2
2188,2
2189,2
2190,1
2191,0
2192,0
2193,1
2194,1
2195,1
2196,2
2197,0
2198,1
2199,2
2200,2
2201,2
2202,2
2203,2
2204,1
2205,2
2206,2
2207,2
2208,1
2209,0
2210,1
2211,1
2212,0
2213,2
2214,1
2215,1
2216,1
2217,2
2218,0
2219,2
2220,2
2221,1
2222,2
2223,1
2224,0
2225,1
2226,1
2227,2
2228,2
2229,2
2230,1
2231,0
2232,2
2233,1
2234,2
2235,2
2236,2
2237,2
2238,2
2239,2
2240,1
2241,1
2242,0
2243,1
2244,0
2245,2
2246,2
2247,1
2248,0
2249,1
2250,0
2251,0
2252,2
2253,2
2254,2
2255,1
2256,2
2257,0
2258,1
2259,0
2260,2
2261,2
2262,1
2263,1
2264,2
2265,1
2266,1
2267,2
2268,2
2269,0
2270,1
2271,1
2272,2
2273,0
2274,2
2275,2
2276,1
2277,2
2278,0
2279,1
2280,2
2281,0
2282,2
2283,2
2284,0
2285,0
2286,0
2287,1
2288,0
2289,1
2290,0
2291,2
2292,0
2293,1
2294,2
2295,1
2296,1
2297,2
2298,0
2299,1
2300,2
2301,0
2302,2
2303,2
2304,1
2305,1
2306,1
2307,2
2308,1
2309,2
2310,1
2311,2
2312,2
2313,2
2314,2
2315,2
2316,0
2317,1
2318,0
2319,1
2320,1
2321,1
2322,2
2323,2
2324,1
2325,2
2326,2
2327,2
2328,2
2329,1
2330,2
2331,1
2332,2
2333,2
2334,1
2335,1
2336,2
2337,0
2338,0
2339,1
2340,2
2341,1
2342,0
2343,2
2344,1
2345,2
2346,1
2347,0
2348,1
2349,2
2350,2
2351,1
2352,2
2353,0
2354,1
2355,0
2356,1
2357,2
2358,1
2359,0
2360,1
2361,2
2362,1
2363,2
2364,1
2365,1
2366,2
2367,0
2368,2
2369,0
2370,2
2371,2
2372,2
2373,1
2374,2
2375,1
2376,2
2377,0
2378,1
2379,1
2380,2
2381,2
2382,1
2383,2
2384,0
2385,2
2386,1
2387,1
2388,1
2389,2
2390,1
2391,0
2392,1
2393,0
2394,0
2395,1
2396,1
2397,1
2398,0
2399,0
2400,2
2401,2
2402,2
2403,1
2404,2
2405,0
2406,2
2407,0
2408,2
2409,2
2410,1
2411,1
2412,2
2413,2
2414,2
2415,2
2416,2
2417,2
2418,1
2419,0
2420,0
2421,2
2422,1
2423,1
2424,1
2425,0
2426,1
2427,1
2428,2
2429,0
2430,0
2431,2
2432,0
2433,2
2434,0
2435,1
2436,1
2437,2
2438,0
2439,0
2440,1
2441,2
2442,0
2443,2
2444,2
2445,1
2446,1
2447,2
2448,1
2449,1
2450,2
2451,1
2452,1
2453,1
2454,2
2455,1
2456,2
2457,2
2458,2
2459,2
2460,2
2461,2
2462,2
2463,2
2464,0
2465,0
2466,0
2467,2
2468,1
2469,0
2470,1
2471,1
2472,1
2473,0
2474,2
2475,2
2476,1
2477,0
2478,1
2479,2
2480,1
2481,0
2482,0
2483,1
2484,0
2485,1
2486,0
2487,1
2488,1
2489,2
2490,1
2491,0
2492,2
2493,0
2494,2
2495,1
2496,1
2497,0
2498,2
2499,2
2500,1
2501,0
2502,2
2503,1
2504,1
2505,2
2506,0
2507,2
2508,2
2509,0
2510,2
2511,2
2512,1
2513,2
2514,2
2515,1
2516,0
2517,1
2518,1
2519,2
2520,1
2521,2
2522,2
2523,2
2524,1
2525,1
2526,2
2527,0
2528,1
2529,1
2530,1
2531,2
2532,1
2533,0
2534,0
2535,0
2536,0
2537,2
2538,2
2539,1
2540,1
2541,1
2542,0
2543,2
2544,2
2545,1
2546,1
2547,2
2548,2
2549,0
2550,0
2551,0
2552,2
2553,2
2554,0
2555,2
2556,2
2557,0
2558,2
2559,2
2560,1
2561,2
2562,0
2563,1
2564,1
2565,1
2566,2
2567,2
2568,1
2569,2
2570,2
2571,2
2572,1
2573,2
2574,2
2575,0
2576,2
2577,1
2578,0
2579,1
2580,2
2581,0
2582,1
2583,0
2584,1
2585,2
2586,2
2587,2
2588,2
2589,1
2590,2
2591,0
2592,0
2593,2
2594,1
2595,2
2596,2
2597,2
2598,1
2599,0
2600,2
2601,1
2602,2
2603,2
2604,2
2605,0
2606,1
2607,2
2608,2
2609,2
2610,1
2611,0
2612,2
2613,2
2614,1
2615,2
2616,2
2617,1
2618,1
2619,1
2620,1
2621,2
2622,2
2623,1
2624,1
2625,2
2626,2
2627,2
2628,0
2629,0
2630,2
2631,2
2632,2
2633,1
2634,0
2635,0
2636,1
2637,0
2638,1
2639,1
2640,2
2641,1
2642,1
2643,0
2644,1
2645,2
2646,1
2647,0
2648,1
2649,1
2650,1
2651,2
2652,2
2653,2
2654,1
2655,2
2656,1
2657,0
2658,2
2659,1
2660,1
2661,2
2662,1
2663,0
2664,1
2665,2
2666,1
2667,0
2668,1
2669,2
2670,1
2671,2
2672,0
2673,2
2674,2
2675,2
2676,2
2677,1
2678,1
2679,0
2680,0
2681,1
2682,2
2683,2
2684,1
2685,1
2686,1
2687,2
2688,1
2689,2
2690,0
2691,2
2692,2
2693,2
2694,1
2695,1
2696,1
2697,2
2698,1
2699,1
2700,1
2701,2
2702,2
2703,1
2704,2
2705,1
2706,2
2707,1
2708,0
2709,0
2710,2
2711,1
2712,0
2713,0
2714,1
2715,2
2716,2
2717,1
2718,2
2719,0
2720,1
2721,0
2722,2
2723,0
2724,2
2725,2
2726,2
2727,1
2728,0
2729,0
2730,1
2731,1
2732,1
2733,2
2734,1
2735,1
2736,2
2737,1
2738,2
2739,2
2740,0
2741,0
2742,2
2743,1
2744,0
2745,2
2746,1
2747,0
2748,2
2749,2
2750,1
2751,2
2752,0
2753,0
2754,1
2755,1
2756,0
2757,2
2758,0
2759,1
2760,0
2761,2
2762,0
2763,2
2764,2
2765,1
2766,1
2767,1
2768,0
2769,1
2770,1
2771,2
2772,0
2773,2
2774,1
2775,0
2776,1
2777,2
2778,0
2779,2
2780,2
2781,2
2782,0
2783,0
2784,2
2785,1
2786,2
2787,1
2788,2
2789,1
2790,2
2791,0
2792,1
2793,2
2794,0
2795,1
2796,0
2797,2
2798,1
2799,0
2800,2
2801,1
2802,0
2803,0
2804,1
2805,1
2806,2
2807,0
2808,0
2809,1
2810,2
2811,0
2812,2
2813,0
2814,2
2815,0
2816,0
2817,2
2818,2
2819,2
2820,1
2821,1
2822,1
2823,0
2824,1
2825,0
2826,2
2827,1
2828,1
2829,0
2830,2
2831,2
2832,2
2833,1
2834,1
2835,0
2836,1
2837,1
2838,2
2839,2
2840,2
2841,1
2842,0
2843,2
2844,2
2845,1
2846,0
2847,2
2848,1
2849,1
2850,2
2851,1
2852,1
2853,0
2854,2
2855,2
2856,0
2857,2
2858,1
2859,2
2860,0
2861,2
2862,0
2863,2
2864,2
2865,1
2866,1
2867,1
2868,2
2869,1
2870,1
2871,2
2872,0
2873,1
2874,2
2875,0
2876,0
2877,2
2878,2
2879,0
2880,2
2881,2
2882,0
2883,0
2884,2
2885,2
2886,0
2887,0
2888,1
2889,2
2890,0
2891,2
2892,0
2893,2
2894,2
2895,0
2896,2
2897,1
2898,2
2899,1
2900,1
2901,0
2902,2
2903,0
2904,2
2905,1
2906,0
2907,1
2908,1
2909,2
2910,2
2911,2
2912,2
2913,1
2914,0
2915,0
2916,1
2917,2
2918,0
2919,2
2920,0
2921,1
2922,0
2923,2
2924,1
2925,1
2926,1
2927,1
2928,1
2929,1
2930,1
2931,1
2932,2
2933,0
2934,2
2935,1
2936,0
2937,2
2938,1
2939,1
2940,0
2941,0
2942,1
2943,1
2944,2
2945,2
2946,1
2947,1
2948,1
2949,1
2950,2
2951,0
2952,2
2953,0
2954,2
2955,1
2956,2
2957,2
2958,0
2959,2
2960,1
2961,0
2962,1
2963,2
2964,0
2965,2
2966,2
2967,0
2968,0
2969,1
2970,0
2971,2
2972,0
2973,2
2974,1
2975,2
2976,1
2977,1
2978,1
2979,1
2980,1
2981,1
2982,1
2983,1
2984,1
2985,0
2986,0
2987,2
2988,0
2989,0
2990,1
2991,0
2992,1
2993,2
2994,0
2995,2
2996,0
2997,2
2998,1
2999,1
3000,1
3001,2
3002,2
3003,1
3004,1
3005,1
3006,2
3007,1
3008,1
3009,0
3010,1
3011,2
3012,0
3013,2
3014,2
3015,0
3016,0
3017,1
3018,0
3019,1
3020,2
3021,0
3022,1
3023,2
3024,2
3025,1
3026,2
3027,1
3028,2
3029,0
3030,1
3031,2
3032,2
3033,2
3034,0
3035,1
3036,0
3037,1
3038,1
3039,2
3040,1
3041,1
3042,2
3043,0
3044,2
3045,0
3046,2
3047,2
3048,2
3049,0
3050,1
3051,0
3052,1
3053,2
3054,2
3055,2
3056,0
3057,1
3058,2
3059,1
3060,1
3061,2
3062,2
3063,0
3064,0
3065,0
3066,2
3067,1
3068,1
3069,0
3070,1
3071,1
3072,0
3073,0
3074,0
3075,2
3076,2
3077,2
3078,0
3079,1
3080,2
3081,0
3082,2
3083,1
3084,2
3085,2
3086,2
3087,1
3088,2
3089,2
3090,1
3091,1
3092,1
3093,2
3094,1
3095,1
3096,0
3097,2
3098,1
3099,0
3100,0
3101,1
3102,1
3103,1
3104,2
3105,0
3106,2
3107,1
3108,2
3109,2
3110,2
3111,2
3112,1
3113,1
3114,1
3115,1
3116,2
3117,1
3118,0
3119,2
3120,1
3121,2
3122,1
3123,0
3124,0
3125,1
3126,2
3127,2
3128,2
3129,1
3130,1
3131,2
3132,1
3133,2
3134,0
3135,0
3136,1
3137,1
3138,2
3139,2
3140,2
3141,1
3142,2
3143,2
3144,1
3145,1
3146,2
3147,2
3148,2
3149,1
3150,0
3151,1
3152,1
3153,0
3154,2
3155,0
3156,2
3157,2
3158,1
3159,0
3160,1
3161,1
3162,1
3163,1
3164,0
3165,0
3166,2
3167,2
3168,0
3169,2
3170,1
3171,0
3172,2
3173,2
3174,2
3175,0
3176,0
3177,0
3178,2
3179,0
3180,1
3181,2
3182,2
3183,2
3184,2
3185,2
3186,1
3187,2
3188,1
3189,0
3190,0
3191,1
3192,2
3193,2
3194,2
3195,2
3196,1
3197,0
3198,1
3199,0
3200,1
3201,2
3202,0
3203,0
3204,2
3205,2
3206,1
3207,1
3208,0
3209,1
3210,1
3211,2
3212,2
3213,2
3214,0
3215,2
3216,0
3217,1
3218,1
3219,2
3220,1
3221,2
3222,1
3223,1
3224,2
3225,1
3226,2
3227,1
3228,2
3229,0
3230,2
3231,2
3232,0
3233,1
3234,1
3235,0
3236,1
3237,2
3238,2
3239,2
3240,2
3241,1
3242,0
3243,0
3244,2
3245,1
3246,1
3247,0
3248,1
3249,0
3250,2
3251,2
3252,1
3253,0
3254,1
3255,1
3256,1
3257,2
3258,1
3259,1
3260,2
3261,0
3262,2
3263,2
3264,1
3265,1
3266,1
3267,0
3268,1
3269,0
3270,2
3271,1
3272,0
3273,0
3274,1
3275,1
3276,0
3277,2
3278,0
3279,2
3280,2
3281,1
3282,1
3283,2
3284,1
3285,2
3286,1
3287,1
3288,0
3289,0
3290,2
3291,2
3292,2
3293,2
3294,0
3295,1
3296,0
3297,2
3298,2
3299,2
3300,0
3301,2
3302,0
3303,1
3304,0
3305,0
3306,0
3307,1
3308,2
3309,0
3310,2
3311,0
3312,2
3313,1
3314,1
3315,2
3316,2
3317,2
3318,0
3319,0
3320,2
3321,0
3322,0
3323,1
3324,2
3325,1
3326,0
3327,2
3328,2
3329,2
3330,1
3331,1
3332,2
3333,2
3334,1
3335,2
3336,2
3337,2
3338,1
3339,2
3340,0
3341,2
3342,2
3343,2
3344,2
3345,2
3346,1
3347,2
3348,0
3349,0
3350,1
3351,1
3352,0
3353,1
3354,2
3355,0
3356,1
3357,2
3358,2
3359,1
3360,0
3361,2
3362,2
3363,1
3364,2
3365,1
3366,2
3367,0
3368,0
3369,2
3370,2
3371,2
3372,1
3373,0
3374,2
3375,2
3376,0
3377,1
3378,2
3379,2
3380,1
3381,0
3382,1
3383,2
3384,2
3385,1
3386,0
3387,2
3388,1
3389,2
3390,2
3391,1
3392,0
3393,1
3394,1
3395,1
3396,1
3397,2
3398,2
3399,2
3400,2
3401,1
3402,1
3403,1
3404,1
3405,0
3406,1
3407,0
3408,0
3409,1
3410,1
3411,1
3412,1
3413,1
3414,0
3415,2
3416,1
3417,2
3418,2
3419,2
3420,0
3421,1
3422,0
3423,1
3424,0
3425,2
3426,0
3427,0
3428,2
3429,2
3430,2
3431,0
3432,1
3433,2
3434,1
3435,1
3436,2
3437,2
3438,2
3439,2
3440,1
3441,0
3442,0
3443,2
3444,0
3445,0
3446,1
3447,1
3448,2
3449,1
3450,1
3451,2
3452,2
3453,0
3454,1
3455,0
3456,1
3457,2
3458,0
3459,2
3460,1
3461,2
3462,0
3463,1
3464,1
3465,0
3466,2
3467,0
3468,2
3469,1
3470,1
3471,0
3472,2
3473,1
3474,2
3475,0
3476,1
3477,0
3478,1
3479,2
3480,0
3481,2
3482,1
3483,2
3484,0
3485,0
3486,2
3487,1
3488,0
3489,0
3490,1
3491,0
3492,2
3493,2
3494,0
3495,2
3496,0
3497,0
3498,0
3499,1
3500,1
3501,1
3502,0
3503,1
3504,1
3505,2
3506,0
3507,1
3508,0
3509,0
3510,1
3511,1
3512,1
3513,2
3514,1
3515,2
3516,1
3517,1
3518,1
3519,2
3520,2
3521,2
3522,2
3523,2
3524,1
3525,1
3526,2
3527,2
3528,1
3529,1
3530,0
3531,1
3532,2
3533,1
3534,2
3535,1
3536,2
3537,2
3538,2
3539,0
3540,2
3541,0
3542,1
3543,2
3544,2
3545,0
3546,2
3547,1
3548,0
3549,2
3550,1
3551,0
3552,0
3553,2
3554,1
3555,2
3556,2
3557,1
3558,2
3559,1
3560,0
3561,0
3562,0
3563,2
3564,2
3565,2
3566,0
3567,1
3568,1
3569,1
3570,2
3571,1
3572,0
3573,1
3574,1
3575,1
3576,2
3577,2
3578,0
3579,2
3580,1
3581,1
3582,0
3583,2
3584,2
3585,1
3586,1
3587,0
3588,2
3589,1
3590,1
3591,0
3592,2
3593,0
3594,2
3595,0
3596,2
3597,2
3598,2
3599,0
3600,1
3601,1
3602,1
3603,0
3604,1
3605,2
3606,1
3607,2
3608,1
3609,2
3610,1
3611,2
3612,0
3613,1
3614,0
3615,0
3616,0
3617,2
3618,1
3619,1
3620,1
3621,0
3622,2
3623,1
3624,2
3625,0
3626,2
3627,2
3628,1
3629,1
3630,2
3631,0
3632,0
3633,2
3634,2
3635,2
3636,2
3637,2
3638,0
3639,0
3640,0
3641,0
3642,2
3643,0
3644,1
3645,2
3646,1
3647,2
3648,2
3649,2
3650,0
3651,1
3652,1
3653,1
3654,1
3655,0
3656,2
3657,2
3658,1
3659,2
3660,2
3661,0
3662,0
3663,2
3664,2
3665,0
3666,2
3667,2
3668,0
3669,2
3670,1
3671,1
3672,2
3673,2
3674,0
3675,1
3676,0
3677,2
3678,0
3679,2
3680,2
3681,2
3682,0
3683,0
3684,1
3685,2
3686,0
3687,0
3688,1
3689,1
3690,1
3691,1
3692,2
3693,0
3694,2
3695,0
3696,0
3697,2
3698,1
3699,2
3700,0
3701,0
3702,2
3703,1
3704,0
3705,2
3706,1
3707,2
3708,1
3709,2
3710,2
3711,0
3712,2
3713,2
3714,1
3715,0
3716,1
3717,1
3718,2
3719,2
3720,1
3721,2
3722,2
3723,2
3724,2
3725,0
3726,1
3727,2
3728,2
3729,1
3730,2
3731,1
3732,0
3733,0
3734,1
3735,1
3736,0
3737,0
3738,0
3739,0
3740,2
3741,2
3742,1
3743,0
3744,1
3745,0
3746,2
3747,2
3748,2
3749,2
3750,1
3751,1
3752,2
3753,0
3754,1
3755,1
3756,1
3757,1
3758,2
3759,1
3760,0
3761,0
3762,1
3763,1
3764,2
3765,0
3766,0
3767,0
3768,2
3769,0
3770,1
3771,1
3772,2
3773,1
3774,2
3775,0
3776,1
3777,1
3778,0
3779,0
3780,1
3781,1
3782,1
3783,2
3784,2
3785,2
3786,2
3787,0
3788,2
3789,2
3790,0
3791,0
3792,1
3793,0
3794,1
3795,0
3796,2
3797,1
3798,1
3799,0
3800,2
3801,1
3802,1
3803,2
3804,2
3805,1
3806,1
3807,1
3808,1
3809,1
3810,1
3811,0
3812,1
3813,1
3814,2
3815,2
3816,0
3817,1
3818,1
3819,1
3820,2
3821,1
3822,2
3823,2
3824,0
3825,2
3826,2
3827,2
3828,1
3829,2
3830,2
3831,2
3832,2
3833,0
3834,2
3835,2
3836,1
3837,2
3838,0
3839,2
3840,2
3841,1
3842,2
3843,0
3844,1
3845,2
3846,1
3847,0
3848,1
3849,1
3850,1
3851,0
3852,2
3853,0
3854,2
3855,2
3856,0
3857,2
3858,2
3859,0
3860,1
3861,0
3862,2
3863,0
3864,1
3865,2
3866,2
3867,0
3868,2
3869,1
3870,1
3871,1
3872,2
3873,2
3874,1
3875,1
3876,1
3877,2
3878,0
3879,2
3880,1
3881,1
3882,0
3883,2
3884,1
3885,2
3886,0
3887,0
3888,2
3889,2
3890,2
3891,2
3892,2
3893,1
3894,0
3895,2
3896,2
3897,2
3898,0
3899,1
3900,1
3901,1
3902,2
3903,2
3904,2
3905,2
3906,2
3907,2
3908,2
3909,2
3910,0
3911,1
3912,0
3913,2
3914,0
3915,2
3916,2
3917,2
3918,1
3919,0
3920,2
3921,2
3922,2
3923,1
3924,1
3925,2
3926,1
3927,2
3928,1
3929,1
3930,0
3931,2
3932,2
3933,0
3934,1
3935,2
3936,2
3937,2
3938,2
3939,0
3940,2
3941,2
3942,2
3943,2
3944,2
3945,2
3946,0
3947,1
3948,2
3949,0
3950,0
3951,2
3952,1
3953,1
3954,2
3955,0
3956,2
3957,1
3958,0
3959,2
3960,1
3961,0
3962,0
3963,2
3964,1
3965,0
3966,2
3967,1
3968,1
3969,2
3970,2
3971,0
3972,2
3973,0
3974,1
3975,1
3976,2
3977,1
3978,0
3979,2
3980,1
3981,2
3982,1
3983,1
3984,2
3985,2
3986,0
3987,2
3988,1
3989,1
3990,2
3991,2
3992,0
3993,2
3994,2
3995,1
3996,2
3997,2
3998,0
3999,1
4000,0
4001,0
4002,1
4003,0
4004,0
4005,0
4006,1
4007,2
4008,2
4009,2
4010,0
4011,1
4012,0
4013,0
4014,2
4015,2
4016,1
4017,2
4018,1
4019,0
4020,0
4021,1
4022,2
4023,2
4024,0
4025,1
4026,2
4027,1
4028,0
4029,1
4030,2
4031,2
4032,0
4033,1
4034,0
4035,0
4036,2
4037,1
4038,0
4039,2
4040,0
4041,2
4042,2
4043,0
4044,2
4045,1
4046,1
4047,1
4048,0
4049,2
4050,0
4051,1
4052,1
4053,2
4054,1
4055,2
4056,1
4057,2
4058,0
4059,2
4060,0
4061,2
4062,0
4063,1
4064,2
4065,1
4066,1
4067,2
4068,2
4069,2
4070,0
4071,1
4072,1
4073,0
4074,2
4075,1
4076,0
4077,2
4078,1
4079,0
4080,1
4081,1
4082,2
4083,1
4084,2
4085,1
4086,1
4087,1
4088,0
4089,2
4090,1
4091,1
4092,1
4093,2
4094,2
4095,2
4096,2
4097,2
4098,1
4099,1
4100,1
4101,2
4102,1
4103,0
4104,2
4105,2
4106,2
4107,1
4108,2
4109,2
4110,1
4111,2
4112,2
4113,2
4114,2
4115,1
4116,1
4117,2
4118,1
4119,1
4120,1
4121,0
4122,2
4123,1
4124,0
4125,1
4126,2
4127,2
4128,1
4129,2
4130,2
4131,1
4132,0
4133,2
4134,1
4135,2
4136,0
4137,0
4138,1
4139,0
4140,2
4141,0
4142,1
4143,2
4144,1
4145,2
4146,0
4147,2
4148,1
4149,2
4150,0
4151,0
4152,1
4153,1
4154,2
4155,2
4156,1
4157,2
4158,2
4159,0
4160,2
4161,0
4162,2
4163,0
4164,1
4165,0
4166,1
4167,1
4168,2
4169,1
4170,2
4171,1
4172,0
4173,0
4174,1
4175,1
4176,2
4177,1
4178,2
4179,0
4180,1
4181,2
4182,2
4183,2
4184,2
4185,2
4186,0
4187,2
4188,2
4189,1
4190,2
4191,2
4192,2
4193,1
4194,1
4195,2
4196,2
4197,2
4198,0
4199,0
4200,1
4201,2
4202,2
4203,2
4204,2
4205,2
4206,2
4207,2
4208,0
4209,0
4210,0
4211,2
4212,2
4213,1
4214,1
4215,1
4216,1
4217,1
4218,1
4219,2
4220,0
4221,0
4222,0
4223,2
4224,1
4225,1
4226,0
4227,1
4228,1
4229,0
4230,0
4231,2
4232,2
4233,2
4234,1
4235,2
4236,1
4237,2
4238,1
4239,0
4240,2
4241,2
4242,0
4243,0
4244,1
4245,2
4246,2
4247,2
4248,2
4249,1
4250,0
4251,1
4252,2
4253,1
4254,1
4255,1
4256,0
4257,0
4258,1
4259,2
4260,2
4261,1
4262,1
4263,1
4264,2
4265,1
4266,2
4267,0
4268,1
4269,2
4270,0
4271,2
4272,0
4273,2
4274,2
4275,1
4276,2
4277,1
4278,2
4279,1
4280,1
4281,0
4282,0
4283,0
4284,2
4285,0
4286,0
4287,2
4288,0
4289,1
4290,1
4291,2
4292,0
4293,0
4294,0
4295,2
4296,2
4297,0
4298,2
4299,2
4300,1
4301,0
4302,2
4303,2
4304,1
4305,1
4306,0
4307,0
4308,1
4309,1
4310,2
4311,0
4312,1
4313,1
4314,1
4315,1
4316,1
4317,0
4318,2
4319,0
4320,2
4321,0
4322,0
4323,2
4324,2
4325,0
4326,1
4327,1
4328,0
4329,2
4330,0
4331,1
4332,1
4333,1
4334,2
4335,2
4336,1
4337,0
4338,1
4339,1
4340,1
4341,2
4342,2
4343,0
4344,2
4345,1
4346,2
4347,1
4348,1
4349,1
4350,0
4351,2
4352,0
4353,1
4354,2
4355,2
4356,2
4357,1
4358,2
4359,2
4360,1
4361,2
4362,1
4363,1
4364,1
4365,2
4366,0
4367,1
4368,2
4369,0
4370,1
4371,0
4372,0
4373,1
4374,0
4375,1
4376,0
4377,0
4378,0
4379,2
4380,1
4381,1
4382,0
4383,1
4384,0
4385,2
4386,2
4387,0
4388,2
4389,0
4390,1
4391,1
4392,2
4393,2
4394,1
4395,1
4396,1
4397,1
4398,2
4399,2
4400,1
4401,0
4402,2
4403,2
4404,0
4405,1
4406,2
4407,0
4408,1
4409,1
4410,2
4411,2
4412,1
4413,1
4414,1
4415,0
4416,1
4417,1
4418,1
4419,2
4420,2
4421,2
4422,0
4423,1
4424,2
4425,2
4426,2
4427,2
4428,1
4429,2
4430,1
4431,1
4432,1
4433,2
4434,1
4435,2
4436,2
4437,1
4438,1
4439,0
4440,2
4441,1
4442,2
4443,1
4444,0
4445,2
4446,0
4447,1
4448,2
4449,1
4450,2
4451,0
4452,0
4453,0
4454,1
4455,0
4456,1
4457,1
4458,2
4459,1
4460,2
4461,2
4462,0
4463,0
4464,2
4465,2
4466,1
4467,2
4468,0
4469,2
4470,1
4471,0
4472,1
4473,1
4474,1
4475,2
4476,2
4477,1
4478,1
4479,1
4480,1
4481,1
4482,2
4483,0
4484,1
4485,0
4486,0
4487,0
4488,1
4489,1
4490,0
4491,0
4492,0
4493,2
4494,0
4495,2
4496,0
4497,1
4498,2
4499,1
4500,2
4501,1
4502,2
4503,1
4504,0
4505,2
4506,2
4507,0
4508,1
4509,1
4510,2
4511,1
4512,1
4513,0
4514,0
4515,1
4516,2
4517,1
4518,1
4519,2
4520,2
4521,1
4522,1
4523,2
4524,1
4525,1
4526,0
4527,0
4528,2
4529,0
4530,1
4531,1
4532,1
4533,1
4534,1
4535,0
4536,1
4537,2
4538,0
4539,2
4540,2
4541,0
4542,2
4543,1
4544,1
4545,1
4546,2
4547,0
4548,0
4549,2
4550,1
4551,1
4552,2
4553,2
4554,1
4555,1
4556,2
4557,2
4558,0
4559,0
4560,2
4561,1
4562,2
4563,0
4564,2
4565,0
4566,1
4567,1
4568,0
4569,1
4570,1
4571,1
4572,2
4573,0
4574,0
4575,2
4576,2
4577,2
4578,0
4579,2
4580,0
4581,2
4582,0
4583,1
4584,2
4585,1
4586,2
4587,0
4588,2
4589,1
4590,2
4591,1
4592,0
4593,1
4594,1
4595,1
4596,2
4597,2
4598,2
4599,1
4600,1
4601,1
4602,0
4603,1
4604,2
4605,1
4606,1
4607,1
4608,1
4609,0
4610,1
4611,1
4612,2
4613,2
4614,2
4615,1
4616,0
4617,2
4618,1
4619,2
4620,2
4621,1
4622,2
4623,2
4624,1
4625,2
4626,1
4627,0
4628,2
4629,1
4630,2
4631,2
4632,0
4633,0
4634,1
4635,1
4636,1
4637,2
4638,2
4639,2
4640,1
4641,2
4642,1
4643,2
4644,2
4645,0
4646,2
4647,1
4648,1
4649,1
4650,2
4651,2
4652,1
4653,2
4654,2
4655,2
4656,1
4657,2
4658,2
4659,1
4660,0
4661,1
4662,1
4663,1
4664,1
4665,2
4666,2
4667,1
4668,2
4669,0
4670,2
4671,1
4672,2
4673,2
4674,0
4675,1
4676,2
4677,0
4678,1
4679,2
4680,0
4681,1
4682,0
4683,0
4684,2
4685,0
4686,2
4687,2
4688,1
4689,2
4690,0
4691,0
4692,0
4693,0
4694,2
4695,0
4696,0
4697,2
4698,2
4699,0
4700,2
4701,0
4702,0
4703,0
4704,2
4705,2
4706,1
4707,2
4708,2
4709,1
4710,1
4711,2
4712,0
4713,1
4714,2
4715,0
4716,0
4717,0
4718,2
4719,0
4720,2
4721,2
4722,0
4723,0
4724,2
4725,0
4726,1
4727,0
4728,0
4729,1
4730,2
4731,2
4732,2
4733,2
4734,2
4735,0
4736,2
4737,0
4738,0
4739,2
4740,0
4741,0
4742,2
4743,0
4744,2
4745,1
4746,2
4747,1
4748,2
4749,2
4750,1
4751,0
4752,2
4753,2
4754,2
4755,1
4756,0
4757,1
4758,0
4759,2
4760,1
4761,2
4762,1
4763,1
4764,2
4765,1
4766,1
4767,2
4768,1
4769,2
4770,0
4771,1
4772,1
4773,2
4774,2
4775,1
4776,2
4777,1
4778,0
4779,0
4780,2
4781,0
4782,2
4783,2
4784,2
4785,0
4786,2
4787,0
4788,1
4789,0
4790,2
4791,1
4792,2
4793,1
4794,1
4795,1
4796,0
4797,2
4798,1
4799,1
4800,2
4801,0
4802,1
4803,2
4804,0
4805,0
4806,2
4807,0
4808,1
4809,2
4810,0
4811,1
4812,2
4813,2
4814,0
4815,1
4816,1
4817,0
4818,2
4819,0
4820,1
4821,1
4822,2
4823,1
4824,2
4825,0
4826,1
4827,0
4828,2
4829,1
4830,2
4831,1
4832,1
4833,0
4834,0
4835,2
4836,1
4837,2
4838,0
4839,2
4840,1
4841,1
4842,1
4843,1
4844,1
4845,0
4846,2
4847,0
4848,2
4849,1
4850,1
4851,2
4852,2
4853,0
4854,2
4855,2
4856,0
4857,1
4858,0
4859,0
4860,0
4861,2
4862,2
4863,2
4864,2
4865,0
4866,0
4867,1
4868,1
4869,2
4870,2
4871,0
4872,1
4873,2
4874,2
4875,2
4876,2
4877,1
4878,2
4879,2
4880,2
4881,2
4882,2
4883,2
4884,2
4885,1
4886,1
4887,0
4888,1
4889,0
4890,2
4891,2
4892,2
4893,2
4894,1
4895,1
4896,0
4897,2
4898,1
4899,2
4900,2
4901,2
4902,2
4903,1
4904,1
4905,0
4906,1
4907,2
4908,0
4909,2
4910,2
4911,0
4912,1
4913,2
4914,0
4915,1
4916,0
4917,1
4918,1
4919,2
4920,0
4921,2
4922,0
4923,0
4924,1
4925,2
4926,1
4927,2
4928,1
4929,2
4930,0
4931,2
4932,2
4933,2
4934,0
4935,2
4936,2
4937,1
4938,1
4939,1
4940,2
4941,1
4942,0
4943,0
4944,1
4945,2
4946,2
4947,1
4948,2
4949,2
4950,1
4951,2
4952,0
4953,1
4954,2
4955,0
4956,2
4957,1
4958,2
4959,1
4960,0
4961,0
4962,2
4963,1
4964,1
4965,1
4966,1
4967,0
4968,2
4969,2
4970,2
4971,0
4972,1
4973,1
4974,1
4975,0
4976,0
4977,1
4978,1
4979,0
4980,2
4981,1
4982,1
4983,2
4984,1
4985,2
4986,1
4987,0
4988,0
4989,2
4990,2
4991,2
4992,2
4993,2
4994,2
4995,1
4996,1
4997,0
4998,1
4999,1
5000,1
5001,1
5002,2
5003,1
5004,2
5005,2
5006,2
5007,1
5008,1
5009,2
5010,1
5011,1
5012,1
5013,2
5014,1
5015,0
5016,2
5017,0
5018,2
5019,2
5020,2
5021,2
5022,0
5023,0
5024,1
5025,0
5026,2
5027,1
5028,2
5029,0
5030,1
5031,1
5032,1
5033,2
5034,0
5035,0
5036,1
5037,1
5038,2
5039,2
5040,1
5041,0
5042,2
5043,2
5044,1
5045,0
5046,2
5047,2
5048,2
5049,1
5050,1
5051,0
5052,1
5053,1
5054,0
5055,1
5056,0
5057,2
5058,2
5059,1
5060,1
5061,1
5062,1
5063,0
5064,0
5065,1
5066,2
5067,1
5068,2
5069,2
5070,2
5071,2
5072,1
5073,1
5074,0
5075,1
5076,0
5077,2
5078,1
5079,2
5080,1
5081,0
5082,0
5083,2
5084,2
5085,0
5086,2
5087,1
5088,0
5089,1
5090,2
5091,2
5092,2
5093,2
5094,1
5095,0
5096,0
5097,2
5098,2
5099,2
5100,2
5101,1
5102,1
5103,1
5104,1
5105,1
5106,2
5107,1
5108,0
5109,1
5110,0
5111,2
5112,1
5113,0
5114,0
5115,0
5116,0
5117,2
5118,0
5119,2
5120,1
5121,1
5122,2
5123,2
5124,2
5125,2
5126,2
5127,2
5128,0
5129,2
5130,2
5131,2
5132,2
5133,0
5134,0
5135,1
5136,2
5137,0
5138,0
5139,2
5140,2
5141,1
5142,1
5143,2
5144,2
5145,1
5146,1
5147,2
5148,0
5149,2
5150,2
5151,1
5152,2
5153,2
5154,1
5155,1
5156,1
5157,1
5158,2
5159,1
5160,2
5161,2
5162,1
5163,1
5164,2
5165,0
5166,2
5167,0
5168,2
5169,1
5170,1
5171,2
5172,0
5173,2
5174,2
5175,2
5176,1
5177,2
5178,1
5179,1
5180,0
5181,0
5182,1
5183,1
5184,0
5185,0
5186,0
5187,0
5188,2
5189,1
5190,0
5191,2
5192,2
5193,2
5194,2
5195,0
5196,2
5197,2
5198,2
5199,0
5200,1
5201,2
5202,2
5203,2
5204,2
5205,2
5206,2
5207,2
5208,1
5209,1
5210,2
5211,0
5212,2
5213,1
5214,2
5215,1
5216,2
5217,2
5218,1
5219,1
5220,0
5221,1
5222,2
5223,1
5224,1
5225,0
5226,1
5227,1
5228,1
5229,2
5230,2
5231,1
5232,1
5233,2
5234,2
5235,2
5236,0
5237,1
5238,0
5239,0
5240,2
5241,2
5242,2
5243,0
5244,2
5245,2
5246,2
5247,1
5248,1
5249,2
5250,0
5251,2
5252,1
5253,1
5254,1
5255,0
5256,2
5257,2
5258,2
5259,2
5260,2
5261,0
5262,0
5263,1
5264,2
5265,2
5266,2
5267,1
5268,2
5269,0
5270,1
5271,2
5272,1
5273,2
5274,1
5275,1
5276,2
5277,0
5278,1
5279,2
5280,1
5281,0
5282,0
5283,1
5284,1
5285,2
5286,0
5287,0
5288,0
5289,0
5290,2
5291,0
5292,2
5293,0
5294,1
5295,1
5296,1
5297,0
5298,2
5299,0
5300,2
5301,1
5302,2
5303,2
5304,1
5305,0
5306,1
5307,1
5308,2
5309,1
5310,1
5311,2
5312,2
5313,2
5314,1
5315,1
5316,0
5317,0
5318,2
5319,2
5320,1
5321,2
5322,0
5323,1
5324,1
5325,0
5326,2
5327,0
5328,2
5329,1
5330,1
5331,1
5332,0
5333,1
5334,2
5335,2
5336,1
5337,1
5338,2
5339,1
5340,1
5341,0
5342,1
5343,0
5344,0
5345,2
5346,1
5347,2
5348,1
5349,0
5350,1
5351,2
5352,0
5353,1
5354,2
5355,0
5356,0
5357,0
5358,0
5359,1
5360,1
5361,2
5362,1
5363,1
5364,0
5365,2
5366,2
5367,2
5368,2
5369,2
5370,0
5371,1
5372,1
5373,1
5374,0
5375,2
5376,0
5377,1
5378,1
5379,1
5380,2
5381,0
5382,0
5383,1
5384,2
5385,0
5386,2
5387,1
5388,1
5389,2
5390,2
5391,1
5392,1
5393,1
5394,2
5395,2
5396,1
5397,2
5398,1
5399,0
5400,1
5401,1
5402,1
5403,1
5404,1
5405,0
5406,1
5407,1
5408,2
5409,2
5410,1
5411,2
5412,0
5413,2
5414,2
5415,2
5416,2
5417,2
5418,1
5419,2
5420,2
5421,0
5422,0
5423,1
5424,0
5425,2
5426,1
5427,1
5428,1
5429,1
5430,2
5431,0
5432,1
5433,1
5434,2
5435,2
5436,1
5437,1
5438,0
5439,2
5440,2
5441,1
5442,1
5443,2
5444,2
5445,1
5446,1
5447,1
5448,2
5449,0
5450,1
5451,1
5452,0
5453,2
5454,2
5455,2
5456,1
5457,1
5458,1
5459,1
5460,2
5461,2
5462,0
5463,0
5464,0
5465,2
5466,2
5467,1
5468,1
5469,2
5470,1
5471,2
5472,0
5473,2
5474,0
5475,1
5476,0
5477,0
5478,2
5479,2
5480,1
5481,0
5482,2
5483,0
5484,2
5485,0
5486,2
5487,2
5488,1
5489,1
5490,2
5491,0
5492,1
5493,1
5494,2
5495,2
5496,2
5497,0
5498,0
5499,0
5500,2
5501,1
5502,1
5503,2
5504,2
5505,2
5506,0
5507,1
5508,0
5509,1
5510,2
5511,2
5512,1
5513,1
5514,1
5515,1
5516,2
5517,1
5518,1
5519,0
5520,0
5521,0
5522,0
5523,0
5524,0
5525,2
5526,0
5527,2
5528,2
5529,0
5530,1
5531,1
5532,1
5533,2
5534,1
5535,0
5536,2
5537,1
5538,1
5539,2
5540,0
5541,1
5542,0
5543,1
5544,2
5545,2
5546,1
5547,2
5548,2
5549,0
5550,2
5551,0
5552,2
5553,2
5554,0
5555,1
5556,2
5557,1
5558,2
5559,2
5560,2
5561,1
5562,1
5563,2
5564,0
5565,2
5566,1
5567,2
5568,0
5569,1
5570,1
5571,2
5572,1
5573,1
5574,1
5575,0
5576,0
5577,1
5578,2
5579,0
5580,0
5581,2
5582,0
5583,2
5584,2
5585,1
5586,1
5587,0
5588,2
5589,2
5590,2
5591,2
5592,2
5593,2
5594,2
5595,2
5596,2
5597,0
5598,2
5599,2
5600,2
5601,0
5602,1
5603,1
5604,0
5605,2
5606,2
5607,2
5608,2
5609,2
5610,1
5611,2
5612,0
5613,1
5614,0
5615,1
5616,0
5617,0
5618,0
5619,1
5620,2
5621,1
5622,1
5623,1
5624,2
5625,1
5626,1
5627,1
5628,0
5629,0
5630,2
5631,0
5632,0
5633,2
5634,0
5635,2
5636,0
5637,2
5638,1
5639,0
5640,1
5641,0
5642,1
5643,2
5644,0
5645,0
5646,1
5647,2
5648,1
5649,0
5650,0
5651,2
5652,1
5653,2
5654,2
5655,1
5656,1
5657,0
5658,1
5659,2
5660,0
5661,0
5662,1
5663,2
5664,1
5665,0
5666,1
5667,0
5668,1
5669,2
5670,2
5671,0
5672,1
5673,1
5674,2
5675,2
5676,2
5677,1
5678,1
5679,0
5680,1
5681,2
5682,1
5683,0
5684,1
5685,1
5686,2
5687,2
5688,1
5689,1
5690,0
5691,1
5692,1
5693,2
5694,2
5695,1
5696,1
5697,2
5698,1
5699,0
5700,2
5701,2
5702,2
5703,1
5704,1
5705,1
5706,1
5707,2
5708,2
5709,2
5710,2
5711,0
5712,0
5713,1
5714,2
5715,2
5716,1
5717,2
5718,2
5719,2
5720,1
5721,2
5722,1
5723,1
5724,1
5725,2
5726,1
5727,0
5728,0
5729,2
5730,1
5731,1
5732,1
5733,1
5734,2
5735,2
5736,0
5737,0
5738,0
5739,0
5740,1
5741,0
5742,0
5743,0
5744,1
5745,2
5746,1
5747,2
5748,0
5749,0
5750,1
5751,0
5752,2
5753,2
5754,2
5755,1
5756,0
5757,2
5758,2
5759,1
5760,0
5761,2
5762,2
5763,0
5764,2
5765,2
5766,0
5767,2
5768,1
5769,2
5770,0
5771,2
5772,2
5773,2
5774,0
5775,1
5776,2
5777,2
5778,1
5779,2
5780,2
5781,0
5782,2
5783,1
5784,2
5785,1
5786,1
5787,0
5788,0
5789,2
5790,1
5791,0
5792,2
5793,0
5794,1
5795,0
5796,2
5797,0
5798,1
5799,1
5800,0
5801,0
5802,2
5803,2
5804,1
5805,1
5806,1
5807,2
5808,2
5809,0
5810,0
5811,1
5812,1
5813,0
5814,2
5815,0
5816,2
5817,2
5818,0
5819,2
5820,2
5821,1
5822,1
5823,2
5824,2
5825,1
5826,0
5827,1
5828,2
5829,2
5830,1
5831,2
5832,0
5833,1
5834,2
5835,1
5836,0
5837,1
5838,1
5839,1
5840,0
5841,2
5842,1
5843,0
5844,0
5845,2
5846,0
5847,1
5848,1
5849,2
5850,1
5851,2
5852,2
5853,2
5854,0
5855,0
5856,2
5857,1
5858,1
5859,0
5860,0
5861,2
5862,2
5863,2
5864,0
5865,1
5866,0
5867,2
5868,2
5869,2
5870,2
5871,2
5872,1
5873,0
5874,0
5875,1
5876,0
5877,1
5878,0
5879,1
5880,2
5881,1
5882,2
5883,1
5884,1
5885,2
5886,1
5887,1
5888,0
5889,0
5890,1
5891,1
5892,1
5893,1
5894,0
5895,1
5896,1
5897,0
5898,2
5899,0
5900,0
5901,1
5902,2
5903,2
5904,0
5905,0
5906,0
5907,2
5908,0
5909,2
5910,2
5911,1
5912,2
5913,2
5914,0
5915,1
5916,0
5917,0
5918,1
5919,2
5920,2
5921,1
5922,0
5923,2
5924,2
5925,0
5926,1
5927,2
5928,1
5929,0
5930,1
5931,2
5932,1
5933,1
5934,0
5935,0
5936,2
5937,1
5938,2
5939,2
5940,2
5941,0
5942,2
5943,0
5944,1
5945,1
5946,1
5947,2
5948,0
5949,2
5950,1
5951,2
5952,0
5953,1
5954,2
5955,2
5956,2
5957,2
5958,1
5959,2
5960,2
5961,0
5962,2
5963,2
5964,0
5965,1
5966,2
5967,2
5968,0
5969,1
5970,2
5971,1
5972,1
5973,1
5974,0
5975,0
5976,2
5977,0
5978,2
5979,2
5980,2
5981,1
5982,2
5983,0
5984,0
5985,0
5986,1
5987,1
5988,2
5989,2
5990,2
5991,1
5992,1
5993,1
5994,1
5995,2
5996,2
5997,2
5998,1
5999,0
6000,0
6001,2
6002,1
6003,2
6004,2
6005,1
6006,0
6007,1
6008,0
6009,0
6010,0
6011,2
6012,0
6013,2
6014,2
6015,1
6016,2
6017,0
6018,2
6019,2
6020,1
6021,2
6022,0
6023,1
6024,0
6025,0
6026,0
6027,1
6028,2
6029,0
6030,1
6031,0
6032,1
6033,0
6034,0
6035,1
6036,1
6037,2
6038,1
6039,1
6040,0
6041,2
6042,1
6043,2
6044,1
6045,1
6046,2
6047,0
6048,2
6049,2
6050,1
6051,2
6052,1
6053,0
6054,0
6055,2
6056,2
6057,1
6058,1
6059,1
6060,2
6061,2
6062,1
6063,2
6064,2
6065,1
6066,1
6067,2
6068,0
6069,0
6070,2
6071,2
6072,1
6073,2
6074,1
6075,0
6076,0
6077,1
6078,2
6079,2
6080,1
6081,0
6082,2
6083,1
6084,0
6085,0
6086,2
6087,1
6088,2
6089,2
6090,2
6091,1
6092,1
6093,2
6094,0
6095,0
6096,1
6097,1
6098,1
6099,0
6100,2
6101,0
6102,1
6103,1
6104,1
6105,1
6106,2
6107,2
6108,0
6109,1
6110,0
6111,2
6112,1
6113,0
6114,2
6115,1
6116,2
6117,2
6118,2
6119,2
6120,1
6121,2
6122,1
6123,1
6124,1
6125,2
6126,0
6127,0
6128,2
6129,0
6130,2
6131,1
6132,2
6133,2
6134,1
6135,2
6136,0
6137,2
6138,2
6139,0
6140,2
6141,0
6142,0
6143,1
6144,0
6145,2
6146,0
6147,2
6148,1
6149,1
6150,0
6151,2
6152,2
6153,0
6154,2
6155,1
6156,1
6157,2
6158,1
6159,2
6160,2
6161,2
6162,1
6163,2
6164,1
6165,2
6166,1
6167,2
6168,0
6169,2
6170,1
6171,1
6172,0
6173,0
6174,2
6175,2
6176,2
6177,2
6178,1
6179,1
6180,2
6181,2
6182,2
6183,0
6184,2
6185,1
6186,2
6187,1
6188,1
6189,1
6190,0
6191,2
6192,0
6193,1
6194,2
6195,0
6196,2
6197,2
6198,1
6199,1
6200,2
6201,2
6202,1
6203,0
6204,2
6205,1
6206,0
6207,2
6208,1
6209,0
6210,1
6211,1
6212,1
6213,1
6214,0
6215,2
6216,2
6217,2
6218,2
6219,1
6220,2
6221,1
6222,2
6223,2
6224,1
6225,2
6226,1
6227,0
6228,2
6229,2
6230,2
6231,2
6232,2
6233,0
6234,0
6235,1
6236,2
6237,2
6238,2
6239,0
6240,1
6241,2
6242,1
6243,1
6244,1
6245,2
6246,1
6247,1
6248,1
6249,0
6250,2
6251,0
6252,0
6253,1
6254,1
6255,0
6256,0
6257,0
6258,2
6259,0
6260,2
6261,2
6262,0
6263,1
6264,2
6265,1
6266,1
6267,2
6268,1
6269,2
6270,0
6271,2
6272,0
6273,2
6274,1
6275,2
6276,1
6277,1
6278,1
6279,1
6280,1
6281,2
6282,1
6283,2
6284,1
6285,0
6286,2
6287,1
6288,2
6289,0
6290,2
6291,1
6292,1
6293,2
6294,2
6295,0
6296,1
6297,1
6298,2
6299,0
6300,2
6301,1
6302,2
6303,1
6304,2
6305,1
6306,1
6307,1
6308,1
6309,1
6310,2
6311,2
6312,2
6313,1
6314,1
6315,2
6316,1
6317,0
6318,2
6319,0
6320,1
6321,2
6322,2
6323,1
6324,2
6325,2
6326,2
6327,0
6328,2
6329,0
6330,2
6331,1
6332,0
6333,2
6334,1
6335,2
6336,1
6337,0
6338,2
6339,1
6340,2
6341,1
6342,1
6343,1
6344,0
6345,2
6346,0
6347,2
6348,0
6349,1
6350,1
6351,1
6352,0
6353,2
6354,0
6355,0
6356,0
6357,1
6358,2
6359,1
6360,0
6361,1
6362,0
6363,1
6364,1
6365,2
6366,1
6367,1
6368,2
6369,1
6370,2
6371,0
6372,0
6373,0
6374,2
6375,1
6376,0
6377,1
6378,1
6379,1
6380,2
6381,1
6382,1
6383,0
6384,2
6385,0
6386,1
6387,2
6388,0
6389,2
6390,0
6391,2
6392,0
6393,2
6394,0
6395,1
6396,1
6397,2
6398,2
6399,2
6400,2
6401,2
6402,1
6403,0
6404,0
6405,1
6406,2
6407,2
6408,0
6409,1
6410,0
6411,1
6412,0
6413,0
6414,0
6415,2
6416,1
6417,2
6418,2
6419,0
6420,0
6421,1
6422,1
6423,2
6424,2
6425,1
6426,2
6427,0
6428,2
6429,0
6430,1
6431,1
6432,2
6433,1
6434,0
6435,0
6436,2
6437,1
6438,2
6439,0
6440,0
6441,1
6442,2
6443,2
6444,0
6445,1
6446,2
6447,2
6448,2
6449,2
6450,1
6451,1
6452,2
6453,2
6454,2
6455,2
6456,1
6457,1
6458,2
6459,1
6460,0
6461,2
6462,2
6463,2
6464,2
6465,2
6466,1
6467,2
6468,2
6469,2
6470,0
6471,0
6472,2
6473,2
6474,0
6475,2
6476,1
6477,2
6478,2
6479,2
6480,1
6481,1
6482,2
6483,1
6484,1
6485,0
6486,2
6487,1
6488,2
6489,0
6490,1
6491,1
6492,1
6493,0
6494,1
6495,1
6496,2
6497,1
6498,1
6499,0
6500,2
6501,1
6502,2
6503,2
6504,2
6505,2
6506,0
6507,2
6508,0
6509,1
6510,2
6511,1
6512,1
6513,1
6514,2
6515,2
6516,1
6517,2
6518,2
6519,0
6520,2
6521,2
6522,0
6523,1
6524,2
6525,2
6526,1
6527,2
6528,1
6529,2
6530,1
6531,2
6532,1
6533,1
6534,2
6535,0
6536,2
6537,1
6538,0
6539,1
6540,0
6541,1
6542,2
6543,1
6544,0
6545,2
6546,2
6547,1
6548,1
6549,0
6550,2
6551,1
6552,2
6553,0
6554,0
6555,1
6556,0
6557,0
6558,2
6559,1
6560,2
6561,2
6562,0
6563,1
6564,2
6565,2
6566,2
6567,1
6568,2
6569,0
6570,0
6571,2
6572,2
6573,2
6574,1
6575,1
6576,0
6577,0
6578,1
6579,0
6580,0
6581,0
6582,1
6583,2
6584,0
6585,1
6586,2
6587,1
6588,2
6589,1
6590,2
6591,2
6592,1
6593,0
6594,2
6595,1
6596,2
6597,0
6598,2
6599,0
6600,2
6601,2
6602,0
6603,1
6604,1
6605,2
6606,1
6607,1
6608,0
6609,1
6610,1
6611,2
6612,2
6613,0
6614,1
6615,1
6616,1
6617,2
6618,2
6619,2
6620,0
6621,2
6622,2
6623,2
6624,1
6625,1
6626,2
6627,0
6628,2
6629,0
6630,1
6631,2
6632,2
6633,1
6634,2
6635,2
6636,2
6637,0
6638,2
6639,2
6640,2
6641,0
6642,1
6643,2
6644,1
6645,0
6646,2
6647,2
6648,2
6649,0
6650,1
6651,0
6652,2
6653,1
6654,1
6655,2
6656,0
6657,1
6658,2
6659,2
6660,2
6661,2
6662,2
6663,1
6664,1
6665,1
6666,2
6667,2
6668,0
6669,1
6670,1
6671,2
6672,1
6673,1
6674,2
6675,1
6676,2
6677,1
6678,2
6679,2
6680,2
6681,0
6682,2
6683,2
6684,2
6685,0
6686,0
6687,0
6688,0
6689,0
6690,1
6691,0
6692,0
6693,2
6694,2
6695,0
6696,2
6697,1
6698,1
6699,0
6700,1
6701,1
6702,2
6703,0
6704,1
6705,1
6706,1
6707,1
6708,2
6709,1
6710,1
6711,2
6712,0
6713,1
6714,0
6715,2
6716,1
6717,0
6718,0
6719,0
6720,2
6721,2
6722,2
6723,1
6724,0
6725,1
6726,1
6727,0
6728,2
6729,1
6730,2
6731,0
6732,0
6733,0
6734,2
6735,1
6736,2
6737,2
6738,2
6739,1
6740,1
6741,0
6742,2
6743,2
6744,2
6745,2
6746,2
6747,2
6748,1
6749,1
6750,2
6751,2
6752,1
6753,2
6754,0
6755,0
6756,1
6757,2
6758,2
6759,2
6760,1
6761,1
6762,1
6763,1
6764,2
6765,0
6766,2
6767,0
6768,0
6769,1
6770,2
6771,1
6772,2
6773,2
6774,2
6775,2
6776,2
6777,0
6778,1
6779,1
6780,1
6781,2
6782,2
6783,1
6784,2
6785,0
6786,1
6787,0
6788,1
6789,2
6790,1
6791,0
6792,0
6793,2
6794,2
6795,1
6796,1
6797,2
6798,2
6799,0
6800,2
6801,2
6802,0
6803,1
6804,2
6805,2
6806,0
6807,1
6808,2
6809,2
6810,1
6811,2
6812,0
6813,2
6814,1
6815,2
6816,0
6817,0
6818,2
6819,0
6820,0
6821,2
6822,0
6823,0
6824,2
6825,1
6826,2
6827,2
6828,0
6829,0
6830,1
6831,1
6832,2
6833,0
6834,0
6835,0
6836,1
6837,2
6838,0
6839,0
6840,1
6841,1
6842,2
6843,2
6844,0
6845,2
6846,1
6847,1
6848,2
6849,1
6850,0
6851,0
6852,2
6853,2
6854,2
6855,2
6856,2
6857,2
6858,2
6859,1
6860,2
6861,0
6862,0
6863,0
6864,2
6865,0
6866,0
6867,0
6868,2
6869,2
6870,0
6871,1
6872,0
6873,2
6874,0
6875,2
6876,2
6877,2
6878,2
6879,2
6880,0
6881,2
6882,1
6883,0
6884,1
6885,2
6886,0
6887,1
6888,2
6889,1
6890,1
6891,0
6892,2
6893,1
6894,1
6895,1
6896,2
6897,2
6898,1
6899,2
6900,2
6901,0
6902,2
6903,2
6904,1
6905,2
6906,2
6907,1
6908,1
6909,2
6910,1
6911,1
6912,2
6913,2
6914,0
6915,1
6916,2
6917,1
6918,1
6919,2
6920,2
6921,0
6922,1
6923,2
6924,1
6925,1
6926,0
6927,2
6928,2
6929,1
6930,2
6931,2
6932,2
6933,0
6934,2
6935,2
6936,2
6937,1
6938,0
6939,2
6940,1
6941,2
6942,0
6943,1
6944,0
6945,2
6946,1
6947,1
6948,2
6949,0
6950,2
6951,0
6952,0
6953,1
6954,0
6955,2
6956,0
6957,2
6958,2
6959,2
6960,0
6961,0
6962,2
6963,2
6964,2
6965,1
6966,2
6967,2
6968,0
6969,2
6970,1
6971,2
6972,0
6973,1
6974,2
6975,0
6976,2
6977,1
6978,2
6979,0
6980,2
6981,1
6982,1
6983,2
6984,2
6985,2
6986,0
6987,0
6988,2
6989,0
6990,0
6991,1
6992,1
6993,2
6994,0
6995,0
6996,2
6997,0
6998,1
6999,0
7000,0
7001,1
7002,1
7003,1
7004,1
7005,1
7006,0
7007,0
7008,1
7009,1
7010,2
7011,2
7012,2
7013,2
7014,1
7015,2
7016,0
7017,2
7018,1
7019,0
7020,2
7021,2
7022,2
7023,0
7024,2
7025,0
7026,2
7027,1
7028,1
7029,1
7030,1
7031,2
7032,1
7033,1
7034,0
7035,1
7036,1
7037,2
7038,2
7039,0
7040,1
7041,2
7042,2
7043,0
7044,1
7045,0
7046,2
7047,2
7048,0
7049,2
7050,0
7051,0
7052,1
7053,2
7054,2
7055,0
7056,0
7057,2
7058,2
7059,1
7060,2
7061,1
7062,1
7063,1
7064,1
7065,2
7066,1
7067,1
7068,0
7069,1
7070,1
7071,2
7072,2
7073,2
7074,0
7075,1
7076,0
7077,0
7078,1
7079,1
7080,0
7081,0
7082,2
7083,2
7084,2
7085,2
7086,1
7087,0
7088,2
7089,1
7090,2
7091,0
7092,0
7093,2
7094,0
7095,2
7096,1
7097,1
7098,2
7099,2
7100,2
7101,0
7102,0
7103,1
7104,0
7105,1
7106,0
7107,2
7108,1
7109,0
7110,2
7111,2
7112,1
7113,2
7114,2
7115,1
7116,0
7117,2
7118,2
7119,1
7120,0
7121,0
7122,1
7123,2
7124,1
7125,2
7126,0
7127,1
7128,2
7129,0
7130,0
7131,1
7132,0
7133,1
7134,2
7135,0
7136,1
7137,0
7138,0
7139,0
7140,0
7141,1
7142,2
7143,0
7144,2
7145,2
7146,0
7147,2
7148,2
7149,1
7150,2
7151,1
7152,1
7153,1
7154,1
7155,2
7156,2
7157,1
7158,0
7159,2
7160,1
7161,2
7162,1
7163,2
7164,2
7165,2
7166,1
7167,2
7168,2
7169,0
7170,2
7171,1
7172,0
7173,2
7174,1
7175,2
7176,2
7177,2
7178,2
7179,2
7180,2
7181,0
7182,2
7183,2
7184,2
7185,1
7186,2
7187,2
7188,2
7189,2
7190,1
7191,2
7192,2
7193,1
7194,1
7195,2
7196,0
7197,2
7198,2
7199,2
7200,1
7201,0
7202,2
7203,2
7204,0
7205,1
7206,1
7207,1
7208,2
7209,2
7210,2
7211,1
7212,0
7213,0
7214,2
7215,2
7216,2
7217,0
7218,0
7219,2
7220,1
7221,0
7222,0
7223,2
7224,0
7225,0
7226,0
7227,2
7228,0
7229,2
7230,2
7231,1
7232,0
7233,1
7234,1
7235,1
7236,1
7237,0
7238,1
7239,0
7240,1
7241,2
7242,1
7243,1
7244,2
7245,1
7246,2
7247,1
7248,1
7249,1
7250,0
7251,0
7252,1
7253,2
7254,2
7255,1
7256,1
7257,2
7258,1
7259,2
7260,0
7261,2
7262,0
7263,1
7264,2
7265,2
7266,1
7267,1
7268,2
7269,1
7270,2
7271,0
7272,2
7273,0
7274,1
7275,1
7276,2
7277,0
7278,1
7279,2
7280,0
7281,0
7282,1
7283,1
7284,1
7285,1
7286,1
7287,0
7288,1
7289,0
7290,2
7291,2
7292,2
7293,1
7294,0
7295,0
7296,0
7297,2
7298,1
7299,1
7300,1
7301,2
7302,0
7303,1
7304,2
7305,2
7306,2
7307,2
7308,1
7309,2
7310,2
7311,1
7312,1
7313,0
7314,1
7315,2
7316,1
7317,0
7318,1
7319,0
7320,0
7321,1
7322,2
7323,1
7324,1
7325,2
7326,0
7327,2
7328,1
7329,2
7330,2
7331,2
7332,1
7333,2
7334,2
7335,0
7336,2
7337,0
7338,0
7339,2
7340,2
7341,2
7342,0
7343,2
7344,0
7345,2
7346,1
7347,0
7348,1
7349,1
7350,2
7351,1
7352,1
7353,2
7354,1
7355,1
7356,1
7357,2
7358,2
7359,2
7360,0
7361,1
7362,1
7363,1
7364,1
7365,2
7366,1
7367,1
7368,2
7369,0
7370,2
7371,2
7372,2
7373,1
7374,0
7375,2
7376,1
7377,2
7378,0
7379,1
7380,2
7381,1
7382,2
7383,1
7384,1
7385,2
7386,0
7387,1
7388,2
7389,2
7390,2
7391,1
7392,2
7393,1
7394,1
7395,0
7396,2
7397,1
7398,2
7399,1
7400,2
7401,1
7402,0
7403,2
7404,0
7405,0
7406,2
7407,1
7408,1
7409,1
7410,1
7411,1
7412,1
7413,0
7414,2
7415,1
7416,0
7417,2
7418,1
7419,1
7420,2
7421,2
7422,0
7423,2
7424,1
7425,0
7426,1
7427,2
7428,1
7429,0
7430,1
7431,1
7432,1
7433,2
7434,2
7435,0
7436,0
7437,0
7438,1
7439,1
7440,0
7441,0
7442,1
7443,0
7444,2
7445,1
7446,1
7447,0
7448,1
7449,2
7450,0
7451,2
7452,1
7453,1
7454,2
7455,0
7456,1
7457,2
7458,0
7459,1
7460,1
7461,0
7462,0
7463,2
7464,1
7465,1
7466,0
7467,2
7468,2
7469,1
7470,2
7471,2
7472,0
7473,0
7474,2
7475,0
7476,0
7477,0
7478,1
7479,2
7480,0
7481,2
7482,0
7483,2
7484,1
7485,2
7486,2
7487,0
7488,2
7489,2
7490,0
7491,0
7492,2
7493,2
7494,2
7495,1
7496,0
7497,0
7498,2
7499,0
7500,2
7501,0
7502,0
7503,1
7504,0
7505,2
7506,1
7507,2
7508,2
7509,1
7510,2
7511,0
7512,1
7513,1
7514,2
7515,0
7516,1
7517,1
7518,2
7519,2
7520,2
7521,2
7522,1
7523,2
7524,0
7525,1
7526,2
7527,2
7528,1
7529,2
7530,1
7531,0
7532,2
7533,1
7534,2
7535,0
7536,1
7537,1
7538,1
7539,1
7540,2
7541,1
7542,1
7543,1
7544,0
7545,1
7546,0
7547,1
7548,0
7549,2
7550,1
7551,2
7552,1
7553,0
7554,1
7555,2
7556,0
7557,0
7558,2
7559,0
7560,2
7561,2
7562,2
7563,1
7564,2
7565,2
7566,2
7567,0
7568,2
7569,2
7570,2
7571,1
7572,2
7573,2
7574,0
7575,0
7576,2
7577,2
7578,1
7579,2
7580,1
7581,1
7582,0
7583,0
7584,2
7585,2
7586,1
7587,0
7588,2
7589,0
7590,0
7591,0
7592,1
7593,1
7594,2
7595,0
7596,2
7597,0
7598,0
7599,2
7600,1
7601,2
7602,1
7603,2
7604,2
7605,2
7606,2
7607,0
7608,0
7609,1
7610,1
7611,2
7612,2
7613,0
7614,1
7615,2
7616,1
7617,1
7618,2
7619,1
7620,0
7621,0
7622,1
7623,0
7624,0
7625,0
7626,0
7627,0
7628,0
7629,1
7630,1
7631,2
7632,2
7633,0
7634,2
7635,1
7636,2
7637,0
7638,1
7639,2
7640,2
7641,1
7642,1
7643,1
7644,2
7645,1
7646,1
7647,2
7648,2
7649,2
7650,2
7651,2
7652,1
7653,1
7654,0
7655,0
7656,2
7657,0
7658,0
7659,1
7660,2
7661,2
7662,2
7663,2
7664,2
7665,1
7666,2
7667,2
7668,2
7669,1
7670,1
7671,0
7672,1
7673,2
7674,1
7675,1
7676,2
7677,0
7678,0
7679,2
7680,2
7681,1
7682,2
7683,1
7684,0
7685,1
7686,1
7687,2
7688,2
7689,2
7690,1
7691,0
7692,1
7693,2
7694,2
7695,1
7696,0
7697,0
7698,2
7699,2
7700,2
7701,2
7702,1
7703,1
7704,2
7705,1
7706,2
7707,2
7708,0
7709,1
7710,1
7711,2
7712,2
7713,1
7714,2
7715,0
7716,1
7717,2
7718,1
7719,2
7720,0
7721,1
7722,2
7723,1
7724,1
7725,1
7726,2
7727,0
7728,0
7729,1
7730,0
7731,1
7732,0
7733,0
7734,1
7735,2
7736,2
7737,0
7738,2
7739,2
7740,1
7741,1
7742,1
7743,2
7744,2
7745,2
7746,1
7747,2
7748,2
7749,2
7750,2
7751,1
7752,2
7753,2
7754,2
7755,1
7756,1
7757,2
7758,1
7759,2
7760,1
7761,1
7762,1
7763,1
7764,0
7765,2
7766,2
7767,1
7768,2
7769,1
7770,2
7771,2
7772,1
7773,2
7774,1
7775,2
7776,2
7777,1
7778,0
7779,1
7780,2
7781,2
7782,1
7783,1
7784,1
7785,0
7786,1
7787,2
7788,1
7789,1
7790,1
7791,2
7792,1
7793,0
7794,2
7795,1
7796,0
7797,2
7798,0
7799,0
7800,1
7801,0
7802,1
7803,1
7804,0
7805,1
7806,2
7807,0
7808,1
7809,0
7810,2
7811,2
7812,2
7813,1
7814,0
7815,1
7816,2
7817,2
7818,0
7819,1
7820,1
7821,0
7822,0
7823,2
7824,1
7825,2
7826,0
7827,2
7828,0
7829,1
7830,0
7831,2
7832,2
7833,1
7834,1
7835,0
7836,1
7837,1
7838,2
7839,2
7840,2
7841,1
7842,2
7843,2
7844,1
7845,1
7846,2
7847,1
7848,2
7849,1
7850,0
7851,1
7852,0
7853,2
7854,2
7855,2
7856,2
7857,2
7858,2
7859,0
7860,2
7861,0
7862,2
7863,2
7864,1
7865,1
7866,0
7867,2
7868,0
7869,2
7870,1
7871,2
7872,2
7873,2
7874,2
7875,2
7876,0
7877,0
7878,0
7879,0
7880,2
7881,1
7882,2
7883,0
7884,0
7885,1
7886,0
7887,1
7888,2
7889,2
7890,1
7891,1
7892,2
7893,2
7894,2
7895,0
7896,1
7897,0
7898,1
7899,2
7900,0
7901,2
7902,2
7903,2
7904,0
7905,1
7906,0
7907,1
7908,2
7909,2
7910,1
7911,1
7912,2
7913,2
7914,1
7915,0
7916,1
7917,1
7918,0
7919,1
7920,2
7921,1
7922,1
7923,2
7924,1
7925,2
7926,2
7927,2
7928,0
7929,2
7930,2
7931,2
7932,2
7933,1
7934,1
7935,2
7936,2
7937,1
7938,1
7939,0
7940,2
7941,2
7942,2
7943,1
7944,1
7945,1
7946,1
7947,2
7948,2
7949,0
7950,1
7951,0
7952,0
7953,2
7954,0
7955,0
7956,2
7957,1
7958,1
7959,1
7960,1
7961,2
7962,2
7963,0
7964,1
7965,1
7966,1
7967,1
7968,0
7969,1
7970,2
7971,2
7972,1
7973,0
7974,1
7975,2
7976,1
7977,0
7978,1
7979,2
7980,1
7981,2
7982,1
7983,2
7984,2
7985,0
7986,1
7987,1
7988,2
7989,2
7990,2
7991,2
7992,1
7993,1
7994,0
7995,1
7996,1
7997,1
7998,1
7999,0
8000,0
8001,1
8002,0
8003,2
8004,0
8005,2
8006,1
8007,2
8008,0
8009,1
8010,0
8011,1
8012,1
8013,1
8014,0
8015,2
8016,1
8017,0
8018,2
8019,1
8020,2
8021,0
8022,1
8023,2
8024,0
8025,1
8026,2
8027,1
8028,1
8029,2
8030,0
8031,0
8032,2
8033,1
8034,0
8035,2
8036,1
8037,2
8038,1
8039,2
8040,1
8041,0
8042,0
8043,2
8044,0
8045,1
8046,0
8047,1
8048,1
8049,1
8050,1
8051,2
8052,2
8053,2
8054,1
8055,1
8056,1
8057,2
8058,0
8059,0
8060,1
8061,2
8062,2
8063,1
8064,2
8065,0
8066,2
8067,0
8068,2
8069,2
8070,0
8071,1
8072,0
8073,1
8074,1
8075,2
8076,0
8077,1
8078,0
8079,2
8080,1
8081,2
8082,2
8083,2
8084,0
8085,2
8086,0
8087,1
8088,1
8089,1
8090,2
8091,1
8092,2
8093,1
8094,0
8095,1
8096,1
8097,0
8098,0
8099,2
8100,2
8101,0
8102,1
8103,1
8104,1
8105,2
8106,2
8107,1
8108,1
8109,2
8110,2
8111,2
8112,2
8113,2
8114,2
8115,2
8116,1
8117,1
8118,1
8119,1
8120,2
8121,1
8122,1
8123,2
8124,1
8125,2
8126,1
8127,1
8128,2
8129,1
8130,0
8131,2
8132,0
8133,0
8134,0
8135,1
8136,1
8137,0
8138,1
8139,1
8140,1
8141,1
8142,2
8143,0
8144,1
8145,2
8146,2
8147,2
8148,2
8149,2
8150,1
8151,0
8152,1
8153,0
8154,1
8155,1
8156,1
8157,2
8158,1
8159,2
8160,0
8161,2
8162,2
8163,1
8164,2
8165,0
8166,2
8167,1
8168,2
8169,1
8170,1
8171,1
8172,2
8173,2
8174,1
8175,0
8176,2
8177,1
8178,1
8179,0
8180,0
8181,2
8182,0
8183,1
8184,2
8185,1
8186,1
8187,1
8188,2
8189,1
8190,1
8191,0
8192,1
8193,1
8194,0
8195,2
8196,1
8197,0
8198,2
8199,2
8200,0
8201,0
8202,2
8203,2
8204,2
8205,2
8206,2
8207,0
8208,0
8209,2
8210,0
8211,2
8212,0
8213,1
8214,2
8215,1
8216,2
8217,2
8218,2
8219,2
8220,2
8221,2
8222,1
8223,1
8224,1
8225,2
8226,2
8227,1
8228,1
8229,1
8230,2
8231,0
8232,0
8233,2
8234,0
8235,1
8236,0
8237,0
8238,1
8239,2
8240,2
8241,2
8242,1
8243,1
8244,2
8245,1
8246,0
8247,1
8248,1
8249,1
8250,1
8251,0
8252,0
8253,0
8254,2
8255,0
8256,0
8257,1
8258,2
8259,0
8260,1
8261,1
8262,2
8263,2
8264,2
8265,2
8266,1
8267,0
8268,2
8269,2
8270,2
8271,0
8272,2
8273,2
8274,2
8275,1
8276,0
8277,0
8278,0
8279,0
8280,0
8281,2
8282,1
8283,0
8284,1
8285,2
8286,1
8287,1
8288,2
8289,1
8290,2
8291,1
8292,2
8293,2
8294,1
8295,1
8296,2
8297,2
8298,1
8299,1
8300,1
8301,1
8302,2
8303,2
8304,1
8305,0
8306,1
8307,1
8308,1
8309,0
8310,2
8311,0
8312,0
8313,0
8314,0
8315,2
8316,0
8317,1
8318,1
8319,0
8320,2
8321,2
8322,2
8323,2
8324,1
8325,1
8326,2
8327,1
8328,1
8329,2
8330,1
8331,2
8332,0
8333,0
8334,1
8335,2
8336,0
8337,2
8338,1
8339,0
8340,2
8341,2
8342,1
8343,2
8344,2
8345,0
8346,1
8347,2
8348,1
8349,2
8350,1
8351,0
8352,1
8353,0
8354,2
8355,2
8356,2
8357,1
8358,1
8359,0
8360,1
8361,2
8362,1
8363,0
8364,0
8365,2
8366,2
8367,2
8368,0
8369,0
8370,1
8371,1
8372,1
8373,2
8374,2
8375,1
8376,1
8377,1
8378,0
8379,1
8380,1
8381,0
8382,2
8383,0
8384,1
8385,1
8386,1
8387,1
8388,0
8389,1
8390,1
8391,2
8392,2
8393,2
8394,2
8395,0
8396,0
8397,2
8398,0
8399,1
8400,0
8401,2
8402,1
8403,1
8404,0
8405,0
8406,1
8407,2
8408,1
8409,1
8410,0
8411,1
8412,1
8413,2
8414,1
8415,1
8416,1
8417,2
8418,1
8419,2
8420,2
8421,2
8422,2
8423,2
8424,1
8425,0
8426,1
8427,1
8428,2
8429,1
8430,0
8431,1
8432,2
8433,1
8434,1
8435,2
8436,2
8437,0
8438,2
8439,1
8440,2
8441,0
8442,1
8443,2
8444,0
8445,1
8446,1
8447,1
8448,0
8449,2
8450,1
8451,0
8452,0
8453,2
8454,1
8455,1
8456,0
8457,1
8458,1
8459,1
8460,0
8461,1
8462,0
8463,1
8464,1
8465,1
8466,0
8467,1
8468,2
8469,0
8470,0
8471,2
8472,0
8473,0
8474,2
8475,1
8476,2
8477,2
8478,2
8479,1
8480,1
8481,2
8482,0
8483,1
8484,0
8485,2
8486,2
8487,1
8488,0
8489,0
8490,1
8491,1
8492,2
8493,2
8494,1
8495,1
8496,2
8497,1
8498,1
8499,1
8500,2
8501,2
8502,2
8503,2
8504,2
8505,0
8506,1
8507,2
8508,1
8509,1
8510,1
8511,2
8512,1
8513,0
8514,1
8515,1
8516,0
8517,2
8518,2
8519,2
8520,2
8521,1
8522,0
8523,0
8524,2
8525,2
8526,0
8527,1
8528,2
8529,0
8530,2
8531,1
8532,1
8533,0
8534,2
8535,2
8536,1
8537,2
8538,2
8539,1
8540,0
8541,2
8542,1
8543,1
8544,1
8545,2
8546,0
8547,0
8548,0
8549,1
8550,1
8551,2
8552,0
8553,1
8554,0
8555,2
8556,2
8557,0
8558,2
8559,1
8560,1
8561,0
8562,0
8563,1
8564,0
8565,0
8566,2
8567,2
8568,0
8569,1
8570,2
8571,1
8572,0
8573,1
8574,1
8575,1
8576,2
8577,1
8578,0
8579,0
8580,2
8581,2
8582,0
8583,1
8584,0
8585,2
8586,1
8587,1
8588,0
8589,1
8590,0
8591,2
8592,0
8593,0
8594,0
8595,0
8596,2
8597,1
8598,1
8599,1
8600,2
8601,1
8602,0
8603,2
8604,1
8605,1
8606,1
8607,1
8608,0
8609,0
8610,2
8611,2
8612,1
8613,0
8614,2
8615,1
8616,2
8617,0
8618,0
8619,2
8620,2
8621,2
8622,2
8623,0
8624,2
8625,1
8626,2
8627,0
8628,1
8629,1
8630,0
8631,2
8632,0
8633,1
8634,2
8635,0
8636,1
8637,0
8638,2
8639,2
8640,1
8641,2
8642,2
8643,2
8644,1
8645,0
8646,1
8647,2
8648,1
8649,2
8650,0
8651,1
8652,2
8653,2
8654,1
8655,2
8656,0
8657,0
8658,2
8659,2
8660,2
8661,0
8662,1
8663,0
8664,0
8665,2
8666,1
8667,1
8668,1
8669,0
8670,1
8671,1
8672,2
8673,0
8674,0
8675,1
8676,2
8677,0
8678,0
8679,2
8680,2
8681,2
8682,0
8683,1
8684,2
8685,1
8686,1
8687,2
8688,1
8689,0
8690,1
8691,1
8692,1
8693,1
8694,2
8695,0
8696,2
8697,2
8698,2
8699,2
8700,0
8701,2
8702,0
8703,2
8704,1
8705,0
8706,2
8707,0
8708,2
8709,0
8710,1
8711,2
8712,1
8713,1
8714,0
8715,1
8716,1
8717,0
8718,2
8719,2
8720,1
8721,2
8722,0
8723,2
8724,0
8725,2
8726,1
8727,2
8728,0
8729,0
8730,0
8731,2
8732,1
8733,0
8734,2
8735,1
8736,1
8737,1
8738,0
8739,2
8740,0
8741,2
8742,2
8743,2
8744,2
8745,2
8746,0
8747,2
8748,2
8749,2
8750,0
8751,2
8752,1
8753,1
8754,0
8755,0
8756,1
8757,2
8758,2
8759,0
8760,1
8761,2
8762,2
8763,0
8764,2
8765,1
8766,1
8767,1
8768,1
8769,2
8770,1
8771,2
8772,2
8773,0
8774,2
8775,0
8776,0
8777,1
8778,0
8779,2
8780,1
8781,1
8782,1
8783,2
8784,2
8785,2
8786,2
8787,2
8788,2
8789,2
8790,0
8791,1
8792,2
8793,1
8794,0
8795,0
8796,2
8797,1
8798,0
8799,2
8800,1
8801,2
8802,1
8803,2
8804,0
8805,2
8806,2
8807,0
8808,2
8809,1
8810,1
8811,0
8812,0
8813,0
8814,0
8815,1
8816,0
8817,2
8818,0
8819,0
8820,0
8821,2
8822,0
8823,1
8824,1
8825,1
8826,0
8827,2
8828,1
8829,2
8830,2
8831,2
8832,1
8833,0
8834,1
8835,0
8836,2
8837,1
8838,2
8839,0
8840,2
8841,2
8842,2
8843,0
8844,0
8845,2
8846,1
8847,0
8848,1
8849,1
8850,2
8851,1
8852,1
8853,2
8854,0
8855,2
8856,0
8857,1
8858,2
8859,1
8860,0
8861,0
8862,2
8863,2
8864,1
8865,2
8866,2
8867,2
8868,1
8869,2
8870,1
8871,0
8872,0
8873,1
8874,1
8875,1
8876,1
8877,2
8878,1
8879,2
8880,1
8881,0
8882,2
8883,0
8884,0
8885,0
8886,1
8887,2
8888,0
8889,2
8890,1
8891,2
8892,0
8893,2
8894,1
8895,2
8896,0
8897,0
8898,2
8899,0
8900,2
8901,1
8902,1
8903,1
8904,2
8905,2
8906,0
8907,2
8908,2
8909,2
8910,2
8911,0
8912,0
8913,2
8914,0
8915,2
8916,2
8917,0
8918,1
8919,0
8920,1
8921,2
8922,1
8923,1
8924,1
8925,1
8926,1
8927,1
8928,1
8929,2
8930,2
8931,2
8932,0
8933,0
8934,1
8935,1
8936,0
8937,2
8938,2
8939,2
8940,2
8941,0
8942,1
8943,1
8944,1
8945,2
8946,1
8947,2
8948,1
8949,0
8950,2
8951,0
8952,2
8953,0
8954,1
8955,0
8956,2
8957,1
8958,2
8959,2
8960,1
8961,0
8962,2
8963,2
8964,2
8965,1
8966,2
8967,0
8968,2
8969,2
8970,1
8971,2
8972,0
8973,0
8974,1
8975,1
8976,0
8977,2
8978,2
8979,2
8980,1
8981,0
8982,2
8983,2
8984,1
8985,1
8986,2
8987,2
8988,2
8989,1
8990,0
8991,2
8992,2
8993,2
8994,1
8995,1
8996,2
8997,0
8998,0
8999,2
9000,2
9001,2
9002,0
9003,2
9004,1
9005,1
9006,0
9007,1
9008,2
9009,0
9010,2
9011,0
9012,0
9013,1
9014,1
9015,2
9016,2
9017,2
9018,1
9019,2
9020,1
9021,1
9022,2
9023,2
9024,1
9025,2
9026,1
9027,2
9028,1
9029,0
9030,2
9031,0
9032,1
9033,0
9034,2
9035,1
9036,0
9037,1
9038,0
9039,1
9040,1
9041,1
9042,2
9043,1
9044,2
9045,2
9046,0
9047,2
9048,1
9049,2
9050,2
9051,1
9052,2
9053,0
9054,0
9055,0
9056,2
9057,0
9058,0
9059,2
9060,1
9061,1
9062,2
9063,2
9064,0
9065,1
9066,2
9067,2
9068,2
9069,2
9070,1
9071,2
9072,2
9073,1
9074,0
9075,2
9076,0
9077,1
9078,1
9079,0
9080,0
9081,1
9082,0
9083,1
9084,2
9085,1
9086,0
9087,2
9088,1
9089,0
9090,0
9091,2
9092,0
9093,1
9094,0
9095,1
9096,1
9097,0
9098,0
9099,0
9100,0
9101,1
9102,0
9103,2
9104,2
9105,0
9106,0
9107,0
9108,2
9109,0
9110,2
9111,0
9112,1
9113,1
9114,1
9115,2
9116,1
9117,2
9118,1
9119,2
9120,2
9121,2
9122,0
9123,2
9124,1
9125,0
9126,2
9127,2
9128,2
9129,0
9130,0
9131,0
9132,1
9133,2
9134,0
9135,1
9136,2
9137,2
9138,0
9139,0
9140,0
9141,1
9142,0
9143,2
9144,2
9145,2
9146,1
9147,2
9148,1
9149,1
9150,2
9151,0
9152,2
9153,1
9154,0
9155,0
9156,2
9157,2
9158,2
9159,1
9160,0
9161,2
9162,0
9163,1
9164,2
9165,1
9166,0
9167,2
9168,1
9169,2
9170,2
9171,0
9172,1
9173,1
9174,0
9175,2
9176,2
9177,0
9178,2
9179,2
9180,2
9181,0
9182,1
9183,0
9184,2
9185,1
9186,1
9187,0
9188,1
9189,2
9190,2
9191,0
9192,1
9193,0
9194,1
9195,2
9196,1
9197,2
9198,1
9199,1
9200,2
9201,1
9202,2
9203,1
9204,2
9205,2
9206,2
9207,2
9208,0
9209,2
9210,0
9211,0
9212,1
9213,1
9214,2
9215,0
9216,1
9217,2
9218,2
9219,1
9220,0
9221,2
9222,0
9223,0
9224,0
9225,1
9226,2
9227,1
9228,0
9229,0
9230,1
9231,0
9232,1
9233,2
9234,2
9235,2
9236,0
9237,2
9238,1
9239,2
9240,0
9241,2
9242,1
9243,1
9244,2
9245,2
9246,1
9247,1
9248,2
9249,1
9250,1
9251,1
9252,2
9253,2
9254,2
9255,2
9256,2
9257,0
9258,0
9259,2
9260,1
9261,1
9262,1
9263,2
9264,2
9265,0
9266,0
9267,0
9268,1
9269,2
9270,1
9271,0
9272,2
9273,1
9274,1
9275,1
9276,0
9277,2
9278,1
9279,0
9280,2
9281,1
9282,2
9283,2
9284,2
9285,0
9286,1
9287,1
9288,2
9289,2
9290,2
9291,2
9292,2
9293,2
9294,0
9295,2
9296,0
9297,2
9298,0
9299,1
9300,1
9301,2
9302,1
9303,2
9304,0
9305,2
9306,2
9307,1
9308,2
9309,0
9310,0
9311,0
9312,2
9313,2
9314,0
9315,0
9316,1
9317,1
9318,0
9319,1
9320,1
9321,0
9322,2
9323,2
9324,2
9325,1
9326,2
9327,2
9328,0
9329,0
9330,0
9331,0
9332,1
9333,0
9334,1
9335,1
9336,1
9337,0
9338,1
9339,2
9340,2
9341,2
9342,1
9343,2
9344,0
9345,0
9346,2
9347,0
9348,0
9349,2
9350,2
9351,1
9352,2
9353,2
9354,0
9355,0
9356,1
9357,2
9358,1
9359,0
9360,2
9361,2
9362,2
9363,2
9364,2
9365,2
9366,2
9367,1
9368,2
9369,0
9370,2
9371,2
9372,0
9373,2
9374,0
9375,2
9376,2
9377,0
9378,2
9379,1
9380,1
9381,2
9382,0
9383,1
9384,1
9385,2
9386,1
9387,1
9388,1
9389,2
9390,0
9391,1
9392,2
9393,1
9394,1
9395,0
9396,1
9397,2
9398,2
9399,0
9400,2
9401,1
9402,1
9403,0
9404,1
9405,0
9406,2
9407,1
9408,2
9409,2
9410,1
9411,1
9412,1
9413,1
9414,1
9415,0
9416,1
9417,2
9418,2
9419,0
9420,2
9421,0
9422,1
9423,1
9424,2
9425,1
9426,1
9427,2
9428,0
9429,2
9430,2
9431,0
9432,0
9433,2
9434,1
9435,1
9436,0
9437,1
9438,2
9439,0
9440,1
9441,0
9442,2
9443,0
9444,1
9445,2
9446,2
9447,2
9448,0
9449,2
9450,1
9451,0
9452,2
9453,0
9454,1
9455,1
9456,0
9457,1
9458,2
9459,0
9460,2
9461,1
9462,1
9463,1
9464,2
9465,1
9466,2
9467,2
9468,0
9469,2
9470,2
9471,2
9472,1
9473,2
9474,1
9475,0
9476,2
9477,1
9478,2
9479,0
9480,2
9481,0
9482,0
9483,2
9484,2
9485,0
9486,0
9487,2
9488,2
9489,1
9490,2
9491,1
9492,2
9493,1
9494,0
9495,1
9496,1
9497,1
9498,1
9499,2
9500,2
9501,1
9502,0
9503,2
9504,1
9505,1
9506,2
9507,2
9508,1
9509,2
9510,1
9511,0
9512,0
9513,0
9514,2
9515,0
9516,2
9517,0
9518,0
9519,1
9520,2
9521,0
9522,0
9523,1
9524,2
9525,2
9526,2
9527,2
9528,2
9529,2
9530,1
9531,0
9532,1
9533,0
9534,2
9535,1
9536,1
9537,1
9538,0
9539,2
9540,2
9541,1
9542,2
9543,2
9544,0
9545,1
9546,1
9547,2
9548,1
9549,2
9550,2
9551,2
9552,2
9553,2
9554,2
9555,1
9556,0
9557,1
9558,1
9559,0
9560,0
9561,2
9562,2
9563,0
9564,1
9565,2
9566,1
9567,1
9568,1
9569,2
9570,1
9571,1
9572,0
9573,2
9574,2
9575,1
9576,1
9577,1
9578,2
9579,2
9580,2
9581,0
9582,2
9583,1
9584,0
9585,2
9586,2
9587,2
9588,1
9589,2
9590,1
9591,1
9592,1
9593,2
9594,1
9595,2
9596,2
9597,2
9598,0
9599,2
9600,1
9601,2
9602,1
9603,2
9604,0
9605,1
9606,2
9607,1
9608,1
9609,2
9610,2
9611,2
9612,2
9613,0
9614,2
9615,0
9616,2
9617,1
9618,2
9619,1
9620,0
9621,2
9622,2
9623,1
9624,0
9625,2
9626,1
9627,2
9628,2
9629,1
9630,0
9631,1
9632,2
9633,0
9634,1
9635,0
9636,1
9637,1
9638,0
9639,2
9640,1
9641,1
9642,0
9643,0
9644,2
9645,2
9646,0
9647,1
9648,2
9649,0
9650,0
9651,2
9652,0
9653,0
9654,2
9655,0
9656,2
9657,1
9658,0
9659,0
9660,2
9661,1
9662,0
9663,2
9664,2
9665,2
9666,1
9667,2
9668,0
9669,0
9670,2
9671,2
9672,2
9673,1
9674,1
9675,2
9676,1
9677,2
9678,1
9679,0
9680,0
9681,1
9682,0
9683,2
9684,2
9685,1
9686,1
9687,2
9688,0
9689,0
9690,0
9691,1
9692,0
9693,2
9694,2
9695,1
9696,0
9697,1
9698,1
9699,0
9700,2
9701,0
9702,0
9703,1
9704,0
9705,2
9706,2
9707,1
9708,0
9709,1
9710,0
9711,1
9712,0
9713,0
9714,2
9715,0
9716,2
9717,1
9718,2
9719,2
9720,2
9721,1
9722,1
9723,0
9724,2
9725,0
9726,0
9727,0
9728,0
9729,1
9730,2
9731,0
9732,0
9733,1
9734,1
9735,1
9736,2
9737,1
9738,2
9739,1
9740,2
9741,2
9742,1
9743,2
9744,2
9745,0
9746,0
9747,0
9748,2
9749,2
9750,1
9751,2
9752,1
9753,2
9754,2
9755,0
9756,2
9757,0
9758,2
9759,0
9760,2
9761,1
9762,1
9763,2
9764,1
9765,2
9766,0
9767,0
9768,0
9769,2
9770,1
9771,0
9772,1
9773,2
9774,2
9775,0
9776,1
9777,1
9778,2
9779,1
9780,2
9781,2
9782,1
9783,1
9784,2
9785,1
9786,1
9787,0
9788,2
9789,0
9790,0
9791,1
9792,2
9793,2
9794,0
9795,2
9796,2
9797,0
9798,2
9799,2
9800,1
9801,0
9802,1
9803,2
9804,1
9805,0
9806,0
9807,1
9808,0
9809,0
9810,2
9811,2
9812,2
9813,2
9814,0
9815,2
9816,2
9817,2
9818,0
9819,0
9820,2
9821,2
9822,0
9823,1
9824,0
9825,0
9826,1
9827,1
9828,2
9829,2
9830,2
9831,2
9832,0
9833,2
9834,0
9835,2
9836,2
9837,1
9838,0
9839,2
9840,0
9841,1
9842,1
9843,1
9844,2
9845,2
9846,2
9847,2
9848,2
9849,0
9850,0
9851,2
9852,1
9853,2
9854,0
9855,1
9856,2
9857,1
9858,0
9859,1
9860,2
9861,1
9862,2
9863,2
9864,2
9865,2
9866,2
9867,1
9868,2
9869,2
9870,2
9871,1
9872,0
9873,2
9874,1
9875,1
9876,1
9877,2
9878,0
9879,2
9880,0
9881,2
9882,1
9883,1
9884,2
9885,0
9886,2
9887,1
9888,1
9889,2
9890,2
9891,2
9892,0
9893,2
9894,2
9895,2
9896,2
9897,2
9898,2
9899,1
9900,2
9901,1
9902,1
9903,1
9904,2
9905,1
9906,1
9907,2
9908,2
9909,0
9910,0
9911,2
9912,1
9913,1
9914,1
9915,2
9916,2
9917,1
9918,0
9919,2
9920,0
9921,1
9922,1
9923,0
9924,2
9925,0
9926,2
9927,2
9928,1
9929,0
9930,1
9931,1
9932,2
9933,0
9934,2
9935,2
9936,1
9937,2
9938,0
9939,1
9940,0
9941,0
9942,2
9943,1
9944,2
9945,2
9946,2
9947,2
9948,2
9949,0
9950,2
9951,2
9952,0
9953,1
9954,1
9955,1
9956,0
9957,2
9958,1
9959,2
9960,2
9961,1
9962,1
9963,2
9964,1
9965,1
9966,1
9967,0
9968,2
9969,2
9970,1
9971,2
9972,1
9973,0
9974,2
9975,1
9976,2
9977,1
9978,2
9979,0
9980,2
9981,1
9982,0
9983,1
9984,0
9985,2
9986,1
9987,1
9988,2
9989,0
9990,2
9991,1
9992,2
9993,1
9994,2
9995,2
9996,2
9997,1
9998,2
9999,2
10000,0
10001,2
10002,0
10003,0
10004,2
10005,0
10006,1
10007,0
10008,2
10009,2
10010,1
10011,1
10012,2
10013,1
10014,1
10015,0
10016,1
10017,2
10018,0
10019,1
10020,1
10021,1
10022,0
10023,1
10024,2
10025,0
10026,1
10027,2
10028,1
10029,0
10030,2
10031,1
10032,0
10033,1
10034,2
10035,2
10036,1
10037,2
10038,1
10039,2
10040,2
10041,0
10042,1
10043,2
10044,0
10045,2
10046,1
10047,1
10048,2
10049,0
10050,0
10051,2
10052,0
10053,2
10054,0
10055,2
10056,0
10057,2
10058,2
10059,1
10060,1
10061,2
10062,1
10063,0
10064,1
10065,1
10066,1
10067,1
10068,1
10069,1
10070,2
10071,1
10072,0
10073,1
10074,1
10075,1
10076,0
10077,0
10078,0
10079,2
10080,0
10081,2
10082,0
10083,2
10084,1
10085,2
10086,0
10087,1
10088,0
10089,2
10090,1
10091,2
10092,2
10093,2
10094,0
10095,2
10096,0
10097,0
10098,0
10099,0
10100,1
10101,0
10102,2
10103,0
10104,1
10105,2
10106,2
10107,1
10108,1
10109,2
10110,1
10111,2
10112,2
10113,0
10114,1
10115,1
10116,2
10117,2
10118,0
10119,0
10120,0
10121,2
10122,2
10123,0
10124,0
10125,2
10126,0
10127,1
10128,2
10129,0
10130,1
10131,2
10132,1
10133,0
10134,2
10135,2
10136,1
10137,0
10138,2
10139,0
10140,0
10141,2
10142,1
10143,0
10144,2
10145,1
10146,0
10147,2
10148,2
10149,1
10150,1
10151,1
10152,0
10153,0
10154,2
10155,2
10156,0
10157,2
10158,2
10159,2
10160,1
10161,1
10162,0
10163,2
10164,2
10165,1
10166,0
10167,2
10168,2
10169,1
10170,2
10171,2
10172,0
10173,1
10174,0
10175,1
10176,1
10177,1
10178,2
10179,2
10180,1
10181,1
10182,2
10183,1
10184,0
10185,2
10186,0
10187,2
10188,2
10189,0
10190,0
10191,1
10192,0
10193,0
10194,1
10195,1
10196,2
10197,2
10198,1
10199,1
10200,2
10201,0
10202,1
10203,2
10204,2
10205,2
10206,2
10207,2
10208,2
10209,2
10210,0
10211,2
10212,2
10213,2
10214,1
10215,0
10216,2
10217,1
10218,1
10219,2
10220,2
10221,0
10222,0
10223,0
10224,0
10225,1
10226,0
10227,1
10228,2
10229,1
10230,2
10231,2
10232,1
10233,1
10234,2
10235,0
10236,1
10237,1
10238,1
10239,0
10240,0
10241,2
10242,2
10243,2
10244,1
10245,2
10246,2
10247,2
10248,1
10249,0
10250,0
10251,2
10252,2
10253,2
10254,1
10255,0
10256,2
10257,2
10258,2
10259,2
10260,1
10261,2
10262,2
10263,2
10264,2
10265,1
10266,2
10267,1
10268,0
10269,1
10270,2
10271,2
10272,2
10273,0
10274,0
10275,2
10276,0
10277,0
10278,0
10279,1
10280,2
10281,2
10282,2
10283,1
10284,2
10285,1
10286,1
10287,0
10288,2
10289,0
10290,2
10291,1
10292,1
10293,2
10294,2
10295,2
10296,2
10297,0
10298,0
10299,2
10300,1
10301,1
10302,1
10303,0
10304,0
10305,2
10306,1
10307,2
10308,2
10309,0
10310,2
10311,2
10312,2
10313,0
10314,0
10315,2
10316,2
10317,0
10318,2
10319,2
10320,0
10321,1
10322,1
10323,0
10324,0
10325,0
10326,1
10327,1
10328,2
10329,1
10330,1
10331,1
10332,2
10333,2
10334,0
10335,0
10336,1
10337,2
10338,1
10339,2
10340,2
10341,2
10342,1
10343,0
10344,0
10345,2
10346,2
10347,2
10348,1
10349,2
10350,2
10351,1
10352,1
10353,1
10354,2
10355,2
10356,0
10357,2
10358,0
10359,1
10360,0
10361,1
10362,2
10363,1
10364,1
10365,2
10366,2
10367,1
10368,2
10369,1
10370,2
10371,2
10372,0
10373,1
10374,0
10375,1
10376,0
10377,1
10378,1
10379,1
10380,0
10381,2
10382,0
10383,2
10384,1
10385,0
10386,0
10387,1
10388,2
10389,1
10390,0
10391,0
10392,2
10393,2
10394,1
10395,2
10396,0
10397,2
10398,2
10399,0
10400,1
10401,1
10402,1
10403,1
10404,0
10405,1
10406,1
10407,1
10408,1
10409,0
10410,1
10411,1
10412,2
10413,0
10414,1
10415,1
10416,0
10417,1
10418,1
10419,1
10420,1
10421,1
10422,1
10423,0
10424,2
10425,1
10426,1
10427,2
10428,2
10429,2
10430,2
10431,0
10432,0
10433,2
10434,1
10435,0
10436,2
10437,2
10438,0
10439,1
10440,2
10441,2
10442,2
10443,0
10444,1
10445,0
10446,2
10447,0
10448,0
10449,0
10450,2
10451,1
10452,1
10453,1
10454,0
10455,0
10456,1
10457,2
10458,2
10459,2
10460,1
10461,2
10462,2
10463,1
10464,0
10465,2
10466,0
10467,0
10468,1
10469,1
10470,0
10471,1
10472,1
10473,0
10474,1
10475,2
10476,1
10477,1
10478,0
10479,0
10480,2
10481,2
10482,1
10483,1
10484,2
10485,2
10486,1
10487,0
10488,2
10489,0
10490,1
10491,1
10492,2
10493,2
10494,0
10495,2
10496,0
10497,0
10498,2
10499,2
10500,1
10501,2
10502,0
10503,1
10504,1
10505,2
10506,2
10507,0
10508,2
10509,1
10510,1
10511,2
10512,0
10513,1
10514,2
10515,1
10516,1
10517,0
10518,1
10519,2
10520,2
10521,0
10522,1
10523,0
10524,2
10525,2
10526,2
10527,1
10528,1
10529,0
10530,2
10531,1
10532,1
10533,2
10534,2
10535,0
10536,2
10537,1
10538,2
10539,0
10540,1
10541,0
10542,0
10543,2
10544,0
10545,1
10546,0
10547,1
10548,2
10549,2
10550,1
10551,2
10552,2
10553,1
10554,0
10555,2
10556,2
10557,2
10558,1
10559,1
10560,1
10561,1
10562,1
10563,2
10564,1
10565,2
10566,2
10567,1
10568,1
10569,2
10570,2
10571,1
10572,1
10573,0
10574,1
10575,2
10576,1
10577,1
10578,2
10579,1
10580,1
10581,2
10582,2
10583,1
10584,2
10585,1
10586,1
10587,2
10588,2
10589,1
10590,1
10591,2
10592,0
10593,2
10594,0
10595,2
10596,2
10597,1
10598,0
10599,2
10600,1
10601,2
10602,2
10603,1
10604,0
10605,2
10606,1
10607,2
10608,1
10609,1
10610,2
10611,2
10612,2
10613,2
10614,2
10615,1
10616,0
10617,1
10618,2
10619,1
10620,0
10621,2
10622,2
10623,0
10624,2
10625,0
10626,2
10627,2
10628,0
10629,1
10630,1
10631,1
10632,2
10633,2
10634,2
10635,2
10636,0
10637,0
10638,1
10639,2
10640,2
10641,2
10642,0
10643,0
10644,2
10645,2
10646,2
10647,1
10648,2
10649,2
10650,2
10651,2
10652,1
10653,0
10654,2
10655,1
10656,2
10657,0
10658,2
10659,2
10660,0
10661,0
10662,1
10663,2
10664,1
10665,1
10666,0
10667,2
10668,1
10669,1
10670,0
10671,0
10672,2
10673,1
10674,2
10675,2
10676,2
10677,1
10678,1
10679,0
10680,1
10681,2
10682,2
10683,2
10684,0
10685,2
10686,1
10687,2
10688,0
10689,2
10690,2
10691,2
10692,1
10693,2
10694,1
10695,1
10696,0
10697,1
10698,0
10699,2
10700,0
10701,1
10702,0
10703,0
10704,0
10705,2
10706,1
10707,0
10708,1
10709,2
10710,1
10711,1
10712,2
10713,1
10714,1
10715,2
10716,2
10717,0
10718,2
10719,0
10720,0
10721,2
10722,2
10723,0
10724,0
10725,0
10726,2
10727,1
10728,0
10729,0
10730,0
10731,1
10732,2
10733,1
10734,1
10735,0
10736,0
10737,2
10738,0
10739,1
10740,2
10741,1
10742,2
10743,2
10744,0
10745,0
10746,1
10747,0
10748,2
10749,2
10750,2
10751,0
10752,1
10753,1
10754,1
10755,2
10756,2
10757,2
10758,2
10759,2
10760,1
10761,1
10762,0
10763,2
10764,2
10765,0
10766,0
10767,2
10768,2
10769,2
10770,0
10771,2
10772,0
10773,1
10774,1
10775,0
10776,1
10777,2
10778,2
10779,0
10780,2
10781,0
10782,1
10783,0
10784,0
10785,0
10786,2
10787,1
10788,1
10789,2
10790,1
10791,1
10792,2
10793,2
10794,1
10795,1
10796,0
10797,1
10798,1
10799,2
10800,1
10801,1
10802,1
10803,2
10804,2
10805,0
10806,2
10807,0
10808,1
10809,1
10810,2
10811,1
10812,1
10813,0
10814,1
10815,1
10816,2
10817,0
10818,2
10819,1
10820,2
10821,1
10822,2
10823,2
10824,0
10825,2
10826,2
10827,0
10828,0
10829,2
10830,0
10831,2
10832,2
10833,0
10834,2
10835,1
10836,0
10837,1
10838,2
10839,2
10840,1
10841,2
10842,1
10843,2
10844,1
10845,1
10846,2
10847,0
10848,1
10849,2
10850,1
10851,2
10852,1
10853,1
10854,0
10855,0
10856,1
10857,2
10858,2
10859,2
10860,1
10861,1
10862,1
10863,1
10864,2
10865,2
10866,1
10867,2
10868,2
10869,0
10870,2
10871,0
10872,2
10873,1
10874,2
10875,1
10876,2
10877,0
10878,1
10879,0
10880,2
10881,0
10882,1
10883,1
10884,0
10885,1
10886,2
10887,1
10888,0
10889,0
10890,2
10891,2
10892,1
10893,2
10894,2
10895,2
10896,1
10897,0
10898,1
10899,2
10900,0
10901,2
10902,2
10903,1
10904,2
10905,1
10906,0
10907,2
10908,0
10909,2
10910,1
10911,2
10912,1
10913,0
10914,0
10915,0
10916,0
10917,1
10918,1
10919,1
10920,1
10921,2
10922,0
10923,2
10924,1
10925,2
10926,2
10927,0
10928,1
10929,0
10930,0
10931,2
10932,2
10933,0
10934,1
10935,2
10936,1
10937,1
10938,1
10939,2
10940,2
10941,1
10942,2
10943,2
10944,1
10945,0
10946,0
10947,0
10948,1
10949,0
10950,2
10951,1
10952,1
10953,0
10954,1
10955,0
10956,0
10957,1
10958,0
10959,0
10960,2
10961,0
10962,1
10963,2
10964,0
10965,2
10966,2
10967,1
10968,0
10969,2
10970,2
10971,1
10972,0
10973,1
10974,0
10975,0
10976,2
10977,0
10978,1
10979,1
10980,2
10981,0
10982,1
10983,2
10984,0
10985,0
10986,0
10987,1
10988,1
10989,0
10990,0
10991,0
10992,1
10993,2
10994,2
10995,0
10996,0
10997,0
10998,1
10999,1
11000,0
11001,0
11002,2
11003,2
11004,2
11005,2
11006,1
11007,2
11008,2
11009,2
11010,2
11011,2
11012,1
11013,0
11014,1
11015,0
11016,1
11017,1
11018,1
11019,2
11020,2
11021,1
11022,0
11023,1
11024,2
11025,2
11026,2
11027,2
11028,2
11029,1
11030,1
11031,1
11032,0
11033,0
11034,1
11035,0
11036,2
11037,2
11038,1
11039,2
11040,2
11041,2
11042,0
11043,1
11044,1
11045,1
11046,0
11047,1
11048,2
11049,1
11050,1
11051,1
11052,0
11053,1
11054,1
11055,2
11056,0
11057,0
11058,2
11059,0
11060,0
11061,1
11062,1
11063,2
11064,2
11065,2
11066,1
11067,0
11068,1
11069,0
11070,2
11071,2
11072,1
11073,2
11074,2
11075,1
11076,2
11077,2
11078,2
11079,1
11080,2
11081,2
11082,2
11083,1
11084,1
11085,1
11086,2
11087,0
11088,0
11089,2
11090,2
11091,2
11092,0
11093,2
11094,0
11095,1
11096,2
11097,2
11098,1
11099,1
11100,1
11101,2
11102,1
11103,0
11104,2
11105,2
11106,2
11107,1
11108,2
11109,1
11110,2
11111,1
11112,1
11113,0
11114,0
11115,2
11116,0
11117,2
11118,2
11119,2
11120,1
11121,2
11122,2
11123,1
11124,2
11125,1
11126,1
11127,2
11128,1
11129,1
11130,0
11131,1
11132,1
11133,2
11134,2
11135,0
11136,2
11137,1
11138,1
11139,0
11140,2
11141,2
11142,0
11143,0
11144,1
11145,1
11146,0
11147,1
11148,1
11149,0
11150,1
11151,1
11152,0
11153,2
11154,1
11155,2
11156,1
11157,1
11158,1
11159,1
11160,1
11161,1
11162,0
11163,0
11164,2
11165,2
11166,0
11167,1
11168,1
11169,2
11170,1
11171,0
11172,1
11173,2
11174,2
11175,2
11176,2
11177,2
11178,2
11179,2
11180,1
11181,0
11182,0
11183,2
11184,1
11185,0
11186,2
11187,2
11188,1
11189,2
11190,2
11191,0
11192,2
11193,2
11194,1
11195,2
11196,2
11197,1
11198,0
11199,0
11200,1
11201,0
11202,1
11203,2
11204,2
11205,2
11206,0
11207,1
11208,0
11209,0
11210,2
11211,0
11212,0
11213,0
11214,0
11215,2
11216,2
11217,0
11218,0
11219,1
11220,0
11221,2
11222,1
11223,2
11224,0
11225,1
11226,1
11227,1
11228,2
11229,2
11230,0
11231,0
11232,1
11233,2
11234,2
11235,1
11236,2
11237,2
11238,2
11239,0
11240,1
11241,1
11242,0
11243,1
11244,2
11245,1
11246,1
11247,1
11248,1
11249,2
11250,1
11251,1
11252,1
11253,2
11254,2
11255,2
11256,1
11257,0
11258,2
11259,2
11260,1
11261,2
11262,2
11263,2
11264,1
11265,2
11266,2
11267,1
11268,1
11269,2
11270,1
11271,1
11272,0
11273,0
11274,1
11275,2
11276,2
11277,0
11278,2
11279,1
11280,0
11281,1
11282,2
11283,0
11284,2
11285,1
11286,2
11287,2
11288,0
11289,2
11290,1
11291,2
11292,0
11293,2
11294,2
11295,2
11296,0
11297,0
11298,0
11299,1
11300,2
11301,0
11302,2
11303,2
11304,0
11305,2
11306,1
11307,0
11308,2
11309,2
11310,2
11311,1
11312,1
11313,1
11314,1
11315,1
11316,0
11317,1
11318,2
11319,1
11320,2
11321,0
11322,2
11323,2
11324,1
11325,2
11326,2
11327,0
11328,1
11329,1
11330,2
11331,2
11332,2
11333,1
11334,2
11335,1
11336,1
11337,2
11338,0
11339,0
11340,2
11341,1
11342,1
11343,0
11344,2
11345,0
11346,0
11347,0
11348,2
11349,1
11350,1
11351,2
11352,0
11353,1
11354,2
11355,1
11356,2
11357,2
11358,1
11359,2
11360,1
11361,2
11362,2
11363,0
11364,2
11365,2
11366,0
11367,2
11368,1
11369,0
11370,0
11371,2
11372,1
11373,0
11374,2
11375,2
11376,0
11377,1
11378,2
11379,2
11380,1
11381,1
11382,2
11383,1
11384,0
11385,1
11386,2
11387,2
11388,0
11389,2
11390,2
11391,2
11392,1
11393,0
11394,2
11395,1
11396,1
11397,0
11398,0
11399,2
11400,1
11401,0
11402,1
11403,1
11404,1
11405,1
11406,0
11407,1
11408,2
11409,1
11410,0
11411,0
11412,1
11413,2
11414,2
11415,2
11416,0
11417,1
11418,2
11419,1
11420,0
11421,2
11422,2
11423,0
11424,0
11425,1
11426,2
11427,0
11428,2
11429,1
11430,0
11431,1
11432,2
11433,2
11434,2
11435,2
11436,2
11437,2
11438,0
11439,0
11440,2
11441,1
11442,0
11443,1
11444,0
11445,2
11446,2
11447,2
11448,1
11449,2
11450,1
11451,1
11452,1
11453,0
11454,2
11455,0
11456,0
11457,2
11458,2
11459,0
11460,1
11461,0
11462,1
11463,1
11464,1
11465,0
11466,2
11467,0
11468,1
11469,0
11470,0
11471,1
11472,1
11473,2
11474,0
11475,2
11476,0
11477,2
11478,0
11479,2
11480,1
11481,0
11482,2
11483,1
11484,2
11485,1
11486,2
11487,1
11488,2
11489,1
11490,0
11491,2
11492,2
11493,0
11494,2
11495,1
11496,2
11497,2
11498,1
11499,0
11500,2
11501,1
11502,0
11503,1
11504,1
11505,1
11506,0
11507,1
11508,2
11509,0
11510,2
11511,1
11512,1
11513,0
11514,2
11515,0
11516,2
11517,0
11518,2
11519,1
11520,1
11521,2
11522,2
11523,2
11524,2
11525,2
11526,1
11527,1
11528,2
11529,1
11530,0
11531,0
11532,0
11533,1
11534,1
11535,2
11536,1
11537,2
11538,1
11539,2
11540,2
11541,1
11542,1
11543,1
11544,0
11545,0
11546,1
11547,2
11548,0
11549,1
11550,1
11551,2
11552,0
11553,2
11554,1
11555,0
11556,1
11557,1
11558,1
11559,1
11560,1
11561,1
11562,2
11563,1
11564,1
11565,0
11566,2
11567,2
11568,2
11569,1
11570,0
11571,2
11572,2
11573,2
11574,0
11575,0
11576,2
11577,2
11578,0
11579,0
11580,2
11581,1
11582,1
11583,1
11584,0
11585,2
11586,1
11587,1
11588,0
11589,1
11590,1
11591,2
11592,2
11593,0
11594,1
11595,1
11596,2
11597,2
11598,0
11599,2
11600,2
11601,1
11602,2
11603,2
11604,1
11605,1
11606,2
11607,2
11608,0
11609,1
11610,1
11611,2
11612,0
11613,0
11614,2
11615,2
11616,1
11617,2
11618,0
11619,1
11620,2
11621,0
11622,1
11623,0
11624,2
11625,2
11626,2
11627,0
11628,2
11629,2
11630,0
11631,2
11632,0
11633,0
11634,2
11635,1
11636,2
11637,1
11638,2
11639,2
11640,2
11641,1
11642,0
11643,2
11644,1
11645,1
11646,0
11647,0
11648,1
11649,1
11650,2
11651,1
11652,1
11653,1
11654,2
11655,0
11656,0
11657,2
11658,0
11659,2
11660,2
11661,1
11662,2
11663,2
11664,1
11665,2
11666,1
11667,0
11668,0
11669,1
11670,0
11671,1
11672,2
11673,2
11674,1
11675,1
11676,1
11677,2
11678,1
11679,2
11680,2
11681,0
11682,1
11683,0
11684,2
11685,0
11686,2
11687,0
11688,0
11689,1
11690,0
11691,0
11692,1
11693,2
11694,1
11695,1
11696,0
11697,1
11698,0
11699,2
11700,2
11701,0
11702,2
11703,1
11704,1
11705,2
11706,2
11707,2
11708,0
11709,1
11710,2
11711,2
11712,1
11713,1
11714,0
11715,2
11716,2
11717,0
11718,0
11719,1
11720,1
11721,2
11722,2
11723,2
11724,2
11725,1
11726,0
11727,0
11728,0
11729,0
11730,0
11731,1
11732,2
11733,2
11734,0
11735,1
11736,1
11737,1
11738,1
11739,2
11740,1
11741,1
11742,2
11743,1
11744,1
11745,2
11746,1
11747,1
11748,2
11749,2
11750,1
11751,2
11752,0
11753,1
11754,1
11755,2
11756,0
11757,1
11758,1
11759,1
11760,2
11761,2
11762,1
11763,0
11764,2
11765,2
11766,0
11767,2
11768,2
11769,2
11770,1
11771,2
11772,1
11773,0
11774,1
11775,1
11776,2
11777,1
11778,2
11779,2
11780,1
11781,2
11782,0
11783,1
11784,2
11785,0
11786,2
11787,0
11788,0
11789,1
11790,1
11791,2
11792,2
11793,2
11794,0
11795,2
11796,2
11797,1
11798,1
11799,1
11800,2
11801,1
11802,0
11803,1
11804,0
11805,2
11806,0
11807,1
11808,1
11809,0
11810,0
11811,2
11812,0
11813,1
11814,1
11815,2
11816,0
11817,2
11818,1
11819,2
11820,0
11821,2
11822,0
11823,0
11824,0
11825,2
11826,0
11827,2
11828,2
11829,0
11830,1
11831,2
11832,1
11833,2
11834,1
11835,2
11836,1
11837,1
11838,1
11839,1
11840,2
11841,2
11842,1
11843,1
11844,2
11845,1
11846,2
11847,2
11848,1
11849,2
11850,2
11851,0
11852,1
11853,1
11854,0
11855,1
11856,1
11857,0
11858,2
11859,0
11860,1
11861,1
11862,2
11863,1
11864,0
11865,1
11866,1
11867,2
11868,1
11869,0
11870,1
11871,1
11872,2
11873,0
11874,0
11875,1
11876,0
11877,0
11878,1
11879,1
11880,1
11881,2
11882,2
11883,1
11884,2
11885,0
11886,2
11887,0
11888,2
11889,1
11890,0
11891,0
11892,1
11893,2
11894,1
11895,1
11896,0
11897,0
11898,2
11899,1
11900,0
11901,1
11902,0
11903,1
11904,0
11905,1
11906,2
11907,0
11908,1
11909,2
11910,2
11911,1
11912,0
11913,1
11914,2
11915,1
11916,2
11917,1
11918,2
11919,0
11920,0
11921,0
11922,1
11923,2
11924,0
11925,1
11926,2
11927,1
11928,2
11929,2
11930,0
11931,1
11932,1
11933,0
11934,1
11935,2
11936,0
11937,0
11938,2
11939,1
11940,0
11941,1
11942,1
11943,2
11944,1
11945,0
11946,2
11947,0
11948,0
11949,0
11950,1
11951,1
11952,2
11953,1
11954,1
11955,2
11956,1
11957,1
11958,0
11959,0
11960,2
11961,1
11962,0
11963,0
11964,0
11965,1
11966,1
11967,2
11968,0
11969,2
11970,2
11971,2
11972,2
11973,1
11974,0
11975,1
11976,2
11977,0
11978,1
11979,1
11980,2
11981,1
11982,2
11983,2
11984,2
11985,2
11986,1
11987,2
11988,0
11989,2
11990,2
11991,2
11992,0
11993,0
11994,1
11995,0
11996,1
11997,2
11998,2
11999,1
12000,1
12001,2
12002,2
12003,0
12004,1
12005,1
12006,0
12007,1
12008,1
12009,2
12010,1
12011,1
12012,0
12013,2
12014,1
12015,0
12016,2
12017,0
12018,1
12019,0
12020,2
12021,1
12022,2
12023,1
12024,0
12025,0
12026,1
12027,1
12028,2
12029,2
12030,2
12031,1
12032,1
12033,2
12034,0
12035,1
12036,0
12037,0
12038,1
12039,0
12040,0
12041,2
12042,1
12043,1
12044,2
12045,2
12046,2
12047,2
12048,0
12049,2
12050,1
12051,0
12052,1
12053,0
12054,2
12055,2
12056,1
12057,0
12058,0
12059,1
12060,1
12061,2
12062,0
12063,0
12064,2
12065,1
12066,1
12067,1
12068,0
12069,2
12070,0
12071,2
12072,2
12073,0
12074,2
12075,1
12076,2
12077,0
12078,0
12079,1
12080,1
12081,2
12082,0
12083,1
12084,1
12085,2
12086,2
12087,0
12088,2
12089,2
12090,1
12091,1
12092,1
12093,2
12094,2
12095,2
12096,2
12097,1
12098,1
12099,1
12100,2
12101,2
12102,2
12103,2
12104,2
12105,2
12106,0
12107,1
12108,0
12109,2
12110,1
12111,2
12112,2
12113,0
12114,1
12115,1
12116,1
12117,0
12118,1
12119,2
12120,1
12121,2
12122,1
12123,2
12124,1
12125,2
12126,1
12127,2
12128,2
12129,2
12130,1
12131,2
12132,1
12133,2
12134,2
12135,1
12136,1
12137,1
12138,1
12139,0
12140,2
12141,2
12142,1
12143,1
12144,0
12145,2
12146,2
12147,2
12148,2
12149,2
12150,2
12151,1
12152,2
12153,2
12154,2
12155,1
12156,2
12157,0
12158,1
12159,1
12160,2
12161,0
12162,1
12163,2
12164,2
12165,0
12166,2
12167,1
12168,2
12169,2
12170,2
12171,1
12172,2
12173,0
12174,1
12175,0
12176,2
12177,0
12178,2
12179,1
12180,0
12181,2
12182,0
12183,1
12184,1
12185,2
12186,2
12187,2
12188,0
12189,0
12190,1
12191,2
12192,1
12193,0
12194,2
12195,1
12196,2
12197,2
12198,2
12199,2
12200,2
12201,1
12202,2
12203,1
12204,1
12205,2
12206,2
12207,1
12208,1
12209,0
12210,2
12211,1
12212,1
12213,1
12214,1
12215,2
12216,0
12217,2
12218,1
12219,2
12220,0
12221,2
12222,0
12223,2
12224,2
12225,2
12226,0
12227,0
12228,2
12229,1
12230,1
12231,1
12232,2
12233,2
12234,2
12235,1
12236,0
12237,2
12238,1
12239,2
12240,2
12241,2
12242,1
12243,1
12244,1
12245,0
12246,1
12247,1
12248,2
12249,2
12250,2
12251,1
12252,1
12253,2
12254,2
12255,2
12256,1
12257,2
12258,0
12259,1
12260,2
12261,1
12262,1
12263,1
12264,0
12265,2
12266,1
12267,0
12268,2
12269,2
12270,2
12271,1
12272,2
12273,0
12274,2
12275,1
12276,1
12277,2
12278,2
12279,2
12280,2
12281,0
12282,2
12283,1
12284,1
12285,1
12286,2
12287,2
12288,0
12289,2
12290,0
12291,2
12292,2
12293,2
12294,1
12295,2
12296,2
12297,2
12298,2
12299,1
12300,1
12301,0
12302,2
12303,0
12304,2
12305,0
12306,0
12307,1
12308,2
12309,2
12310,0
12311,0
12312,2
12313,1
12314,1
12315,2
12316,1
12317,1
12318,0
12319,2
12320,0
12321,2
12322,1
12323,2
12324,0
12325,1
12326,1
12327,0
12328,0
12329,1
12330,1
12331,1
12332,1
12333,1
12334,1
12335,2
12336,1
12337,0
12338,2
12339,1
12340,0
12341,2
12342,2
12343,2
12344,1
12345,0
12346,0
12347,0
12348,0
12349,0
12350,2
12351,0
12352,0
12353,0
12354,0
12355,2
12356,2
12357,2
12358,0
12359,1
12360,2
12361,1
12362,2
12363,0
12364,2
12365,2
12366,1
12367,1
12368,2
12369,1
12370,2
12371,1
12372,1
12373,2
12374,2
12375,0
12376,2
12377,1
12378,2
12379,2
12380,0
12381,2
12382,0
12383,2
12384,2
12385,2
12386,2
12387,0
12388,1
12389,0
12390,2
12391,2
12392,0
12393,2
12394,2
12395,0
12396,1
12397,1
12398,1
12399,0
12400,2
12401,1
12402,0
12403,1
12404,0
12405,2
12406,1
12407,0
12408,1
12409,2
12410,2
12411,0
12412,2
12413,0
12414,2
12415,1
12416,2
12417,2
12418,2
12419,2
12420,1
12421,2
12422,2
12423,1
12424,2
12425,2
12426,2
12427,2
12428,2
12429,0
12430,1
12431,1
12432,0
12433,1
12434,0
12435,2
12436,1
12437,2
12438,0
12439,2
12440,2
12441,2
12442,1
12443,2
12444,1
12445,2
12446,2
12447,2
12448,0
12449,2
12450,0
12451,2
12452,0
12453,0
12454,0
12455,0
12456,1
12457,1
12458,1
12459,2
12460,0
12461,1
12462,1
12463,1
12464,2
12465,0
12466,2
12467,0
12468,2
12469,1
12470,1
12471,1
12472,1
12473,1
12474,2
12475,2
12476,1
12477,0
12478,2
12479,0
12480,2
12481,2
12482,0
12483,2
12484,0
12485,1
12486,0
12487,1
12488,2
12489,1
12490,1
12491,2
12492,1
12493,2
12494,1
12495,2
12496,2
12497,1
12498,2
12499,0
12500,2
12501,1
12502,1
12503,0
12504,1
12505,0
12506,2
12507,1
12508,2
12509,2
12510,2
12511,0
12512,2
12513,1
12514,2
12515,0
12516,1
12517,2
12518,1
12519,0
12520,2
12521,2
12522,2
12523,2
12524,1
12525,0
12526,1
12527,0
12528,0
12529,0
12530,1
12531,2
12532,2
12533,1
12534,2
12535,0
12536,2
12537,1
12538,1
12539,2
12540,2
12541,1
12542,1
12543,1
12544,1
12545,2
12546,0
12547,2
12548,2
12549,1
12550,1
12551,0
12552,1
12553,1
12554,0
12555,0
12556,2
12557,1
12558,2
12559,2
12560,2
12561,0
12562,2
12563,2
12564,1
12565,1
12566,1
12567,0
12568,2
12569,1
12570,2
12571,1
12572,1
12573,1
12574,0
12575,2
12576,2
12577,1
12578,0
12579,0
12580,0
12581,1
12582,2
12583,2
12584,2
12585,2
12586,1
12587,2
12588,2
12589,1
12590,2
12591,2
12592,1
12593,2
12594,2
12595,0
12596,2
12597,0
12598,0
12599,1
12600,2
12601,1
12602,2
12603,1
12604,0
12605,1
12606,2
12607,0
12608,1
12609,1
12610,2
12611,1
12612,2
12613,0
12614,0
12615,2
12616,1
12617,2
12618,2
12619,0
12620,2
12621,1
12622,0
12623,0
12624,1
12625,2
12626,0
12627,0
12628,2
12629,2
12630,2
12631,2
12632,1
12633,0
12634,1
12635,1
12636,2
12637,2
12638,2
12639,2
12640,2
12641,2
12642,2
12643,2
12644,1
12645,0
12646,1
12647,1
12648,0
12649,0
12650,1
12651,1
12652,0
12653,0
12654,0
12655,0
12656,1
12657,2
12658,1
12659,0
12660,2
12661,2
12662,2
12663,1
12664,1
12665,0
12666,2
12667,2
12668,2
12669,1
12670,0
12671,0
12672,2
12673,2
12674,0
12675,1
12676,0
12677,2
12678,0
12679,1
12680,2
12681,2
12682,2
12683,1
12684,1
12685,2
12686,1
12687,1
12688,0
12689,2
12690,2
12691,2
12692,2
12693,2
12694,1
12695,2
12696,2
12697,1
12698,0
12699,1
12700,1
12701,2
12702,2
12703,0
12704,0
12705,1
12706,0
12707,2
12708,1
12709,2
12710,1
12711,2
12712,0
12713,2
12714,0
12715,1
12716,2
12717,0
12718,1
12719,2
12720,0
12721,0
12722,1
12723,1
12724,1
12725,0
12726,1
12727,2
12728,2
12729,0
12730,0
12731,0
12732,1
12733,2
12734,1
12735,1
12736,1
12737,2
12738,1
12739,0
12740,2
12741,0
12742,0
12743,1
12744,0
12745,0
12746,0
12747,2
12748,0
12749,1
12750,0
12751,1
12752,1
12753,1
12754,0
12755,1
12756,2
12757,2
12758,2
12759,1
12760,2
12761,2
12762,2
12763,2
12764,1
12765,1
12766,1
12767,2
12768,2
12769,2
12770,0
12771,2
12772,2
12773,2
12774,1
12775,2
12776,2
12777,2
12778,1
12779,0
12780,1
12781,2
12782,2
12783,1
12784,2
12785,1
12786,0
12787,2
12788,0
12789,2
12790,1
12791,2
12792,0
12793,0
12794,0
12795,2
12796,0
12797,2
12798,2
12799,0
12800,2
12801,1
12802,0
12803,2
12804,2
12805,1
12806,1
12807,2
12808,1
12809,2
12810,0
12811,0
12812,0
12813,0
12814,2
12815,0
12816,2
12817,0
12818,0
12819,1
12820,0
12821,1
12822,2
12823,2
12824,2
12825,2
12826,1
12827,2
12828,1
12829,0
12830,0
12831,2
12832,2
12833,2
12834,2
12835,2
12836,0
12837,2
12838,0
12839,1
12840,2
12841,2
12842,2
12843,1
12844,2
12845,2
12846,1
12847,1
12848,2
12849,0
12850,0
12851,0
12852,1
12853,1
12854,2
12855,2
12856,2
12857,0
12858,1
12859,1
12860,1
12861,0
12862,0
12863,1
12864,2
12865,2
12866,2
12867,1
12868,2
12869,1
12870,2
12871,0
12872,2
12873,2
12874,2
12875,2
12876,1
12877,2
12878,0
12879,1
12880,1
12881,2
12882,0
12883,2
12884,1
12885,1
12886,1
12887,1
12888,1
12889,1
12890,0
12891,2
12892,1
12893,1
12894,0
12895,2
12896,2
12897,1
12898,0
12899,0
12900,2
12901,2
12902,1
12903,2
12904,1
12905,2
12906,2
12907,1
12908,1
12909,2
12910,1
12911,0
12912,1
12913,1
12914,2
12915,1
12916,0
12917,2
12918,0
12919,2
12920,2
12921,0
12922,2
12923,1
12924,2
12925,1
12926,2
12927,1
12928,0
12929,2
12930,1
12931,1
12932,2
12933,2
12934,0
12935,1
12936,2
12937,2
12938,1
12939,2
12940,1
12941,0
12942,0
12943,2
12944,0
12945,2
12946,1
12947,2
12948,1
12949,0
12950,1
12951,1
12952,2
12953,2
12954,1
12955,0
12956,2
12957,1
12958,0
12959,1
12960,2
12961,0
12962,2
12963,2
12964,2
12965,1
12966,1
12967,2
12968,0
12969,0
12970,1
12971,2
12972,0
12973,1
12974,1
12975,2
12976,0
12977,1
12978,1
12979,2
12980,1
12981,0
12982,0
12983,2
12984,2
12985,0
12986,2
12987,0
12988,2
12989,2
12990,2
12991,1
12992,1
12993,2
12994,1
12995,1
12996,1
12997,2
12998,2
12999,1
13000,1
13001,1
13002,0
13003,2
13004,0
13005,2
13006,1
13007,0
13008,0
13009,0
13010,1
13011,1
13012,0
13013,1
13014,2
13015,0
13016,2
13017,2
13018,1
13019,1
13020,2
13021,0
13022,0
13023,1
13024,2
13025,0
13026,0
13027,2
13028,1
13029,2
13030,1
13031,0
13032,1
13033,1
13034,1
13035,2
13036,1
13037,0
13038,0
13039,2
13040,2
13041,2
13042,1
13043,2
13044,0
13045,1
13046,2
13047,0
13048,0
13049,0
13050,1
13051,0
13052,2
13053,1
13054,2
13055,2
13056,2
13057,2
13058,2
13059,1
13060,2
13061,1
13062,1
13063,1
13064,1
13065,2
13066,0
13067,2
13068,0
13069,2
13070,1
13071,0
13072,0
13073,0
13074,0
13075,1
13076,2
13077,1
13078,1
13079,1
13080,0
13081,1
13082,2
13083,0
13084,0
13085,2
13086,2
13087,0
13088,2
13089,2
13090,0
13091,2
13092,0
13093,1
13094,2
13095,1
13096,0
13097,1
13098,1
13099,2
13100,2
13101,1
13102,2
13103,1
13104,2
13105,2
13106,1
13107,0
13108,1
13109,1
13110,2
13111,2
13112,2
13113,2
13114,1
13115,0
13116,2
13117,2
13118,2
13119,2
13120,0
13121,2
13122,0
13123,0
13124,1
13125,2
13126,0
13127,1
13128,1
13129,2
13130,2
13131,1
13132,1
13133,0
13134,2
13135,0
13136,1
13137,2
13138,1
13139,0
13140,2
13141,0
13142,1
13143,1
13144,1
13145,1
13146,1
13147,1
13148,1
13149,2
13150,0
13151,2
13152,1
13153,2
13154,2
13155,1
13156,1
13157,1
13158,2
13159,0
13160,2
13161,1
13162,1
13163,1
13164,0
13165,0
13166,2
13167,0
13168,1
13169,0
13170,1
13171,0
13172,2
13173,2
13174,0
13175,2
13176,2
13177,0
13178,1
13179,1
13180,1
13181,1
13182,0
13183,1
13184,2
13185,1
13186,1
13187,0
13188,0
13189,2
13190,1
13191,0
13192,2
13193,0
13194,0
13195,0
13196,1
13197,2
13198,1
13199,2
13200,0
13201,2
13202,2
13203,1
13204,1
13205,0
13206,1
13207,2
13208,2
13209,2
13210,1
13211,2
13212,1
13213,2
13214,1
13215,2
13216,2
13217,1
13218,0
13219,1
13220,2
13221,2
13222,0
13223,2
13224,2
13225,2
13226,0
13227,0
13228,0
13229,2
13230,1
13231,2
13232,1
13233,0
13234,0
13235,1
13236,1
13237,1
13238,1
13239,2
13240,1
13241,2
13242,2
13243,1
13244,2
13245,2
13246,0
13247,1
13248,2
13249,1
13250,0
13251,2
13252,0
13253,2
13254,2
13255,1
13256,2
13257,2
13258,2
13259,2
13260,0
13261,1
13262,1
13263,1
13264,0
13265,1
13266,2
13267,2
13268,1
13269,1
13270,1
13271,0
13272,2
13273,2
13274,1
13275,0
13276,1
13277,0
13278,2
13279,0
13280,2
13281,2
13282,1
13283,1
13284,2
13285,0
13286,0
13287,0
13288,2
13289,2
13290,2
13291,1
13292,1
13293,2
13294,2
13295,0
13296,2
13297,2
13298,0
13299,0
13300,1
13301,0
13302,2
13303,2
13304,1
13305,2
13306,2
13307,0
13308,1
13309,0
13310,1
13311,2
13312,2
13313,1
13314,0
13315,1
13316,0
13317,0
13318,0
13319,1
13320,1
13321,2
13322,0
13323,1
13324,1
13325,0
13326,2
13327,2
13328,2
13329,2
13330,1
13331,0
13332,2
13333,0
13334,1
13335,1
13336,2
13337,0
13338,1
13339,2
13340,1
13341,0
13342,0
13343,1
13344,0
13345,2
13346,2
13347,1
13348,2
13349,2
13350,1
13351,0
13352,2
13353,0
13354,2
13355,1
13356,1
13357,2
13358,1
13359,1
13360,1
13361,0
13362,1
13363,2
13364,0
13365,0
13366,2
13367,2
13368,2
13369,2
13370,2
13371,2
13372,1
13373,0
13374,1
13375,1
13376,0
13377,2
13378,1
13379,1
13380,1
13381,0
13382,1
13383,1
13384,1
13385,1
13386,2
13387,2
13388,1
13389,1
13390,1
13391,0
13392,1
13393,0
13394,1
13395,1
13396,1
13397,1
13398,1
13399,1
13400,2
13401,0
13402,2
13403,2
13404,2
13405,2
13406,1
13407,1
13408,2
13409,2
13410,0
13411,0
13412,1
13413,1
13414,0
13415,2
13416,2
13417,1
13418,1
13419,1
13420,2
13421,2
13422,0
13423,2
13424,2
13425,2
13426,1
13427,0
13428,1
13429,1
13430,2
13431,1
13432,1
13433,2
13434,2
13435,0
13436,0
13437,2
13438,1
13439,0
13440,2
13441,2
13442,0
13443,1
13444,0
13445,0
13446,0
13447,0
13448,1
13449,1
13450,1
13451,1
13452,2
13453,2
13454,0
13455,2
13456,0
13457,1
13458,1
13459,2
13460,2
13461,2
13462,2
13463,2
13464,2
13465,0
13466,0
13467,0
13468,0
13469,1
13470,0
13471,1
13472,2
13473,2
13474,2
13475,2
13476,0
13477,2
13478,1
13479,2
13480,1
13481,2
13482,2
13483,2
13484,0
13485,0
13486,2
13487,0
13488,2
13489,2
13490,0
13491,0
13492,2
13493,0
13494,0
13495,0
13496,0
13497,2
13498,1
13499,0
13500,2
13501,2
13502,2
13503,2
13504,1
13505,0
13506,1
13507,0
13508,1
13509,2
13510,0
13511,1
13512,1
13513,0
13514,2
13515,2
13516,1
13517,2
13518,0
13519,2
13520,0
13521,1
13522,2
13523,2
13524,1
13525,0
13526,1
13527,1
13528,0
13529,2
13530,0
13531,1
13532,0
13533,2
13534,0
13535,2
13536,0
13537,1
13538,1
13539,1
13540,1
13541,1
13542,1
13543,2
13544,1
13545,2
13546,1
13547,0
13548,2
13549,2
13550,1
13551,2
13552,1
13553,1
13554,2
13555,0
13556,2
13557,0
13558,2
13559,1
13560,1
13561,1
13562,2
13563,1
13564,1
13565,0
13566,1
13567,1
13568,0
13569,1
13570,0
13571,2
13572,1
13573,1
13574,2
13575,0
13576,2
13577,0
13578,2
13579,2
13580,2
13581,2
13582,2
13583,1
13584,2
13585,0
13586,0
13587,2
13588,0
13589,2
13590,1
13591,0
13592,2
13593,2
13594,1
13595,2
13596,0
13597,1
13598,1
13599,2
13600,1
13601,0
13602,2
13603,1
13604,2
13605,2
13606,0
13607,2
13608,2
13609,1
13610,2
13611,0
13612,1
13613,0
13614,2
13615,2
13616,2
13617,2
13618,2
13619,1
13620,1
13621,1
13622,1
13623,2
13624,2
13625,0
13626,0
13627,2
13628,0
13629,2
13630,0
13631,1
13632,1
13633,2
13634,1
13635,1
13636,0
13637,2
13638,0
13639,0
13640,2
13641,0
13642,1
13643,0
13644,2
13645,1
13646,0
13647,1
13648,1
13649,0
13650,0
13651,1
13652,1
13653,2
13654,2
13655,0
13656,1
13657,2
13658,0
13659,0
13660,2
13661,1
13662,0
13663,2
13664,1
13665,2
13666,1
13667,2
13668,0
13669,2
13670,2
13671,2
13672,0
13673,2
13674,1
13675,2
13676,0
13677,2
13678,2
13679,1
13680,1
13681,2
13682,2
13683,1
13684,1
13685,2
13686,0
13687,2
13688,1
13689,2
13690,0
13691,1
13692,2
13693,0
13694,0
13695,1
13696,0
13697,1
13698,1
13699,1
13700,2
13701,0
13702,2
13703,1
13704,1
13705,2
13706,2
13707,1
13708,0
13709,2
13710,1
13711,1
13712,1
13713,0
13714,1
13715,2
13716,1
13717,2
13718,2
13719,2
13720,0
13721,0
13722,2
13723,0
13724,1
13725,2
13726,1
13727,2
13728,0
13729,2
13730,1
13731,1
13732,0
13733,0
13734,0
13735,2
13736,2
13737,2
13738,1
13739,2
13740,1
13741,1
13742,1
13743,0
13744,1
13745,2
13746,1
13747,1
13748,2
13749,1
13750,2
13751,1
13752,1
13753,0
13754,1
13755,1
13756,1
13757,2
13758,2
13759,1
13760,2
13761,2
13762,2
13763,0
13764,1
13765,0
13766,2
13767,1
13768,2
13769,1
13770,1
13771,0
13772,1
13773,0
13774,2
13775,1
13776,2
13777,1
13778,0
13779,1
13780,2
13781,2
13782,1
13783,2
13784,2
13785,0
13786,2
13787,2
13788,2
13789,1
13790,0
13791,0
13792,2
13793,1
13794,1
13795,1
13796,2
13797,1
13798,2
13799,1
13800,2
13801,2
13802,2
13803,1
13804,2
13805,2
13806,2
13807,1
13808,2
13809,2
13810,1
13811,1
13812,2
13813,0
13814,2
13815,2
13816,2
13817,1
13818,1
13819,2
13820,1
13821,1
13822,1
13823,1
13824,1
13825,2
13826,2
13827,1
13828,0
13829,2
13830,2
13831,1
13832,1
13833,2
13834,2
13835,2
13836,1
13837,2
13838,2
13839,1
13840,1
13841,1
13842,1
13843,2
13844,1
13845,1
13846,0
13847,1
13848,1
13849,2
13850,1
13851,1
13852,1
13853,2
13854,1
13855,2
13856,2
13857,2
13858,0
13859,1
13860,2
13861,1
13862,0
13863,1
13864,2
13865,0
13866,1
13867,1
13868,1
13869,0
13870,1
13871,1
13872,0
13873,2
13874,0
13875,0
13876,2
13877,2
13878,1
13879,1
13880,1
13881,0
13882,1
13883,2
13884,2
13885,0
13886,0
13887,1
13888,1
13889,2
13890,2
13891,2
13892,2
13893,1
13894,2
13895,2
13896,0
13897,2
13898,1
13899,0
13900,1
13901,0
13902,2
13903,1
13904,2
13905,2
13906,1
13907,2
13908,0
13909,1
13910,0
13911,2
13912,0
13913,0
13914,2
13915,0
13916,0
13917,2
13918,1
13919,0
13920,1
13921,0
13922,1
13923,2
13924,0
13925,2
13926,0
13927,1
13928,2
13929,2
13930,0
13931,1
13932,0
13933,2
13934,0
13935,1
13936,1
13937,2
13938,1
13939,2
13940,0
13941,2
13942,1
13943,0
13944,2
13945,1
13946,0
13947,2
13948,2
13949,1
13950,0
13951,1
13952,1
13953,1
13954,1
13955,2
13956,1
13957,2
13958,1
13959,2
13960,0
13961,2
13962,0
13963,1
13964,0
13965,0
13966,2
13967,2
13968,2
13969,1
13970,0
13971,2
13972,2
13973,1
13974,0
13975,0
13976,0
13977,2
13978,2
13979,1
13980,2
13981,2
13982,1
13983,1
13984,0
13985,2
13986,0
13987,0
13988,1
13989,1
13990,0
13991,0
13992,0
13993,2
13994,2
13995,1
13996,0
13997,2
13998,2
13999,2
14000,0
14001,2
14002,2
14003,2
14004,0
14005,2
14006,0
14007,0
14008,2
14009,0
14010,2
14011,0
14012,1
14013,2
14014,2
14015,0
14016,2
14017,2
14018,0
14019,0
14020,1
14021,2
14022,2
14023,1
14024,2
14025,0
14026,1
14027,1
14028,0
14029,1
14030,1
14031,0
14032,0
14033,1
14034,0
14035,1
14036,0
14037,0
14038,0
14039,2
14040,1
14041,0
14042,1
14043,1
14044,2
14045,2
14046,1
14047,2
14048,1
14049,1
14050,2
14051,0
14052,1
14053,2
14054,0
14055,1
14056,2
14057,1
14058,1
14059,2
14060,1
14061,2
14062,1
14063,0
14064,0
14065,1
14066,1
14067,1
14068,2
14069,2
14070,0
14071,1
14072,2
14073,2
14074,1
14075,2
14076,2
14077,2
14078,1
14079,0
14080,2
14081,1
14082,2
14083,2
14084,0
14085,0
14086,0
14087,1
14088,1
14089,2
14090,1
14091,1
14092,2
14093,2
14094,1
14095,2
14096,0
14097,0
14098,2
14099,1
14100,1
14101,2
14102,2
14103,2
14104,2
14105,0
14106,1
14107,0
14108,0
14109,1
14110,2
14111,1
14112,2
14113,2
14114,2
14115,2
14116,2
14117,2
14118,1
14119,0
14120,2
14121,2
14122,0
14123,1
14124,1
14125,1
14126,0
14127,1
14128,0
14129,1
14130,0
14131,0
14132,2
14133,1
14134,2
14135,1
14136,1
14137,2
14138,0
14139,2
14140,0
14141,2
14142,0
14143,1
14144,1
14145,2
14146,2
14147,2
14148,2
14149,1
14150,2
14151,0
14152,0
14153,1
14154,2
14155,1
14156,2
14157,1
14158,2
14159,2
14160,2
14161,1
14162,1
14163,1
14164,2
14165,0
14166,2
14167,2
14168,0
14169,2
14170,2
14171,1
14172,2
14173,2
14174,1
14175,1
14176,1
14177,2
14178,0
14179,1
14180,2
14181,1
14182,2
14183,2
14184,2
14185,0
14186,2
14187,2
14188,1
14189,1
14190,0
14191,2
14192,1
14193,2
14194,2
14195,1
14196,0
14197,2
14198,1
14199,2
14200,2
14201,2
14202,2
14203,2
14204,1
14205,0
14206,2
14207,2
14208,2
14209,0
14210,0
14211,2
14212,2
14213,1
14214,0
14215,2
14216,2
14217,2
14218,2
14219,1
14220,2
14221,0
14222,2
14223,2
14224,0
14225,0
14226,0
14227,1
14228,2
14229,2
14230,2
14231,1
14232,1
14233,2
14234,2
14235,2
14236,2
14237,0
14238,1
14239,2
14240,1
14241,2
14242,2
14243,2
14244,0
14245,1
14246,1
14247,1
14248,0
14249,1
14250,2
14251,1
14252,2
14253,1
14254,1
14255,1
14256,0
14257,2
14258,1
14259,1
14260,0
14261,0
14262,1
14263,2
14264,0
14265,1
14266,1
14267,1
14268,1
14269,0
14270,2
14271,2
14272,2
14273,1
14274,2
14275,2
14276,1
14277,0
14278,1
14279,1
14280,2
14281,1
14282,0
14283,0
14284,2
14285,0
14286,2
14287,1
14288,2
14289,2
14290,0
14291,1
14292,0
14293,2
14294,1
14295,2
14296,2
14297,0
14298,2
14299,2
14300,2
14301,1
14302,1
14303,1
14304,2
14305,2
14306,2
14307,0
14308,1
14309,1
14310,2
14311,1
14312,1
14313,2
14314,2
14315,1
14316,0
14317,1
14318,1
14319,2
14320,0
14321,2
14322,0
14323,1
14324,1
14325,0
14326,0
14327,1
14328,1
14329,1
14330,2
14331,0
14332,1
14333,2
14334,0
14335,0
14336,1
14337,2
14338,0
14339,0
14340,0
14341,2
14342,2
14343,2
14344,0
14345,2
14346,0
14347,2
14348,1
14349,2
14350,2
14351,1
14352,0
14353,2
14354,2
14355,2
14356,2
14357,1
14358,2
14359,1
14360,2
14361,2
14362,2
14363,2
14364,1
14365,0
14366,2
14367,2
14368,2
14369,1
14370,1
14371,1
14372,2
14373,2
14374,1
14375,2
14376,1
14377,1
14378,1
14379,1
14380,2
14381,2
14382,0
14383,0
14384,1
14385,2
14386,1
14387,2
14388,2
14389,0
14390,2
14391,2
14392,2
14393,0
14394,0
14395,0
14396,1
14397,0
14398,1
14399,2
14400,2
14401,2
14402,0
14403,2
14404,2
14405,1
14406,2
14407,0
14408,1
14409,2
14410,2
14411,1
14412,2
14413,2
14414,1
14415,2
14416,2
14417,0
14418,2
14419,1
14420,2
14421,0
14422,1
14423,1
14424,2
14425,2
14426,1
14427,2
14428,1
14429,0
14430,0
14431,1
14432,0
14433,1
14434,0
14435,1
14436,0
14437,2
14438,2
14439,1
14440,0
14441,0
14442,2
14443,2
14444,0
14445,1
14446,2
14447,1
14448,0
14449,0
14450,1
14451,1
14452,2
14453,1
14454,1
14455,2
14456,2
14457,1
14458,2
14459,1
14460,1
14461,1
14462,2
14463,2
14464,1
14465,2
14466,1
14467,0
14468,0
14469,2
14470,1
14471,2
14472,2
14473,2
14474,0
14475,1
14476,2
14477,1
14478,2
14479,0
14480,2
14481,1
14482,0
14483,1
14484,1
14485,0
14486,0
14487,1
14488,1
14489,1
14490,1
14491,2
14492,1
14493,2
14494,1
14495,0
14496,1
14497,0
14498,1
14499,2
14500,0
14501,2
14502,0
14503,1
14504,2
14505,2
14506,2
14507,2
14508,0
14509,2
14510,1
14511,1
14512,2
14513,0
14514,0
14515,2
14516,1
14517,0
14518,2
14519,0
14520,1
14521,1
14522,0
14523,2
14524,0
14525,0
14526,2
14527,0
14528,0
14529,1
14530,2
14531,2
14532,2
14533,0
14534,0
14535,1
14536,2
14537,1
14538,0
14539,2
14540,1
14541,2
14542,2
14543,1
14544,0
14545,1
14546,0
14547,1
14548,1
14549,0
14550,2
14551,2
14552,2
14553,1
14554,2
14555,2
14556,2
14557,0
14558,2
14559,1
14560,2
14561,1
14562,1
14563,1
14564,1
14565,2
14566,1
14567,2
14568,0
14569,2
14570,2
14571,0
14572,1
14573,2
14574,0
14575,2
14576,2
14577,2
14578,2
14579,0
14580,0
14581,2
14582,2
14583,1
14584,1
14585,0
14586,2
14587,2
14588,2
14589,0
14590,2
14591,2
14592,2
14593,1
14594,1
14595,0
14596,1
14597,1
14598,1
14599,2
14600,2
14601,2
14602,1
14603,0
14604,2
14605,2
14606,1
14607,2
14608,1
14609,0
14610,1
14611,0
14612,0
14613,2
14614,0
14615,2
14616,1
14617,2
14618,2
14619,1
14620,2
14621,2
14622,2
14623,0
14624,2
14625,0
14626,1
14627,2
14628,0
14629,0
14630,2
14631,0
14632,1
14633,1
14634,1
14635,2
14636,0
14637,1
14638,2
14639,1
14640,2
14641,1
14642,1
14643,0
14644,1
14645,0
14646,1
14647,2
14648,2
14649,2
14650,2
14651,0
14652,2
14653,1
14654,1
14655,2
14656,1
14657,0
14658,0
14659,1
14660,2
14661,1
14662,2
14663,1
14664,1
14665,1
14666,2
14667,2
14668,0
14669,2
14670,1
14671,1
14672,2
14673,2
14674,0
14675,1
14676,1
14677,0
14678,1
14679,0
14680,2
14681,2
14682,1
14683,0
14684,0
14685,2
14686,1
14687,1
14688,0
14689,2
14690,1
14691,2
14692,1
14693,2
14694,2
14695,0
14696,0
14697,1
14698,2
14699,1
14700,2
14701,0
14702,0
14703,1
14704,2
14705,1
14706,1
14707,2
14708,2
14709,1
14710,2
14711,2
14712,2
14713,2
14714,2
14715,1
14716,0
14717,1
14718,1
14719,1
14720,0
14721,0
14722,0
14723,1
14724,2
14725,0
14726,1
14727,2
14728,2
14729,2
14730,2
14731,2
14732,1
14733,1
14734,1
14735,0
14736,0
14737,0
14738,1
14739,0
14740,2
14741,2
14742,2
14743,0
14744,0
14745,2
14746,0
14747,0
14748,2
14749,1
14750,1
14751,0
14752,1
14753,2
14754,2
14755,1
14756,1
14757,2
14758,1
14759,1
14760,2
14761,0
14762,2
14763,0
14764,1
14765,2
14766,0
14767,1
14768,2
14769,0
14770,2
14771,0
14772,2
14773,2
14774,1
14775,1
14776,2
14777,2
14778,1
14779,2
14780,0
14781,1
14782,2
14783,2
14784,0
14785,2
14786,0
14787,1
14788,2
14789,2
14790,1
14791,0
14792,0
14793,1
14794,2
14795,2
14796,2
14797,1
14798,2
14799,2
14800,2
14801,2
14802,0
14803,1
14804,0
14805,0
14806,0
14807,1
14808,1
14809,1
14810,2
14811,1
14812,0
14813,0
14814,1
14815,2
14816,2
14817,0
14818,1
14819,2
14820,2
14821,0
14822,1
14823,1
14824,2
14825,1
14826,0
14827,2
14828,2
14829,1
14830,2
14831,1
14832,1
14833,0
14834,1
14835,0
14836,1
14837,1
14838,2
14839,1
14840,2
14841,0
14842,2
14843,1
14844,1
14845,2
14846,2
14847,0
14848,1
14849,0
14850,1
14851,2
14852,1
14853,2
14854,1
14855,1
14856,2
14857,2
14858,0
14859,0
14860,1
14861,0
14862,1
14863,2
14864,2
14865,0
14866,0
14867,0
14868,2
14869,1
14870,2
14871,0
14872,2
14873,0
14874,1
14875,2
14876,2
14877,0
14878,1
14879,1
14880,1
14881,2
14882,1
14883,1
14884,1
14885,0
14886,2
14887,2
14888,1
14889,2
14890,1
14891,2
14892,1
14893,2
14894,0
14895,0
14896,1
14897,0
14898,2
14899,1
14900,1
14901,1
14902,0
14903,1
14904,2
14905,1
14906,1
14907,1
14908,2
14909,1
14910,1
14911,1
14912,0
14913,0
14914,2
14915,2
14916,1
14917,2
14918,1
14919,1
14920,2
14921,1
14922,2
14923,2
14924,0
14925,0
14926,2
14927,1
14928,2
14929,2
14930,0
14931,0
14932,2
14933,1
14934,0
14935,1
14936,0
14937,1
14938,2
14939,0
14940,1
14941,1
14942,1
14943,0
14944,1
14945,0
14946,2
14947,1
14948,0
14949,1
14950,2
14951,2
14952,1
14953,0
14954,1
14955,1
14956,2
14957,2
14958,2
14959,2
14960,0
14961,2
14962,2
14963,1
14964,2
14965,2
14966,0
14967,2
14968,0
14969,1
14970,0
14971,2
14972,1
14973,2
14974,1
14975,0
14976,0
14977,0
14978,0
14979,2
14980,1
14981,2
14982,1
14983,0
14984,2
14985,2
14986,0
14987,2
14988,1
14989,0
14990,1
14991,0
14992,1
14993,1
14994,1
14995,2
14996,0
14997,0
14998,2
14999,2
15000,0
15001,2
15002,0
15003,1
15004,2
15005,2
15006,2
15007,2
15008,0
15009,2
15010,0
15011,1
15012,2
15013,2
15014,2
15015,2
15016,1
15017,2
15018,2
15019,2
15020,2
15021,0
15022,2
15023,1
15024,1
15025,0
15026,0
15027,2
15028,1
15029,1
15030,1
15031,2
15032,0
15033,2
15034,0
15035,1
15036,2
15037,1
15038,2
15039,2
15040,0
15041,1
15042,1
15043,0
15044,0
15045,2
15046,1
15047,2
15048,1
15049,2
15050,2
15051,2
15052,1
15053,1
15054,2
15055,1
15056,2
15057,2
15058,2
15059,0
15060,2
15061,0
15062,0
15063,2
15064,2
15065,0
15066,1
15067,0
15068,2
15069,2
15070,2
15071,2
15072,2
15073,1
15074,0
15075,2
15076,2
15077,0
15078,2
15079,2
15080,1
15081,1
15082,2
15083,1
15084,1
15085,1
15086,2
15087,2
15088,1
15089,2
15090,1
15091,1
15092,2
15093,2
15094,1
15095,1
15096,2
15097,0
15098,2
15099,0
15100,2
15101,2
15102,2
15103,1
15104,1
15105,1
15106,0
15107,0
15108,1
15109,2
15110,2
15111,0
15112,2
15113,0
15114,2
15115,2
15116,1
15117,1
15118,2
15119,2
15120,2
15121,1
15122,0
15123,1
15124,0
15125,1
15126,0
15127,1
15128,2
15129,1
15130,1
15131,1
15132,0
15133,2
15134,1
15135,2
15136,2
15137,2
15138,0
15139,1
15140,1
15141,0
15142,1
15143,1
15144,1
15145,2
15146,1
15147,0
15148,0
15149,1
15150,1
15151,0
15152,1
15153,0
15154,0
15155,1
15156,1
15157,1
15158,1
15159,1
15160,1
15161,2
15162,2
15163,0
15164,2
15165,0
15166,1
15167,0
15168,2
15169,2
15170,2
15171,1
15172,1
15173,1
15174,1
15175,2
15176,0
15177,2
15178,2
15179,2
15180,0
15181,0
15182,0
15183,2
15184,2
15185,0
15186,0
15187,1
15188,0
15189,0
15190,0
15191,0
15192,1
15193,2
15194,0
15195,1
15196,1
15197,0
15198,0
15199,1
15200,2
15201,2
15202,2
15203,1
15204,0
15205,1
15206,1
15207,2
15208,0
15209,2
15210,0
15211,0
15212,1
15213,2
15214,2
15215,0
15216,1
15217,1
15218,1
15219,2
15220,1
15221,2
15222,2
15223,2
15224,1
15225,1
15226,1
15227,1
15228,2
15229,2
15230,2
15231,1
15232,1
15233,1
15234,1
15235,1
15236,2
15237,1
15238,0
15239,1
15240,1
15241,2
15242,2
15243,2
15244,1
15245,2
15246,1
15247,0
15248,2
15249,2
15250,2
15251,0
15252,0
15253,2
15254,2
15255,1
15256,2
15257,2
15258,1
15259,1
15260,1
15261,2
15262,2
15263,2
15264,0
15265,1
15266,2
15267,1
15268,0
15269,0
15270,2
15271,1
15272,2
15273,1
15274,2
15275,2
15276,0
15277,2
15278,1
15279,2
15280,2
15281,1
15282,1
15283,2
15284,2
15285,1
15286,1
15287,2
15288,2
15289,2
15290,2
15291,2
15292,0
15293,1
15294,0
15295,2
15296,0
15297,0
15298,2
15299,1
15300,1
15301,2
15302,2
15303,2
15304,2
15305,2
15306,1
15307,2
15308,0
15309,2
15310,1
15311,2
15312,0
15313,0
15314,2
15315,2
15316,2
15317,2
15318,1
15319,2
15320,2
15321,0
15322,2
15323,2
15324,2
15325,0
15326,2
15327,2
15328,0
15329,1
15330,0
15331,0
15332,0
15333,1
15334,1
15335,2
15336,1
15337,1
15338,0
15339,0
15340,1
15341,2
15342,1
15343,0
15344,2
15345,2
15346,2
15347,2
15348,1
15349,2
15350,1
15351,1
15352,1
15353,2
15354,1
15355,2
15356,2
15357,2
15358,2
15359,1
15360,1
15361,0
15362,0
15363,1
15364,0
15365,2
15366,0
15367,0
15368,2
15369,0
15370,0
15371,2
15372,2
15373,0
15374,2
15375,0
15376,1
15377,2
15378,2
15379,0
15380,1
15381,2
15382,1
15383,0
15384,0
15385,1
15386,0
15387,0
15388,1
15389,2
15390,0
15391,0
15392,2
15393,0
15394,2
15395,2
15396,2
15397,2
15398,2
15399,0
15400,0
15401,2
15402,2
15403,0
15404,0
15405,0
15406,1
15407,0
15408,2
15409,0
15410,1
15411,0
15412,0
15413,1
15414,2
15415,2
15416,2
15417,1
15418,1
15419,2
15420,2
15421,0
15422,2
15423,2
15424,2
15425,2
15426,2
15427,0
15428,2
15429,1
15430,2
15431,0
15432,0
15433,2
15434,1
15435,0
15436,2
15437,0
15438,2
15439,0
15440,2
15441,2
15442,0
15443,2
15444,1
15445,2
15446,1
15447,2
15448,2
15449,2
15450,2
15451,2
15452,1
15453,2
15454,0
15455,0
15456,2
15457,2
15458,1
15459,1
15460,1
15461,1
15462,0
15463,1
15464,2
15465,2
15466,1
15467,2
15468,1
15469,2
15470,2
15471,2
15472,2
15473,0
15474,1
15475,1
15476,2
15477,2
15478,1
15479,0
15480,2
15481,2
15482,2
15483,0
15484,0
15485,2
15486,0
15487,2
15488,2
15489,0
15490,1
15491,2
15492,2
15493,0
15494,0
15495,0
15496,2
15497,0
15498,0
15499,2
15500,2
15501,1
15502,2
15503,0
15504,1
15505,1
15506,2
15507,1
15508,1
15509,1
15510,1
15511,0
15512,1
15513,1
15514,0
15515,1
15516,0
15517,2
15518,0
15519,0
15520,2
15521,1
15522,1
15523,0
15524,2
15525,2
15526,2
15527,2
15528,1
15529,0
15530,2
15531,0
15532,0
15533,2
15534,1
15535,0
15536,0
15537,2
15538,2
15539,0
15540,1
15541,1
15542,0
15543,2
15544,2
15545,0
15546,2
15547,1
15548,0
15549,2
15550,0
15551,1
15552,0
15553,2
15554,2
15555,1
15556,1
15557,2
15558,2
15559,0
15560,2
15561,0
15562,0
15563,2
15564,2
15565,0
15566,2
15567,1
15568,0
15569,0
15570,2
15571,2
15572,1
15573,1
15574,0
15575,0
15576,1
15577,2
15578,0
15579,1
15580,1
15581,0
15582,1
15583,1
15584,2
15585,0
15586,0
15587,0
15588,1
15589,1
15590,1
15591,1
15592,2
15593,1
15594,2
15595,2
15596,1
15597,0
15598,1
15599,2
15600,1
15601,1
15602,2
15603,2
15604,2
15605,1
15606,1
15607,2
15608,1
15609,2
15610,2
15611,0
15612,2
15613,2
15614,0
15615,2
15616,2
15617,0
15618,1
15619,1
15620,0
15621,1
15622,0
15623,0
15624,2
15625,2
15626,2
15627,1
15628,0
15629,0
15630,1
15631,0
15632,2
15633,2
15634,0
15635,2
15636,0
15637,2
15638,2
15639,0
15640,1
15641,1
15642,2
15643,1
15644,0
15645,2
15646,2
15647,2
15648,2
15649,2
15650,2
15651,0
15652,2
15653,2
15654,1
15655,2
15656,1
15657,2
15658,2
15659,1
15660,0
15661,2
15662,2
15663,0
15664,1
15665,1
15666,0
15667,2
15668,0
15669,1
15670,0
15671,0
15672,2
15673,1
15674,2
15675,0
15676,2
15677,0
15678,0
15679,1
15680,1
15681,1
15682,2
15683,0
15684,1
15685,2
15686,0
15687,2
15688,1
15689,1
15690,0
15691,1
15692,0
15693,2
15694,2
15695,1
15696,2
15697,2
15698,0
15699,1
15700,2
15701,1
15702,0
15703,2
15704,1
15705,2
15706,0
15707,2
15708,2
15709,0
15710,2
15711,1
15712,2
15713,0
15714,0
15715,0
15716,2
15717,2
15718,2
15719,0
15720,1
15721,1
15722,1
15723,2
15724,1
15725,1
15726,1
15727,0
15728,2
15729,0
15730,1
15731,2
15732,0
15733,0
15734,2
15735,1
15736,0
15737,2
15738,0
15739,1
15740,2
15741,1
15742,2
15743,0
15744,1
15745,0
15746,1
15747,1
15748,1
15749,2
15750,0
15751,2
15752,1
15753,1
15754,0
15755,2
15756,1
15757,2
15758,0
15759,2
15760,2
15761,1
15762,0
15763,1
15764,0
15765,1
15766,2
15767,2
15768,2
15769,2
15770,2
15771,2
15772,2
15773,2
15774,1
15775,2
15776,2
15777,0
15778,1
15779,0
15780,2
15781,0
15782,0
15783,0
15784,2
15785,1
15786,1
15787,2
15788,2
15789,1
15790,0
15791,0
15792,1
15793,1
15794,1
15795,0
15796,2
15797,2
15798,0
15799,1
15800,0
15801,1
15802,1
15803,0
15804,1
15805,0
15806,1
15807,1
15808,0
15809,2
15810,1
15811,1
15812,0
15813,2
15814,2
15815,2
15816,0
15817,0
15818,2
15819,0
15820,2
15821,0
15822,1
15823,1
15824,2
15825,1
15826,0
15827,1
15828,2
15829,1
15830,1
15831,1
15832,0
15833,2
15834,2
15835,1
15836,2
15837,2
15838,0
15839,2
15840,1
15841,0
15842,0
15843,2
15844,2
15845,0
15846,1
15847,2
15848,2
15849,0
15850,2
15851,2
15852,1
15853,2
15854,1
15855,1
15856,0
15857,1
15858,2
15859,1
15860,2
15861,1
15862,2
15863,2
15864,0
15865,1
15866,2
15867,2
15868,2
15869,2
15870,0
15871,2
15872,2
15873,0
15874,0
15875,1
15876,0
15877,0
15878,1
15879,1
15880,0
15881,1
15882,2
15883,1
15884,1
15885,2
15886,2
15887,0
15888,2
15889,2
15890,2
15891,2
15892,2
15893,0
15894,2
15895,2
15896,2
15897,0
15898,2
15899,1
15900,2
15901,1
15902,2
15903,1
15904,2
15905,2
15906,2
15907,0
15908,0
15909,1
15910,1
15911,2
15912,1
15913,1
15914,2
15915,0
15916,1
15917,1
15918,0
15919,1
15920,1
15921,1
15922,1
15923,2
15924,0
15925,2
15926,0
15927,1
15928,0
15929,2
15930,1
15931,1
15932,2
15933,0
15934,2
15935,1
15936,2
15937,0
15938,0
15939,0
15940,2
15941,0
15942,2
15943,1
15944,1
15945,1
15946,2
15947,2
15948,0
15949,2
15950,0
15951,1
15952,1
15953,0
15954,0
15955,0
15956,0
15957,0
15958,2
15959,2
15960,0
15961,2
15962,1
15963,2
15964,1
15965,0
15966,2
15967,2
15968,0
15969,1
15970,0
15971,2
15972,0
15973,1
15974,0
15975,2
15976,0
15977,2
15978,2
15979,0
15980,1
15981,1
15982,1
15983,2
15984,0
15985,1
15986,1
15987,2
15988,2
15989,2
15990,2
15991,1
15992,2
15993,2
15994,2
15995,1
15996,2
15997,2
15998,0
15999,2
16000,1
16001,1
16002,2
16003,1
16004,1
16005,2
16006,2
16007,2
16008,2
16009,1
16010,2
16011,0
16012,0
16013,1
16014,1
16015,2
16016,2
16017,1
16018,1
16019,0
16020,2
16021,2
16022,2
16023,1
16024,1
16025,2
16026,0
16027,0
16028,1
16029,1
16030,2
16031,0
16032,2
16033,2
16034,2
16035,0
16036,0
16037,0
16038,0
16039,2
16040,1
16041,0
16042,2
16043,1
16044,2
16045,2
16046,1
16047,1
16048,2
16049,0
16050,2
16051,0
16052,0
16053,2
16054,2
16055,2
16056,1
16057,2
16058,0
16059,2
16060,2
16061,2
16062,1
16063,0
16064,2
16065,0
16066,1
16067,0
16068,1
16069,1
16070,1
16071,0
16072,2
16073,1
16074,0
16075,0
16076,1
16077,1
16078,1
16079,0
16080,2
16081,0
16082,2
16083,2
16084,1
16085,0
16086,2
16087,0
16088,2
16089,0
16090,1
16091,1
16092,0
16093,2
16094,2
16095,1
16096,0
16097,2
16098,2
16099,2
16100,2
16101,2
16102,1
16103,1
16104,0
16105,2
16106,1
16107,1
16108,2
16109,1
16110,1
16111,0
16112,0
16113,1
16114,0
16115,0
16116,2
16117,2
16118,1
16119,2
16120,0
16121,2
16122,0
16123,2
16124,0
16125,1
16126,0
16127,2
16128,2
16129,2
16130,0
16131,2
16132,1
16133,2
16134,1
16135,2
16136,0
16137,1
16138,0
16139,1
16140,1
16141,2
16142,2
16143,0
16144,2
16145,1
16146,2
16147,1
16148,1
16149,2
16150,2
16151,2
16152,2
16153,1
16154,2
16155,2
16156,0
16157,0
16158,2
16159,0
16160,0
16161,0
16162,1
16163,0
16164,1
16165,2
16166,1
16167,1
16168,1
16169,1
16170,2
16171,0
16172,2
16173,2
16174,0
16175,0
16176,0
16177,0
16178,1
16179,0
16180,2
16181,2
16182,1
16183,1
16184,1
16185,0
16186,0
16187,0
16188,1
16189,0
16190,2
16191,1
16192,1
16193,2
16194,1
16195,2
16196,2
16197,1
16198,2
16199,1
16200,1
16201,2
16202,0
16203,1
16204,1
16205,2
16206,0
16207,2
16208,0
16209,1
16210,2
16211,1
16212,0
16213,2
16214,0
16215,1
16216,1
16217,2
16218,0
16219,2
16220,1
16221,2
16222,0
16223,2
16224,0
16225,2
16226,0
16227,2
16228,0
16229,2
16230,2
16231,0
16232,1
16233,1
16234,0
16235,1
16236,2
16237,1
16238,1
16239,1
16240,1
16241,1
16242,2
16243,1
16244,0
16245,1
16246,1
16247,2
16248,2
16249,1
16250,2
16251,1
16252,1
16253,1
16254,1
16255,1
16256,2
16257,1
16258,1
16259,1
16260,0
16261,2
16262,0
16263,1
16264,1
16265,1
16266,0
16267,0
16268,1
16269,2
16270,0
16271,2
16272,1
16273,1
16274,2
16275,0
16276,2
16277,1
16278,1
16279,0
16280,1
16281,0
16282,0
16283,2
16284,0
16285,2
16286,2
16287,2
16288,1
16289,2
16290,1
16291,0
16292,0
16293,2
16294,1
16295,2
16296,1
16297,1
16298,1
16299,0
16300,2
16301,1
16302,1
16303,0
16304,1
16305,0
16306,1
16307,1
16308,0
16309,1
16310,2
16311,2
16312,1
16313,2
16314,2
16315,0
16316,1
16317,2
16318,0
16319,2
16320,0
16321,1
16322,1
16323,1
16324,0
16325,1
16326,0
16327,0
16328,1
16329,2
16330,1
16331,2
16332,1
16333,1
16334,1
16335,1
16336,0
16337,1
16338,1
16339,1
16340,2
16341,2
16342,2
16343,2
16344,2
16345,1
16346,0
16347,0
16348,1
16349,0
16350,0
16351,1
16352,0
16353,2
16354,1
16355,1
16356,2
16357,2
16358,1
16359,2
16360,1
16361,2
16362,2
16363,1
16364,0
16365,1
16366,2
16367,1
16368,0
16369,2
16370,2
16371,2
16372,0
16373,0
16374,1
16375,1
16376,2
16377,0
16378,0
16379,2
16380,2
16381,2
16382,2
16383,2
16384,0
16385,2
16386,1
16387,1
16388,0
16389,1
16390,1
16391,0
16392,2
16393,0
16394,1
16395,2
16396,2
16397,1
16398,2
16399,1
16400,1
16401,2
16402,2
16403,1
16404,2
16405,1
16406,1
16407,0
16408,1
16409,2
16410,1
16411,2
16412,2
16413,0
16414,1
16415,2
16416,2
16417,2
16418,1
16419,2
16420,0
16421,2
16422,1
16423,2
16424,0
16425,1
16426,0
16427,1
16428,0
16429,0
16430,2
16431,1
16432,1
16433,0
16434,1
16435,1
16436,1
16437,2
16438,2
16439,2
16440,0
16441,2
16442,2
16443,1
16444,1
16445,0
16446,0
16447,2
16448,0
16449,0
16450,2
16451,2
16452,2
16453,0
16454,1
16455,2
16456,2
16457,1
16458,0
16459,1
16460,1
16461,1
16462,2
16463,0
16464,2
16465,0
16466,0
16467,2
16468,1
16469,0
16470,1
16471,2
16472,2
16473,1
16474,0
16475,1
16476,0
16477,2
16478,2
16479,1
16480,1
16481,0
16482,0
16483,0
16484,1
16485,2
16486,0
16487,1
16488,1
16489,1
16490,2
16491,1
16492,1
16493,1
16494,1
16495,1
16496,0
16497,0
16498,1
16499,1
16500,1
16501,0
16502,0
16503,2
16504,2
16505,1
16506,0
16507,2
16508,0
16509,1
16510,2
16511,1
16512,0
16513,2
16514,2
16515,2
16516,2
16517,1
16518,2
16519,1
16520,1
16521,1
16522,2
16523,1
16524,2
16525,2
16526,1
16527,2
16528,2
16529,2
16530,0
16531,2
16532,0
16533,2
16534,0
16535,2
16536,0
16537,2
16538,1
16539,1
16540,2
16541,2
16542,0
16543,2
16544,2
16545,2
16546,0
16547,0
16548,0
16549,1
16550,0
16551,2
16552,0
16553,1
16554,2
16555,0
16556,1
16557,1
16558,2
16559,2
16560,2
16561,2
16562,1
16563,0
16564,1
16565,2
16566,2
16567,0
16568,2
16569,2
16570,2
16571,2
16572,0
16573,0
16574,2
16575,0
16576,0
16577,1
16578,2
16579,1
16580,1
16581,2
16582,0
16583,0
16584,0
16585,2
16586,2
16587,1
16588,0
16589,1
16590,2
16591,0
16592,2
16593,1
16594,1
16595,1
16596,2
16597,0
16598,0
16599,0
16600,1
16601,2
16602,2
16603,2
16604,2
16605,0
16606,2
16607,0
16608,0
16609,0
16610,0
16611,1
16612,2
16613,2
16614,1
16615,0
16616,0
16617,0
16618,1
16619,1
16620,1
16621,2
16622,1
16623,0
16624,0
16625,2
16626,2
16627,2
16628,2
16629,2
16630,1
16631,2
16632,0
16633,1
16634,1
16635,1
16636,2
16637,0
16638,2
16639,1
16640,1
16641,2
16642,2
16643,2
16644,0
16645,0
16646,2
16647,0
16648,1
16649,1
16650,0
16651,2
16652,0
16653,1
16654,1
16655,2
16656,2
16657,0
16658,2
16659,2
16660,2
16661,0
16662,2
16663,2
16664,2
16665,2
16666,0
16667,2
16668,0
16669,1
16670,1
16671,2
16672,0
16673,0
16674,2
16675,2
16676,1
16677,1
16678,2
16679,1
16680,0
16681,1
16682,2
16683,0
16684,0
16685,0
16686,2
16687,2
16688,2
16689,2
16690,1
16691,1
16692,0
16693,2
16694,2
16695,2
16696,1
16697,2
16698,2
16699,2
16700,0
16701,0
16702,2
16703,1
16704,2
16705,2
16706,2
16707,1
16708,0
16709,2
16710,0
16711,0
16712,1
16713,2
16714,0
16715,0
16716,2
16717,0
16718,2
16719,1
16720,0
16721,2
16722,1
16723,2
16724,0
16725,2
16726,1
16727,1
16728,1
16729,2
16730,2
16731,1
16732,1
16733,2
16734,1
16735,1
16736,0
16737,1
16738,1
16739,0
16740,2
16741,2
16742,2
16743,2
16744,0
16745,2
16746,0
16747,1
16748,2
16749,1
16750,0
16751,2
16752,1
16753,2
16754,2
16755,2
16756,2
16757,2
16758,1
16759,1
16760,0
16761,2
16762,2
16763,2
16764,1
16765,1
16766,0
16767,0
16768,1
16769,2
16770,2
16771,2
16772,2
16773,1
16774,2
16775,2
16776,0
16777,0
16778,2
16779,1
16780,2
16781,2
16782,2
16783,1
16784,2
16785,0
16786,1
16787,2
16788,2
16789,1
16790,2
16791,1
16792,2
16793,0
16794,0
16795,1
16796,0
16797,2
16798,1
16799,2
16800,2
16801,2
16802,0
16803,1
16804,2
16805,2
16806,0
16807,1
16808,2
16809,2
16810,1
16811,0
16812,0
16813,0
16814,2
16815,2
16816,1
16817,0
16818,2
16819,2
16820,1
16821,2
16822,2
16823,2
16824,0
16825,2
16826,0
16827,2
16828,2
16829,1
16830,2
16831,2
16832,0
16833,0
16834,0
16835,2
16836,1
16837,2
16838,2
16839,1
16840,1
16841,1
16842,2
16843,2
16844,2
16845,0
16846,0
16847,0
16848,0
16849,1
16850,2
16851,0
16852,0
16853,0
16854,1
16855,0
16856,0
16857,1
16858,2
16859,2
16860,1
16861,1
16862,0
16863,2
16864,1
16865,2
16866,2
16867,1
16868,2
16869,1
16870,0
16871,1
16872,1
16873,1
16874,0
16875,1
16876,2
16877,2
16878,0
16879,0
16880,1
16881,0
16882,1
16883,1
16884,1
16885,1
16886,0
16887,0
16888,1
16889,2
16890,2
16891,1
16892,1
16893,1
16894,1
16895,0
16896,0
16897,1
16898,1
16899,1
16900,0
16901,2
16902,2
16903,2
16904,2
16905,2
16906,1
16907,0
16908,1
16909,0
16910,1
16911,1
16912,2
16913,2
16914,1
16915,1
16916,1
16917,1
16918,0
16919,1
16920,2
16921,2
16922,0
16923,1
16924,1
16925,1
16926,1
16927,1
16928,2
16929,0
16930,2
16931,1
16932,2
16933,1
16934,2
16935,2
16936,0
16937,1
16938,1
16939,2
16940,2
16941,1
16942,1
16943,1
16944,2
16945,1
16946,1
16947,0
16948,1
16949,2
16950,2
16951,2
16952,0
16953,0
16954,2
16955,2
16956,0
16957,0
16958,0
16959,1
16960,2
16961,2
16962,1
16963,1
16964,2
16965,2
16966,2
16967,1
16968,0
16969,2
16970,2
16971,0
16972,0
16973,1
16974,1
16975,1
16976,1
16977,0
16978,1
16979,1
16980,2
16981,1
16982,1
16983,2
16984,2
16985,1
16986,1
16987,0
16988,2
16989,1
16990,0
16991,1
16992,1
16993,1
16994,0
16995,1
16996,1
16997,0
16998,1
16999,1
17000,2
17001,1
17002,1
17003,2
17004,1
17005,2
17006,0
17007,1
17008,0
17009,2
17010,2
17011,2
17012,1
17013,0
17014,0
17015,2
17016,2
17017,0
17018,1
17019,0
17020,0
17021,1
17022,2
17023,1
17024,2
17025,1
17026,2
17027,0
17028,0
17029,1
17030,1
17031,0
17032,2
17033,2
17034,2
17035,1
17036,1
17037,2
17038,1
17039,0
17040,1
17041,1
17042,1
17043,1
17044,0
17045,1
17046,1
17047,2
17048,2
17049,0
17050,0
17051,1
17052,0
17053,1
17054,1
17055,2
17056,1
17057,0
17058,1
17059,1
17060,0
17061,2
17062,2
17063,0
17064,2
17065,0
17066,2
17067,1
17068,2
17069,2
17070,2
17071,2
17072,1
17073,1
17074,1
17075,1
17076,2
17077,2
17078,1
17079,1
17080,1
17081,1
17082,2
17083,1
17084,2
17085,0
17086,1
17087,0
17088,1
17089,1
17090,1
17091,1
17092,2
17093,0
17094,1
17095,1
17096,2
17097,2
17098,1
17099,2
17100,2
17101,1
17102,2
17103,0
17104,2
17105,2
17106,1
17107,1
17108,0
17109,2
17110,1
17111,2
17112,1
17113,2
17114,2
17115,1
17116,2
17117,0
17118,2
17119,0
17120,2
17121,0
17122,2
17123,2
17124,2
17125,2
17126,2
17127,1
17128,2
17129,2
17130,0
17131,1
17132,0
17133,1
17134,0
17135,0
17136,2
17137,0
17138,1
17139,1
17140,1
17141,2
17142,1
17143,0
17144,0
17145,2
17146,0
17147,1
17148,0
17149,1
17150,0
17151,1
17152,0
17153,0
17154,1
17155,1
17156,1
17157,1
17158,0
17159,0
17160,1
17161,2
17162,1
17163,1
17164,0
17165,1
17166,1
17167,2
17168,2
17169,0
17170,0
17171,1
17172,1
17173,2
17174,0
17175,1
17176,2
17177,0
17178,0
17179,2
17180,1
17181,2
17182,0
17183,1
17184,2
17185,0
17186,2
17187,1
17188,1
17189,2
17190,2
17191,1
17192,1
17193,0
17194,2
17195,0
17196,1
17197,1
17198,0
17199,2
17200,2
17201,1
17202,2
17203,2
17204,2
17205,1
17206,2
17207,1
17208,0
17209,2
17210,2
17211,2
17212,1
17213,1
17214,2
17215,1
17216,1
17217,1
17218,2
17219,0
17220,2
17221,0
17222,1
17223,2
17224,2
17225,1
17226,2
17227,1
17228,1
17229,1
17230,2
17231,2
17232,1
17233,1
17234,0
17235,2
17236,2
17237,2
17238,1
17239,2
17240,1
17241,0
17242,2
17243,1
17244,2
17245,0
17246,2
17247,1
17248,0
17249,0
17250,0
17251,1
17252,0
17253,2
17254,0
17255,0
17256,0
17257,2
17258,1
17259,0
17260,2
17261,2
17262,2
17263,2
17264,0
17265,0
17266,0
17267,2
17268,0
17269,2
17270,0
17271,2
17272,2
17273,2
17274,2
17275,2
17276,1
17277,0
17278,1
17279,2
17280,0
17281,0
17282,1
17283,2
17284,2
17285,0
17286,2
17287,1
17288,1
17289,0
17290,1
17291,0
17292,1
17293,2
17294,2
17295,0
17296,1
17297,0
17298,0
17299,2
17300,0
17301,2
17302,2
17303,2
17304,2
17305,2
17306,1
17307,1
17308,2
17309,2
17310,0
17311,1
17312,0
17313,2
17314,1
17315,2
17316,0
17317,2
17318,2
17319,2
17320,1
17321,2
17322,1
17323,1
17324,0
17325,1
17326,2
17327,2
17328,1
17329,2
17330,1
17331,2
17332,1
17333,1
17334,0
17335,2
17336,2
17337,2
17338,1
17339,0
17340,1
17341,0
17342,0
17343,0
17344,2
17345,2
17346,1
17347,0
17348,1
17349,0
17350,1
17351,0
17352,2
17353,1
17354,0
17355,2
17356,0
17357,1
17358,2
17359,2
17360,0
17361,0
17362,1
17363,0
17364,2
17365,2
17366,2
17367,2
17368,0
17369,1
17370,1
17371,1
17372,2
17373,2
17374,2
17375,1
17376,2
17377,2
17378,1
17379,0
17380,1
17381,2
17382,1
17383,1
17384,1
17385,1
17386,2
17387,2
17388,2
17389,1
17390,1
17391,2
17392,1
17393,1
17394,2
17395,2
17396,2
17397,2
17398,0
17399,1
17400,0
17401,0
17402,2
17403,0
17404,1
17405,0
17406,2
17407,0
17408,2
17409,2
17410,2
17411,1
17412,1
17413,1
17414,2
17415,2
17416,2
17417,2
17418,1
17419,2
17420,0
17421,1
17422,1
17423,1
17424,2
17425,2
17426,0
17427,2
17428,1
17429,1
17430,2
17431,0
17432,2
17433,2
17434,2
17435,1
17436,2
17437,0
17438,1
17439,0
17440,2
17441,0
17442,0
17443,2
17444,1
17445,2
17446,1
17447,1
17448,2
17449,0
17450,0
17451,1
17452,0
17453,1
17454,0
17455,2
17456,0
17457,1
17458,2
17459,0
17460,2
17461,1
17462,1
17463,0
17464,1
17465,1
17466,0
17467,0
17468,0
17469,0
17470,2
17471,2
17472,0
17473,2
17474,0
17475,1
17476,2
17477,0
17478,2
17479,2
17480,2
17481,1
17482,1
17483,0
17484,2
17485,2
17486,2
17487,2
17488,0
17489,1
17490,2
17491,1
17492,2
17493,1
17494,0
17495,2
17496,1
17497,1
17498,2
17499,1
17500,2
17501,0
17502,1
17503,2
17504,2
17505,0
17506,2
17507,0
17508,2
17509,0
17510,0
17511,2
17512,1
17513,2
17514,1
17515,1
17516,0
17517,0
17518,2
17519,1
17520,2
17521,2
17522,1
17523,0
17524,1
17525,1
17526,0
17527,1
17528,2
17529,2
17530,0
17531,1
17532,1
17533,2
17534,2
17535,1
17536,1
17537,0
17538,2
17539,2
17540,1
17541,1
17542,1
17543,1
17544,2
17545,2
17546,2
17547,0
17548,2
17549,0
17550,1
17551,1
17552,1
17553,1
17554,2
17555,2
17556,0
17557,1
17558,1
17559,1
17560,2
17561,2
17562,0
17563,1
17564,0
17565,2
17566,1
17567,0
17568,1
17569,0
17570,1
17571,1
17572,0
17573,1
17574,1
17575,1
17576,2
17577,1
17578,2
17579,2
17580,0
17581,1
17582,1
17583,2
17584,2
17585,2
17586,2
17587,2
17588,2
17589,0
17590,0
17591,0
17592,0
17593,2
17594,1
17595,1
17596,1
17597,1
17598,2
17599,1
17600,1
17601,0
17602,0
17603,1
17604,0
17605,1
17606,2
17607,0
17608,1
17609,2
17610,1
17611,2
17612,0
17613,2
17614,2
17615,2
17616,2
17617,2
17618,0
17619,0
17620,2
17621,1
17622,0
17623,2
17624,2
17625,2
17626,2
17627,1
17628,2
17629,2
17630,0
17631,1
17632,2
17633,2
17634,0
17635,1
17636,1
17637,1
17638,1
17639,0
17640,0
17641,2
17642,0
17643,2
17644,1
17645,1
17646,2
17647,2
17648,1
17649,1
17650,0
17651,1
17652,1
17653,0
17654,0
17655,1
17656,2
17657,2
17658,1
17659,0
17660,1
17661,2
17662,2
17663,0
17664,0
17665,2
17666,0
17667,1
17668,2
17669,1
17670,1
17671,1
17672,1
17673,0
17674,0
17675,1
17676,0
17677,1
17678,0
17679,0
17680,2
17681,2
17682,1
17683,2
17684,1
17685,1
17686,1
17687,1
17688,1
17689,1
17690,1
17691,0
17692,0
17693,1
17694,0
17695,1
17696,1
17697,2
17698,0
17699,1
17700,1
17701,1
17702,0
17703,2
17704,0
17705,2
17706,1
17707,1
17708,2
17709,2
17710,0
17711,1
17712,1
17713,0
17714,1
17715,2
17716,2
17717,2
17718,2
17719,0
17720,1
17721,2
17722,1
17723,0
17724,1
17725,0
17726,1
17727,1
17728,0
17729,2
17730,1
17731,2
17732,0
17733,1
17734,2
17735,1
17736,1
17737,2
17738,0
17739,0
17740,0
17741,0
17742,1
17743,2
17744,2
17745,1
17746,1
17747,1
17748,2
17749,1
17750,2
17751,2
17752,2
17753,1
17754,2
17755,1
17756,2
17757,0
17758,2
17759,2
17760,2
17761,0
17762,2
17763,2
17764,2
17765,0
17766,1
17767,2
17768,1
17769,2
17770,2
17771,2
17772,0
17773,0
17774,1
17775,2
17776,2
17777,2
17778,2
17779,0
17780,0
17781,1
17782,2
17783,1
17784,2
17785,1
17786,1
17787,0
17788,1
17789,2
17790,2
17791,1
17792,2
17793,0
17794,0
17795,2
17796,2
17797,0
17798,2
17799,1
17800,2
17801,2
17802,2
17803,1
17804,2
17805,1
17806,1
17807,0
17808,1
17809,1
17810,2
17811,1
17812,2
17813,0
17814,2
17815,1
17816,0
17817,2
17818,1
17819,1
17820,0
17821,2
17822,2
17823,0
17824,2
17825,0
17826,1
17827,2
17828,1
17829,1
17830,2
17831,0
17832,0
17833,2
17834,1
17835,2
17836,1
17837,2
17838,2
17839,1
17840,0
17841,2
17842,1
17843,1
17844,2
17845,1
17846,2
17847,0
17848,2
17849,2
17850,0
17851,0
17852,2
17853,1
17854,1
17855,2
17856,1
17857,0
17858,1
17859,2
17860,1
17861,2
17862,2
17863,1
17864,1
17865,2
17866,1
17867,1
17868,0
17869,1
17870,1
17871,2
17872,1
17873,2
17874,2
17875,1
17876,0
17877,0
17878,1
17879,2
17880,2
17881,2
17882,1
17883,2
17884,1
17885,1
17886,2
17887,2
17888,2
17889,0
17890,0
17891,2
17892,1
17893,1
17894,2
17895,1
17896,2
17897,0
17898,0
17899,2
17900,0
17901,2
17902,0
17903,1
17904,0
17905,1
17906,1
17907,0
17908,1
17909,1
17910,1
17911,0
17912,0
17913,2
17914,0
17915,1
17916,2
17917,1
17918,1
17919,1
17920,1
17921,2
17922,1
17923,1
17924,1
17925,2
17926,1
17927,0
17928,1
17929,2
17930,1
17931,0
17932,1
17933,0
17934,0
17935,0
17936,2
17937,2
17938,0
17939,1
17940,1
17941,0
17942,0
17943,0
17944,0
17945,0
17946,1
17947,2
17948,1
17949,2
17950,0
17951,1
17952,0
17953,2
17954,2
17955,2
17956,0
17957,2
17958,1
17959,1
17960,2
17961,1
17962,0
17963,1
17964,1
17965,0
17966,1
17967,2
17968,2
17969,0
17970,1
17971,0
17972,1
17973,1
17974,0
17975,0
17976,2
17977,1
17978,2
17979,2
17980,2
17981,1
17982,0
17983,1
17984,1
17985,2
17986,2
17987,2
17988,0
17989,1
17990,2
17991,2
17992,0
17993,2
17994,0
17995,1
17996,1
17997,2
17998,2
17999,2
18000,2
18001,2
18002,0
18003,0
18004,2
18005,2
18006,1
18007,2
18008,2
18009,0
18010,2
18011,0
18012,2
18013,1
18014,2
18015,1
18016,2
18017,0
18018,1
18019,0
18020,1
18021,1
18022,2
18023,1
18024,1
18025,2
18026,2
18027,1
18028,1
18029,2
18030,2
18031,0
18032,1
18033,2
18034,0
18035,0
18036,2
18037,1
18038,2
18039,1
18040,1
18041,1
18042,0
18043,0
18044,2
18045,0
18046,0
18047,0
18048,2
18049,2
18050,1
18051,1
18052,1
18053,2
18054,1
18055,1
18056,2
18057,1
18058,0
18059,0
18060,1
18061,1
18062,2
18063,1
18064,0
18065,1
18066,2
18067,2
18068,0
18069,2
18070,2
18071,1
18072,1
18073,1
18074,0
18075,2
18076,0
18077,2
18078,2
18079,2
18080,2
18081,0
18082,1
18083,1
18084,1
18085,1
18086,0
18087,1
18088,1
18089,2
18090,0
18091,2
18092,0
18093,0
18094,0
18095,2
18096,2
18097,0
18098,1
18099,0
18100,0
18101,1
18102,2
18103,2
18104,0
18105,1
18106,0
18107,2
18108,1
18109,1
18110,2
18111,0
18112,2
18113,1
18114,0
18115,1
18116,1
18117,0
18118,1
18119,1
18120,1
18121,1
18122,0
18123,0
18124,0
18125,1
18126,2
18127,2
18128,2
18129,2
18130,1
18131,1
18132,1
18133,1
18134,1
18135,1
18136,2
18137,0
18138,1
18139,1
18140,0
18141,2
18142,1
18143,1
18144,1
18145,1
18146,2
18147,1
18148,1
18149,1
18150,1
18151,2
18152,1
18153,2
18154,1
18155,1
18156,0
18157,1
18158,2
18159,0
18160,1
18161,1
18162,2
18163,2
18164,0
18165,2
18166,2
18167,2
18168,1
18169,2
18170,2
18171,2
18172,1
18173,1
18174,1
18175,1
18176,1
18177,1
18178,0
18179,2
18180,1
18181,1
18182,0
18183,0
18184,1
18185,1
18186,1
18187,0
18188,2
18189,0
18190,0
18191,1
18192,1
18193,1
18194,1
18195,2
18196,2
18197,1
18198,2
18199,1
18200,1
18201,1
18202,2
18203,2
18204,1
18205,1
18206,2
18207,0
18208,1
18209,2
18210,2
18211,0
18212,2
18213,0
18214,1
18215,1
18216,1
18217,0
18218,0
18219,2
18220,2
18221,1
18222,2
18223,1
18224,2
18225,1
18226,0
18227,0
18228,1
18229,2
18230,1
18231,1
18232,0
18233,0
18234,1
18235,0
18236,1
18237,2
18238,0
18239,0
18240,1
18241,2
18242,2
18243,1
18244,1
18245,1
18246,0
18247,1
18248,0
18249,0
18250,1
18251,1
18252,0
18253,2
18254,0
18255,0
18256,1
18257,1
18258,0
18259,1
18260,0
18261,1
18262,1
18263,1
18264,0
18265,0
18266,2
18267,1
18268,0
18269,2
18270,0
18271,2
18272,2
18273,1
18274,0
18275,2
18276,0
18277,0
18278,1
18279,2
18280,2
18281,1
18282,1
18283,1
18284,2
18285,2
18286,2
18287,1
18288,2
18289,1
18290,0
18291,1
18292,2
18293,2
18294,1
18295,1
18296,2
18297,2
18298,0
18299,2
18300,2
18301,1
18302,2
18303,1
18304,2
18305,0
18306,1
18307,0
18308,2
18309,1
18310,1
18311,1
18312,2
18313,1
18314,0
18315,0
18316,2
18317,1
18318,2
18319,0
18320,0
18321,1
18322,0
18323,1
18324,2
18325,1
18326,2
18327,0
18328,1
18329,2
18330,1
18331,0
18332,0
18333,1
18334,2
18335,1
18336,2
18337,2
18338,1
18339,0
18340,0
18341,1
18342,1
18343,1
18344,2
18345,0
18346,1
18347,1
18348,1
18349,2
18350,1
18351,0
18352,0
18353,1
18354,2
18355,2
18356,0
18357,2
18358,2
18359,2
18360,2
18361,1
18362,1
18363,1
18364,2
18365,1
18366,0
18367,0
18368,2
18369,1
18370,2
18371,2
18372,0
18373,0
18374,1
18375,2
18376,0
18377,0
18378,2
18379,1
18380,0
18381,0
18382,2
18383,1
18384,0
18385,2
18386,2
18387,2
18388,1
18389,2
18390,2
18391,2
18392,2
18393,1
18394,0
18395,2
18396,1
18397,1
18398,1
18399,2
18400,0
18401,1
18402,0
18403,2
18404,0
18405,2
18406,1
18407,1
18408,0
18409,1
18410,0
18411,2
18412,2
18413,2
18414,1
18415,0
18416,1
18417,1
18418,2
18419,1
18420,1
18421,0
18422,2
18423,1
18424,0
18425,1
18426,1
18427,0
18428,1
18429,2
18430,1
18431,2
18432,0
18433,2
18434,0
18435,2
18436,2
18437,1
18438,0
18439,1
18440,2
18441,2
18442,1
18443,1
18444,2
18445,1
18446,1
18447,2
18448,2
18449,2
18450,1
18451,0
18452,1
18453,1
18454,2
18455,2
18456,2
18457,1
18458,0
18459,2
18460,0
18461,2
18462,2
18463,2
18464,2
18465,2
18466,0
18467,2
18468,2
18469,1
18470,1
18471,2
18472,2
18473,1
18474,2
18475,2
18476,0
18477,2
18478,0
18479,2
18480,0
18481,0
18482,1
18483,0
18484,2
18485,2
18486,1
18487,1
18488,2
18489,1
18490,2
18491,1
18492,2
18493,1
18494,0
18495,2
18496,2
18497,2
18498,1
18499,2
18500,2
18501,2
18502,1
18503,0
18504,1
18505,0
18506,2
18507,2
18508,0
18509,2
18510,1
18511,2
18512,1
18513,2
18514,2
18515,2
18516,2
18517,1
18518,1
18519,2
18520,1
18521,0
18522,1
18523,2
18524,0
18525,2
18526,2
18527,1
18528,1
18529,0
18530,1
18531,1
18532,1
18533,1
18534,2
18535,0
18536,0
18537,0
18538,2
18539,1
18540,0
18541,2
18542,0
18543,1
18544,0
18545,0
18546,1
18547,2
18548,0
18549,0
18550,2
18551,2
18552,2
18553,2
18554,1
18555,1
18556,0
18557,2
18558,2
18559,1
18560,2
18561,1
18562,0
18563,2
18564,1
18565,2
18566,1
18567,2
18568,0
18569,1
18570,2
18571,0
18572,1
18573,2
18574,1
18575,0
18576,0
18577,2
18578,1
18579,1
18580,1
18581,1
18582,1
18583,2
18584,2
18585,2
18586,1
18587,0
18588,2
18589,2
18590,2
18591,1
18592,1
18593,2
18594,2
18595,2
18596,1
18597,0
18598,2
18599,1
18600,0
18601,2
18602,1
18603,0
18604,1
18605,2
18606,1
18607,1
18608,1
18609,1
18610,1
18611,2
18612,1
18613,1
18614,1
18615,2
18616,0
18617,2
18618,2
18619,0
18620,2
18621,1
18622,2
18623,0
18624,2
18625,1
18626,2
18627,1
18628,1
18629,0
18630,2
18631,0
18632,2
18633,1
18634,0
18635,2
18636,2
18637,2
18638,2
18639,2
18640,0
18641,2
18642,2
18643,2
18644,2
18645,0
18646,2
18647,1
18648,0
18649,1
18650,2
18651,0
18652,1
18653,1
18654,1
18655,2
18656,2
18657,1
18658,0
18659,2
18660,0
18661,0
18662,0
18663,2
18664,2
18665,0
18666,1
18667,0
18668,2
18669,1
18670,2
18671,1
18672,1
18673,0
18674,2
18675,2
18676,2
18677,1
18678,2
18679,2
18680,2
18681,1
18682,1
18683,1
18684,2
18685,0
18686,1
18687,1
18688,0
18689,0
18690,2
18691,1
18692,0
18693,2
18694,2
18695,2
18696,1
18697,2
18698,2
18699,0
18700,2
18701,1
18702,1
18703,1
18704,2
18705,2
18706,1
18707,1
18708,0
18709,0
18710,1
18711,2
18712,1
18713,1
18714,0
18715,0
18716,0
18717,1
18718,1
18719,0
18720,0
18721,1
18722,1
18723,0
18724,1
18725,0
18726,2
18727,2
18728,1
18729,2
18730,1
18731,0
18732,1
18733,2
18734,1
18735,1
18736,0
18737,2
18738,1
18739,1
18740,1
18741,1
18742,2
18743,1
18744,1
18745,2
18746,1
18747,1
18748,2
18749,0
18750,1
18751,0
18752,0
18753,1
18754,0
18755,1
18756,1
18757,2
18758,1
18759,0
18760,1
18761,0
18762,1
18763,1
18764,0
18765,0
18766,0
18767,1
18768,2
18769,2
18770,2
18771,2
18772,1
18773,1
18774,2
18775,0
18776,2
18777,2
18778,1
18779,0
18780,2
18781,1
18782,1
18783,2
18784,1
18785,1
18786,0
18787,2
18788,2
18789,1
18790,2
18791,0
18792,2
18793,0
18794,0
18795,0
18796,0
18797,1
18798,1
18799,0
18800,1
18801,0
18802,0
18803,2
18804,2
18805,1
18806,1
18807,1
18808,1
18809,0
18810,1
18811,0
18812,2
18813,0
18814,2
18815,1
18816,1
18817,2
18818,1
18819,1
18820,1
18821,2
18822,0
18823,2
18824,2
18825,2
18826,0
18827,2
18828,0
18829,2
18830,0
18831,2
18832,2
18833,1
18834,2
18835,0
18836,0
18837,2
18838,1
18839,2
18840,2
18841,1
18842,0
18843,1
18844,0
18845,1
18846,2
18847,1
18848,1
18849,2
18850,0
18851,0
18852,1
18853,1
18854,2
18855,0
18856,2
18857,2
18858,2
18859,1
18860,1
18861,2
18862,0
18863,1
18864,2
18865,2
18866,0
18867,2
18868,2
18869,2
18870,1
18871,2
18872,2
18873,1
18874,1
18875,2
18876,0
18877,1
18878,1
18879,1
18880,0
18881,0
18882,2
18883,1
18884,1
18885,2
18886,0
18887,1
18888,1
18889,0
18890,2
18891,0
18892,2
18893,1
18894,0
18895,2
18896,1
18897,2
18898,2
18899,2
18900,2
18901,2
18902,0
18903,2
18904,0
18905,2
18906,2
18907,1
18908,1
18909,1
18910,1
18911,2
18912,0
18913,1
18914,0
18915,2
18916,2
18917,0
18918,2
18919,0
18920,2
18921,1
18922,0
18923,2
18924,0
18925,0
18926,2
18927,2
18928,2
18929,0
18930,2
18931,0
18932,2
18933,0
18934,0
18935,1
18936,1
18937,0
18938,2
18939,2
18940,1
18941,1
18942,2
18943,2
18944,1
18945,1
18946,2
18947,2
18948,1
18949,2
18950,1
18951,1
18952,0
18953,2
18954,2
18955,1
18956,2
18957,2
18958,2
18959,0
18960,1
18961,1
18962,2
18963,1
18964,1
18965,2
18966,2
18967,1
18968,1
18969,2
18970,0
18971,2
18972,2
18973,0
18974,2
18975,2
18976,1
18977,1
18978,2
18979,2
18980,1
18981,0
18982,2
18983,1
18984,1
18985,2
18986,2
18987,1
18988,0
18989,0
18990,2
18991,2
18992,0
18993,0
18994,2
18995,2
18996,1
18997,0
18998,0
18999,0
19000,2
19001,1
19002,1
19003,0
19004,1
19005,0
19006,2
19007,2
19008,2
19009,0
19010,2
19011,2
19012,0
19013,1
19014,2
19015,1
19016,1
19017,1
19018,2
19019,2
19020,2
19021,1
19022,2
19023,0
19024,1
19025,0
19026,1
19027,2
19028,0
19029,2
19030,0
19031,1
19032,1
19033,0
19034,1
19035,1
19036,2
19037,0
19038,1
19039,1
19040,0
19041,2
19042,0
19043,2
19044,2
19045,0
19046,0
19047,2
19048,1
19049,1
19050,1
19051,2
19052,1
19053,2
19054,1
19055,2
19056,1
19057,1
19058,2
19059,0
19060,0
19061,0
19062,1
19063,1
19064,0
19065,0
19066,0
19067,2
19068,1
19069,2
19070,2
19071,1
19072,2
19073,2
19074,1
19075,2
19076,0
19077,1
19078,2
19079,2
19080,2
19081,1
19082,1
19083,0
19084,1
19085,2
19086,2
19087,1
19088,0
19089,2
19090,2
19091,2
19092,0
19093,0
19094,1
19095,0
19096,2
19097,2
19098,1
19099,2
19100,1
19101,1
19102,2
19103,1
19104,0
19105,1
19106,0
19107,2
19108,2
19109,0
19110,1
19111,2
19112,2
19113,2
19114,1
19115,2
19116,1
19117,2
19118,2
19119,2
19120,0
19121,1
19122,2
19123,0
19124,2
19125,0
19126,0
19127,2
19128,1
19129,2
19130,2
19131,1
19132,2
19133,2
19134,0
19135,0
19136,0
19137,1
19138,2
19139,1
19140,2
19141,0
19142,0
19143,0
19144,0
19145,0
19146,1
19147,2
19148,1
19149,2
19150,0
19151,1
19152,1
19153,0
19154,1
19155,0
19156,0
19157,2
19158,1
19159,1
19160,2
19161,0
19162,1
19163,2
19164,2
19165,1
19166,2
19167,0
19168,0
19169,1
19170,1
19171,1
19172,2
19173,0
19174,0
19175,0
19176,1
19177,2
19178,2
19179,1
19180,2
19181,1
19182,1
19183,2
19184,0
19185,2
19186,1
19187,2
19188,0
19189,0
19190,2
19191,2
19192,1
19193,2
19194,1
19195,2
19196,0
19197,0
19198,2
19199,2
19200,1
19201,1
19202,0
19203,0
19204,2
19205,1
19206,2
19207,1
19208,0
19209,0
19210,2
19211,1
19212,2
19213,2
19214,1
19215,2
19216,1
19217,0
19218,2
19219,0
19220,2
19221,1
19222,1
19223,1
19224,1
19225,0
19226,0
19227,0
19228,0
19229,1
19230,1
19231,1
19232,0
19233,2
19234,2
19235,2
19236,1
19237,2
19238,2
19239,2
19240,1
19241,2
19242,1
19243,1
19244,2
19245,2
19246,2
19247,0
19248,0
19249,2
19250,2
19251,2
19252,2
19253,2
19254,2
19255,2
19256,1
19257,2
19258,2
19259,2
19260,2
19261,1
19262,2
19263,1
19264,1
19265,1
19266,2
19267,2
19268,1
19269,1
19270,0
19271,1
19272,0
19273,0
19274,0
19275,2
19276,1
19277,1
19278,0
19279,2
19280,2
19281,1
19282,0
19283,1
19284,2
19285,1
19286,0
19287,0
19288,2
19289,0
19290,2
19291,2
19292,2
19293,1
19294,1
19295,2
19296,2
19297,0
19298,1
19299,2
19300,1
19301,1
19302,1
19303,2
19304,2
19305,1
19306,0
19307,2
19308,2
19309,2
19310,2
19311,0
19312,1
19313,2
19314,0
19315,0
19316,1
19317,1
19318,1
19319,1
19320,1
19321,1
19322,1
19323,1
19324,1
19325,1
19326,1
19327,2
19328,0
19329,1
19330,0
19331,2
19332,1
19333,1
19334,1
19335,0
19336,0
19337,2
19338,0
19339,1
19340,0
19341,0
19342,2
19343,2
19344,2
19345,0
19346,0
19347,2
19348,1
19349,1
19350,2
19351,2
19352,1
19353,2
19354,1
19355,0
19356,1
19357,1
19358,2
19359,1
19360,0
19361,2
19362,2
19363,0
19364,1
19365,1
19366,1
19367,2
19368,1
19369,2
19370,2
19371,2
19372,2
19373,0
19374,1
19375,1
19376,2
19377,1
19378,2
19379,1
19380,0
19381,1
19382,1
19383,2
19384,0
19385,1
19386,1
19387,2
19388,2
19389,0
19390,1
19391,1
19392,1
19393,2
19394,2
19395,1
19396,1
19397,0
19398,2
19399,2
19400,0
19401,2
19402,2
19403,2
19404,2
19405,2
19406,2
19407,2
19408,0
19409,2
19410,0
19411,1
19412,2
19413,0
19414,2
19415,2
19416,2
19417,0
19418,2
19419,0
19420,1
19421,1
19422,0
19423,2
19424,2
19425,1
19426,2
19427,1
19428,1
19429,0
19430,0
19431,1
19432,0
19433,2
19434,1
19435,0
19436,2
19437,2
19438,1
19439,2
19440,2
19441,0
19442,2
19443,1
19444,0
19445,1
19446,0
19447,2
19448,0
19449,2
19450,2
19451,1
19452,1
19453,1
19454,1
19455,2
19456,0
19457,1
19458,2
19459,2
19460,1
19461,2
19462,2
19463,2
19464,1
19465,2
19466,2
19467,0
19468,2
19469,0
19470,2
19471,2
19472,2
19473,2
19474,0
19475,2
19476,1
19477,2
19478,2
19479,0
19480,0
19481,0
19482,1
19483,0
19484,2
19485,2
19486,1
19487,0
19488,0
19489,0
19490,2
19491,0
19492,2
19493,1
19494,2
19495,2
19496,0
19497,1
19498,1
19499,2
19500,0
19501,0
19502,2
19503,1
19504,1
19505,1
19506,0
19507,2
19508,0
19509,1
19510,2
19511,0
19512,0
19513,0
19514,2
19515,1
19516,2
19517,2
19518,1
19519,2
19520,2
19521,1
19522,2
19523,2
19524,0
19525,1
19526,0
19527,0
19528,1
19529,2
19530,2
19531,0
19532,0
19533,2
19534,0
19535,1
19536,0
19537,2
19538,2
19539,0
19540,0
19541,1
19542,0
19543,2
19544,0
19545,2
19546,1
19547,1
19548,0
19549,2
19550,1
19551,2
19552,0
19553,0
19554,1
19555,1
19556,2
19557,2
19558,1
19559,1
19560,1
19561,0
19562,1
19563,2
19564,1
19565,2
19566,1
19567,1
19568,2
19569,1
19570,2
19571,2
19572,1
19573,1
19574,1
19575,2
19576,0
19577,1
19578,2
19579,1
19580,2
19581,0
19582,2
19583,2
19584,1
19585,1
19586,1
19587,2
19588,1
19589,1
19590,0
19591,0
19592,2
19593,2
19594,2
19595,2
19596,1
19597,0
19598,2
19599,1
19600,0
19601,1
19602,1
19603,2
19604,2
19605,0
19606,2
19607,1
19608,1
19609,0
19610,1
19611,2
19612,1
19613,2
19614,0
19615,0
19616,2
19617,1
19618,2
19619,2
19620,2
19621,2
19622,1
19623,1
19624,1
19625,0
19626,0
19627,2
19628,1
19629,1
19630,1
19631,2
19632,2
19633,0
19634,2
19635,2
19636,0
19637,2
19638,0
19639,2
19640,2
19641,0
19642,1
19643,2
19644,2
19645,2
19646,2
19647,1
19648,1
19649,2
19650,1
19651,1
19652,2
19653,2
19654,1
19655,2
19656,2
19657,2
19658,0
19659,0
19660,0
19661,2
19662,2
19663,1
19664,0
19665,1
19666,2
19667,1
19668,1
19669,0
19670,2
19671,2
19672,0
19673,1
19674,2
19675,1
19676,0
19677,0
19678,1
19679,0
19680,0
19681,2
19682,1
19683,0
19684,1
19685,1
19686,2
19687,0
19688,0
19689,0
19690,2
19691,2
19692,0
19693,0
19694,1
19695,2
19696,0
19697,0
19698,1
19699,2
19700,1
19701,1
19702,1
19703,2
19704,2
19705,0
19706,2
19707,2
19708,1
19709,1
19710,2
19711,1
19712,2
19713,1
19714,0
19715,0
19716,2
19717,1
19718,1
19719,0
19720,0
19721,1
19722,1
19723,2
19724,2
19725,2
19726,1
19727,2
19728,1
19729,2
19730,2
19731,2
19732,0
19733,0
19734,1
19735,2
19736,0
19737,2
19738,1
19739,1
19740,0
19741,1
19742,2
19743,1
19744,2
19745,2
19746,2
19747,0
19748,1
19749,1
19750,0
19751,1
19752,0
19753,1
19754,2
19755,2
19756,1
19757,1
19758,0
19759,1
19760,2
19761,0
19762,1
19763,0
19764,0
19765,0
19766,2
19767,2
19768,2
19769,0
19770,2
19771,0
19772,2
19773,2
19774,1
19775,0
19776,2
19777,1
19778,0
19779,0
19780,1
19781,1
19782,2
19783,1
19784,1
19785,0
19786,0
19787,1
19788,0
19789,1
19790,1
19791,2
19792,0
19793,1
19794,1
19795,0
19796,0
19797,1
19798,2
19799,2
19800,2
19801,2
19802,1
19803,2
19804,0
19805,0
19806,2
19807,1
19808,2
19809,1
19810,2
19811,2
19812,1
19813,2
19814,1
19815,1
19816,2
19817,2
19818,2
19819,1
19820,1
19821,2
19822,2
19823,0
19824,0
19825,1
19826,1
19827,2
19828,2
19829,1
19830,1
19831,1
19832,1
19833,0
19834,0
19835,0
19836,2
19837,2
19838,0
19839,2
19840,0
19841,2
19842,0
19843,1
19844,2
19845,0
19846,2
19847,2
19848,1
19849,1
19850,1
19851,2
19852,2
19853,1
19854,0
19855,2
19856,1
19857,1
19858,1
19859,0
19860,2
19861,0
19862,2
19863,2
19864,1
19865,1
19866,0
19867,1
19868,1
19869,1
19870,2
19871,1
19872,2
19873,0
19874,2
19875,2
19876,2
19877,2
19878,1
19879,1
19880,2
19881,1
19882,0
19883,2
19884,2
19885,1
19886,1
19887,1
19888,0
19889,1
19890,1
19891,0
19892,1
19893,1
19894,0
19895,0
19896,1
19897,2
19898,1
19899,1
19900,2
19901,1
19902,1
19903,1
19904,0
19905,0
19906,2
19907,0
19908,1
19909,1
19910,1
19911,0
19912,0
19913,2
19914,0
19915,1
19916,1
19917,1
19918,0
19919,0
19920,1
19921,0
19922,1
19923,1
19924,1
19925,1
19926,0
19927,1
19928,2
19929,1
19930,1
19931,0
19932,2
19933,2
19934,0
19935,1
19936,1
19937,0
19938,0
19939,2
19940,0
19941,0
19942,0
19943,0
19944,2
19945,1
19946,0
19947,1
19948,0
19949,2
19950,1
19951,2
19952,1
19953,2
19954,2
19955,2
19956,2
19957,0
19958,0
19959,2
19960,0
19961,2
19962,1
19963,2
19964,0
19965,0
19966,2
19967,0
19968,1
19969,0
19970,1
19971,0
19972,1
19973,0
19974,0
19975,2
19976,2
19977,0
19978,0
19979,2
19980,2
19981,1
19982,1
19983,0
19984,1
19985,2
19986,0
19987,1
19988,0
19989,0
19990,0
19991,2
19992,2
19993,2
19994,2
19995,1
19996,2
19997,1
19998,1
19999,2
20000,1
20001,1
20002,0
20003,2
20004,1
20005,0
20006,1
20007,2
20008,1
20009,0
20010,0
20011,2
20012,2
20013,0
20014,2
20015,1
20016,2
20017,2
20018,0
20019,1
20020,0
20021,2
20022,1
20023,2
20024,1
20025,1
20026,1
20027,0
20028,1
20029,2
20030,1
20031,1
20032,2
20033,1
20034,0
20035,1
20036,2
20037,2
20038,0
20039,2
20040,1
20041,1
20042,2
20043,1
20044,1
20045,1
20046,0
20047,2
20048,0
20049,0
20050,1
20051,1
20052,1
20053,2
20054,1
20055,0
20056,2
20057,0
20058,2
20059,0
20060,2
20061,0
20062,1
20063,1
20064,2
20065,2
20066,2
20067,1
20068,2
20069,2
20070,0
20071,2
20072,2
20073,0
20074,2
20075,0
20076,1
20077,2
20078,1
20079,2
20080,0
20081,0
20082,2
20083,2
20084,2
20085,2
20086,2
20087,0
20088,2
20089,1
20090,0
20091,2
20092,0
20093,2
20094,1
20095,2
20096,1
20097,1
20098,1
20099,2
20100,1
20101,1
20102,1
20103,0
20104,0
20105,1
20106,1
20107,1
20108,1
20109,1
20110,2
20111,0
20112,2
20113,2
20114,1
20115,1
20116,1
20117,2
20118,2
20119,1
20120,0
20121,1
20122,0
20123,2
20124,1
20125,1
20126,1
20127,1
20128,2
20129,2
20130,0
20131,2
20132,0
20133,1
20134,1
20135,1
20136,1
20137,0
20138,1
20139,0
20140,2
20141,2
20142,0
20143,0
20144,1
20145,1
20146,2
20147,1
20148,0
20149,2
20150,1
20151,2
20152,2
20153,1
20154,1
20155,2
20156,2
20157,2
20158,1
20159,1
20160,2
20161,0
20162,1
20163,1
20164,1
20165,2
20166,1
20167,1
20168,2
20169,2
20170,0
20171,2
20172,1
20173,0
20174,0
20175,2
20176,2
20177,2
20178,0
20179,1
20180,0
20181,2
20182,1
20183,0
20184,2
20185,2
20186,2
20187,0
20188,0
20189,2
20190,2
20191,0
20192,1
20193,0
20194,1
20195,2
20196,1
20197,1
20198,2
20199,1
20200,2
20201,2
20202,1
20203,2
20204,1
20205,0
20206,2
20207,0
20208,2
20209,2
20210,1
20211,1
20212,2
20213,2
20214,2
20215,1
20216,0
20217,1
20218,0
20219,2
20220,1
20221,2
20222,2
20223,2
20224,0
20225,0
20226,2
20227,1
20228,2
20229,1
20230,0
20231,2
20232,0
20233,0
20234,1
20235,0
20236,1
20237,2
20238,0
20239,1
20240,0
20241,2
20242,1
20243,0
20244,2
20245,1
20246,0
20247,2
20248,1
20249,2
20250,1
20251,2
20252,1
20253,2
20254,2
20255,2
20256,1
20257,2
20258,2
20259,1
20260,1
20261,1
20262,1
20263,1
20264,0
20265,2
20266,1
20267,2
20268,0
20269,0
20270,2
20271,0
20272,2
20273,0
20274,0
20275,1
20276,0
20277,0
20278,1
20279,0
20280,0
20281,2
20282,1
20283,1
20284,2
20285,2
20286,1
20287,0
20288,1
20289,2
20290,2
20291,2
20292,2
20293,1
20294,1
20295,1
20296,2
20297,2
20298,0
20299,1
20300,1
20301,0
20302,2
20303,2
20304,2
20305,2
20306,2
20307,0
20308,2
20309,0
20310,2
20311,1
20312,2
20313,1
20314,1
20315,1
20316,2
20317,1
20318,2
20319,1
20320,1
20321,2
20322,0
20323,0
20324,2
20325,0
20326,2
20327,2
20328,1
20329,1
20330,1
20331,2
20332,0
20333,1
20334,1
20335,1
20336,0
20337,2
20338,0
20339,1
20340,0
20341,1
20342,2
20343,1
20344,2
20345,0
20346,2
20347,2
20348,2
20349,0
20350,1
20351,0
20352,1
20353,0
20354,1
20355,1
20356,1
20357,1
20358,2
20359,1
20360,0
20361,1
20362,0
20363,0
20364,0
20365,1
20366,2
20367,0
20368,2
20369,2
20370,1
20371,2
20372,0
20373,1
20374,1
20375,1
20376,1
20377,2
20378,1
20379,2
20380,2
20381,0
20382,0
20383,0
20384,2
20385,2
20386,0
20387,2
20388,0
20389,1
20390,2
20391,1
20392,0
20393,2
20394,0
20395,1
20396,1
20397,1
20398,0
20399,0
20400,2
20401,1
20402,0
20403,0
20404,2
20405,1
20406,0
20407,2
20408,1
20409,0
20410,1
20411,2
20412,0
20413,0
20414,2
20415,1
20416,1
20417,2
20418,2
20419,1
20420,0
20421,0
20422,0
20423,0
20424,1
20425,2
20426,2
20427,2
20428,1
20429,1
20430,1
20431,1
20432,1
20433,1
20434,1
20435,0
20436,2
20437,2
20438,1
20439,0
20440,1
20441,1
20442,1
20443,2
20444,1
20445,1
20446,1
20447,2
20448,1
20449,1
20450,1
20451,1
20452,2
20453,2
20454,1
20455,1
20456,2
20457,0
20458,0
20459,2
20460,2
20461,2
20462,1
20463,1
20464,1
20465,1
20466,2
20467,2
20468,0
20469,2
20470,1
20471,2
20472,1
20473,0
20474,2
20475,2
20476,2
20477,0
20478,2
20479,0
20480,2
20481,0
20482,1
20483,1
20484,2
20485,2
20486,1
20487,1
20488,2
20489,0
20490,2
20491,2
20492,0
20493,2
20494,1
20495,2
20496,1
20497,2
20498,0
20499,2
20500,2
20501,1
20502,1
20503,1
20504,2
20505,1
20506,0
20507,1
20508,2
20509,1
20510,0
20511,0
20512,0
20513,1
20514,2
20515,2
20516,1
20517,2
20518,1
20519,2
20520,1
20521,2
20522,0
20523,1
20524,0
20525,0
20526,1
20527,1
20528,0
20529,1
20530,2
20531,1
20532,2
20533,0
20534,1
20535,2
20536,1
20537,1
20538,2
20539,1
20540,1
20541,0
20542,1
20543,1
20544,1
20545,2
20546,2
20547,0
20548,0
20549,1
20550,2
20551,0
20552,0
20553,0
20554,1
20555,1
20556,1
20557,2
20558,1
20559,0
20560,1
20561,1
20562,2
20563,1
20564,2
20565,2
20566,1
20567,2
20568,0
20569,0
20570,0
20571,2
20572,2
20573,0
20574,0
20575,0
20576,1
20577,2
20578,2
20579,2
20580,1
20581,0
20582,1
20583,2
20584,2
20585,2
20586,2
20587,0
20588,0
20589,0
20590,0
20591,0
20592,2
20593,2
20594,2
20595,2
20596,1
20597,2
20598,2
20599,1
20600,0
20601,2
20602,2
20603,2
20604,1
20605,0
20606,0
20607,2
20608,2
20609,1
20610,2
20611,2
20612,2
20613,1
20614,2
20615,1
20616,2
20617,2
20618,2
20619,2
20620,0
20621,2
20622,1
20623,0
20624,0
20625,2
20626,1
20627,0
20628,2
20629,1
20630,1
20631,2
20632,0
20633,0
20634,2
20635,2
20636,2
20637,1
20638,2
20639,1
20640,1
20641,2
20642,0
20643,1
20644,2
20645,0
20646,2
20647,2
20648,1
20649,1
20650,0
20651,2
20652,2
20653,2
20654,1
20655,2
20656,2
20657,2
20658,2
20659,2
20660,1
20661,1
20662,2
20663,2
20664,1
20665,1
20666,2
20667,2
20668,1
20669,1
20670,2
20671,2
20672,2
20673,2
20674,1
20675,0
20676,1
20677,0
20678,2
20679,2
20680,1
20681,2
20682,0
20683,2
20684,2
20685,2
20686,0
20687,2
20688,2
20689,1
20690,0
20691,2
20692,0
20693,1
20694,1
20695,1
20696,2
20697,1
20698,2
20699,1
20700,2
20701,0
20702,2
20703,0
20704,1
20705,1
20706,0
20707,1
20708,1
20709,1
20710,0
20711,1
20712,1
20713,0
20714,1
20715,2
20716,2
20717,2
20718,1
20719,1
20720,0
20721,2
20722,0
20723,1
20724,1
20725,0
20726,0
20727,2
20728,2
20729,2
20730,0
20731,1
20732,1
20733,1
20734,2
20735,1
20736,0
20737,2
20738,2
20739,1
20740,1
20741,0
20742,2
20743,2
20744,1
20745,2
20746,0
20747,1
20748,0
20749,2
20750,2
20751,2
20752,2
20753,0
20754,2
20755,0
20756,0
20757,0
20758,0
20759,2
20760,0
20761,0
20762,1
20763,1
20764,2
20765,2
20766,2
20767,1
20768,0
20769,0
20770,1
20771,1
20772,0
20773,1
20774,2
20775,1
20776,2
20777,0
20778,1
20779,1
20780,0
20781,0
20782,2
20783,1
20784,0
20785,2
20786,0
20787,0
20788,2
20789,1
20790,1
20791,1
20792,1
20793,2
20794,2
20795,0
20796,1
20797,0
20798,2
20799,0
20800,2
20801,0
20802,2
20803,1
20804,2
20805,0
20806,0
20807,1
20808,2
20809,1
20810,2
20811,0
20812,0
20813,2
20814,2
20815,2
20816,0
20817,2
20818,2
20819,2
20820,2
20821,1
20822,2
20823,2
20824,2
20825,2
20826,1
20827,1
20828,0
20829,0
20830,0
20831,0
20832,0
20833,0
20834,2
20835,2
20836,0
20837,2
20838,0
20839,0
20840,0
20841,2
20842,1
20843,2
20844,1
20845,2
20846,2
20847,0
20848,1
20849,0
20850,2
20851,1
20852,1
20853,2
20854,1
20855,0
20856,2
20857,0
20858,1
20859,0
20860,1
20861,1
20862,2
20863,1
20864,1
20865,2
20866,0
20867,1
20868,2
20869,0
20870,1
20871,2
20872,1
20873,2
20874,2
20875,0
20876,1
20877,2
20878,2
20879,1
20880,2
20881,2
20882,2
20883,1
20884,2
20885,1
20886,2
20887,2
20888,2
20889,0
20890,2
20891,1
20892,1
20893,0
20894,0
20895,1
20896,1
20897,2
20898,1
20899,1
20900,2
20901,1
20902,0
20903,0
20904,1
20905,2
20906,2
20907,1
20908,0
20909,2
20910,1
20911,2
20912,0
20913,0
20914,1
20915,2
20916,1
20917,0
20918,1
20919,1
20920,2
20921,2
20922,0
20923,0
20924,2
20925,1
20926,1
20927,1
20928,0
20929,2
20930,1
20931,2
20932,0
20933,0
20934,1
20935,2
20936,2
20937,2
20938,1
20939,0
20940,2
20941,0
20942,2
20943,2
20944,2
20945,1
20946,0
20947,1
20948,1
20949,1
20950,1
20951,1
20952,2
20953,1
20954,2
20955,0
20956,2
20957,1
20958,1
20959,1
20960,0
20961,1
20962,2
20963,1
20964,1
20965,2
20966,0
20967,2
20968,0
20969,1
20970,2
20971,2
20972,0
20973,0
20974,2
20975,0
20976,1
20977,1
20978,1
20979,0
20980,0
20981,2
20982,2
20983,1
20984,0
20985,0
20986,1
20987,0
20988,2
20989,1
20990,1
20991,2
20992,2
20993,2
20994,1
20995,2
20996,2
20997,0
20998,2
20999,1
21000,0
21001,2
21002,1
21003,1
21004,2
21005,2
21006,2
21007,0
21008,1
21009,2
21010,1
21011,1
21012,0
21013,2
21014,2
21015,2
21016,2
21017,2
21018,2
21019,1
21020,2
21021,2
21022,0
21023,2
21024,2
21025,0
21026,2
21027,2
21028,2
21029,0
21030,0
21031,2
21032,1
21033,2
21034,1
21035,2
21036,1
21037,2
21038,0
21039,1
21040,0
21041,1
21042,1
21043,0
21044,2
21045,2
21046,2
21047,0
21048,1
21049,1
21050,0
21051,2
21052,1
21053,2
21054,0
21055,1
21056,1
21057,1
21058,1
21059,2
21060,1
21061,0
21062,1
21063,2
21064,0
21065,1
21066,2
21067,1
21068,0
21069,1
21070,0
21071,2
21072,0
21073,1
21074,1
21075,0
21076,1
21077,2
21078,0
21079,0
21080,2
21081,0
21082,2
21083,1
21084,2
21085,0
21086,1
21087,2
21088,2
21089,1
21090,2
21091,1
21092,1
21093,2
21094,2
21095,0
21096,2
21097,1
21098,1
21099,1
21100,2
21101,0
21102,0
21103,2
21104,2
21105,1
21106,0
21107,1
21108,1
21109,1
21110,0
21111,1
21112,0
21113,0
21114,0
21115,0
21116,1
21117,2
21118,1
21119,1
21120,1
21121,2
21122,2
21123,2
21124,0
21125,2
21126,1
21127,2
21128,2
21129,2
21130,2
21131,2
21132,1
21133,2
21134,0
21135,1
21136,1
21137,2
21138,1
21139,1
21140,0
21141,2
21142,0
21143,2
21144,1
21145,2
21146,1
21147,1
21148,2
21149,2
21150,1
21151,1
21152,0
21153,2
21154,1
21155,0
21156,0
21157,1
21158,1
21159,0
21160,1
21161,1
21162,2
21163,0
21164,0
21165,1
21166,1
21167,2
21168,2
21169,2
21170,2
21171,1
21172,0
21173,0
21174,2
21175,2
21176,1
21177,2
21178,0
21179,2
21180,0
21181,1
21182,2
21183,2
21184,1
21185,2
21186,1
21187,1
21188,2
21189,2
21190,1
21191,1
21192,1
21193,1
21194,1
21195,2
21196,2
21197,1
21198,2
21199,1
21200,1
21201,0
21202,2
21203,1
21204,2
21205,2
21206,1
21207,0
21208,2
21209,1
21210,1
21211,1
21212,2
21213,2
21214,1
21215,1
21216,1
21217,2
21218,1
21219,1
21220,0
21221,1
21222,2
21223,0
21224,0
21225,0
21226,0
21227,2
21228,0
21229,2
21230,2
21231,1
21232,1
21233,1
21234,1
21235,0
21236,2
21237,0
21238,2
21239,1
21240,1
21241,1
21242,2
21243,2
21244,1
21245,0
21246,1
21247,2
21248,0
21249,2
21250,2
21251,1
21252,0
21253,0
21254,1
21255,2
21256,0
21257,1
21258,1
21259,1
21260,0
21261,0
21262,2
21263,2
21264,2
21265,0
21266,2
21267,2
21268,1
21269,2
21270,0
21271,2
21272,2
21273,0
21274,2
21275,2
21276,0
21277,2
21278,1
21279,0
21280,2
21281,1
21282,2
21283,1
21284,1
21285,2
21286,1
21287,1
21288,2
21289,1
21290,1
21291,2
21292,1
21293,0
21294,0
21295,0
21296,0
21297,1
21298,0
21299,0
21300,2
21301,1
21302,0
21303,2
21304,2
21305,1
21306,2
21307,2
21308,0
21309,0
21310,2
21311,2
21312,0
21313,0
21314,0
21315,2
21316,1
21317,2
21318,2
21319,0
21320,0
21321,0
21322,1
21323,0
21324,1
21325,2
21326,2
21327,2
21328,2
21329,2
21330,1
21331,2
21332,1
21333,0
21334,2
21335,0
21336,2
21337,2
21338,2
21339,0
21340,1
21341,0
21342,1
21343,2
21344,2
21345,2
21346,0
21347,1
21348,2
21349,1
21350,2
21351,1
21352,2
21353,2
21354,1
21355,0
21356,1
21357,1
21358,2
21359,1
21360,1
21361,2
21362,1
21363,2
21364,0
21365,0
21366,0
21367,1
21368,2
21369,2
21370,1
21371,1
21372,2
21373,0
21374,0
21375,1
21376,2
21377,0
21378,2
21379,1
21380,2
21381,2
21382,2
21383,0
21384,1
21385,0
21386,2
21387,2
21388,0
21389,1
21390,2
21391,2
21392,1
21393,0
21394,0
21395,1
21396,1
21397,0
21398,2
21399,0
21400,2
21401,0
21402,1
21403,1
21404,2
21405,2
21406,1
21407,0
21408,1
21409,0
21410,1
21411,1
21412,0
21413,0
21414,1
21415,1
21416,1
21417,0
21418,1
21419,1
21420,1
21421,2
21422,0
21423,2
21424,1
21425,1
21426,1
21427,0
21428,2
21429,2
21430,1
21431,2
21432,2
21433,0
21434,1
21435,1
21436,1
21437,2
21438,0
21439,2
21440,2
21441,1
21442,1
21443,1
21444,1
21445,1
21446,2
21447,1
21448,1
21449,2
21450,1
21451,2
21452,0
21453,1
21454,0
21455,0
21456,1
21457,1
21458,0
21459,2
21460,2
21461,0
21462,2
21463,2
21464,0
21465,2
21466,0
21467,1
21468,2
21469,0
21470,0
21471,2
21472,2
21473,1
21474,1
21475,2
21476,2
21477,2
21478,1
21479,2
21480,2
21481,2
21482,1
21483,2
21484,0
21485,2
21486,2
21487,2
21488,1
21489,1
21490,1
21491,0
21492,2
21493,2
21494,2
21495,0
21496,1
21497,0
21498,2
21499,0
21500,1
21501,1
21502,1
21503,0
21504,0
21505,2
21506,1
21507,1
21508,0
21509,0
21510,1
21511,0
21512,2
21513,2
21514,2
21515,1
21516,2
21517,2
21518,1
21519,0
21520,2
21521,0
21522,2
21523,2
21524,2
21525,1
21526,2
21527,2
21528,1
21529,2
21530,2
21531,2
21532,2
21533,2
21534,2
21535,1
21536,0
21537,2
21538,1
21539,1
21540,1
21541,2
21542,2
21543,2
21544,2
21545,2
21546,2
21547,2
21548,2
21549,0
21550,1
21551,0
21552,2
21553,1
21554,0
21555,0
21556,0
21557,0
21558,2
21559,2
21560,0
21561,1
21562,2
21563,1
21564,1
21565,1
21566,1
21567,0
21568,1
21569,2
21570,1
21571,2
21572,2
21573,2
21574,1
21575,0
21576,1
21577,0
21578,0
21579,0
21580,1
21581,0
21582,2
21583,2
21584,0
21585,2
21586,1
21587,2
21588,0
21589,2
21590,0
21591,2
21592,2
21593,1
21594,0
21595,0
21596,1
21597,2
21598,1
21599,0
21600,2
21601,2
21602,0
21603,0
21604,2
21605,0
21606,2
21607,2
21608,1
21609,2
21610,2
21611,2
21612,2
21613,2
21614,0
21615,1
21616,2
21617,2
21618,1
21619,2
21620,1
21621,1
21622,1
21623,0
21624,1
21625,2
21626,1
21627,1
21628,2
21629,1
21630,2
21631,0
21632,2
21633,0
21634,2
21635,1
21636,2
21637,2
21638,2
21639,0
21640,2
21641,1
21642,2
21643,2
21644,1
21645,0
21646,0
21647,0
21648,0
21649,1
21650,0
21651,1
21652,0
21653,0
21654,1
21655,0
21656,2
21657,0
21658,0
21659,2
21660,1
21661,1
21662,2
21663,0
21664,2
21665,2
21666,2
21667,2
21668,2
21669,2
21670,2
21671,2
21672,1
21673,1
21674,0
21675,0
21676,1
21677,2
21678,0
21679,2
21680,2
21681,2
21682,0
21683,2
21684,0
21685,0
21686,2
21687,1
21688,0
21689,2
21690,1
21691,0
21692,1
21693,2
21694,2
21695,0
21696,0
21697,0
21698,2
21699,1
21700,0
21701,0
21702,0
21703,1
21704,2
21705,2
21706,1
21707,2
21708,2
21709,0
21710,0
21711,0
21712,0
21713,0
21714,0
21715,1
21716,2
21717,1
21718,2
21719,1
21720,1
21721,0
21722,0
21723,1
21724,0
21725,1
21726,2
21727,1
21728,1
21729,1
21730,1
21731,1
21732,2
21733,0
21734,2
21735,2
21736,1
21737,1
21738,0
21739,0
21740,1
21741,2
21742,0
21743,0
21744,2
21745,2
21746,1
21747,2
21748,0
21749,0
21750,0
21751,1
21752,2
21753,1
21754,0
21755,1
21756,1
21757,2
21758,2
21759,0
21760,2
21761,2
21762,2
21763,1
21764,2
21765,0
21766,0
21767,1
21768,1
21769,1
21770,2
21771,0
21772,2
21773,1
21774,0
21775,0
21776,0
21777,2
21778,1
21779,2
21780,1
21781,0
21782,2
21783,0
21784,1
21785,1
21786,1
21787,2
21788,0
21789,0
21790,2
21791,2
21792,1
21793,1
21794,2
21795,2
21796,0
21797,1
21798,2
21799,2
21800,1
21801,0
21802,1
21803,2
21804,2
21805,0
21806,0
21807,1
21808,1
21809,0
21810,0
21811,1
21812,2
21813,2
21814,1
21815,1
21816,2
21817,1
21818,1
21819,1
21820,0
21821,1
21822,2
21823,0
21824,1
21825,2
21826,1
21827,2
21828,1
21829,1
21830,1
21831,1
21832,0
21833,1
21834,0
21835,2
21836,0
21837,0
21838,2
21839,2
21840,1
21841,0
21842,1
21843,0
21844,1
21845,0
21846,2
21847,1
21848,1
21849,2
21850,1
21851,2
21852,0
21853,2
21854,1
21855,2
21856,2
21857,2
21858,2
21859,2
21860,1
21861,1
21862,2
21863,1
21864,1
21865,2
21866,2
21867,2
21868,2
21869,1
21870,0
21871,0
21872,0
21873,1
21874,0
21875,0
21876,1
21877,1
21878,2
21879,2
21880,1
21881,0
21882,0
21883,1
21884,1
21885,2
21886,1
21887,1
21888,0
21889,1
21890,2
21891,1
21892,2
21893,2
21894,2
21895,1
21896,0
21897,1
21898,0
21899,0
21900,2
21901,0
21902,2
21903,2
21904,0
21905,2
21906,2
21907,1
21908,1
21909,2
21910,2
21911,2
21912,1
21913,2
21914,1
21915,1
21916,2
21917,2
21918,0
21919,2
21920,0
21921,0
21922,2
21923,0
21924,2
21925,1
21926,1
21927,0
21928,2
21929,2
21930,0
21931,2
21932,2
21933,1
21934,0
21935,0
21936,1
21937,2
21938,0
21939,2
21940,1
21941,0
21942,2
21943,0
21944,1
21945,1
21946,0
21947,1
21948,1
21949,0
21950,2
21951,2
21952,1
21953,0
21954,0
21955,0
21956,2
21957,0
21958,0
21959,1
21960,0
21961,2
21962,1
21963,1
21964,2
21965,0
21966,1
21967,2
21968,1
21969,0
21970,2
21971,0
21972,1
21973,2
21974,0
21975,2
21976,0
21977,2
21978,2
21979,1
21980,2
21981,2
21982,0
21983,2
21984,1
21985,1
21986,2
21987,1
21988,2
21989,0
21990,2
21991,1
21992,2
21993,0
21994,1
21995,2
21996,1
21997,1
21998,1
21999,1
22000,0
22001,1
22002,1
22003,2
22004,0
22005,2
22006,1
22007,2
22008,0
22009,0
22010,1
22011,2
22012,0
22013,0
22014,1
22015,2
22016,2
22017,0
22018,2
22019,0
22020,1
22021,2
22022,2
22023,0
22024,1
22025,1
22026,0
22027,0
22028,1
22029,1
22030,0
22031,2
22032,0
22033,1
22034,0
22035,0
22036,1
22037,1
22038,2
22039,2
22040,0
22041,2
22042,2
22043,1
22044,2
22045,2
22046,1
22047,2
22048,1
22049,1
22050,2
22051,0
22052,2
22053,1
22054,1
22055,2
22056,1
22057,2
22058,1
22059,2
22060,0
22061,0
22062,2
22063,1
22064,1
22065,2
22066,1
22067,0
22068,1
22069,2
22070,2
22071,0
22072,2
22073,0
22074,1
22075,2
22076,2
22077,0
22078,0
22079,2
22080,0
22081,1
22082,1
22083,1
22084,0
22085,1
22086,0
22087,0
22088,2
22089,2
22090,2
22091,2
22092,2
22093,2
22094,2
22095,0
22096,0
22097,0
22098,2
22099,2
22100,0
22101,2
22102,2
22103,0
22104,0
22105,1
22106,0
22107,1
22108,2
22109,0
22110,2
22111,1
22112,1
22113,0
22114,2
22115,1
22116,1
22117,2
22118,2
22119,2
22120,2
22121,2
22122,2
22123,1
22124,2
22125,0
22126,2
22127,2
22128,1
22129,2
22130,1
22131,2
22132,0
22133,2
22134,1
22135,1
22136,2
22137,1
22138,1
22139,2
22140,1
22141,2
22142,1
22143,2
22144,2
22145,1
22146,2
22147,2
22148,1
22149,2
22150,2
22151,2
22152,2
22153,2
22154,2
22155,2
22156,2
22157,2
22158,0
22159,1
22160,1
22161,1
22162,2
22163,2
22164,2
22165,2
22166,1
22167,2
22168,0
22169,1
22170,0
22171,2
22172,1
22173,2
22174,2
22175,1
22176,0
22177,0
22178,0
22179,2
22180,0
22181,1
22182,0
22183,0
22184,1
22185,2
22186,0
22187,0
22188,2
22189,1
22190,2
22191,2
22192,1
22193,2
22194,2
22195,1
22196,2
22197,0
22198,2
22199,0
22200,1
22201,0
22202,0
22203,2
22204,1
22205,1
22206,0
22207,0
22208,1
22209,1
22210,2
22211,1
22212,1
22213,0
22214,1
22215,2
22216,1
22217,0
22218,1
22219,1
22220,2
22221,2
22222,0
22223,2
22224,2
22225,1
22226,0
22227,0
22228,1
22229,2
22230,2
22231,1
22232,0
22233,0
22234,1
22235,0
22236,2
22237,2
22238,1
22239,2
22240,1
22241,0
22242,2
22243,0
22244,0
22245,1
22246,0
22247,2
22248,1
22249,2
22250,0
22251,2
22252,0
22253,1
22254,0
22255,2
22256,2
22257,1
22258,2
22259,2
22260,0
22261,0
22262,0
22263,0
22264,0
22265,1
22266,0
22267,2
22268,2
22269,2
22270,2
22271,1
22272,2
22273,2
22274,1
22275,1
22276,2
22277,2
22278,0
22279,0
22280,1
22281,0
22282,1
22283,2
22284,0
22285,1
22286,2
22287,1
22288,2
22289,1
22290,2
22291,1
22292,1
22293,0
22294,0
22295,1
22296,2
22297,1
22298,0
22299,1
22300,0
22301,1
22302,1
22303,0
22304,1
22305,2
22306,0
22307,1
22308,2
22309,1
22310,2
22311,1
22312,1
22313,2
22314,0
22315,1
22316,0
22317,1
22318,1
22319,2
22320,2
22321,2
22322,1
22323,2
22324,2
22325,0
22326,2
22327,0
22328,1
22329,1
22330,1
22331,1
22332,0
22333,2
22334,2
22335,1
22336,1
22337,2
22338,0
22339,2
22340,1
22341,1
22342,1
22343,2
22344,2
22345,2
22346,2
22347,1
22348,0
22349,0
22350,0
22351,1
22352,2
22353,0
22354,0
22355,2
22356,2
22357,2
22358,1
22359,2
22360,2
22361,0
22362,0
22363,2
22364,2
22365,2
22366,0
22367,0
22368,1
22369,2
22370,2
22371,0
22372,1
22373,2
22374,2
22375,2
22376,1
22377,1
22378,2
22379,0
22380,1
22381,1
22382,2
22383,0
22384,2
22385,2
22386,0
22387,2
22388,2
22389,1
22390,2
22391,2
22392,2
22393,1
22394,2
22395,0
22396,2
22397,1
22398,0
22399,0
22400,2
22401,1
22402,1
22403,0
22404,0
22405,2
22406,0
22407,1
22408,2
22409,2
22410,2
22411,2
22412,2
22413,1
22414,2
22415,2
22416,0
22417,2
22418,1
22419,1
22420,2
22421,0
22422,2
22423,2
22424,1
22425,0
22426,1
22427,2
22428,2
22429,1
22430,2
22431,1
22432,0
22433,1
22434,1
22435,2
22436,1
22437,2
22438,0
22439,0
22440,2
22441,2
22442,2
22443,1
22444,1
22445,0
22446,0
22447,1
22448,0
22449,2
22450,0
22451,2
22452,1
22453,0
22454,2
22455,0
22456,1
22457,2
22458,2
22459,2
22460,1
22461,0
22462,0
22463,0
22464,2
22465,1
22466,0
22467,2
22468,1
22469,1
22470,1
22471,2
22472,1
22473,0
22474,0
22475,2
22476,1
22477,0
22478,2
22479,0
22480,0
22481,1
22482,2
22483,2
22484,1
22485,1
22486,2
22487,1
22488,2
22489,1
22490,0
22491,1
22492,2
22493,2
22494,1
22495,2
22496,2
22497,1
22498,2
22499,0
22500,1
22501,1
22502,0
22503,2
22504,2
22505,2
22506,2
22507,2
22508,0
22509,2
22510,0
22511,2
22512,0
22513,2
22514,0
22515,2
22516,2
22517,2
22518,1
22519,1
22520,1
22521,2
22522,1
22523,2
22524,0
22525,2
22526,1
22527,1
22528,0
22529,2
22530,1
22531,2
22532,2
22533,2
22534,2
22535,1
22536,2
22537,0
22538,2
22539,2
22540,1
22541,2
22542,1
22543,1
22544,0
22545,2
22546,2
22547,2
22548,2
22549,2
22550,1
22551,2
22552,2
22553,0
22554,1
22555,1
22556,1
22557,1
22558,2
22559,2
22560,2
22561,1
22562,2
22563,2
22564,1
22565,1
22566,2
22567,1
22568,1
22569,2
22570,2
22571,2
22572,0
22573,2
22574,1
22575,2
22576,0
22577,2
22578,1
22579,0
22580,1
22581,0
22582,0
22583,2
22584,1
22585,2
22586,1
22587,2
22588,2
22589,1
22590,2
22591,2
22592,0
22593,2
22594,1
22595,1
22596,2
22597,2
22598,2
22599,1
22600,0
22601,2
22602,1
22603,0
22604,2
22605,0
22606,2
22607,0
22608,1
22609,1
22610,0
22611,1
22612,0
22613,0
22614,0
22615,1
22616,0
22617,1
22618,1
22619,0
22620,0
22621,1
22622,0
22623,2
22624,1
22625,2
22626,1
22627,1
22628,2
22629,1
22630,1
22631,2
22632,0
22633,1
22634,1
22635,0
22636,0
22637,2
22638,2
22639,2
22640,0
22641,2
22642,2
22643,1
22644,2
22645,0
22646,1
22647,2
22648,2
22649,1
22650,0
22651,0
22652,2
22653,2
22654,2
22655,2
22656,1
22657,0
22658,2
22659,1
22660,2
22661,2
22662,2
22663,0
22664,2
22665,1
22666,2
22667,1
22668,2
22669,0
22670,1
22671,0
22672,2
22673,1
22674,1
22675,1
22676,0
22677,1
22678,0
22679,1
22680,2
22681,2
22682,1
22683,0
22684,2
22685,1
22686,2
22687,0
22688,2
22689,1
22690,1
22691,2
22692,2
22693,0
22694,1
22695,0
22696,2
22697,1
22698,1
22699,2
22700,0
22701,1
22702,2
22703,2
22704,1
22705,2
22706,0
22707,0
22708,2
22709,1
22710,1
22711,1
22712,2
22713,0
22714,1
22715,2
22716,2
22717,1
22718,1
22719,1
22720,2
22721,2
22722,0
22723,2
22724,2
22725,2
22726,2
22727,0
22728,2
22729,0
22730,1
22731,2
22732,2
22733,1
22734,2
22735,1
22736,1
22737,1
22738,1
22739,2
22740,1
22741,2
22742,1
22743,1
22744,0
22745,1
22746,2
22747,1
22748,2
22749,2
22750,2
22751,1
22752,0
22753,2
22754,1
22755,1
22756,1
22757,1
22758,2
22759,2
22760,0
22761,1
22762,2
22763,0
22764,1
22765,1
22766,2
22767,2
22768,2
22769,0
22770,2
22771,1
22772,1
22773,1
22774,2
22775,1
22776,0
22777,1
22778,0
22779,1
22780,0
22781,1
22782,0
22783,0
22784,1
22785,1
22786,1
22787,2
22788,0
22789,1
22790,1
22791,1
22792,1
22793,2
22794,1
22795,2
22796,1
22797,0
22798,2
22799,0
22800,2
22801,2
22802,0
22803,0
22804,2
22805,1
22806,0
22807,2
22808,1
22809,0
22810,1
22811,2
22812,2
22813,2
22814,0
22815,0
22816,0
22817,2
22818,0
22819,1
22820,2
22821,1
22822,1
22823,2
22824,1
22825,1
22826,2
22827,1
22828,1
22829,2
22830,0
22831,2
22832,1
22833,0
22834,0
22835,0
22836,1
22837,0
22838,1
22839,0
22840,2
22841,1
22842,2
22843,1
22844,1
22845,1
22846,1
22847,0
22848,0
22849,2
22850,2
22851,0
22852,2
22853,1
22854,0
22855,1
22856,0
22857,0
22858,2
22859,0
22860,2
22861,0
22862,1
22863,2
22864,2
22865,2
22866,1
22867,1
22868,1
22869,0
22870,2
22871,0
22872,2
22873,0
22874,0
22875,2
22876,1
22877,1
22878,2
22879,2
22880,0
22881,2
22882,1
22883,1
22884,1
22885,1
22886,2
22887,2
22888,1
22889,1
22890,0
22891,2
22892,2
22893,0
22894,2
22895,2
22896,2
22897,1
22898,1
22899,2
22900,2
22901,1
22902,1
22903,1
22904,0
22905,1
22906,2
22907,2
22908,1
22909,2
22910,2
22911,2
22912,1
22913,2
22914,2
22915,2
22916,2
22917,1
22918,2
22919,0
22920,2
22921,2
22922,1
22923,2
22924,1
22925,0
22926,2
22927,1
22928,1
22929,2
22930,1
22931,2
22932,0
22933,1
22934,0
22935,1
22936,1
22937,2
22938,1
22939,2
22940,0
22941,2
22942,0
22943,2
22944,2
22945,2
22946,2
22947,0
22948,0
22949,2
22950,1
22951,2
22952,1
22953,2
22954,2
22955,2
22956,1
22957,1
22958,2
22959,1
22960,1
22961,2
22962,1
22963,1
22964,2
22965,0
22966,2
22967,1
22968,2
22969,2
22970,2
22971,1
22972,0
22973,0
22974,1
22975,2
22976,1
22977,0
22978,1
22979,2
22980,2
22981,0
22982,2
22983,1
22984,2
22985,1
22986,2
22987,2
22988,2
22989,1
22990,2
22991,2
22992,1
22993,2
22994,1
22995,1
22996,1
22997,0
22998,2
22999,2
23000,1
23001,2
23002,2
23003,2
23004,2
23005,0
23006,1
23007,1
23008,2
23009,2
23010,1
23011,1
23012,2
23013,1
23014,2
23015,2
23016,1
23017,0
23018,0
23019,2
23020,2
23021,1
23022,0
23023,2
23024,0
23025,1
23026,1
23027,1
23028,2
23029,0
23030,2
23031,1
23032,2
23033,2
23034,2
23035,1
23036,1
23037,2
23038,2
23039,2
23040,2
23041,1
23042,1
23043,0
23044,1
23045,2
23046,1
23047,0
23048,2
23049,1
23050,2
23051,2
23052,0
23053,0
23054,2
23055,0
23056,2
23057,1
23058,1
23059,1
23060,1
23061,1
23062,1
23063,0
23064,1
23065,2
23066,0
23067,1
23068,0
23069,1
23070,1
23071,1
23072,2
23073,0
23074,2
23075,2
23076,0
23077,2
23078,1
23079,2
23080,0
23081,2
23082,0
23083,2
23084,0
23085,0
23086,0
23087,0
23088,2
23089,1
23090,1
23091,2
23092,1
23093,0
23094,0
23095,2
23096,0
23097,1
23098,1
23099,0
23100,0
23101,2
23102,1
23103,0
23104,2
23105,2
23106,2
23107,2
23108,2
23109,2
23110,0
23111,1
23112,1
23113,2
23114,2
23115,0
23116,2
23117,2
23118,2
23119,2
23120,2
23121,1
23122,1
23123,1
23124,0
23125,2
23126,2
23127,1
23128,0
23129,1
23130,0
23131,1
23132,1
23133,2
23134,0
23135,2
23136,1
23137,2
23138,0
23139,2
23140,1
23141,0
23142,0
23143,1
23144,1
23145,1
23146,0
23147,0
23148,0
23149,2
23150,1
23151,1
23152,2
23153,2
23154,2
23155,1
23156,0
23157,0
23158,1
23159,2
23160,0
23161,1
23162,0
23163,1
23164,2
23165,1
23166,1
23167,2
23168,2
23169,1
23170,1
23171,2
23172,0
23173,0
23174,1
23175,1
23176,2
23177,2
23178,1
23179,2
23180,0
23181,0
23182,2
23183,2
23184,0
23185,1
23186,2
23187,2
23188,1
23189,2
23190,2
23191,2
23192,0
23193,1
23194,2
23195,2
23196,1
23197,0
23198,2
23199,0
23200,0
23201,1
23202,2
23203,2
23204,2
23205,0
23206,2
23207,1
23208,0
23209,1
23210,2
23211,2
23212,2
23213,2
23214,2
23215,1
23216,2
23217,2
23218,0
23219,2
23220,0
23221,0
23222,1
23223,0
23224,1
23225,2
23226,2
23227,0
23228,0
23229,0
23230,1
23231,1
23232,1
23233,0
23234,2
23235,1
23236,2
23237,1
23238,2
23239,1
23240,2
23241,1
23242,1
23243,0
23244,0
23245,2
23246,1
23247,2
23248,0
23249,0
23250,1
23251,1
23252,2
23253,2
23254,0
23255,2
23256,1
23257,1
23258,2
23259,1
23260,0
23261,1
23262,1
23263,0
23264,0
23265,1
23266,2
23267,0
23268,1
23269,0
23270,1
23271,1
23272,2
23273,0
23274,1
23275,1
23276,1
23277,1
23278,1
23279,1
23280,0
23281,1
23282,2
23283,0
23284,2
23285,1
23286,2
23287,2
23288,2
23289,0
23290,1
23291,2
23292,2
23293,1
23294,0
23295,1
23296,2
23297,1
23298,1
23299,1
23300,2
23301,1
23302,2
23303,1
23304,0
23305,2
23306,0
23307,2
23308,0
23309,2
23310,1
23311,2
23312,1
23313,1
23314,2
23315,0
23316,2
23317,1
23318,1
23319,1
23320,1
23321,0
23322,1
23323,1
23324,2
23325,1
23326,1
23327,2
23328,2
23329,2
23330,2
23331,1
23332,0
23333,2
23334,1
23335,0
23336,1
23337,2
23338,1
23339,1
23340,2
23341,1
23342,0
23343,2
23344,0
23345,2
23346,1
23347,1
23348,2
23349,1
23350,2
23351,2
23352,2
23353,1
23354,2
23355,1
23356,1
23357,0
23358,2
23359,1
23360,2
23361,2
23362,1
23363,1
23364,1
23365,2
23366,2
23367,2
23368,1
23369,1
23370,1
23371,0
23372,2
23373,2
23374,2
23375,2
23376,1
23377,1
23378,1
23379,1
23380,2
23381,1
23382,1
23383,2
23384,1
23385,1
23386,2
23387,1
23388,2
23389,2
23390,2
23391,2
23392,1
23393,1
23394,0
23395,1
23396,2
23397,1
23398,2
23399,2
23400,2
23401,0
23402,2
23403,2
23404,2
23405,2
23406,2
23407,0
23408,2
23409,2
23410,2
23411,2
23412,1
23413,2
23414,2
23415,1
23416,1
23417,0
23418,2
23419,0
23420,2
23421,2
23422,1
23423,2
23424,2
23425,1
23426,2
23427,1
23428,1
23429,1
23430,1
23431,1
23432,0
23433,1
23434,1
23435,0
23436,1
23437,2
23438,1
23439,2
23440,0
23441,0
23442,1
23443,1
23444,1
23445,0
23446,2
23447,0
23448,2
23449,1
23450,2
23451,0
23452,1
23453,1
23454,2
23455,1
23456,2
23457,1
23458,2
23459,2
23460,0
23461,0
23462,1
23463,1
23464,2
23465,0
23466,1
23467,2
23468,2
23469,2
23470,2
23471,2
23472,1
23473,0
23474,0
23475,2
23476,2
23477,1
23478,2
