index,cluster
0,0
1,2
2,2
3,0
4,2
5,0
6,0
7,0
8,2
9,0
10,1
11,1
12,0
13,2
14,2
15,0
16,1
17,0
18,2
19,1
20,1
21,0
22,1
23,2
24,1
25,2
26,0
27,0
28,0
29,0
30,0
31,2
32,1
33,2
34,2
35,1
36,2
37,1
38,2
39,0
40,2
41,0
42,2
43,1
44,2
45,2
46,1
47,2
48,1
49,1
50,2
51,2
52,1
53,0
54,2
55,1
56,0
57,2
58,2
59,2
60,2
61,1
62,0
63,2
64,1
65,1
66,2
67,0
68,0
69,1
70,2
71,2
72,2
73,1
74,2
75,1
76,1
77,2
78,0
79,1
80,0
81,1
82,0
83,1
84,1
85,1
86,2
87,2
88,2
89,2
90,1
91,0
92,2
93,0
94,1
95,0
96,1
97,2
98,1
99,1
100,0
101,2
102,0
103,1
104,0
105,2
106,1
107,1
108,2
109,0
110,2
111,0
112,1
113,2
114,1
115,2
116,2
117,0
118,2
119,0
120,2
121,0
122,1
123,2
124,2
125,2
126,2
127,2
128,0
129,0
130,0
131,2
132,0
133,1
134,2
135,2
136,1
137,0
138,2
139,0
140,0
141,0
142,1
143,0
144,0
145,2
146,2
147,0
148,1
149,1
150,0
151,2
152,0
153,2
154,1
155,2
156,2
157,1
158,1
159,0
160,1
161,0
162,2
163,0
164,2
165,1
166,0
167,1
168,0
169,1
170,1
171,2
172,0
173,1
174,2
175,1
176,2
177,2
178,1
179,0
180,2
181,0
182,2
183,0
184,2
185,1
186,1
187,1
188,2
189,0
190,0
191,2
192,2
193,0
194,1
195,1
196,1
197,2
198,1
199,0
200,0
201,0
202,2
203,2
204,0
205,1
206,2
207,2
208,2
209,0
210,2
211,2
212,1
213,0
214,0
215,2
216,2
217,2
218,2
219,0
220,2
221,0
222,1
223,0
224,1
225,0
226,1
227,0
228,2
229,0
230,2
231,0
232,0
233,1
234,0
235,1
236,2
237,1
238,0
239,1
240,1
241,0
242,0
243,1
244,0
245,2
246,1
247,2
248,0
249,2
250,1
251,0
252,2
253,0
254,0
255,0
256,0
257,1
258,1
259,0
260,2
261,1
262,2
263,2
264,2
265,1
266,1
267,1
268,2
269,2
270,1
271,0
272,1
273,0
274,2
275,1
276,1
277,2
278,0
279,2
280,2
281,2
282,2
283,0
284,0
285,2
286,2
287,1
288,1
289,2
290,1
291,2
292,0
293,0
294,2
295,0
296,2
297,2
298,1
299,2
300,2
301,0
302,0
303,1
304,2
305,2
306,2
307,1
308,0
309,1
310,2
311,1
312,1
313,0
314,0
315,1
316,0
317,0
318,2
319,2
320,2
321,2
322,2
323,2
324,2
325,1
326,2
327,2
328,0
329,0
330,0
331,0
332,2
333,0
334,0
335,0
336,0
337,2
338,2
339,2
340,2
341,0
342,2
343,2
344,2
345,0
346,0
347,0
348,2
349,1
350,1
351,2
352,0
353,0
354,0
355,2
356,2
357,2
358,2
359,0
360,1
361,1
362,0
363,0
364,1
365,0
366,0
367,0
368,0
369,1
370,0
371,0
372,2
373,2
374,0
375,2
376,1
377,0
378,2
379,0
380,2
381,1
382,2
383,0
384,1
385,0
386,2
387,0
388,2
389,0
390,1
391,0
392,2
393,2
394,0
395,0
396,2
397,2
398,2
399,2
400,2
401,2
402,0
403,1
404,0
405,2
406,0
407,0
408,2
409,2
410,1
411,0
412,2
413,2
414,0
415,2
416,2
417,2
418,2
419,2
420,2
421,0
422,0
423,2
424,2
425,1
426,2
427,0
428,0
429,1
430,0
431,0
432,0
433,0
434,0
435,1
436,1
437,2
438,0
439,2
440,0
441,1
442,1
443,1
444,0
445,0
446,1
447,1
448,2
449,1
450,0
451,2
452,0
453,2
454,2
455,2
456,0
457,2
458,2
459,0
460,2
461,0
462,0
463,2
464,2
465,1
466,0
467,1
468,2
469,0
470,1
471,1
472,0
473,0
474,0
475,0
476,2
477,0
478,0
479,2
480,0
481,2
482,0
483,1
484,1
485,1
486,2
487,0
488,0
489,2
490,0
491,0
492,1
493,1
494,1
495,0
496,0
497,2
498,0
499,0
500,0
501,0
502,0
503,1
504,1
505,1
506,0
507,2
508,0
509,0
510,0
511,2
512,0
513,0
514,0
515,0
516,0
517,2
518,2
519,2
520,2
521,2
522,0
523,0
524,0
525,0
526,1
527,0
528,0
529,0
530,2
531,2
532,2
533,1
534,2
535,2
536,0
537,2
538,0
539,2
540,0
541,2
542,1
543,0
544,2
545,0
546,2
547,0
548,2
549,0
550,2
551,1
552,2
553,2
554,2
555,0
556,2
557,1
558,1
559,2
560,1
561,2
562,2
563,0
564,0
565,0
566,0
567,2
568,1
569,1
570,1
571,1
572,0
573,2
574,2
575,0
576,1
577,0
578,1
579,0
580,0
581,0
582,1
583,1
584,0
585,2
586,2
587,2
588,1
589,1
590,1
591,0
592,2
593,2
594,0
595,1
596,2
597,0
598,2
599,1
600,2
601,2
602,2
603,0
604,2
605,0
606,0
607,1
608,1
609,2
610,0
611,0
612,1
613,1
614,0
615,1
616,2
617,0
618,2
619,1
620,1
621,0
622,2
623,2
624,0
625,2
626,0
627,1
628,2
629,2
630,2
631,2
632,0
633,0
634,2
635,0
636,1
637,2
638,0
639,0
640,2
641,0
642,2
643,0
644,2
645,2
646,1
647,1
648,1
649,2
650,2
651,2
652,2
653,0
654,0
655,0
656,0
657,0
658,1
659,2
660,0
661,1
662,0
663,0
664,0
665,2
666,0
667,2
668,0
669,0
670,2
671,1
672,1
673,1
674,2
675,2
676,0
677,1
678,0
679,1
680,2
681,0
682,1
683,1
684,2
685,0
686,2
687,0
688,0
689,1
690,2
691,2
692,0
693,0
694,2
695,1
696,1
697,0
698,1
699,2
700,2
701,0
702,2
703,2
704,2
705,1
706,2
707,2
708,1
709,0
710,1
711,1
712,0
713,2
714,2
715,0
716,2
717,2
718,2
719,0
720,2
721,2
722,0
723,1
724,2
725,2
726,0
727,1
728,1
729,2
730,0
731,2
732,0
733,0
734,0
735,2
736,1
737,0
738,2
739,0
740,1
741,1
742,1
743,0
744,2
745,1
746,2
747,2
748,2
749,1
750,1
751,0
752,1
753,2
754,0
755,1
756,1
757,1
758,1
759,2
760,1
761,0
762,0
763,2
764,0
765,2
766,0
767,0
768,1
769,0
770,1
771,2
772,2
773,2
774,2
775,2
776,1
777,2
778,2
779,1
780,1
781,0
782,1
783,2
784,1
785,2
786,2
787,2
788,1
789,0
790,2
791,0
792,1
793,1
794,2
795,2
796,2
797,0
798,2
799,0
800,0
801,1
802,1
803,2
804,2
805,2
806,1
807,2
808,2
809,0
810,2
811,2
812,2
813,1
814,2
815,2
816,2
817,2
818,0
819,1
820,0
821,1
822,2
823,2
824,0
825,0
826,1
827,0
828,0
829,0
830,0
831,2
832,0
833,1
834,0
835,2
836,0
837,0
838,1
839,0
840,2
841,2
842,1
843,1
844,2
845,2
846,2
847,2
848,0
849,0
850,2
851,1
852,0
853,1
854,2
855,0
856,1
857,1
858,1
859,0
860,2
861,2
862,1
863,1
864,2
865,0
866,0
867,2
868,1
869,1
870,0
871,0
872,0
873,0
874,1
875,1
876,0
877,1
878,2
879,0
880,0
881,0
882,2
883,2
884,0
885,0
886,2
887,2
888,1
889,2
890,1
891,2
892,2
893,0
894,0
895,0
896,0
897,0
898,0
899,2
900,2
901,0
902,1
903,2
904,0
905,1
906,2
907,2
908,0
909,0
910,1
911,1
912,0
913,0
914,0
915,0
916,1
917,1
918,2
919,0
920,0
921,1
922,2
923,0
924,0
925,2
926,1
927,1
928,0
929,2
930,2
931,2
932,2
933,1
934,1
935,0
936,1
937,2
938,2
939,0
940,0
941,0
942,1
943,0
944,0
945,0
946,1
947,0
948,1
949,0
950,0
951,0
952,2
953,0
954,0
955,2
956,0
957,0
958,0
959,0
960,0
961,1
962,1
963,1
964,1
965,1
966,1
967,0
968,2
969,0
970,2
971,2
972,0
973,2
974,1
975,1
976,2
977,1
978,2
979,1
980,0
981,2
982,1
983,2
984,2
985,1
986,2
987,0
988,0
989,2
990,0
991,2
992,0
993,1
994,2
995,2
996,0
997,1
998,2
999,0
1000,2
1001,2
1002,0
1003,2
1004,0
1005,0
1006,0
1007,2
1008,2
1009,2
1010,2
1011,1
1012,1
1013,0
1014,0
1015,1
1016,0
1017,1
1018,0
1019,0
1020,0
1021,2
1022,0
1023,0
1024,0
1025,1
1026,2
1027,0
1028,0
1029,2
1030,1
1031,2
1032,2
1033,1
1034,2
1035,0
1036,0
1037,2
1038,2
1039,0
1040,1
1041,2
1042,1
1043,2
1044,0
1045,0
1046,0
1047,1
1048,2
1049,2
1050,2
1051,2
1052,1
1053,0
1054,2
1055,0
1056,0
1057,2
1058,2
1059,1
1060,0
1061,2
1062,1
1063,1
1064,2
1065,0
1066,0
1067,2
1068,1
1069,1
1070,2
1071,0
1072,0
1073,2
1074,1
1075,1
1076,0
1077,0
1078,1
1079,0
1080,2
1081,1
1082,2
1083,2
1084,1
1085,0
1086,0
1087,2
1088,2
1089,1
1090,1
1091,0
1092,1
1093,2
1094,0
1095,2
1096,0
1097,2
1098,0
1099,2
1100,0
1101,0
1102,0
1103,2
1104,2
1105,1
1106,0
1107,2
1108,2
1109,0
1110,2
1111,1
1112,0
1113,2
1114,1
1115,0
1116,0
1117,2
1118,0
1119,0
1120,2
1121,1
1122,2
1123,2
1124,1
1125,1
1126,0
1127,1
1128,0
1129,0
1130,0
1131,0
1132,0
1133,0
1134,2
1135,1
1136,0
1137,0
1138,2
1139,2
1140,0
1141,2
1142,2
1143,0
1144,0
1145,0
1146,0
1147,1
1148,0
1149,0
1150,0
1151,2
1152,0
1153,2
1154,2
1155,2
1156,2
1157,1
1158,2
1159,1
1160,0
1161,2
1162,2
1163,0
1164,0
1165,2
1166,1
1167,2
1168,1
1169,2
1170,1
1171,2
1172,0
1173,1
1174,0
1175,0
1176,0
1177,2
1178,2
1179,1
1180,1
1181,1
1182,2
1183,0
1184,2
1185,1
1186,0
1187,0
1188,2
1189,1
1190,2
1191,2
1192,2
1193,2
1194,1
1195,1
1196,1
1197,1
1198,0
1199,1
1200,0
1201,2
1202,2
1203,0
1204,2
1205,1
1206,0
1207,0
1208,2
1209,2
1210,0
1211,1
1212,1
1213,2
1214,0
1215,2
1216,1
1217,0
1218,1
1219,1
1220,2
1221,0
1222,0
1223,0
1224,2
1225,2
1226,2
1227,2
1228,0
1229,0
1230,0
1231,2
1232,2
1233,2
1234,2
1235,0
1236,0
1237,1
1238,0
1239,0
1240,2
1241,1
1242,0
1243,2
1244,0
1245,0
1246,1
1247,2
1248,1
1249,1
1250,1
1251,0
1252,1
1253,1
1254,1
1255,2
1256,0
1257,2
1258,0
1259,1
1260,0
1261,1
1262,1
1263,2
1264,0
1265,0
1266,1
1267,1
1268,1
1269,0
1270,2
1271,0
1272,2
1273,2
1274,1
1275,2
1276,2
1277,0
1278,1
1279,0
1280,1
1281,0
1282,1
1283,2
1284,2
1285,1
1286,0
1287,2
1288,0
1289,2
1290,0
1291,2
1292,1
1293,0
1294,0
1295,0
1296,0
1297,0
1298,0
1299,0
1300,2
1301,0
1302,0
1303,1
1304,1
1305,2
1306,1
1307,1
1308,1
1309,0
1310,0
1311,0
1312,2
1313,2
1314,1
1315,0
1316,1
1317,1
1318,1
1319,1
1320,0
1321,2
1322,2
1323,2
1324,0
1325,0
1326,1
1327,1
1328,1
1329,1
1330,0
1331,0
1332,0
1333,1
1334,0
1335,2
1336,2
1337,2
1338,2
1339,2
1340,1
1341,1
1342,2
1343,0
1344,1
1345,1
1346,2
1347,0
1348,2
1349,0
1350,2
1351,0
1352,0
1353,1
1354,2
1355,1
1356,0
1357,2
1358,0
1359,1
1360,1
1361,0
1362,1
1363,2
1364,0
1365,0
1366,2
1367,0
1368,2
1369,0
1370,0
1371,0
1372,1
1373,2
1374,0
1375,0
1376,0
1377,2
1378,2
1379,2
1380,2
1381,2
1382,2
1383,2
1384,0
1385,2
1386,0
1387,2
1388,2
1389,2
1390,0
1391,2
1392,0
1393,1
1394,2
1395,1
1396,0
1397,0
1398,2
1399,0
1400,1
1401,0
1402,2
1403,0
1404,2
1405,0
1406,2
1407,2
1408,0
1409,0
1410,1
1411,0
1412,2
1413,2
1414,2
1415,0
1416,2
1417,0
1418,1
1419,0
1420,0
1421,1
1422,0
1423,0
1424,2
1425,2
1426,0
1427,1
1428,2
1429,0
1430,0
1431,0
1432,0
1433,0
1434,0
1435,0
1436,2
1437,0
1438,2
1439,2
1440,0
1441,0
1442,0
1443,0
1444,1
1445,0
1446,0
1447,1
1448,0
1449,0
1450,0
1451,0
1452,2
1453,2
1454,2
1455,2
1456,0
1457,2
1458,0
1459,1
1460,2
1461,0
1462,1
1463,1
1464,1
1465,1
1466,1
1467,2
1468,2
1469,1
1470,0
1471,1
1472,1
1473,2
1474,2
1475,0
1476,1
1477,1
1478,2
1479,2
1480,1
1481,2
1482,0
1483,2
1484,0
1485,0
1486,2
1487,0
1488,1
1489,0
1490,1
1491,0
1492,1
1493,2
1494,1
1495,1
1496,0
1497,2
1498,2
1499,2
1500,1
1501,2
1502,1
1503,0
1504,0
1505,1
1506,2
1507,2
1508,1
1509,0
1510,1
1511,0
1512,2
1513,1
1514,2
1515,0
1516,2
1517,2
1518,0
1519,1
1520,2
1521,0
1522,0
1523,1
1524,1
1525,2
1526,0
1527,0
1528,1
1529,1
1530,0
1531,0
1532,0
1533,2
1534,2
1535,2
1536,2
1537,2
1538,2
1539,0
1540,0
1541,0
1542,0
1543,2
1544,2
1545,0
1546,1
1547,1
1548,2
1549,2
1550,2
1551,2
1552,2
1553,0
1554,1
1555,2
1556,0
1557,0
1558,1
1559,0
1560,0
1561,1
1562,2
1563,2
1564,2
1565,2
1566,0
1567,1
1568,0
1569,0
1570,0
1571,1
1572,2
1573,0
1574,2
1575,0
1576,2
1577,2
1578,0
1579,2
1580,2
1581,2
1582,2
1583,2
1584,2
1585,0
1586,2
1587,0
1588,2
1589,1
1590,0
1591,1
1592,0
1593,2
1594,2
1595,0
1596,1
1597,1
1598,2
1599,0
1600,2
1601,0
1602,2
1603,0
1604,2
1605,0
1606,0
1607,0
1608,2
1609,1
1610,0
1611,2
1612,2
1613,0
1614,2
1615,1
1616,2
1617,2
1618,0
1619,1
1620,2
1621,2
1622,2
1623,0
1624,2
1625,1
1626,1
1627,0
1628,0
1629,0
1630,1
1631,2
1632,2
1633,2
1634,0
1635,1
1636,1
1637,2
1638,0
1639,2
1640,1
1641,1
1642,0
1643,0
1644,0
1645,0
1646,0
1647,2
1648,0
1649,2
1650,1
1651,0
1652,1
1653,0
1654,2
1655,2
1656,2
1657,1
1658,0
1659,1
1660,0
1661,1
1662,0
1663,0
1664,1
1665,0
1666,0
1667,1
1668,0
1669,0
1670,0
1671,0
1672,0
1673,2
1674,0
1675,2
1676,0
1677,0
1678,0
1679,2
1680,0
1681,1
1682,2
1683,0
1684,2
1685,2
1686,0
1687,2
1688,2
1689,2
1690,1
1691,1
1692,0
1693,0
1694,1
1695,0
1696,0
1697,0
1698,1
1699,0
1700,0
1701,2
1702,2
1703,0
1704,1
1705,2
1706,2
1707,1
1708,1
1709,2
1710,2
1711,0
1712,1
1713,2
1714,1
1715,1
1716,2
1717,2
1718,0
1719,0
1720,2
1721,0
1722,2
1723,2
1724,0
1725,0
1726,2
1727,1
1728,2
1729,0
1730,0
1731,1
1732,1
1733,2
1734,0
1735,2
1736,0
1737,1
1738,0
1739,0
1740,0
1741,1
1742,0
1743,2
1744,1
1745,1
1746,2
1747,2
1748,1
1749,2
1750,0
1751,2
1752,0
1753,0
1754,0
1755,0
1756,1
1757,0
1758,0
1759,1
1760,1
1761,0
1762,0
1763,2
1764,2
1765,1
1766,0
1767,1
1768,0
1769,1
1770,2
1771,2
1772,2
1773,1
1774,1
1775,1
1776,2
1777,0
1778,2
1779,2
1780,1
1781,2
1782,0
1783,1
1784,0
1785,1
1786,0
1787,0
1788,2
1789,1
1790,1
1791,0
1792,1
1793,2
1794,2
1795,2
1796,1
1797,1
1798,0
1799,2
1800,1
1801,0
1802,2
1803,1
1804,0
1805,0
1806,2
1807,1
1808,0
1809,2
1810,1
1811,2
1812,1
1813,1
1814,0
1815,0
1816,0
1817,0
1818,0
1819,0
1820,0
1821,2
1822,0
1823,0
1824,2
1825,2
1826,0
1827,2
1828,0
1829,0
1830,2
1831,1
1832,0
1833,1
1834,0
1835,0
1836,2
1837,2
1838,1
1839,0
1840,1
1841,2
1842,1
1843,0
1844,0
1845,2
1846,2
1847,1
1848,2
1849,0
1850,0
1851,2
1852,0
1853,0
1854,2
1855,2
1856,2
1857,2
1858,1
1859,2
1860,0
1861,1
1862,1
1863,2
1864,0
1865,2
1866,1
1867,1
1868,2
1869,2
1870,1
1871,0
1872,1
1873,2
1874,1
1875,2
1876,2
1877,0
1878,0
1879,0
1880,0
1881,0
1882,2
1883,1
1884,0
1885,2
1886,1
1887,2
1888,1
1889,0
1890,2
1891,0
1892,0
1893,0
1894,2
1895,0
1896,2
1897,0
1898,0
1899,0
1900,2
1901,2
1902,0
1903,0
1904,0
1905,1
1906,2
1907,2
1908,0
1909,1
1910,1
1911,1
1912,1
1913,1
1914,2
1915,1
1916,1
1917,2
1918,0
1919,1
1920,2
1921,2
1922,0
1923,2
1924,2
1925,0
1926,2
1927,0
1928,2
1929,2
1930,0
1931,2
1932,1
1933,2
1934,2
1935,0
1936,0
1937,2
1938,2
1939,2
1940,0
1941,2
1942,2
1943,0
1944,0
1945,2
1946,0
1947,0
1948,1
1949,0
1950,2
1951,0
1952,0
1953,2
1954,2
1955,1
1956,2
1957,0
1958,2
1959,0
1960,1
1961,1
1962,2
1963,2
1964,0
1965,0
1966,1
1967,1
1968,2
1969,2
1970,2
1971,2
1972,1
1973,2
1974,0
1975,2
1976,0
1977,2
1978,2
1979,2
1980,1
1981,0
1982,1
1983,0
1984,0
1985,1
1986,2
1987,2
1988,2
1989,0
1990,0
1991,1
1992,0
1993,2
1994,1
1995,0
1996,2
1997,0
1998,0
1999,1
2000,2
2001,2
2002,0
2003,0
2004,2
2005,2
2006,2
2007,2
2008,1
2009,2
2010,0
2011,1
2012,2
2013,0
2014,0
2015,0
2016,2
2017,0
2018,0
2019,0
2020,1
2021,1
2022,2
2023,1
2024,0
2025,0
2026,1
2027,1
2028,0
2029,0
2030,0
2031,2
2032,1
2033,1
2034,2
2035,1
2036,0
2037,0
2038,2
2039,2
2040,1
2041,2
2042,2
2043,0
2044,2
2045,0
2046,0
2047,0
2048,0
2049,2
2050,1
2051,0
2052,0
2053,0
2054,0
2055,0
2056,0
2057,1
2058,0
2059,1
2060,2
2061,1
2062,1
2063,0
2064,1
2065,0
2066,2
2067,2
2068,1
2069,2
2070,0
2071,2
2072,2
2073,1
2074,1
2075,1
2076,2
2077,1
2078,1
2079,2
2080,2
2081,0
2082,0
2083,1
2084,0
2085,0
2086,0
2087,0
2088,1
2089,0
2090,1
2091,0
2092,1
2093,0
2094,1
2095,0
2096,0
2097,2
2098,1
2099,0
2100,0
2101,1
2102,2
2103,0
2104,2
2105,2
2106,0
2107,2
2108,0
2109,0
2110,0
2111,0
2112,1
2113,1
2114,0
2115,1
2116,2
2117,2
2118,2
2119,0
2120,0
2121,0
2122,1
2123,2
2124,0
2125,0
2126,1
2127,0
2128,0
2129,0
2130,0
2131,1
2132,2
2133,2
2134,0
2135,0
2136,0
2137,0
2138,0
2139,2
2140,1
2141,2
2142,0
2143,2
2144,2
2145,2
2146,0
2147,2
2148,1
2149,2
2150,2
2151,2
2152,1
2153,2
2154,0
2155,2
2156,2
2157,0
2158,1
2159,1
2160,1
2161,0
2162,1
2163,0
2164,1
2165,1
2166,2
2167,2
2168,0
2169,2
2170,0
2171,0
2172,0
2173,1
2174,0
2175,2
2176,2
2177,1
2178,2
2179,0
2180,0
2181,2
2182,1
2183,0
2184,2
2185,0
2186,2
2187,2
2188,1
2189,2
2190,0
2191,1
2192,1
2193,0
2194,0
2195,0
2196,2
2197,1
2198,0
2199,2
2200,2
2201,2
2202,2
2203,2
2204,0
2205,2
2206,0
2207,2
2208,0
2209,1
2210,0
2211,0
2212,1
2213,0
2214,0
2215,0
2216,0
2217,2
2218,1
2219,0
2220,2
2221,0
2222,2
2223,0
2224,1
2225,0
2226,2
2227,2
2228,2
2229,2
2230,0
2231,1
2232,2
2233,0
2234,2
2235,2
2236,0
2237,2
2238,2
2239,2
2240,0
2241,0
2242,1
2243,0
2244,1
2245,2
2246,2
2247,0
2248,1
2249,0
2250,1
2251,1
2252,2
2253,2
2254,2
2255,0
2256,2
2257,0
2258,0
2259,1
2260,2
2261,2
2262,0
2263,0
2264,2
2265,0
2266,0
2267,2
2268,2
2269,1
2270,0
2271,0
2272,2
2273,1
2274,2
2275,2
2276,0
2277,2
2278,1
2279,0
2280,0
2281,1
2282,2
2283,2
2284,1
2285,1
2286,1
2287,0
2288,1
2289,0
2290,1
2291,2
2292,1
2293,0
2294,2
2295,0
2296,0
2297,2
2298,1
2299,0
2300,0
2301,1
2302,2
2303,2
2304,0
2305,0
2306,0
2307,2
2308,0
2309,2
2310,0
2311,2
2312,2
2313,2
2314,2
2315,1
2316,1
2317,0
2318,1
2319,0
2320,0
2321,0
2322,2
2323,2
2324,0
2325,2
2326,2
2327,2
2328,2
2329,0
2330,2
2331,0
2332,2
2333,2
2334,0
2335,0
2336,2
2337,1
2338,0
2339,0
2340,0
2341,0
2342,1
2343,2
2344,0
2345,0
2346,0
2347,1
2348,0
2349,0
2350,2
2351,0
2352,2
2353,1
2354,0
2355,1
2356,0
2357,2
2358,0
2359,1
2360,0
2361,0
2362,0
2363,2
2364,0
2365,0
2366,2
2367,1
2368,2
2369,1
2370,2
2371,0
2372,2
2373,0
2374,2
2375,0
2376,2
2377,1
2378,0
2379,0
2380,2
2381,0
2382,0
2383,2
2384,1
2385,2
2386,0
2387,0
2388,0
2389,2
2390,0
2391,1
2392,0
2393,0
2394,1
2395,0
2396,0
2397,0
2398,1
2399,1
2400,2
2401,2
2402,2
2403,0
2404,0
2405,1
2406,2
2407,1
2408,2
2409,2
2410,0
2411,0
2412,0
2413,0
2414,1
2415,2
2416,2
2417,2
2418,0
2419,1
2420,1
2421,2
2422,0
2423,0
2424,0
2425,1
2426,0
2427,0
2428,2
2429,1
2430,1
2431,2
2432,1
2433,2
2434,1
2435,0
2436,0
2437,2
2438,1
2439,1
2440,0
2441,0
2442,1
2443,2
2444,2
2445,0
2446,0
2447,2
2448,0
2449,2
2450,2
2451,0
2452,0
2453,0
2454,2
2455,0
2456,2
2457,2
2458,2
2459,2
2460,0
2461,2
2462,2
2463,2
2464,1
2465,1
2466,1
2467,2
2468,0
2469,1
2470,0
2471,0
2472,0
2473,1
2474,2
2475,0
2476,0
2477,1
2478,0
2479,2
2480,0
2481,1
2482,1
2483,0
2484,1
2485,0
2486,1
2487,0
2488,0
2489,2
2490,1
2491,1
2492,2
2493,1
2494,2
2495,0
2496,0
2497,1
2498,2
2499,2
2500,0
2501,1
2502,2
2503,1
2504,0
2505,0
2506,1
2507,2
2508,2
2509,1
2510,2
2511,2
2512,0
2513,2
2514,2
2515,0
2516,1
2517,0
2518,0
2519,2
2520,0
2521,2
2522,2
2523,2
2524,0
2525,0
2526,2
2527,1
2528,0
2529,0
2530,0
2531,2
2532,0
2533,1
2534,1
2535,1
2536,1
2537,1
2538,2
2539,0
2540,0
2541,0
2542,1
2543,2
2544,1
2545,0
2546,0
2547,2
2548,2
2549,1
2550,1
2551,1
2552,2
2553,2
2554,1
2555,2
2556,2
2557,1
2558,2
2559,2
2560,2
2561,2
2562,1
2563,0
2564,0
2565,0
2566,2
2567,2
2568,0
2569,0
2570,2
2571,2
2572,0
2573,2
2574,2
2575,1
2576,2
2577,0
2578,1
2579,0
2580,1
2581,1
2582,0
2583,1
2584,0
2585,2
2586,2
2587,2
2588,2
2589,0
2590,2
2591,1
2592,1
2593,2
2594,0
2595,2
2596,2
2597,2
2598,0
2599,1
2600,0
2601,0
2602,2
2603,2
2604,2
2605,1
2606,0
2607,2
2608,2
2609,0
2610,0
2611,1
2612,2
2613,2
2614,0
2615,2
2616,0
2617,0
2618,0
2619,0
2620,0
2621,0
2622,2
2623,0
2624,0
2625,2
2626,2
2627,2
2628,1
2629,1
2630,0
2631,2
2632,2
2633,0
2634,1
2635,1
2636,0
2637,1
2638,0
2639,0
2640,2
2641,0
2642,0
2643,1
2644,0
2645,2
2646,0
2647,1
2648,0
2649,0
2650,0
2651,2
2652,2
2653,2
2654,0
2655,2
2656,0
2657,1
2658,2
2659,0
2660,0
2661,2
2662,0
2663,1
2664,0
2665,0
2666,0
2667,1
2668,0
2669,2
2670,0
2671,2
2672,1
2673,1
2674,2
2675,2
2676,2
2677,0
2678,0
2679,1
2680,1
2681,0
2682,2
2683,2
2684,0
2685,0
2686,0
2687,2
2688,0
2689,1
2690,1
2691,2
2692,2
2693,2
2694,0
2695,0
2696,0
2697,2
2698,0
2699,0
2700,0
2701,2
2702,2
2703,0
2704,2
2705,0
2706,2
2707,0
2708,1
2709,1
2710,2
2711,0
2712,1
2713,1
2714,0
2715,2
2716,2
2717,0
2718,2
2719,1
2720,0
2721,1
2722,2
2723,1
2724,2
2725,2
2726,2
2727,0
2728,1
2729,1
2730,0
2731,0
2732,0
2733,2
2734,0
2735,0
2736,2
2737,0
2738,2
2739,2
2740,1
2741,1
2742,2
2743,0
2744,1
2745,2
2746,0
2747,1
2748,2
2749,0
2750,0
2751,0
2752,1
2753,1
2754,0
2755,0
2756,1
2757,2
2758,1
2759,0
2760,1
2761,0
2762,1
2763,2
2764,0
2765,0
2766,0
2767,0
2768,1
2769,0
2770,0
2771,2
2772,1
2773,0
2774,0
2775,1
2776,0
2777,2
2778,1
2779,2
2780,2
2781,2
2782,1
2783,0
2784,2
2785,0
2786,2
2787,0
2788,2
2789,0
2790,2
2791,1
2792,0
2793,2
2794,1
2795,0
2796,1
2797,2
2798,0
2799,1
2800,1
2801,0
2802,1
2803,1
2804,0
2805,0
2806,2
2807,1
2808,1
2809,0
2810,2
2811,1
2812,2
2813,1
2814,2
2815,1
2816,1
2817,2
2818,2
2819,2
2820,0
2821,1
2822,0
2823,1
2824,0
2825,1
2826,2
2827,1
2828,0
2829,1
2830,2
2831,2
2832,2
2833,0
2834,0
2835,1
2836,0
2837,0
2838,0
2839,2
2840,2
2841,0
2842,1
2843,2
2844,2
2845,0
2846,1
2847,0
2848,0
2849,0
2850,2
2851,0
2852,0
2853,1
2854,2
2855,2
2856,1
2857,2
2858,0
2859,2
2860,1
2861,0
2862,1
2863,2
2864,2
2865,0
2866,0
2867,0
2868,2
2869,0
2870,0
2871,2
2872,1
2873,0
2874,2
2875,1
2876,0
2877,0
2878,2
2879,1
2880,2
2881,2
2882,1
2883,2
2884,2
2885,2
2886,1
2887,1
2888,0
2889,2
2890,1
2891,0
2892,1
2893,2
2894,2
2895,1
2896,2
2897,0
2898,2
2899,0
2900,0
2901,1
2902,2
2903,1
2904,2
2905,0
2906,1
2907,0
2908,0
2909,2
2910,2
2911,2
2912,2
2913,0
2914,1
2915,1
2916,0
2917,2
2918,1
2919,0
2920,1
2921,0
2922,1
2923,2
2924,0
2925,0
2926,0
2927,0
2928,0
2929,0
2930,0
2931,0
2932,2
2933,1
2934,2
2935,0
2936,1
2937,2
2938,0
2939,0
2940,1
2941,1
2942,0
2943,0
2944,2
2945,2
2946,0
2947,0
2948,0
2949,0
2950,2
2951,1
2952,2
2953,1
2954,2
2955,0
2956,0
2957,2
2958,1
2959,2
2960,0
2961,1
2962,0
2963,2
2964,1
2965,2
2966,2
2967,1
2968,1
2969,0
2970,1
2971,2
2972,1
2973,2
2974,0
2975,2
2976,0
2977,0
2978,0
2979,0
2980,0
2981,0
2982,0
2983,0
2984,0
2985,1
2986,1
2987,1
2988,1
2989,1
2990,0
2991,1
2992,0
2993,2
2994,1
2995,2
2996,1
2997,2
2998,2
2999,0
3000,0
3001,0
3002,2
3003,0
3004,0
3005,0
3006,2
3007,0
3008,0
3009,1
3010,0
3011,2
3012,1
3013,2
3014,2
3015,1
3016,1
3017,0
3018,1
3019,0
3020,2
3021,1
3022,0
3023,2
3024,2
3025,0
3026,2
3027,0
3028,2
3029,1
3030,0
3031,2
3032,2
3033,1
3034,2
3035,0
3036,1
3037,0
3038,0
3039,2
3040,0
3041,0
3042,0
3043,1
3044,2
3045,1
3046,2
3047,0
3048,2
3049,1
3050,0
3051,1
3052,0
3053,0
3054,2
3055,2
3056,1
3057,0
3058,2
3059,0
3060,0
3061,1
3062,2
3063,1
3064,1
3065,1
3066,2
3067,0
3068,0
3069,1
3070,0
3071,0
3072,1
3073,1
3074,1
3075,0
3076,2
3077,2
3078,1
3079,0
3080,2
3081,1
3082,2
3083,0
3084,2
3085,2
3086,2
3087,0
3088,2
3089,2
3090,0
3091,0
3092,0
3093,2
3094,0
3095,0
3096,1
3097,2
3098,0
3099,1
3100,1
3101,0
3102,0
3103,0
3104,2
3105,1
3106,2
3107,0
3108,2
3109,0
3110,2
3111,2
3112,0
3113,0
3114,0
3115,0
3116,2
3117,0
3118,1
3119,2
3120,0
3121,2
3122,0
3123,1
3124,1
3125,0
3126,2
3127,2
3128,0
3129,0
3130,0
3131,2
3132,0
3133,2
3134,1
3135,1
3136,0
3137,0
3138,2
3139,2
3140,2
3141,1
3142,2
3143,2
3144,0
3145,0
3146,2
3147,1
3148,2
3149,0
3150,1
3151,1
3152,0
3153,1
3154,2
3155,1
3156,2
3157,2
3158,0
3159,1
3160,0
3161,0
3162,0
3163,0
3164,1
3165,1
3166,2
3167,2
3168,1
3169,2
3170,0
3171,1
3172,0
3173,2
3174,2
3175,1
3176,1
3177,1
3178,2
3179,1
3180,0
3181,2
3182,2
3183,2
3184,2
3185,2
3186,0
3187,2
3188,0
3189,1
3190,1
3191,0
3192,2
3193,2
3194,2
3195,2
3196,0
3197,1
3198,0
3199,1
3200,0
3201,2
3202,1
3203,1
3204,2
3205,2
3206,0
3207,0
3208,1
3209,0
3210,0
3211,2
3212,0
3213,0
3214,1
3215,2
3216,1
3217,0
3218,0
3219,2
3220,0
3221,2
3222,0
3223,0
3224,2
3225,0
3226,2
3227,0
3228,2
3229,0
3230,2
3231,2
3232,1
3233,0
3234,0
3235,1
3236,0
3237,2
3238,2
3239,2
3240,2
3241,0
3242,1
3243,1
3244,2
3245,0
3246,0
3247,1
3248,0
3249,1
3250,2
3251,2
3252,0
3253,1
3254,0
3255,0
3256,0
3257,2
3258,0
3259,0
3260,2
3261,1
3262,2
3263,2
3264,0
3265,0
3266,0
3267,1
3268,0
3269,1
3270,2
3271,0
3272,1
3273,1
3274,0
3275,0
3276,1
3277,2
3278,1
3279,2
3280,2
3281,0
3282,0
3283,2
3284,0
3285,0
3286,0
3287,0
3288,1
3289,1
3290,2
3291,2
3292,2
3293,2
3294,1
3295,0
3296,1
3297,2
3298,0
3299,2
3300,1
3301,2
3302,1
3303,0
3304,1
3305,1
3306,1
3307,0
3308,2
3309,1
3310,2
3311,2
3312,2
3313,0
3314,0
3315,2
3316,2
3317,2
3318,1
3319,1
3320,2
3321,1
3322,1
3323,0
3324,2
3325,0
3326,1
3327,2
3328,2
3329,2
3330,0
3331,0
3332,0
3333,2
3334,0
3335,2
3336,2
3337,2
3338,0
3339,2
3340,1
3341,0
3342,0
3343,2
3344,2
3345,2
3346,0
3347,2
3348,1
3349,1
3350,0
3351,0
3352,1
3353,0
3354,2
3355,1
3356,0
3357,2
3358,2
3359,0
3360,1
3361,2
3362,2
3363,0
3364,2
3365,0
3366,2
3367,1
3368,1
3369,2
3370,2
3371,2
3372,0
3373,1
3374,2
3375,2
3376,1
3377,0
3378,2
3379,2
3380,0
3381,1
3382,0
3383,2
3384,2
3385,0
3386,1
3387,2
3388,0
3389,0
3390,2
3391,0
3392,1
3393,0
3394,0
3395,0
3396,0
3397,2
3398,2
3399,2
3400,2
3401,0
3402,0
3403,0
3404,0
3405,1
3406,0
3407,1
3408,1
3409,0
3410,0
3411,0
3412,0
3413,0
3414,1
3415,2
3416,0
3417,2
3418,2
3419,2
3420,1
3421,0
3422,1
3423,0
3424,1
3425,0
3426,1
3427,1
3428,2
3429,2
3430,2
3431,1
3432,0
3433,2
3434,0
3435,0
3436,2
3437,0
3438,2
3439,0
3440,0
3441,2
3442,1
3443,2
3444,1
3445,1
3446,0
3447,0
3448,0
3449,0
3450,0
3451,0
3452,2
3453,1
3454,0
3455,1
3456,0
3457,2
3458,1
3459,2
3460,0
3461,2
3462,1
3463,0
3464,0
3465,2
3466,2
3467,1
3468,2
3469,0
3470,0
3471,1
3472,2
3473,0
3474,2
3475,1
3476,0
3477,1
3478,0
3479,2
3480,1
3481,2
3482,0
3483,0
3484,1
3485,1
3486,2
3487,0
3488,1
3489,1
3490,0
3491,1
3492,2
3493,2
3494,1
3495,2
3496,1
3497,1
3498,1
3499,0
3500,0
3501,0
3502,1
3503,0
3504,0
3505,2
3506,1
3507,0
3508,1
3509,1
3510,0
3511,0
3512,0
3513,2
3514,0
3515,0
3516,0
3517,0
3518,0
3519,2
3520,2
3521,2
3522,2
3523,2
3524,0
3525,0
3526,2
3527,2
3528,0
3529,0
3530,1
3531,0
3532,2
3533,0
3534,2
3535,0
3536,2
3537,1
3538,0
3539,1
3540,0
3541,1
3542,0
3543,2
3544,1
3545,1
3546,2
3547,0
3548,1
3549,2
3550,0
3551,1
3552,1
3553,2
3554,0
3555,2
3556,2
3557,0
3558,2
3559,0
3560,1
3561,1
3562,1
3563,2
3564,2
3565,2
3566,1
3567,0
3568,0
3569,0
3570,2
3571,0
3572,1
3573,0
3574,0
3575,0
3576,2
3577,2
3578,1
3579,2
3580,0
3581,0
3582,2
3583,2
3584,2
3585,0
3586,0
3587,1
3588,2
3589,0
3590,0
3591,1
3592,2
3593,1
3594,2
3595,2
3596,2
3597,2
3598,2
3599,1
3600,0
3601,0
3602,0
3603,1
3604,0
3605,2
3606,0
3607,0
3608,0
3609,2
3610,0
3611,2
3612,1
3613,0
3614,1
3615,1
3616,1
3617,2
3618,0
3619,0
3620,0
3621,1
3622,2
3623,0
3624,2
3625,1
3626,2
3627,1
3628,0
3629,0
3630,2
3631,1
3632,1
3633,2
3634,2
3635,2
3636,2
3637,2
3638,1
3639,1
3640,1
3641,1
3642,2
3643,1
3644,0
3645,2
3646,0
3647,2
3648,2
3649,2
3650,1
3651,0
3652,0
3653,0
3654,0
3655,1
3656,0
3657,2
3658,0
3659,2
3660,2
3661,1
3662,1
3663,2
3664,1
3665,1
3666,0
3667,2
3668,1
3669,2
3670,0
3671,0
3672,2
3673,2
3674,1
3675,0
3676,1
3677,1
3678,2
3679,2
3680,2
3681,2
3682,2
3683,1
3684,0
3685,2
3686,1
3687,1
3688,0
3689,0
3690,0
3691,0
3692,2
3693,1
3694,2
3695,1
3696,1
3697,2
3698,0
3699,2
3700,1
3701,1
3702,0
3703,0
3704,1
3705,2
3706,0
3707,2
3708,0
3709,2
3710,2
3711,1
3712,1
3713,2
3714,0
3715,1
3716,0
3717,0
3718,2
3719,2
3720,0
3721,2
3722,2
3723,2
3724,2
3725,1
3726,0
3727,2
3728,2
3729,0
3730,2
3731,0
3732,1
3733,1
3734,0
3735,0
3736,0
3737,1
3738,1
3739,1
3740,2
3741,2
3742,0
3743,1
3744,0
3745,1
3746,2
3747,2
3748,2
3749,2
3750,0
3751,2
3752,2
3753,1
3754,0
3755,0
3756,1
3757,0
3758,2
3759,1
3760,1
3761,1
3762,0
3763,0
3764,2
3765,1
3766,1
3767,1
3768,0
3769,1
3770,0
3771,0
3772,2
3773,0
3774,2
3775,1
3776,0
3777,0
3778,1
3779,1
3780,0
3781,0
3782,0
3783,2
3784,2
3785,0
3786,2
3787,1
3788,2
3789,2
3790,1
3791,1
3792,0
3793,1
3794,0
3795,1
3796,2
3797,0
3798,0
3799,1
3800,2
3801,0
3802,0
3803,2
3804,2
3805,0
3806,0
3807,0
3808,0
3809,0
3810,0
3811,1
3812,0
3813,0
3814,2
3815,2
3816,1
3817,0
3818,0
3819,0
3820,2
3821,0
3822,2
3823,2
3824,1
3825,2
3826,2
3827,2
3828,0
3829,2
3830,2
3831,2
3832,0
3833,1
3834,0
3835,2
3836,0
3837,2
3838,1
3839,2
3840,2
3841,0
3842,1
3843,1
3844,0
3845,2
3846,0
3847,2
3848,0
3849,0
3850,0
3851,1
3852,2
3853,1
3854,2
3855,2
3856,1
3857,2
3858,2
3859,1
3860,0
3861,1
3862,2
3863,1
3864,0
3865,2
3866,1
3867,1
3868,2
3869,0
3870,0
3871,0
3872,2
3873,2
3874,0
3875,0
3876,0
3877,2
3878,1
3879,2
3880,0
3881,0
3882,1
3883,2
3884,0
3885,2
3886,1
3887,1
3888,2
3889,2
3890,2
3891,2
3892,2
3893,0
3894,1
3895,2
3896,2
3897,2
3898,1
3899,0
3900,0
3901,0
3902,2
3903,2
3904,2
3905,2
3906,2
3907,2
3908,2
3909,0
3910,1
3911,0
3912,2
3913,2
3914,1
3915,2
3916,2
3917,2
3918,0
3919,1
3920,2
3921,2
3922,2
3923,0
3924,0
3925,2
3926,0
3927,2
3928,0
3929,0
3930,1
3931,2
3932,2
3933,1
3934,0
3935,2
3936,2
3937,1
3938,2
3939,1
3940,2
3941,2
3942,2
3943,2
3944,2
3945,0
3946,1
3947,0
3948,2
3949,1
3950,1
3951,2
3952,0
3953,0
3954,2
3955,1
3956,2
3957,0
3958,1
3959,2
3960,0
3961,1
3962,1
3963,2
3964,0
3965,1
3966,2
3967,0
3968,0
3969,1
3970,2
3971,1
3972,2
3973,1
3974,0
3975,0
3976,2
3977,0
3978,1
3979,0
3980,0
3981,2
3982,0
3983,0
3984,2
3985,2
3986,1
3987,2
3988,1
3989,0
3990,1
3991,2
3992,1
3993,2
3994,2
3995,0
3996,2
3997,2
3998,1
3999,0
4000,1
4001,1
4002,0
4003,1
4004,1
4005,1
4006,0
4007,0
4008,2
4009,2
4010,1
4011,0
4012,1
4013,1
4014,2
4015,2
4016,0
4017,2
4018,0
4019,1
4020,1
4021,0
4022,0
4023,2
4024,1
4025,0
4026,2
4027,0
4028,1
4029,0
4030,2
4031,0
4032,1
4033,0
4034,1
4035,0
4036,2
4037,0
4038,1
4039,2
4040,1
4041,1
4042,2
4043,1
4044,2
4045,0
4046,0
4047,0
4048,0
4049,2
4050,1
4051,0
4052,0
4053,2
4054,0
4055,2
4056,0
4057,2
4058,1
4059,0
4060,1
4061,2
4062,1
4063,0
4064,2
4065,0
4066,0
4067,2
4068,2
4069,2
4070,1
4071,0
4072,0
4073,1
4074,2
4075,2
4076,1
4077,2
4078,0
4079,1
4080,0
4081,0
4082,2
4083,0
4084,2
4085,0
4086,0
4087,0
4088,1
4089,2
4090,0
4091,0
4092,1
4093,2
4094,2
4095,2
4096,2
4097,2
4098,0
4099,0
4100,0
4101,2
4102,0
4103,1
4104,2
4105,2
4106,2
4107,0
4108,0
4109,2
4110,0
4111,2
4112,2
4113,2
4114,2
4115,0
4116,0
4117,2
4118,0
4119,0
4120,0
4121,1
4122,2
4123,0
4124,1
4125,0
4126,2
4127,2
4128,0
4129,2
4130,2
4131,0
4132,1
4133,1
4134,0
4135,2
4136,1
4137,2
4138,0
4139,1
4140,0
4141,1
4142,0
4143,2
4144,0
4145,2
4146,1
4147,0
4148,0
4149,0
4150,1
4151,1
4152,0
4153,0
4154,2
4155,0
4156,0
4157,2
4158,2
4159,1
4160,2
4161,1
4162,2
4163,1
4164,0
4165,1
4166,0
4167,0
4168,2
4169,0
4170,2
4171,0
4172,1
4173,1
4174,0
4175,0
4176,2
4177,0
4178,2
4179,1
4180,0
4181,0
4182,0
4183,2
4184,2
4185,2
4186,1
4187,2
4188,2
4189,0
4190,2
4191,2
4192,2
4193,0
4194,0
4195,2
4196,2
4197,2
4198,1
4199,2
4200,0
4201,2
4202,2
4203,2
4204,2
4205,0
4206,2
4207,2
4208,1
4209,1
4210,1
4211,2
4212,2
4213,0
4214,0
4215,0
4216,0
4217,0
4218,0
4219,2
4220,1
4221,1
4222,1
4223,2
4224,0
4225,0
4226,1
4227,0
4228,0
4229,1
4230,0
4231,2
4232,1
4233,2
4234,0
4235,2
4236,0
4237,2
4238,0
4239,1
4240,2
4241,2
4242,1
4243,1
4244,0
4245,2
4246,2
4247,2
4248,2
4249,0
4250,1
4251,0
4252,2
4253,0
4254,0
4255,0
4256,1
4257,1
4258,0
4259,2
4260,2
4261,0
4262,0
4263,0
4264,2
4265,0
4266,2
4267,1
4268,0
4269,2
4270,1
4271,0
4272,1
4273,2
4274,2
4275,0
4276,0
4277,0
4278,2
4279,0
4280,0
4281,1
4282,1
4283,1
4284,2
4285,1
4286,1
4287,2
4288,1
4289,0
4290,0
4291,2
4292,1
4293,1
4294,1
4295,0
4296,2
4297,1
4298,2
4299,2
4300,0
4301,1
4302,2
4303,0
4304,0
4305,0
4306,1
4307,1
4308,0
4309,0
4310,2
4311,1
4312,0
4313,0
4314,0
4315,0
4316,0
4317,1
4318,2
4319,1
4320,2
4321,1
4322,1
4323,2
4324,2
4325,1
4326,0
4327,0
4328,1
4329,2
4330,0
4331,0
4332,1
4333,0
4334,2
4335,2
4336,0
4337,1
4338,0
4339,0
4340,0
4341,2
4342,2
4343,1
4344,2
4345,0
4346,2
4347,1
4348,0
4349,0
4350,1
4351,2
4352,1
4353,0
4354,2
4355,2
4356,2
4357,0
4358,0
4359,2
4360,0
4361,2
4362,0
4363,0
4364,0
4365,2
4366,1
4367,0
4368,1
4369,1
4370,0
4371,1
4372,1
4373,0
4374,1
4375,0
4376,1
4377,1
4378,1
4379,2
4380,0
4381,0
4382,1
4383,0
4384,1
4385,2
4386,2
4387,1
4388,2
4389,1
4390,0
4391,0
4392,2
4393,0
4394,0
4395,0
4396,0
4397,0
4398,2
4399,2
4400,0
4401,1
4402,2
4403,2
4404,1
4405,0
4406,2
4407,1
4408,0
4409,0
4410,2
4411,2
4412,0
4413,0
4414,0
4415,1
4416,1
4417,0
4418,0
4419,2
4420,2
4421,2
4422,1
4423,0
4424,2
4425,2
4426,2
4427,2
4428,0
4429,2
4430,0
4431,0
4432,0
4433,2
4434,0
4435,2
4436,2
4437,0
4438,0
4439,1
4440,2
4441,0
4442,2
4443,0
4444,1
4445,2
4446,1
4447,2
4448,2
4449,0
4450,2
4451,2
4452,1
4453,1
4454,0
4455,1
4456,0
4457,0
4458,2
4459,0
4460,2
4461,0
4462,1
4463,1
4464,2
4465,2
4466,0
4467,0
4468,1
4469,2
4470,0
4471,1
4472,0
4473,0
4474,0
4475,2
4476,2
4477,0
4478,0
4479,0
4480,0
4481,0
4482,2
4483,1
4484,0
4485,1
4486,1
4487,1
4488,0
4489,0
4490,1
4491,1
4492,1
4493,2
4494,1
4495,2
4496,1
4497,0
4498,2
4499,0
4500,2
4501,0
4502,2
4503,0
4504,1
4505,1
4506,2
4507,1
4508,0
4509,0
4510,1
4511,0
4512,0
4513,1
4514,1
4515,0
4516,0
4517,0
4518,0
4519,2
4520,2
4521,0
4522,0
4523,0
4524,0
4525,0
4526,1
4527,1
4528,2
4529,1
4530,0
4531,0
4532,0
4533,0
4534,0
4535,1
4536,0
4537,2
4538,1
4539,2
4540,2
4541,1
4542,2
4543,0
4544,0
4545,0
4546,2
4547,1
4548,1
4549,2
4550,0
4551,0
4552,2
4553,0
4554,0
4555,1
4556,2
4557,2
4558,2
4559,1
4560,0
4561,0
4562,0
4563,1
4564,2
4565,1
4566,0
4567,0
4568,1
4569,0
4570,0
4571,0
4572,2
4573,2
4574,1
4575,2
4576,2
4577,2
4578,1
4579,2
4580,1
4581,2
4582,1
4583,0
4584,2
4585,0
4586,2
4587,1
4588,0
4589,0
4590,0
4591,0
4592,1
4593,0
4594,0
4595,0
4596,2
4597,2
4598,2
4599,0
4600,0
4601,0
4602,1
4603,0
4604,2
4605,0
4606,0
4607,0
4608,0
4609,1
4610,0
4611,0
4612,2
4613,2
4614,2
4615,0
4616,1
4617,2
4618,0
4619,2
4620,2
4621,0
4622,2
4623,2
4624,0
4625,0
4626,0
4627,1
4628,2
4629,0
4630,2
4631,2
4632,1
4633,1
4634,0
4635,0
4636,0
4637,2
4638,2
4639,2
4640,0
4641,0
4642,0
4643,2
4644,2
4645,1
4646,2
4647,0
4648,0
4649,0
4650,2
4651,2
4652,0
4653,2
4654,2
4655,2
4656,0
4657,0
4658,2
4659,0
4660,1
4661,0
4662,0
4663,0
4664,0
4665,2
4666,2
4667,0
4668,2
4669,1
4670,0
4671,0
4672,2
4673,2
4674,1
4675,0
4676,0
4677,1
4678,0
4679,2
4680,1
4681,0
4682,1
4683,1
4684,2
4685,2
4686,2
4687,2
4688,0
4689,2
4690,1
4691,1
4692,1
4693,1
4694,2
4695,1
4696,1
4697,2
4698,2
4699,1
4700,2
4701,1
4702,1
4703,1
4704,2
4705,2
4706,0
4707,2
4708,2
4709,0
4710,0
4711,2
4712,1
4713,0
4714,2
4715,1
4716,1
4717,1
4718,2
4719,1
4720,2
4721,2
4722,1
4723,2
4724,0
4725,1
4726,0
4727,1
4728,1
4729,0
4730,2
4731,2
4732,2
4733,0
4734,2
4735,1
4736,2
4737,1
4738,1
4739,2
4740,1
4741,1
4742,2
4743,1
4744,2
4745,0
4746,2
4747,0
4748,2
4749,2
4750,1
4751,1
4752,2
4753,2
4754,2
4755,0
4756,1
4757,0
4758,1
4759,2
4760,1
4761,2
4762,0
4763,0
4764,0
4765,2
4766,0
4767,2
4768,0
4769,0
4770,1
4771,0
4772,0
4773,2
4774,2
4775,0
4776,2
4777,0
4778,1
4779,2
4780,2
4781,1
4782,2
4783,2
4784,2
4785,1
4786,2
4787,1
4788,0
4789,1
4790,2
4791,0
4792,2
4793,0
4794,0
4795,0
4796,1
4797,1
4798,0
4799,0
4800,2
4801,1
4802,0
4803,2
4804,1
4805,1
4806,2
4807,1
4808,0
4809,0
4810,0
4811,0
4812,0
4813,2
4814,1
4815,0
4816,0
4817,1
4818,2
4819,1
4820,0
4821,0
4822,2
4823,0
4824,2
4825,1
4826,0
4827,1
4828,1
4829,0
4830,2
4831,0
4832,0
4833,1
4834,1
4835,2
4836,0
4837,2
4838,2
4839,2
4840,0
4841,0
4842,0
4843,0
4844,0
4845,2
4846,1
4847,1
4848,2
4849,0
4850,0
4851,0
4852,1
4853,1
4854,2
4855,2
4856,1
4857,0
4858,1
4859,1
4860,1
4861,2
4862,2
4863,2
4864,2
4865,1
4866,1
4867,0
4868,0
4869,2
4870,2
4871,1
4872,0
4873,1
4874,2
4875,2
4876,2
4877,0
4878,1
4879,2
4880,2
4881,2
4882,2
4883,2
4884,2
4885,0
4886,0
4887,1
4888,0
4889,1
4890,2
4891,2
4892,2
4893,2
4894,0
4895,0
4896,1
4897,0
4898,0
4899,2
4900,2
4901,2
4902,2
4903,0
4904,0
4905,1
4906,0
4907,2
4908,1
4909,2
4910,2
4911,1
4912,0
4913,2
4914,1
4915,0
4916,1
4917,0
4918,0
4919,2
4920,1
4921,0
4922,1
4923,1
4924,2
4925,2
4926,0
4927,2
4928,0
4929,2
4930,1
4931,2
4932,2
4933,2
4934,2
4935,0
4936,2
4937,0
4938,0
4939,0
4940,2
4941,0
4942,1
4943,1
4944,0
4945,2
4946,0
4947,0
4948,2
4949,2
4950,0
4951,2
4952,1
4953,0
4954,2
4955,1
4956,0
4957,0
4958,1
4959,0
4960,1
4961,1
4962,2
4963,1
4964,0
4965,0
4966,0
4967,1
4968,2
4969,2
4970,2
4971,1
4972,0
4973,0
4974,0
4975,1
4976,2
4977,0
4978,0
4979,1
4980,2
4981,0
4982,0
4983,2
4984,0
4985,2
4986,0
4987,1
4988,1
4989,2
4990,2
4991,2
4992,1
4993,0
4994,0
4995,0
4996,0
4997,1
4998,0
4999,0
5000,0
5001,0
5002,2
5003,0
5004,2
5005,2
5006,2
5007,0
5008,0
5009,2
5010,0
5011,0
5012,0
5013,2
5014,0
5015,1
5016,2
5017,1
5018,2
5019,2
5020,0
5021,2
5022,1
5023,1
5024,0
5025,1
5026,2
5027,0
5028,2
5029,2
5030,0
5031,0
5032,0
5033,2
5034,1
5035,1
5036,0
5037,0
5038,2
5039,2
5040,0
5041,1
5042,2
5043,2
5044,0
5045,1
5046,2
5047,2
5048,2
5049,0
5050,0
5051,1
5052,0
5053,0
5054,1
5055,0
5056,1
5057,2
5058,2
5059,0
5060,0
5061,0
5062,0
5063,1
5064,1
5065,0
5066,2
5067,0
5068,2
5069,2
5070,2
5071,2
5072,0
5073,0
5074,1
5075,0
5076,1
5077,2
5078,0
5079,2
5080,0
5081,2
5082,1
5083,2
5084,0
5085,1
5086,2
5087,0
5088,1
5089,0
5090,2
5091,0
5092,2
5093,2
5094,0
5095,1
5096,1
5097,2
5098,2
5099,2
5100,2
5101,0
5102,0
5103,0
5104,0
5105,0
5106,2
5107,0
5108,0
5109,0
5110,1
5111,2
5112,0
5113,1
5114,1
5115,1
5116,1
5117,2
5118,1
5119,2
5120,1
5121,0
5122,2
5123,2
5124,0
5125,2
5126,2
5127,0
5128,1
5129,2
5130,0
5131,0
5132,2
5133,1
5134,2
5135,0
5136,2
5137,1
5138,1
5139,2
5140,2
5141,0
5142,0
5143,2
5144,2
5145,0
5146,0
5147,2
5148,2
5149,1
5150,2
5151,0
5152,2
5153,2
5154,0
5155,0
5156,0
5157,0
5158,1
5159,0
5160,2
5161,2
5162,0
5163,0
5164,2
5165,1
5166,2
5167,1
5168,0
5169,0
5170,0
5171,2
5172,1
5173,2
5174,2
5175,2
5176,0
5177,2
5178,0
5179,0
5180,1
5181,1
5182,0
5183,0
5184,1
5185,1
5186,1
5187,1
5188,2
5189,0
5190,1
5191,2
5192,2
5193,0
5194,2
5195,1
5196,2
5197,2
5198,2
5199,1
5200,0
5201,2
5202,2
5203,2
5204,2
5205,2
5206,2
5207,2
5208,0
5209,0
5210,2
5211,1
5212,2
5213,0
5214,2
5215,0
5216,2
5217,2
5218,0
5219,0
5220,1
5221,0
5222,2
5223,0
5224,0
5225,1
5226,0
5227,0
5228,0
5229,0
5230,2
5231,0
5232,0
5233,2
5234,2
5235,2
5236,1
5237,0
5238,1
5239,1
5240,2
5241,2
5242,2
5243,1
5244,2
5245,2
5246,2
5247,0
5248,0
5249,2
5250,1
5251,2
5252,0
5253,0
5254,0
5255,1
5256,0
5257,2
5258,2
5259,2
5260,0
5261,1
5262,1
5263,0
5264,2
5265,0
5266,2
5267,0
5268,2
5269,1
5270,0
5271,2
5272,0
5273,2
5274,0
5275,0
5276,2
5277,1
5278,1
5279,2
5280,0
5281,1
5282,1
5283,0
5284,0
5285,2
5286,1
5287,1
5288,1
5289,1
5290,2
5291,2
5292,2
5293,1
5294,0
5295,0
5296,0
5297,1
5298,2
5299,1
5300,2
5301,0
5302,2
5303,2
5304,0
5305,1
5306,0
5307,0
5308,2
5309,0
5310,0
5311,2
5312,2
5313,2
5314,0
5315,0
5316,1
5317,1
5318,2
5319,2
5320,0
5321,2
5322,1
5323,0
5324,0
5325,1
5326,2
5327,1
5328,2
5329,0
5330,0
5331,0
5332,1
5333,0
5334,2
5335,2
5336,0
5337,0
5338,2
5339,0
5340,0
5341,1
5342,0
5343,1
5344,1
5345,2
5346,0
5347,2
5348,0
5349,1
5350,0
5351,2
5352,1
5353,0
5354,2
5355,1
5356,1
5357,1
5358,2
5359,0
5360,0
5361,2
5362,0
5363,0
5364,1
5365,2
5366,0
5367,2
5368,2
5369,2
5370,1
5371,0
5372,0
5373,0
5374,1
5375,2
5376,1
5377,0
5378,0
5379,0
5380,2
5381,1
5382,1
5383,0
5384,2
5385,2
5386,2
5387,0
5388,0
5389,0
5390,2
5391,0
5392,0
5393,0
5394,1
5395,2
5396,0
5397,2
5398,0
5399,1
5400,0
5401,0
5402,0
5403,0
5404,0
5405,1
5406,0
5407,0
5408,2
5409,2
5410,0
5411,0
5412,1
5413,2
5414,0
5415,2
5416,2
5417,2
5418,0
5419,2
5420,2
5421,1
5422,1
5423,0
5424,1
5425,2
5426,0
5427,0
5428,0
5429,0
5430,2
5431,1
5432,0
5433,0
5434,2
5435,2
5436,0
5437,0
5438,1
5439,2
5440,2
5441,0
5442,0
5443,2
5444,2
5445,0
5446,0
5447,0
5448,2
5449,1
5450,0
5451,0
5452,1
5453,2
5454,2
5455,0
5456,0
5457,0
5458,0
5459,0
5460,2
5461,2
5462,1
5463,1
5464,1
5465,2
5466,2
5467,0
5468,0
5469,2
5470,0
5471,2
5472,1
5473,2
5474,1
5475,0
5476,1
5477,1
5478,2
5479,2
5480,0
5481,1
5482,2
5483,1
5484,2
5485,1
5486,2
5487,2
5488,0
5489,2
5490,2
5491,1
5492,0
5493,0
5494,2
5495,2
5496,2
5497,1
5498,2
5499,1
5500,2
5501,0
5502,0
5503,2
5504,2
5505,2
5506,1
5507,0
5508,1
5509,0
5510,2
5511,2
5512,0
5513,0
5514,0
5515,0
5516,2
5517,0
5518,0
5519,1
5520,1
5521,1
5522,1
5523,1
5524,1
5525,2
5526,1
5527,2
5528,2
5529,1
5530,0
5531,0
5532,1
5533,0
5534,0
5535,1
5536,2
5537,0
5538,0
5539,2
5540,1
5541,0
5542,1
5543,0
5544,2
5545,2
5546,0
5547,2
5548,2
5549,1
5550,2
5551,1
5552,2
5553,0
5554,1
5555,0
5556,2
5557,0
5558,2
5559,2
5560,2
5561,0
5562,0
5563,2
5564,1
5565,2
5566,0
5567,2
5568,1
5569,0
5570,0
5571,2
5572,0
5573,0
5574,0
5575,1
5576,1
5577,0
5578,2
5579,1
5580,1
5581,2
5582,1
5583,2
5584,1
5585,0
5586,0
5587,1
5588,2
5589,0
5590,2
5591,2
5592,0
5593,1
5594,2
5595,2
5596,1
5597,1
5598,2
5599,2
5600,2
5601,1
5602,0
5603,0
5604,1
5605,0
5606,0
5607,2
5608,2
5609,0
5610,0
5611,2
5612,1
5613,0
5614,1
5615,0
5616,1
5617,1
5618,1
5619,0
5620,2
5621,0
5622,0
5623,0
5624,2
5625,0
5626,0
5627,0
5628,1
5629,1
5630,0
5631,1
5632,1
5633,2
5634,1
5635,2
5636,1
5637,0
5638,0
5639,1
5640,0
5641,1
5642,0
5643,2
5644,1
5645,1
5646,0
5647,2
5648,0
5649,1
5650,1
5651,2
5652,0
5653,0
5654,2
5655,0
5656,0
5657,1
5658,0
5659,2
5660,1
5661,1
5662,0
5663,2
5664,0
5665,1
5666,0
5667,1
5668,0
5669,0
5670,2
5671,1
5672,0
5673,0
5674,2
5675,2
5676,0
5677,0
5678,0
5679,1
5680,0
5681,0
5682,0
5683,1
5684,0
5685,0
5686,2
5687,2
5688,0
5689,0
5690,1
5691,0
5692,0
5693,2
5694,2
5695,0
5696,0
5697,2
5698,0
5699,1
5700,2
5701,2
5702,2
5703,0
5704,0
5705,0
5706,0
5707,2
5708,2
5709,1
5710,2
5711,1
5712,1
5713,0
5714,2
5715,2
5716,0
5717,2
5718,2
5719,2
5720,0
5721,2
5722,0
5723,0
5724,0
5725,2
5726,0
5727,1
5728,1
5729,2
5730,0
5731,0
5732,0
5733,0
5734,2
5735,2
5736,1
5737,1
5738,1
5739,1
5740,0
5741,1
5742,1
5743,1
5744,0
5745,2
5746,0
5747,2
5748,1
5749,1
5750,0
5751,1
5752,2
5753,2
5754,1
5755,0
5756,1
5757,2
5758,2
5759,1
5760,1
5761,1
5762,2
5763,1
5764,2
5765,2
5766,1
5767,2
5768,0
5769,0
5770,1
5771,2
5772,0
5773,2
5774,1
5775,0
5776,2
5777,2
5778,0
5779,0
5780,2
5781,1
5782,0
5783,0
5784,2
5785,0
5786,0
5787,0
5788,1
5789,2
5790,0
5791,1
5792,2
5793,1
5794,0
5795,1
5796,2
5797,1
5798,0
5799,1
5800,1
5801,1
5802,2
5803,2
5804,0
5805,1
5806,0
5807,2
5808,2
5809,1
5810,1
5811,0
5812,0
5813,1
5814,1
5815,1
5816,2
5817,2
5818,1
5819,2
5820,2
5821,0
5822,0
5823,2
5824,0
5825,0
5826,1
5827,0
5828,2
5829,2
5830,0
5831,2
5832,1
5833,0
5834,1
5835,0
5836,1
5837,0
5838,0
5839,0
5840,1
5841,2
5842,0
5843,1
5844,1
5845,2
5846,1
5847,0
5848,0
5849,2
5850,0
5851,2
5852,0
5853,2
5854,1
5855,1
5856,2
5857,0
5858,0
5859,1
5860,0
5861,0
5862,2
5863,1
5864,1
5865,0
5866,1
5867,2
5868,2
5869,2
5870,2
5871,2
5872,0
5873,1
5874,2
5875,0
5876,1
5877,0
5878,1
5879,1
5880,2
5881,0
5882,2
5883,0
5884,0
5885,2
5886,0
5887,0
5888,1
5889,1
5890,0
5891,0
5892,0
5893,0
5894,1
5895,0
5896,0
5897,1
5898,2
5899,1
5900,1
5901,0
5902,2
5903,2
5904,1
5905,1
5906,1
5907,2
5908,1
5909,2
5910,2
5911,0
5912,2
5913,2
5914,1
5915,0
5916,1
5917,1
5918,0
5919,0
5920,0
5921,0
5922,1
5923,2
5924,2
5925,1
5926,0
5927,2
5928,0
5929,1
5930,0
5931,2
5932,0
5933,0
5934,1
5935,1
5936,2
5937,0
5938,2
5939,2
5940,2
5941,1
5942,2
5943,2
5944,0
5945,0
5946,0
5947,2
5948,1
5949,2
5950,0
5951,2
5952,1
5953,0
5954,2
5955,2
5956,2
5957,2
5958,0
5959,2
5960,0
5961,1
5962,2
5963,2
5964,1
5965,0
5966,2
5967,2
5968,1
5969,0
5970,2
5971,0
5972,0
5973,0
5974,1
5975,1
5976,2
5977,1
5978,2
5979,2
5980,0
5981,0
5982,2
5983,1
5984,1
5985,1
5986,0
5987,0
5988,2
5989,2
5990,2
5991,0
5992,0
5993,0
5994,0
5995,2
5996,2
5997,2
5998,0
5999,1
6000,1
6001,2
6002,1
6003,2
6004,2
6005,0
6006,1
6007,0
6008,1
6009,1
6010,1
6011,1
6012,1
6013,2
6014,0
6015,0
6016,2
6017,1
6018,2
6019,0
6020,0
6021,2
6022,1
6023,0
6024,1
6025,1
6026,1
6027,0
6028,1
6029,1
6030,0
6031,1
6032,0
6033,2
6034,1
6035,0
6036,0
6037,2
6038,0
6039,0
6040,1
6041,2
6042,0
6043,2
6044,0
6045,0
6046,2
6047,1
6048,2
6049,2
6050,0
6051,2
6052,0
6053,1
6054,1
6055,2
6056,2
6057,0
6058,0
6059,0
6060,2
6061,2
6062,0
6063,2
6064,2
6065,0
6066,0
6067,2
6068,1
6069,1
6070,2
6071,2
6072,0
6073,2
6074,0
6075,1
6076,1
6077,0
6078,2
6079,2
6080,0
6081,1
6082,2
6083,0
6084,1
6085,1
6086,2
6087,0
6088,2
6089,2
6090,2
6091,0
6092,0
6093,2
6094,1
6095,1
6096,0
6097,0
6098,0
6099,1
6100,0
6101,1
6102,0
6103,0
6104,0
6105,0
6106,2
6107,2
6108,1
6109,0
6110,1
6111,2
6112,0
6113,1
6114,0
6115,0
6116,2
6117,2
6118,2
6119,2
6120,0
6121,2
6122,0
6123,0
6124,0
6125,0
6126,1
6127,1
6128,1
6129,1
6130,2
6131,0
6132,2
6133,0
6134,0
6135,2
6136,1
6137,2
6138,2
6139,1
6140,2
6141,1
6142,1
6143,0
6144,1
6145,2
6146,1
6147,0
6148,0
6149,0
6150,1
6151,2
6152,2
6153,1
6154,2
6155,0
6156,0
6157,2
6158,0
6159,2
6160,0
6161,0
6162,0
6163,2
6164,0
6165,2
6166,0
6167,2
6168,1
6169,2
6170,0
6171,0
6172,1
6173,1
6174,2
6175,2
6176,2
6177,2
6178,0
6179,0
6180,2
6181,2
6182,0
6183,1
6184,2
6185,0
6186,2
6187,0
6188,0
6189,0
6190,1
6191,2
6192,1
6193,0
6194,2
6195,1
6196,0
6197,2
6198,0
6199,0
6200,2
6201,2
6202,0
6203,1
6204,2
6205,0
6206,1
6207,2
6208,0
6209,1
6210,0
6211,0
6212,0
6213,0
6214,1
6215,2
6216,2
6217,2
6218,2
6219,0
6220,2
6221,0
6222,2
6223,2
6224,0
6225,2
6226,0
6227,1
6228,2
6229,2
6230,2
6231,2
6232,2
6233,1
6234,1
6235,0
6236,2
6237,0
6238,2
6239,1
6240,0
6241,2
6242,1
6243,2
6244,0
6245,2
6246,0
6247,0
6248,0
6249,1
6250,2
6251,2
6252,1
6253,0
6254,0
6255,1
6256,1
6257,1
6258,2
6259,1
6260,2
6261,2
6262,1
6263,0
6264,2
6265,0
6266,0
6267,2
6268,0
6269,2
6270,1
6271,1
6272,1
6273,2
6274,0
6275,2
6276,0
6277,0
6278,0
6279,0
6280,0
6281,2
6282,0
6283,2
6284,0
6285,1
6286,2
6287,0
6288,2
6289,1
6290,2
6291,0
6292,0
6293,2
6294,2
6295,1
6296,0
6297,0
6298,2
6299,1
6300,2
6301,0
6302,2
6303,0
6304,2
6305,0
6306,0
6307,0
6308,0
6309,0
6310,0
6311,2
6312,2
6313,0
6314,0
6315,2
6316,0
6317,1
6318,2
6319,1
6320,0
6321,2
6322,2
6323,0
6324,2
6325,2
6326,2
6327,1
6328,2
6329,1
6330,2
6331,0
6332,1
6333,0
6334,0
6335,2
6336,0
6337,1
6338,2
6339,0
6340,2
6341,0
6342,0
6343,0
6344,1
6345,2
6346,1
6347,0
6348,1
6349,0
6350,0
6351,0
6352,1
6353,2
6354,1
6355,1
6356,1
6357,0
6358,2
6359,0
6360,1
6361,0
6362,1
6363,0
6364,0
6365,2
6366,0
6367,0
6368,2
6369,0
6370,2
6371,1
6372,1
6373,2
6374,2
6375,0
6376,1
6377,0
6378,0
6379,0
6380,2
6381,0
6382,0
6383,1
6384,2
6385,1
6386,0
6387,2
6388,1
6389,2
6390,1
6391,1
6392,1
6393,2
6394,1
6395,0
6396,0
6397,2
6398,2
6399,2
6400,2
6401,2
6402,0
6403,1
6404,1
6405,0
6406,0
6407,2
6408,1
6409,0
6410,1
6411,0
6412,1
6413,1
6414,1
6415,2
6416,0
6417,2
6418,2
6419,1
6420,1
6421,0
6422,0
6423,0
6424,2
6425,0
6426,2
6427,1
6428,0
6429,1
6430,0
6431,0
6432,2
6433,0
6434,1
6435,1
6436,2
6437,0
6438,2
6439,1
6440,1
6441,0
6442,2
6443,2
6444,1
6445,0
6446,2
6447,2
6448,2
6449,2
6450,0
6451,0
6452,2
6453,2
6454,2
6455,0
6456,0
6457,0
6458,2
6459,0
6460,1
6461,2
6462,2
6463,2
6464,2
6465,2
6466,0
6467,2
6468,2
6469,2
6470,1
6471,1
6472,2
6473,2
6474,1
6475,2
6476,0
6477,2
6478,2
6479,2
6480,0
6481,0
6482,2
6483,0
6484,0
6485,1
6486,2
6487,0
6488,2
6489,1
6490,0
6491,0
6492,0
6493,1
6494,0
6495,0
6496,0
6497,0
6498,0
6499,1
6500,0
6501,0
6502,2
6503,2
6504,2
6505,0
6506,1
6507,2
6508,1
6509,0
6510,0
6511,0
6512,0
6513,0
6514,2
6515,2
6516,0
6517,2
6518,0
6519,1
6520,2
6521,2
6522,1
6523,0
6524,2
6525,2
6526,1
6527,0
6528,0
6529,2
6530,0
6531,2
6532,0
6533,0
6534,2
6535,1
6536,2
6537,0
6538,1
6539,0
6540,1
6541,0
6542,2
6543,0
6544,1
6545,2
6546,0
6547,0
6548,0
6549,1
6550,2
6551,0
6552,2
6553,1
6554,1
6555,0
6556,1
6557,1
6558,2
6559,0
6560,2
6561,2
6562,1
6563,0
6564,2
6565,2
6566,2
6567,0
6568,2
6569,1
6570,1
6571,0
6572,2
6573,2
6574,0
6575,0
6576,1
6577,1
6578,0
6579,1
6580,1
6581,1
6582,0
6583,2
6584,1
6585,0
6586,2
6587,0
6588,2
6589,0
6590,2
6591,2
6592,0
6593,1
6594,2
6595,0
6596,0
6597,1
6598,2
6599,1
6600,2
6601,2
6602,1
6603,0
6604,0
6605,2
6606,0
6607,0
6608,1
6609,0
6610,0
6611,2
6612,2
6613,1
6614,0
6615,0
6616,0
6617,0
6618,2
6619,2
6620,1
6621,2
6622,2
6623,2
6624,0
6625,0
6626,2
6627,1
6628,0
6629,1
6630,0
6631,2
6632,0
6633,0
6634,2
6635,2
6636,2
6637,1
6638,2
6639,2
6640,2
6641,1
6642,0
6643,0
6644,0
6645,1
6646,2
6647,0
6648,2
6649,1
6650,0
6651,1
6652,2
6653,0
6654,0
6655,2
6656,1
6657,0
6658,2
6659,2
6660,2
6661,2
6662,2
6663,0
6664,0
6665,0
6666,0
6667,2
6668,1
6669,0
6670,0
6671,2
6672,0
6673,0
6674,2
6675,0
6676,2
6677,0
6678,2
6679,2
6680,2
6681,1
6682,2
6683,2
6684,2
6685,1
6686,1
6687,1
6688,1
6689,1
6690,0
6691,1
6692,1
6693,2
6694,2
6695,1
6696,2
6697,0
6698,0
6699,1
6700,0
6701,0
6702,2
6703,1
6704,0
6705,0
6706,0
6707,0
6708,2
6709,0
6710,0
6711,2
6712,1
6713,0
6714,1
6715,2
6716,0
6717,1
6718,1
6719,1
6720,2
6721,2
6722,2
6723,0
6724,1
6725,0
6726,0
6727,1
6728,2
6729,0
6730,2
6731,1
6732,1
6733,1
6734,2
6735,0
6736,2
6737,2
6738,2
6739,0
6740,0
6741,1
6742,2
6743,2
6744,2
6745,2
6746,2
6747,2
6748,0
6749,0
6750,2
6751,2
6752,0
6753,2
6754,1
6755,1
6756,0
6757,2
6758,2
6759,2
6760,0
6761,0
6762,0
6763,0
6764,2
6765,1
6766,2
6767,1
6768,1
6769,0
6770,2
6771,0
6772,2
6773,2
6774,2
6775,2
6776,2
6777,1
6778,0
6779,0
6780,0
6781,2
6782,1
6783,0
6784,2
6785,2
6786,0
6787,1
6788,0
6789,2
6790,0
6791,1
6792,1
6793,2
6794,2
6795,0
6796,0
6797,2
6798,2
6799,1
6800,2
6801,2
6802,1
6803,0
6804,2
6805,2
6806,1
6807,0
6808,2
6809,2
6810,0
6811,2
6812,2
6813,2
6814,0
6815,0
6816,1
6817,1
6818,0
6819,1
6820,1
6821,2
6822,1
6823,1
6824,0
6825,0
6826,2
6827,2
6828,1
6829,1
6830,0
6831,0
6832,2
6833,1
6834,1
6835,1
6836,0
6837,2
6838,1
6839,1
6840,0
6841,0
6842,2
6843,2
6844,1
6845,2
6846,0
6847,0
6848,2
6849,0
6850,1
6851,1
6852,2
6853,2
6854,2
6855,2
6856,2
6857,2
6858,2
6859,0
6860,2
6861,1
6862,1
6863,1
6864,2
6865,1
6866,1
6867,1
6868,2
6869,2
6870,1
6871,0
6872,1
6873,2
6874,1
6875,2
6876,2
6877,2
6878,2
6879,2
6880,1
6881,2
6882,0
6883,1
6884,0
6885,2
6886,1
6887,0
6888,2
6889,0
6890,0
6891,1
6892,2
6893,0
6894,0
6895,0
6896,2
6897,2
6898,0
6899,2
6900,2
6901,1
6902,2
6903,0
6904,0
6905,2
6906,2
6907,0
6908,0
6909,2
6910,0
6911,0
6912,0
6913,2
6914,1
6915,0
6916,2
6917,0
6918,0
6919,2
6920,2
6921,1
6922,0
6923,2
6924,0
6925,0
6926,1
6927,2
6928,2
6929,0
6930,2
6931,2
6932,2
6933,1
6934,2
6935,2
6936,2
6937,0
6938,1
6939,0
6940,2
6941,0
6942,1
6943,0
6944,1
6945,2
6946,0
6947,0
6948,0
6949,1
6950,2
6951,1
6952,2
6953,0
6954,1
6955,2
6956,1
6957,2
6958,2
6959,2
6960,1
6961,1
6962,2
6963,2
6964,2
6965,0
6966,0
6967,2
6968,1
6969,0
6970,0
6971,2
6972,1
6973,0
6974,0
6975,1
6976,2
6977,0
6978,2
6979,2
6980,2
6981,0
6982,0
6983,2
6984,2
6985,2
6986,1
6987,1
6988,0
6989,1
6990,1
6991,0
6992,0
6993,2
6994,1
6995,1
6996,2
6997,1
6998,0
6999,1
7000,1
7001,0
7002,0
7003,0
7004,0
7005,0
7006,1
7007,1
7008,0
7009,0
7010,2
7011,0
7012,2
7013,0
7014,0
7015,2
7016,1
7017,2
7018,0
7019,1
7020,2
7021,2
7022,2
7023,2
7024,2
7025,1
7026,0
7027,0
7028,0
7029,0
7030,0
7031,0
7032,0
7033,0
7034,1
7035,0
7036,0
7037,2
7038,2
7039,1
7040,0
7041,0
7042,2
7043,1
7044,0
7045,1
7046,2
7047,2
7048,1
7049,2
7050,1
7051,1
7052,0
7053,2
7054,2
7055,1
7056,1
7057,1
7058,0
7059,0
7060,2
7061,0
7062,0
7063,0
7064,0
7065,2
7066,0
7067,0
7068,1
7069,0
7070,0
7071,2
7072,2
7073,2
7074,1
7075,0
7076,1
7077,1
7078,0
7079,0
7080,2
7081,1
7082,2
7083,1
7084,2
7085,2
7086,0
7087,1
7088,2
7089,0
7090,2
7091,1
7092,1
7093,2
7094,2
7095,2
7096,0
7097,0
7098,2
7099,2
7100,2
7101,1
7102,1
7103,0
7104,1
7105,0
7106,1
7107,2
7108,0
7109,1
7110,0
7111,2
7112,0
7113,2
7114,1
7115,0
7116,1
7117,2
7118,2
7119,0
7120,1
7121,1
7122,0
7123,0
7124,0
7125,2
7126,1
7127,0
7128,2
7129,2
7130,1
7131,0
7132,1
7133,0
7134,2
7135,1
7136,0
7137,1
7138,1
7139,1
7140,1
7141,0
7142,2
7143,1
7144,2
7145,2
7146,1
7147,2
7148,2
7149,0
7150,2
7151,0
7152,0
7153,0
7154,0
7155,2
7156,2
7157,0
7158,1
7159,2
7160,0
7161,2
7162,0
7163,2
7164,2
7165,2
7166,0
7167,2
7168,0
7169,2
7170,2
7171,0
7172,1
7173,2
7174,0
7175,2
7176,2
7177,2
7178,2
7179,2
7180,2
7181,1
7182,2
7183,0
7184,2
7185,0
7186,2
7187,2
7188,2
7189,2
7190,0
7191,0
7192,2
7193,0
7194,0
7195,1
7196,1
7197,1
7198,2
7199,2
7200,0
7201,1
7202,2
7203,0
7204,1
7205,0
7206,0
7207,0
7208,1
7209,2
7210,2
7211,0
7212,1
7213,1
7214,0
7215,2
7216,2
7217,1
7218,1
7219,2
7220,0
7221,1
7222,1
7223,2
7224,1
7225,1
7226,1
7227,2
7228,1
7229,2
7230,2
7231,0
7232,1
7233,0
7234,0
7235,0
7236,0
7237,1
7238,0
7239,1
7240,0
7241,2
7242,0
7243,0
7244,0
7245,0
7246,2
7247,0
7248,0
7249,0
7250,1
7251,1
7252,0
7253,2
7254,2
7255,0
7256,0
7257,2
7258,0
7259,2
7260,1
7261,2
7262,1
7263,0
7264,2
7265,2
7266,0
7267,0
7268,2
7269,0
7270,0
7271,1
7272,2
7273,1
7274,0
7275,0
7276,2
7277,1
7278,0
7279,2
7280,1
7281,2
7282,0
7283,0
7284,0
7285,0
7286,0
7287,1
7288,0
7289,1
7290,2
7291,2
7292,2
7293,0
7294,1
7295,2
7296,1
7297,2
7298,0
7299,0
7300,0
7301,2
7302,1
7303,0
7304,2
7305,2
7306,0
7307,2
7308,0
7309,2
7310,2
7311,0
7312,0
7313,1
7314,0
7315,2
7316,0
7317,1
7318,0
7319,1
7320,1
7321,0
7322,2
7323,0
7324,0
7325,2
7326,1
7327,2
7328,0
7329,2
7330,2
7331,2
7332,0
7333,2
7334,0
7335,1
7336,0
7337,1
7338,1
7339,2
7340,2
7341,2
7342,1
7343,2
7344,0
7345,2
7346,0
7347,2
7348,0
7349,0
7350,2
7351,0
7352,0
7353,2
7354,0
7355,0
7356,0
7357,2
7358,2
7359,2
7360,1
7361,0
7362,0
7363,0
7364,0
7365,2
7366,0
7367,0
7368,2
7369,1
7370,1
7371,2
7372,0
7373,0
7374,1
7375,2
7376,0
7377,2
7378,1
7379,0
7380,2
7381,2
7382,2
7383,0
7384,0
7385,1
7386,1
7387,0
7388,2
7389,2
7390,2
7391,0
7392,1
7393,0
7394,0
7395,1
7396,2
7397,0
7398,2
7399,0
7400,2
7401,0
7402,1
7403,1
7404,1
7405,1
7406,2
7407,0
7408,0
7409,0
7410,0
7411,0
7412,0
7413,1
7414,2
7415,0
7416,1
7417,2
7418,0
7419,0
7420,2
7421,2
7422,1
7423,2
7424,0
7425,1
7426,0
7427,2
7428,0
7429,1
7430,0
7431,0
7432,0
7433,1
7434,2
7435,1
7436,1
7437,1
7438,0
7439,0
7440,1
7441,1
7442,0
7443,1
7444,2
7445,0
7446,0
7447,1
7448,0
7449,2
7450,1
7451,2
7452,0
7453,0
7454,2
7455,1
7456,0
7457,2
7458,1
7459,0
7460,0
7461,1
7462,1
7463,2
7464,0
7465,0
7466,1
7467,2
7468,2
7469,0
7470,2
7471,2
7472,1
7473,1
7474,2
7475,1
7476,1
7477,1
7478,0
7479,2
7480,2
7481,2
7482,1
7483,2
7484,0
7485,2
7486,2
7487,1
7488,0
7489,2
7490,1
7491,1
7492,0
7493,0
7494,2
7495,0
7496,1
7497,1
7498,2
7499,1
7500,0
7501,1
7502,0
7503,0
7504,1
7505,2
7506,0
7507,2
7508,2
7509,0
7510,2
7511,1
7512,0
7513,0
7514,2
7515,1
7516,0
7517,0
7518,2
7519,2
7520,2
7521,2
7522,2
7523,2
7524,1
7525,0
7526,2
7527,2
7528,0
7529,2
7530,0
7531,0
7532,2
7533,0
7534,2
7535,1
7536,0
7537,0
7538,0
7539,0
7540,2
7541,0
7542,0
7543,0
7544,1
7545,0
7546,1
7547,0
7548,1
7549,2
7550,0
7551,2
7552,0
7553,1
7554,0
7555,2
7556,1
7557,1
7558,2
7559,1
7560,2
7561,2
7562,2
7563,0
7564,0
7565,2
7566,2
7567,1
7568,2
7569,2
7570,2
7571,0
7572,2
7573,2
7574,1
7575,1
7576,0
7577,2
7578,0
7579,2
7580,0
7581,0
7582,1
7583,1
7584,2
7585,2
7586,0
7587,1
7588,2
7589,1
7590,1
7591,1
7592,0
7593,0
7594,2
7595,1
7596,2
7597,1
7598,1
7599,2
7600,0
7601,2
7602,0
7603,2
7604,1
7605,2
7606,2
7607,1
7608,1
7609,0
7610,0
7611,2
7612,2
7613,1
7614,0
7615,2
7616,0
7617,0
7618,2
7619,0
7620,1
7621,1
7622,0
7623,1
7624,1
7625,1
7626,1
7627,1
7628,1
7629,0
7630,0
7631,2
7632,2
7633,1
7634,2
7635,0
7636,2
7637,1
7638,0
7639,2
7640,2
7641,0
7642,0
7643,0
7644,2
7645,0
7646,0
7647,2
7648,2
7649,0
7650,2
7651,2
7652,0
7653,0
7654,1
7655,1
7656,0
7657,1
7658,1
7659,0
7660,0
7661,2
7662,2
7663,2
7664,0
7665,0
7666,1
7667,2
7668,2
7669,0
7670,0
7671,1
7672,0
7673,2
7674,0
7675,0
7676,2
7677,1
7678,1
7679,2
7680,2
7681,0
7682,2
7683,0
7684,1
7685,0
7686,0
7687,2
7688,0
7689,2
7690,0
7691,1
7692,0
7693,2
7694,2
7695,0
7696,1
7697,1
7698,2
7699,2
7700,2
7701,2
7702,0
7703,0
7704,0
7705,0
7706,0
7707,2
7708,1
7709,0
7710,0
7711,2
7712,2
7713,0
7714,2
7715,1
7716,0
7717,2
7718,0
7719,2
7720,1
7721,0
7722,0
7723,0
7724,0
7725,1
7726,1
7727,1
7728,1
7729,0
7730,1
7731,0
7732,1
7733,1
7734,0
7735,2
7736,0
7737,1
7738,0
7739,2
7740,0
7741,0
7742,0
7743,2
7744,2
7745,2
7746,0
7747,2
7748,2
7749,2
7750,2
7751,0
7752,2
7753,2
7754,2
7755,0
7756,0
7757,0
7758,0
7759,2
7760,0
7761,0
7762,0
7763,0
7764,1
7765,2
7766,0
7767,0
7768,2
7769,0
7770,2
7771,2
7772,0
7773,2
7774,0
7775,2
7776,2
7777,0
7778,1
7779,0
7780,2
7781,2
7782,0
7783,0
7784,0
7785,1
7786,0
7787,2
7788,0
7789,0
7790,0
7791,2
7792,0
7793,1
7794,2
7795,0
7796,1
7797,2
7798,1
7799,1
7800,0
7801,1
7802,0
7803,0
7804,1
7805,0
7806,0
7807,1
7808,0
7809,1
7810,2
7811,2
7812,2
7813,0
7814,1
7815,0
7816,2
7817,2
7818,1
7819,0
7820,2
7821,1
7822,1
7823,2
7824,0
7825,2
7826,1
7827,2
7828,1
7829,0
7830,1
7831,2
7832,0
7833,0
7834,0
7835,1
7836,0
7837,0
7838,2
7839,2
7840,2
7841,0
7842,2
7843,2
7844,0
7845,0
7846,0
7847,0
7848,2
7849,0
7850,1
7851,0
7852,1
7853,2
7854,0
7855,2
7856,2
7857,2
7858,0
7859,1
7860,2
7861,1
7862,2
7863,2
7864,0
7865,0
7866,1
7867,2
7868,1
7869,2
7870,0
7871,2
7872,0
7873,0
7874,2
7875,2
7876,1
7877,2
7878,1
7879,1
7880,2
7881,0
7882,2
7883,1
7884,1
7885,0
7886,1
7887,0
7888,2
7889,2
7890,0
7891,0
7892,2
7893,2
7894,2
7895,1
7896,0
7897,1
7898,0
7899,2
7900,1
7901,2
7902,2
7903,1
7904,1
7905,0
7906,1
7907,0
7908,2
7909,2
7910,0
7911,0
7912,2
7913,2
7914,0
7915,1
7916,0
7917,0
7918,1
7919,0
7920,2
7921,0
7922,0
7923,2
7924,0
7925,2
7926,1
7927,2
7928,1
7929,2
7930,2
7931,2
7932,2
7933,0
7934,0
7935,2
7936,2
7937,0
7938,0
7939,1
7940,2
7941,2
7942,2
7943,0
7944,0
7945,0
7946,0
7947,2
7948,2
7949,1
7950,0
7951,1
7952,1
7953,2
7954,1
7955,1
7956,2
7957,0
7958,0
7959,0
7960,0
7961,2
7962,2
7963,1
7964,0
7965,0
7966,0
7967,0
7968,1
7969,0
7970,0
7971,2
7972,0
7973,1
7974,0
7975,2
7976,0
7977,1
7978,0
7979,2
7980,0
7981,2
7982,0
7983,2
7984,2
7985,1
7986,0
7987,0
7988,2
7989,2
7990,2
7991,0
7992,0
7993,0
7994,2
7995,0
7996,0
7997,0
7998,0
7999,1
8000,1
8001,0
8002,1
8003,0
8004,1
8005,2
8006,0
8007,1
8008,1
8009,0
8010,1
8011,0
8012,0
8013,0
8014,0
8015,2
8016,0
8017,1
8018,2
8019,0
8020,2
8021,1
8022,0
8023,2
8024,1
8025,0
8026,2
8027,0
8028,0
8029,2
8030,1
8031,1
8032,2
8033,0
8034,1
8035,2
8036,0
8037,2
8038,0
8039,2
8040,0
8041,1
8042,1
8043,2
8044,1
8045,0
8046,1
8047,0
8048,0
8049,0
8050,0
8051,2
8052,2
8053,2
8054,0
8055,0
8056,0
8057,2
8058,1
8059,1
8060,0
8061,0
8062,2
8063,0
8064,2
8065,1
8066,2
8067,1
8068,2
8069,2
8070,1
8071,0
8072,1
8073,0
8074,0
8075,2
8076,1
8077,0
8078,1
8079,2
8080,0
8081,0
8082,2
8083,2
8084,1
8085,2
8086,1
8087,0
8088,0
8089,0
8090,2
8091,1
8092,2
8093,0
8094,1
8095,0
8096,0
8097,1
8098,1
8099,2
8100,2
8101,1
8102,0
8103,0
8104,0
8105,2
8106,2
8107,0
8108,0
8109,2
8110,2
8111,2
8112,2
8113,2
8114,2
8115,2
8116,0
8117,0
8118,0
8119,0
8120,2
8121,0
8122,0
8123,2
8124,0
8125,1
8126,0
8127,0
8128,2
8129,0
8130,1
8131,2
8132,1
8133,1
8134,1
8135,0
8136,0
8137,1
8138,0
8139,0
8140,0
8141,0
8142,2
8143,1
8144,0
8145,2
8146,2
8147,2
8148,0
8149,0
8150,0
8151,1
8152,0
8153,1
8154,0
8155,0
8156,0
8157,2
8158,0
8159,2
8160,1
8161,2
8162,2
8163,0
8164,2
8165,1
8166,2
8167,0
8168,2
8169,0
8170,0
8171,0
8172,2
8173,2
8174,0
8175,1
8176,2
8177,0
8178,0
8179,1
8180,1
8181,2
8182,1
8183,0
8184,2
8185,0
8186,0
8187,0
8188,2
8189,0
8190,0
8191,1
8192,0
8193,0
8194,1
8195,2
8196,0
8197,1
8198,2
8199,2
8200,1
8201,1
8202,1
8203,2
8204,2
8205,2
8206,2
8207,1
8208,1
8209,2
8210,1
8211,0
8212,1
8213,0
8214,2
8215,0
8216,2
8217,2
8218,2
8219,0
8220,0
8221,2
8222,0
8223,0
8224,0
8225,2
8226,2
8227,0
8228,0
8229,0
8230,2
8231,2
8232,1
8233,2
8234,1
8235,0
8236,1
8237,1
8238,0
8239,2
8240,2
8241,2
8242,0
8243,0
8244,2
8245,0
8246,1
8247,0
8248,0
8249,0
8250,0
8251,1
8252,1
8253,2
8254,2
8255,1
8256,1
8257,0
8258,2
8259,1
8260,0
8261,0
8262,2
8263,2
8264,2
8265,2
8266,0
8267,1
8268,2
8269,2
8270,0
8271,1
8272,2
8273,2
8274,2
8275,0
8276,1
8277,1
8278,1
8279,1
8280,1
8281,2
8282,0
8283,1
8284,1
8285,2
8286,0
8287,0
8288,2
8289,0
8290,2
8291,0
8292,2
8293,2
8294,0
8295,0
8296,2
8297,0
8298,0
8299,0
8300,0
8301,0
8302,2
8303,2
8304,0
8305,1
8306,0
8307,0
8308,0
8309,1
8310,2
8311,1
8312,1
8313,1
8314,1
8315,2
8316,1
8317,0
8318,0
8319,1
8320,2
8321,2
8322,2
8323,0
8324,0
8325,0
8326,0
8327,0
8328,0
8329,2
8330,0
8331,2
8332,1
8333,1
8334,0
8335,2
8336,1
8337,2
8338,0
8339,1
8340,2
8341,2
8342,0
8343,2
8344,2
8345,1
8346,0
8347,2
8348,0
8349,1
8350,0
8351,1
8352,0
8353,1
8354,2
8355,2
8356,2
8357,0
8358,0
8359,1
8360,0
8361,2
8362,0
8363,1
8364,1
8365,2
8366,2
8367,2
8368,1
8369,1
8370,0
8371,0
8372,0
8373,0
8374,2
8375,0
8376,0
8377,0
8378,1
8379,0
8380,0
8381,1
8382,2
8383,1
8384,0
8385,0
8386,0
8387,0
8388,1
8389,0
8390,2
8391,0
8392,2
8393,2
8394,2
8395,1
8396,1
8397,2
8398,1
8399,0
8400,1
8401,2
8402,0
8403,0
8404,1
8405,1
8406,0
8407,2
8408,0
8409,0
8410,1
8411,0
8412,0
8413,2
8414,0
8415,0
8416,0
8417,2
8418,0
8419,0
8420,2
8421,2
8422,2
8423,2
8424,0
8425,1
8426,0
8427,0
8428,2
8429,0
8430,1
8431,0
8432,2
8433,0
8434,0
8435,2
8436,2
8437,1
8438,2
8439,0
8440,2
8441,1
8442,0
8443,2
8444,1
8445,0
8446,0
8447,0
8448,1
8449,2
8450,0
8451,1
8452,1
8453,2
8454,0
8455,0
8456,1
8457,0
8458,0
8459,0
8460,1
8461,0
8462,1
8463,0
8464,0
8465,0
8466,1
8467,0
8468,2
8469,1
8470,1
8471,2
8472,1
8473,1
8474,2
8475,0
8476,2
8477,2
8478,2
8479,0
8480,0
8481,2
8482,1
8483,0
8484,1
8485,2
8486,2
8487,0
8488,1
8489,1
8490,0
8491,0
8492,2
8493,2
8494,0
8495,0
8496,2
8497,0
8498,0
8499,0
8500,0
8501,2
8502,2
8503,2
8504,0
8505,1
8506,0
8507,2
8508,0
8509,0
8510,0
8511,2
8512,0
8513,1
8514,0
8515,0
8516,1
8517,2
8518,2
8519,2
8520,2
8521,0
8522,1
8523,1
8524,2
8525,2
8526,1
8527,0
8528,2
8529,1
8530,2
8531,0
8532,0
8533,1
8534,0
8535,2
8536,0
8537,2
8538,2
8539,0
8540,1
8541,2
8542,0
8543,0
8544,0
8545,2
8546,1
8547,1
8548,1
8549,0
8550,0
8551,2
8552,1
8553,0
8554,1
8555,2
8556,2
8557,1
8558,2
8559,0
8560,0
8561,1
8562,1
8563,0
8564,1
8565,1
8566,2
8567,2
8568,1
8569,0
8570,2
8571,0
8572,1
8573,0
8574,0
8575,0
8576,0
8577,0
8578,1
8579,1
8580,2
8581,2
8582,1
8583,0
8584,1
8585,2
8586,0
8587,0
8588,1
8589,0
8590,2
8591,2
8592,1
8593,1
8594,1
8595,1
8596,2
8597,0
8598,0
8599,0
8600,2
8601,0
8602,1
8603,2
8604,0
8605,0
8606,0
8607,0
8608,1
8609,1
8610,2
8611,2
8612,0
8613,1
8614,2
8615,0
8616,2
8617,1
8618,1
8619,2
8620,2
8621,1
8622,2
8623,1
8624,2
8625,0
8626,2
8627,1
8628,0
8629,0
8630,1
8631,2
8632,1
8633,0
8634,0
8635,1
8636,0
8637,1
8638,2
8639,2
8640,0
8641,2
8642,2
8643,2
8644,0
8645,1
8646,0
8647,2
8648,0
8649,2
8650,1
8651,0
8652,2
8653,2
8654,0
8655,2
8656,2
8657,1
8658,2
8659,2
8660,2
8661,1
8662,0
8663,1
8664,0
8665,2
8666,0
8667,0
8668,0
8669,1
8670,0
8671,0
8672,2
8673,1
8674,1
8675,0
8676,2
8677,1
8678,1
8679,2
8680,2
8681,0
8682,1
8683,0
8684,2
8685,0
8686,0
8687,2
8688,0
8689,1
8690,0
8691,0
8692,0
8693,0
8694,2
8695,1
8696,0
8697,2
8698,2
8699,2
8700,1
8701,2
8702,1
8703,2
8704,0
8705,1
8706,0
8707,1
8708,2
8709,1
8710,0
8711,2
8712,0
8713,0
8714,1
8715,1
8716,0
8717,1
8718,2
8719,2
8720,0
8721,2
8722,1
8723,2
8724,1
8725,0
8726,0
8727,2
8728,1
8729,1
8730,1
8731,2
8732,0
8733,1
8734,2
8735,0
8736,0
8737,0
8738,1
8739,2
8740,2
8741,1
8742,0
8743,2
8744,2
8745,0
8746,2
8747,2
8748,2
8749,2
8750,1
8751,2
8752,0
8753,0
8754,1
8755,1
8756,0
8757,2
8758,2
8759,1
8760,0
8761,2
8762,2
8763,1
8764,0
8765,0
8766,0
8767,0
8768,0
8769,2
8770,0
8771,0
8772,2
8773,1
8774,2
8775,1
8776,1
8777,0
8778,1
8779,1
8780,0
8781,0
8782,0
8783,2
8784,0
8785,2
8786,2
8787,2
8788,0
8789,2
8790,1
8791,0
8792,2
8793,0
8794,1
8795,1
8796,2
8797,0
8798,1
8799,2
8800,0
8801,2
8802,0
8803,2
8804,1
8805,2
8806,2
8807,1
8808,2
8809,0
8810,0
8811,1
8812,1
8813,1
8814,1
8815,0
8816,0
8817,0
8818,1
8819,1
8820,1
8821,2
8822,1
8823,2
8824,0
8825,0
8826,1
8827,2
8828,0
8829,2
8830,2
8831,2
8832,0
8833,1
8834,0
8835,1
8836,2
8837,0
8838,2
8839,1
8840,1
8841,2
8842,2
8843,1
8844,1
8845,2
8846,0
8847,1
8848,0
8849,0
8850,0
8851,0
8852,0
8853,2
8854,1
8855,2
8856,1
8857,0
8858,2
8859,1
8860,1
8861,1
8862,2
8863,2
8864,0
8865,2
8866,2
8867,2
8868,0
8869,2
8870,0
8871,1
8872,1
8873,0
8874,0
8875,0
8876,0
8877,2
8878,0
8879,2
8880,0
8881,1
8882,2
8883,1
8884,1
8885,1
8886,0
8887,0
8888,1
8889,2
8890,0
8891,2
8892,1
8893,2
8894,0
8895,2
8896,0
8897,1
8898,2
8899,1
8900,2
8901,0
8902,0
8903,0
8904,2
8905,1
8906,1
8907,2
8908,2
8909,2
8910,2
8911,1
8912,1
8913,2
8914,1
8915,2
8916,2
8917,1
8918,0
8919,1
8920,0
8921,2
8922,0
8923,0
8924,0
8925,0
8926,0
8927,0
8928,0
8929,2
8930,2
8931,2
8932,1
8933,1
8934,0
8935,0
8936,1
8937,2
8938,2
8939,2
8940,2
8941,1
8942,0
8943,0
8944,0
8945,2
8946,0
8947,2
8948,0
8949,1
8950,2
8951,1
8952,2
8953,1
8954,0
8955,1
8956,2
8957,0
8958,2
8959,2
8960,0
8961,1
8962,2
8963,2
8964,2
8965,0
8966,2
8967,1
8968,2
8969,2
8970,0
8971,2
8972,1
8973,1
8974,0
8975,0
8976,1
8977,1
8978,2
8979,2
8980,0
8981,1
8982,2
8983,2
8984,0
8985,0
8986,2
8987,2
8988,2
8989,0
8990,0
8991,1
8992,2
8993,2
8994,0
8995,0
8996,2
8997,1
8998,1
8999,2
9000,2
9001,2
9002,1
9003,2
9004,0
9005,0
9006,0
9007,0
9008,2
9009,1
9010,2
9011,1
9012,1
9013,0
9014,0
9015,2
9016,2
9017,0
9018,0
9019,2
9020,0
9021,0
9022,2
9023,2
9024,0
9025,2
9026,0
9027,2
9028,0
9029,1
9030,2
9031,1
9032,0
9033,1
9034,2
9035,0
9036,1
9037,0
9038,1
9039,0
9040,0
9041,0
9042,2
9043,0
9044,2
9045,2
9046,1
9047,0
9048,0
9049,2
9050,2
9051,0
9052,2
9053,1
9054,1
9055,1
9056,2
9057,1
9058,1
9059,2
9060,1
9061,0
9062,2
9063,2
9064,1
9065,0
9066,2
9067,1
9068,2
9069,2
9070,0
9071,2
9072,0
9073,0
9074,1
9075,2
9076,1
9077,0
9078,0
9079,1
9080,1
9081,0
9082,1
9083,0
9084,0
9085,0
9086,1
9087,2
9088,0
9089,1
9090,1
9091,1
9092,1
9093,0
9094,1
9095,0
9096,0
9097,1
9098,1
9099,1
9100,1
9101,0
9102,1
9103,2
9104,2
9105,1
9106,1
9107,1
9108,2
9109,1
9110,2
9111,1
9112,0
9113,0
9114,0
9115,2
9116,0
9117,0
9118,0
9119,2
9120,2
9121,2
9122,1
9123,2
9124,0
9125,1
9126,2
9127,0
9128,0
9129,1
9130,1
9131,1
9132,0
9133,2
9134,1
9135,0
9136,2
9137,2
9138,1
9139,1
9140,2
9141,0
9142,1
9143,2
9144,2
9145,2
9146,0
9147,2
9148,0
9149,0
9150,2
9151,1
9152,2
9153,0
9154,1
9155,2
9156,2
9157,2
9158,2
9159,0
9160,1
9161,2
9162,1
9163,0
9164,2
9165,0
9166,1
9167,2
9168,0
9169,0
9170,2
9171,1
9172,0
9173,0
9174,1
9175,2
9176,2
9177,1
9178,2
9179,2
9180,2
9181,1
9182,1
9183,1
9184,2
9185,0
9186,0
9187,1
9188,0
9189,2
9190,2
9191,1
9192,0
9193,1
9194,0
9195,2
9196,0
9197,2
9198,0
9199,0
9200,2
9201,0
9202,2
9203,0
9204,2
9205,2
9206,2
9207,2
9208,1
9209,2
9210,1
9211,1
9212,0
9213,0
9214,2
9215,1
9216,0
9217,2
9218,0
9219,0
9220,1
9221,2
9222,1
9223,1
9224,1
9225,0
9226,2
9227,0
9228,1
9229,1
9230,0
9231,1
9232,0
9233,2
9234,2
9235,2
9236,1
9237,2
9238,0
9239,2
9240,1
9241,2
9242,0
9243,0
9244,0
9245,1
9246,0
9247,0
9248,2
9249,0
9250,0
9251,0
9252,2
9253,2
9254,2
9255,2
9256,2
9257,1
9258,1
9259,2
9260,0
9261,0
9262,0
9263,0
9264,2
9265,1
9266,1
9267,1
9268,0
9269,2
9270,0
9271,1
9272,2
9273,0
9274,0
9275,0
9276,1
9277,2
9278,0
9279,1
9280,2
9281,0
9282,2
9283,2
9284,2
9285,1
9286,0
9287,0
9288,2
9289,1
9290,2
9291,2
9292,2
9293,0
9294,1
9295,2
9296,1
9297,2
9298,1
9299,0
9300,0
9301,2
9302,0
9303,2
9304,1
9305,2
9306,2
9307,0
9308,2
9309,1
9310,1
9311,1
9312,0
9313,2
9314,1
9315,1
9316,0
9317,0
9318,1
9319,0
9320,0
9321,1
9322,2
9323,2
9324,2
9325,0
9326,2
9327,2
9328,1
9329,1
9330,1
9331,1
9332,0
9333,1
9334,0
9335,0
9336,0
9337,1
9338,0
9339,2
9340,2
9341,2
9342,0
9343,2
9344,1
9345,1
9346,2
9347,1
9348,1
9349,2
9350,2
9351,0
9352,2
9353,0
9354,1
9355,1
9356,0
9357,2
9358,0
9359,1
9360,2
9361,2
9362,2
9363,0
9364,2
9365,2
9366,2
9367,0
9368,2
9369,1
9370,2
9371,2
9372,1
9373,2
9374,1
9375,1
9376,2
9377,1
9378,2
9379,0
9380,0
9381,2
9382,1
9383,0
9384,0
9385,2
9386,0
9387,0
9388,0
9389,0
9390,1
9391,0
9392,2
9393,0
9394,0
9395,1
9396,0
9397,2
9398,2
9399,1
9400,2
9401,0
9402,0
9403,1
9404,0
9405,1
9406,0
9407,0
9408,2
9409,2
9410,0
9411,0
9412,0
9413,0
9414,0
9415,1
9416,0
9417,0
9418,2
9419,1
9420,0
9421,1
9422,0
9423,0
9424,2
9425,0
9426,0
9427,2
9428,1
9429,2
9430,2
9431,1
9432,1
9433,2
9434,0
9435,0
9436,1
9437,0
9438,2
9439,1
9440,0
9441,1
9442,2
9443,1
9444,0
9445,2
9446,0
9447,2
9448,1
9449,2
9450,0
9451,1
9452,2
9453,1
9454,0
9455,0
9456,1
9457,0
9458,2
9459,1
9460,0
9461,0
9462,0
9463,0
9464,2
9465,0
9466,2
9467,1
9468,1
9469,2
9470,2
9471,2
9472,0
9473,2
9474,0
9475,1
9476,2
9477,0
9478,2
9479,1
9480,2
9481,1
9482,1
9483,2
9484,2
9485,1
9486,1
9487,2
9488,2
9489,0
9490,2
9491,0
9492,2
9493,0
9494,1
9495,0
9496,0
9497,0
9498,0
9499,1
9500,0
9501,0
9502,1
9503,2
9504,0
9505,0
9506,2
9507,2
9508,0
9509,2
9510,0
9511,1
9512,1
9513,1
9514,2
9515,1
9516,2
9517,1
9518,1
9519,0
9520,2
9521,1
9522,1
9523,0
9524,2
9525,2
9526,2
9527,2
9528,2
9529,2
9530,0
9531,1
9532,0
9533,1
9534,2
9535,0
9536,0
9537,0
9538,0
9539,0
9540,2
9541,0
9542,2
9543,2
9544,1
9545,0
9546,0
9547,2
9548,0
9549,2
9550,2
9551,2
9552,2
9553,2
9554,2
9555,0
9556,1
9557,0
9558,0
9559,1
9560,1
9561,2
9562,2
9563,1
9564,0
9565,2
9566,0
9567,0
9568,0
9569,2
9570,0
9571,0
9572,1
9573,2
9574,0
9575,0
9576,0
9577,0
9578,2
9579,2
9580,0
9581,1
9582,2
9583,0
9584,1
9585,2
9586,2
9587,2
9588,1
9589,2
9590,0
9591,0
9592,0
9593,2
9594,0
9595,2
9596,2
9597,2
9598,1
9599,2
9600,0
9601,2
9602,0
9603,2
9604,1
9605,0
9606,2
9607,0
9608,0
9609,2
9610,2
9611,2
9612,2
9613,1
9614,2
9615,1
9616,2
9617,0
9618,2
9619,0
9620,1
9621,2
9622,2
9623,0
9624,1
9625,2
9626,0
9627,2
9628,2
9629,0
9630,1
9631,0
9632,0
9633,1
9634,0
9635,1
9636,0
9637,0
9638,1
9639,2
9640,0
9641,0
9642,1
9643,1
9644,2
9645,0
9646,1
9647,0
9648,2
9649,1
9650,1
9651,2
9652,1
9653,1
9654,2
9655,1
9656,2
9657,0
9658,1
9659,1
9660,2
9661,0
9662,1
9663,2
9664,2
9665,0
9666,0
9667,2
9668,2
9669,1
9670,2
9671,2
9672,2
9673,0
9674,0
9675,2
9676,0
9677,2
9678,0
9679,1
9680,2
9681,0
9682,1
9683,2
9684,2
9685,0
9686,0
9687,2
9688,1
9689,1
9690,1
9691,0
9692,1
9693,2
9694,2
9695,0
9696,1
9697,0
9698,0
9699,1
9700,2
9701,1
9702,1
9703,0
9704,1
9705,2
9706,2
9707,0
9708,1
9709,0
9710,1
9711,0
9712,1
9713,1
9714,2
9715,1
9716,2
9717,0
9718,2
9719,2
9720,0
9721,0
9722,0
9723,1
9724,2
9725,1
9726,1
9727,1
9728,1
9729,0
9730,2
9731,1
9732,1
9733,0
9734,0
9735,0
9736,2
9737,0
9738,2
9739,0
9740,2
9741,2
9742,0
9743,2
9744,2
9745,1
9746,2
9747,1
9748,2
9749,2
9750,0
9751,0
9752,0
9753,2
9754,2
9755,1
9756,0
9757,1
9758,2
9759,1
9760,2
9761,0
9762,0
9763,2
9764,0
9765,2
9766,2
9767,1
9768,1
9769,2
9770,0
9771,1
9772,0
9773,2
9774,2
9775,1
9776,0
9777,0
9778,2
9779,0
9780,2
9781,1
9782,0
9783,0
9784,2
9785,0
9786,0
9787,1
9788,2
9789,1
9790,1
9791,0
9792,2
9793,2
9794,1
9795,2
9796,0
9797,1
9798,2
9799,0
9800,0
9801,1
9802,0
9803,2
9804,0
9805,1
9806,1
9807,0
9808,1
9809,1
9810,2
9811,2
9812,2
9813,2
9814,1
9815,2
9816,2
9817,2
9818,1
9819,1
9820,2
9821,2
9822,1
9823,0
9824,1
9825,1
9826,0
9827,0
9828,2
9829,0
9830,2
9831,2
9832,1
9833,0
9834,1
9835,2
9836,0
9837,0
9838,1
9839,0
9840,1
9841,0
9842,0
9843,0
9844,2
9845,2
9846,2
9847,0
9848,0
9849,1
9850,1
9851,2
9852,0
9853,2
9854,1
9855,0
9856,2
9857,0
9858,1
9859,0
9860,2
9861,0
9862,0
9863,2
9864,2
9865,2
9866,2
9867,0
9868,2
9869,2
9870,2
9871,0
9872,1
9873,2
9874,0
9875,0
9876,0
9877,2
9878,1
9879,2
9880,1
9881,2
9882,0
9883,2
9884,0
9885,1
9886,2
9887,0
9888,0
9889,2
9890,2
9891,2
9892,1
9893,2
9894,2
9895,2
9896,2
9897,2
9898,2
9899,0
9900,2
9901,0
9902,0
9903,0
9904,2
9905,1
9906,0
9907,2
9908,2
9909,1
9910,1
9911,2
9912,0
9913,0
9914,0
9915,2
9916,2
9917,0
9918,1
9919,2
9920,1
9921,0
9922,0
9923,1
9924,0
9925,0
9926,0
9927,2
9928,0
9929,1
9930,0
9931,0
9932,2
9933,1
9934,2
9935,2
9936,0
9937,2
9938,1
9939,0
9940,1
9941,1
9942,2
9943,0
9944,2
9945,0
9946,2
9947,0
9948,2
9949,1
9950,0
9951,2
9952,1
9953,0
9954,0
9955,0
9956,1
9957,2
9958,0
9959,2
9960,2
9961,0
9962,0
9963,2
9964,0
9965,0
9966,0
9967,1
9968,2
9969,2
9970,0
9971,2
9972,0
9973,1
9974,2
9975,0
9976,2
9977,0
9978,2
9979,1
9980,2
9981,0
9982,1
9983,0
9984,1
9985,2
9986,0
9987,0
9988,2
9989,1
9990,2
9991,0
9992,2
9993,0
9994,0
9995,2
9996,2
9997,0
9998,2
9999,2
10000,1
10001,2
10002,1
10003,1
10004,2
10005,1
10006,0
10007,1
10008,2
10009,2
10010,0
10011,1
10012,2
10013,0
10014,0
10015,1
10016,0
10017,2
10018,1
10019,0
10020,0
10021,0
10022,1
10023,0
10024,2
10025,1
10026,0
10027,2
10028,0
10029,1
10030,2
10031,0
10032,1
10033,0
10034,2
10035,2
10036,0
10037,2
10038,0
10039,2
10040,2
10041,1
10042,0
10043,2
10044,1
10045,2
10046,0
10047,0
10048,2
10049,1
10050,1
10051,2
10052,1
10053,2
10054,1
10055,2
10056,1
10057,2
10058,2
10059,0
10060,0
10061,0
10062,0
10063,0
10064,0
10065,0
10066,0
10067,0
10068,0
10069,0
10070,0
10071,0
10072,1
10073,0
10074,0
10075,0
10076,1
10077,1
10078,1
10079,2
10080,1
10081,2
10082,1
10083,2
10084,0
10085,2
10086,1
10087,0
10088,1
10089,2
10090,0
10091,2
10092,2
10093,2
10094,1
10095,2
10096,2
10097,1
10098,1
10099,1
10100,0
10101,1
10102,2
10103,1
10104,0
10105,2
10106,1
10107,0
10108,0
10109,0
10110,0
10111,0
10112,2
10113,1
10114,0
10115,0
10116,2
10117,2
10118,1
10119,1
10120,1
10121,2
10122,2
10123,1
10124,1
10125,0
10126,1
10127,0
10128,2
10129,1
10130,0
10131,2
10132,0
10133,1
10134,2
10135,2
10136,0
10137,2
10138,2
10139,1
10140,1
10141,2
10142,0
10143,1
10144,0
10145,0
10146,1
10147,1
10148,2
10149,0
10150,0
10151,0
10152,1
10153,1
10154,0
10155,2
10156,1
10157,2
10158,2
10159,2
10160,0
10161,0
10162,1
10163,0
10164,2
10165,0
10166,1
10167,2
10168,2
10169,0
10170,2
10171,2
10172,1
10173,0
10174,1
10175,0
10176,0
10177,0
10178,2
10179,2
10180,1
10181,0
10182,2
10183,0
10184,1
10185,2
10186,1
10187,2
10188,2
10189,1
10190,1
10191,0
10192,1
10193,1
10194,0
10195,0
10196,2
10197,2
10198,0
10199,0
10200,2
10201,1
10202,0
10203,2
10204,0
10205,2
10206,2
10207,2
10208,2
10209,2
10210,1
10211,2
10212,2
10213,2
10214,2
10215,1
10216,2
10217,0
10218,0
10219,2
10220,2
10221,1
10222,1
10223,1
10224,1
10225,0
10226,1
10227,0
10228,2
10229,0
10230,2
10231,2
10232,0
10233,0
10234,2
10235,1
10236,0
10237,0
10238,0
10239,0
10240,1
10241,2
10242,2
10243,2
10244,0
10245,2
10246,2
10247,2
10248,0
10249,1
10250,1
10251,2
10252,2
10253,2
10254,0
10255,1
10256,2
10257,2
10258,2
10259,2
10260,0
10261,2
10262,2
10263,2
10264,0
10265,0
10266,2
10267,0
10268,1
10269,0
10270,2
10271,2
10272,2
10273,2
10274,1
10275,2
10276,1
10277,1
10278,1
10279,0
10280,2
10281,2
10282,2
10283,0
10284,2
10285,0
10286,0
10287,1
10288,2
10289,1
10290,2
10291,0
10292,0
10293,2
10294,2
10295,2
10296,2
10297,1
10298,1
10299,0
10300,0
10301,0
10302,0
10303,1
10304,2
10305,2
10306,0
10307,2
10308,2
10309,1
10310,2
10311,2
10312,2
10313,1
10314,1
10315,2
10316,2
10317,1
10318,2
10319,2
10320,1
10321,0
10322,0
10323,1
10324,2
10325,1
10326,0
10327,0
10328,2
10329,0
10330,0
10331,0
10332,1
10333,0
10334,1
10335,1
10336,1
10337,2
10338,0
10339,2
10340,2
10341,2
10342,0
10343,1
10344,1
10345,2
10346,2
10347,0
10348,0
10349,2
10350,2
10351,0
10352,0
10353,0
10354,2
10355,1
10356,1
10357,0
10358,1
10359,0
10360,1
10361,0
10362,2
10363,0
10364,0
10365,2
10366,2
10367,0
10368,2
10369,0
10370,2
10371,2
10372,1
10373,0
10374,1
10375,0
10376,1
10377,0
10378,0
10379,0
10380,1
10381,2
10382,1
10383,2
10384,0
10385,1
10386,1
10387,0
10388,2
10389,0
10390,1
10391,1
10392,2
10393,2
10394,0
10395,2
10396,1
10397,2
10398,2
10399,1
10400,0
10401,0
10402,0
10403,0
10404,1
10405,0
10406,0
10407,0
10408,0
10409,1
10410,0
10411,0
10412,2
10413,1
10414,0
10415,0
10416,1
10417,0
10418,0
10419,0
10420,0
10421,0
10422,0
10423,1
10424,2
10425,0
10426,0
10427,2
10428,2
10429,2
10430,2
10431,1
10432,1
10433,0
10434,0
10435,2
10436,2
10437,2
10438,1
10439,0
10440,2
10441,2
10442,2
10443,1
10444,0
10445,1
10446,0
10447,1
10448,1
10449,1
10450,0
10451,0
10452,0
10453,0
10454,2
10455,2
10456,0
10457,2
10458,2
10459,2
10460,0
10461,2
10462,2
10463,0
10464,1
10465,2
10466,1
10467,1
10468,0
10469,0
10470,1
10471,1
10472,0
10473,1
10474,0
10475,2
10476,0
10477,0
10478,1
10479,1
10480,0
10481,2
10482,0
10483,0
10484,1
10485,2
10486,0
10487,1
10488,2
10489,1
10490,0
10491,0
10492,2
10493,2
10494,1
10495,2
10496,1
10497,0
10498,2
10499,2
10500,0
10501,2
10502,1
10503,0
10504,0
10505,2
10506,2
10507,1
10508,2
10509,0
10510,0
10511,2
10512,1
10513,0
10514,2
10515,0
10516,0
10517,1
10518,0
10519,0
10520,2
10521,1
10522,0
10523,1
10524,2
10525,2
10526,2
10527,0
10528,0
10529,1
10530,2
10531,0
10532,0
10533,2
10534,2
10535,1
10536,2
10537,0
10538,2
10539,1
10540,0
10541,1
10542,1
10543,1
10544,1
10545,0
10546,1
10547,0
10548,2
10549,2
10550,0
10551,2
10552,2
10553,0
10554,1
10555,0
10556,2
10557,2
10558,0
10559,0
10560,0
10561,1
10562,0
10563,2
10564,0
10565,1
10566,1
10567,0
10568,0
10569,2
10570,2
10571,0
10572,0
10573,1
10574,0
10575,2
10576,0
10577,0
10578,2
10579,0
10580,0
10581,0
10582,2
10583,0
10584,2
10585,0
10586,0
10587,2
10588,2
10589,0
10590,0
10591,2
10592,1
10593,2
10594,1
10595,2
10596,2
10597,0
10598,1
10599,2
10600,0
10601,1
10602,2
10603,0
10604,1
10605,2
10606,0
10607,2
10608,0
10609,0
10610,2
10611,2
10612,2
10613,2
10614,2
10615,0
10616,1
10617,0
10618,2
10619,0
10620,1
10621,2
10622,0
10623,1
10624,2
10625,1
10626,0
10627,2
10628,1
10629,0
10630,2
10631,0
10632,2
10633,0
10634,2
10635,2
10636,1
10637,1
10638,0
10639,2
10640,2
10641,2
10642,1
10643,1
10644,2
10645,2
10646,2
10647,0
10648,2
10649,2
10650,2
10651,2
10652,0
10653,1
10654,1
10655,0
10656,2
10657,1
10658,0
10659,2
10660,1
10661,1
10662,0
10663,2
10664,0
10665,0
10666,1
10667,2
10668,0
10669,0
10670,1
10671,1
10672,2
10673,0
10674,2
10675,2
10676,2
10677,0
10678,0
10679,1
10680,0
10681,2
10682,2
10683,2
10684,1
10685,2
10686,0
10687,0
10688,1
10689,1
10690,1
10691,2
10692,0
10693,2
10694,0
10695,0
10696,1
10697,1
10698,1
10699,2
10700,1
10701,0
10702,1
10703,1
10704,1
10705,2
10706,0
10707,1
10708,0
10709,2
10710,0
10711,0
10712,2
10713,0
10714,0
10715,2
10716,0
10717,1
10718,2
10719,1
10720,1
10721,2
10722,2
10723,1
10724,1
10725,1
10726,1
10727,0
10728,1
10729,1
10730,1
10731,0
10732,2
10733,0
10734,0
10735,1
10736,1
10737,2
10738,1
10739,0
10740,2
10741,0
10742,2
10743,2
10744,1
10745,1
10746,0
10747,1
10748,2
10749,0
10750,2
10751,1
10752,0
10753,0
10754,0
10755,2
10756,2
10757,2
10758,2
10759,2
10760,0
10761,0
10762,1
10763,2
10764,2
10765,1
10766,1
10767,0
10768,2
10769,2
10770,1
10771,2
10772,1
10773,0
10774,0
10775,1
10776,1
10777,2
10778,2
10779,1
10780,2
10781,1
10782,0
10783,1
10784,1
10785,1
10786,2
10787,0
10788,0
10789,2
10790,0
10791,0
10792,2
10793,2
10794,0
10795,0
10796,1
10797,0
10798,0
10799,2
10800,0
10801,0
10802,0
10803,2
10804,2
10805,1
10806,1
10807,1
10808,0
10809,0
10810,2
10811,0
10812,0
10813,1
10814,0
10815,0
10816,2
10817,1
10818,2
10819,1
10820,2
10821,0
10822,2
10823,2
10824,1
10825,2
10826,2
10827,1
10828,1
10829,2
10830,1
10831,2
10832,2
10833,1
10834,2
10835,0
10836,1
10837,0
10838,2
10839,2
10840,0
10841,2
10842,0
10843,2
10844,0
10845,0
10846,2
10847,1
10848,0
10849,2
10850,0
10851,0
10852,2
10853,0
10854,1
10855,1
10856,0
10857,2
10858,2
10859,1
10860,0
10861,0
10862,0
10863,0
10864,2
10865,2
10866,0
10867,2
10868,2
10869,1
10870,2
10871,2
10872,2
10873,0
10874,2
10875,0
10876,2
10877,1
10878,0
10879,1
10880,2
10881,1
10882,0
10883,0
10884,1
10885,0
10886,2
10887,0
10888,1
10889,1
10890,2
10891,2
10892,0
10893,2
10894,2
10895,1
10896,0
10897,1
10898,0
10899,2
10900,1
10901,2
10902,2
10903,0
10904,2
10905,0
10906,1
10907,2
10908,1
10909,2
10910,0
10911,2
10912,0
10913,1
10914,1
10915,1
10916,1
10917,0
10918,0
10919,0
10920,0
10921,2
10922,1
10923,2
10924,0
10925,2
10926,2
10927,1
10928,0
10929,1
10930,1
10931,2
10932,2
10933,1
10934,0
10935,2
10936,0
10937,0
10938,0
10939,2
10940,2
10941,0
10942,2
10943,2
10944,0
10945,1
10946,1
10947,1
10948,0
10949,1
10950,2
10951,0
10952,1
10953,2
10954,0
10955,1
10956,1
10957,0
10958,1
10959,1
10960,2
10961,2
10962,0
10963,2
10964,1
10965,2
10966,2
10967,0
10968,1
10969,2
10970,2
10971,0
10972,1
10973,0
10974,1
10975,0
10976,2
10977,1
10978,0
10979,0
10980,2
10981,1
10982,0
10983,2
10984,1
10985,1
10986,1
10987,0
10988,0
10989,1
10990,1
10991,1
10992,0
10993,0
10994,2
10995,1
10996,1
10997,1
10998,0
10999,0
11000,0
11001,1
11002,2
11003,2
11004,2
11005,2
11006,0
11007,2
11008,2
11009,2
11010,2
11011,2
11012,0
11013,1
11014,0
11015,1
11016,0
11017,0
11018,0
11019,2
11020,2
11021,0
11022,1
11023,0
11024,2
11025,2
11026,2
11027,2
11028,2
11029,0
11030,0
11031,0
11032,1
11033,1
11034,0
11035,1
11036,2
11037,2
11038,0
11039,2
11040,0
11041,2
11042,1
11043,0
11044,0
11045,0
11046,1
11047,0
11048,2
11049,0
11050,0
11051,0
11052,1
11053,0
11054,0
11055,2
11056,1
11057,1
11058,2
11059,1
11060,1
11061,0
11062,0
11063,2
11064,2
11065,2
11066,0
11067,1
11068,0
11069,1
11070,0
11071,1
11072,0
11073,2
11074,2
11075,0
11076,2
11077,0
11078,2
11079,0
11080,2
11081,0
11082,2
11083,0
11084,0
11085,0
11086,2
11087,1
11088,1
11089,2
11090,2
11091,2
11092,1
11093,2
11094,1
11095,0
11096,2
11097,2
11098,0
11099,0
11100,0
11101,2
11102,0
11103,1
11104,2
11105,2
11106,2
11107,0
11108,2
11109,0
11110,2
11111,0
11112,0
11113,0
11114,1
11115,2
11116,1
11117,0
11118,2
11119,2
11120,0
11121,2
11122,2
11123,0
11124,2
11125,0
11126,0
11127,0
11128,0
11129,0
11130,1
11131,0
11132,0
11133,0
11134,2
11135,1
11136,2
11137,0
11138,0
11139,1
11140,2
11141,0
11142,1
11143,1
11144,0
11145,0
11146,1
11147,0
11148,0
11149,1
11150,0
11151,0
11152,1
11153,2
11154,0
11155,2
11156,0
11157,0
11158,0
11159,0
11160,0
11161,0
11162,2
11163,1
11164,2
11165,2
11166,1
11167,0
11168,0
11169,2
11170,0
11171,1
11172,0
11173,2
11174,2
11175,2
11176,2
11177,2
11178,2
11179,1
11180,0
11181,1
11182,1
11183,0
11184,0
11185,1
11186,2
11187,2
11188,0
11189,2
11190,2
11191,1
11192,2
11193,2
11194,0
11195,2
11196,2
11197,0
11198,1
11199,1
11200,0
11201,1
11202,0
11203,2
11204,2
11205,2
11206,1
11207,0
11208,1
11209,1
11210,2
11211,1
11212,1
11213,1
11214,1
11215,2
11216,2
11217,1
11218,1
11219,0
11220,1
11221,2
11222,0
11223,0
11224,1
11225,0
11226,0
11227,0
11228,2
11229,2
11230,1
11231,0
11232,0
11233,2
11234,1
11235,0
11236,2
11237,2
11238,2
11239,1
11240,0
11241,0
11242,1
11243,0
11244,2
11245,0
11246,0
11247,0
11248,0
11249,2
11250,0
11251,0
11252,0
11253,1
11254,0
11255,2
11256,0
11257,1
11258,2
11259,2
11260,0
11261,2
11262,1
11263,1
11264,0
11265,2
11266,2
11267,0
11268,0
11269,2
11270,0
11271,0
11272,1
11273,2
11274,0
11275,2
11276,2
11277,2
11278,2
11279,0
11280,1
11281,0
11282,2
11283,1
11284,2
11285,0
11286,2
11287,2
11288,1
11289,2
11290,0
11291,2
11292,1
11293,2
11294,2
11295,2
11296,1
11297,1
11298,1
11299,0
11300,2
11301,1
11302,2
11303,1
11304,1
11305,2
11306,0
11307,1
11308,2
11309,2
11310,2
11311,0
11312,0
11313,0
11314,0
11315,0
11316,1
11317,0
11318,2
11319,0
11320,2
11321,1
11322,2
11323,2
11324,0
11325,2
11326,2
11327,1
11328,1
11329,0
11330,0
11331,2
11332,2
11333,0
11334,2
11335,0
11336,0
11337,2
11338,1
11339,1
11340,2
11341,0
11342,0
11343,1
11344,2
11345,1
11346,1
11347,1
11348,2
11349,0
11350,0
11351,2
11352,1
11353,0
11354,2
11355,0
11356,2
11357,2
11358,0
11359,2
11360,0
11361,2
11362,0
11363,1
11364,0
11365,2
11366,1
11367,0
11368,0
11369,1
11370,1
11371,2
11372,0
11373,1
11374,0
11375,2
11376,1
11377,0
11378,2
11379,2
11380,0
11381,0
11382,2
11383,0
11384,1
11385,0
11386,2
11387,0
11388,2
11389,0
11390,2
11391,2
11392,0
11393,1
11394,2
11395,0
11396,0
11397,1
11398,1
11399,2
11400,0
11401,1
11402,0
11403,0
11404,0
11405,0
11406,1
11407,0
11408,2
11409,0
11410,1
11411,1
11412,0
11413,2
11414,2
11415,2
11416,1
11417,0
11418,2
11419,1
11420,1
11421,2
11422,1
11423,1
11424,1
11425,0
11426,1
11427,1
11428,0
11429,0
11430,1
11431,0
11432,2
11433,0
11434,2
11435,2
11436,2
11437,2
11438,1
11439,1
11440,2
11441,0
11442,1
11443,0
11444,1
11445,2
11446,2
11447,2
11448,0
11449,0
11450,0
11451,0
11452,0
11453,1
11454,2
11455,0
11456,1
11457,2
11458,0
11459,1
11460,0
11461,1
11462,0
11463,0
11464,0
11465,1
11466,2
11467,1
11468,0
11469,1
11470,1
11471,0
11472,0
11473,2
11474,2
11475,1
11476,1
11477,2
11478,1
11479,2
11480,0
11481,1
11482,2
11483,0
11484,2
11485,0
11486,2
11487,0
11488,2
11489,0
11490,1
11491,2
11492,0
11493,1
11494,2
11495,0
11496,2
11497,2
11498,0
11499,1
11500,2
11501,0
11502,1
11503,0
11504,0
11505,0
11506,1
11507,0
11508,2
11509,1
11510,0
11511,0
11512,0
11513,1
11514,2
11515,1
11516,2
11517,1
11518,2
11519,0
11520,0
11521,2
11522,2
11523,2
11524,2
11525,1
11526,0
11527,0
11528,2
11529,0
11530,1
11531,1
11532,1
11533,0
11534,0
11535,2
11536,0
11537,2
11538,0
11539,2
11540,2
11541,0
11542,0
11543,0
11544,1
11545,1
11546,0
11547,2
11548,1
11549,0
11550,0
11551,2
11552,1
11553,2
11554,0
11555,1
11556,0
11557,0
11558,0
11559,0
11560,0
11561,0
11562,2
11563,0
11564,0
11565,1
11566,2
11567,2
11568,2
11569,0
11570,1
11571,2
11572,2
11573,2
11574,1
11575,1
11576,2
11577,0
11578,1
11579,1
11580,2
11581,0
11582,0
11583,0
11584,1
11585,2
11586,0
11587,0
11588,1
11589,0
11590,0
11591,0
11592,2
11593,1
11594,0
11595,0
11596,2
11597,2
11598,1
11599,2
11600,2
11601,0
11602,2
11603,0
11604,0
11605,0
11606,2
11607,2
11608,1
11609,0
11610,0
11611,0
11612,1
11613,1
11614,1
11615,2
11616,0
11617,2
11618,1
11619,0
11620,2
11621,1
11622,0
11623,1
11624,0
11625,2
11626,2
11627,1
11628,0
11629,2
11630,1
11631,0
11632,1
11633,1
11634,2
11635,0
11636,2
11637,0
11638,2
11639,2
11640,2
11641,0
11642,1
11643,2
11644,0
11645,0
11646,1
11647,1
11648,1
11649,0
11650,1
11651,0
11652,0
11653,0
11654,2
11655,1
11656,1
11657,2
11658,1
11659,2
11660,2
11661,0
11662,2
11663,2
11664,0
11665,2
11666,0
11667,1
11668,1
11669,0
11670,1
11671,1
11672,2
11673,2
11674,0
11675,0
11676,0
11677,0
11678,0
11679,2
11680,0
11681,1
11682,0
11683,1
11684,1
11685,1
11686,2
11687,1
11688,1
11689,0
11690,1
11691,1
11692,0
11693,2
11694,0
11695,0
11696,1
11697,0
11698,1
11699,2
11700,2
11701,1
11702,2
11703,0
11704,0
11705,2
11706,2
11707,2
11708,1
11709,0
11710,2
11711,0
11712,0
11713,0
11714,1
11715,2
11716,2
11717,1
11718,1
11719,0
11720,0
11721,2
11722,2
11723,2
11724,2
11725,0
11726,1
11727,1
11728,1
11729,1
11730,1
11731,0
11732,2
11733,2
11734,1
11735,0
11736,0
11737,0
11738,0
11739,2
11740,0
11741,0
11742,2
11743,0
11744,0
11745,2
11746,0
11747,0
11748,2
11749,2
11750,0
11751,2
11752,1
11753,0
11754,0
11755,2
11756,1
11757,0
11758,0
11759,0
11760,2
11761,2
11762,0
11763,2
11764,2
11765,2
11766,1
11767,2
11768,2
11769,0
11770,0
11771,2
11772,0
11773,1
11774,0
11775,0
11776,2
11777,0
11778,2
11779,2
11780,0
11781,2
11782,1
11783,0
11784,2
11785,1
11786,2
11787,1
11788,1
11789,0
11790,0
11791,0
11792,0
11793,2
11794,1
11795,2
11796,2
11797,0
11798,0
11799,0
11800,2
11801,0
11802,1
11803,0
11804,1
11805,0
11806,1
11807,0
11808,0
11809,1
11810,1
11811,2
11812,1
11813,0
11814,0
11815,2
11816,1
11817,0
11818,0
11819,2
11820,1
11821,0
11822,1
11823,1
11824,1
11825,2
11826,1
11827,2
11828,2
11829,1
11830,0
11831,0
11832,0
11833,2
11834,0
11835,0
11836,0
11837,0
11838,0
11839,0
11840,2
11841,2
11842,0
11843,0
11844,2
11845,0
11846,2
11847,2
11848,0
11849,2
11850,2
11851,1
11852,0
11853,0
11854,1
11855,0
11856,0
11857,1
11858,2
11859,1
11860,0
11861,0
11862,2
11863,0
11864,1
11865,0
11866,0
11867,2
11868,0
11869,1
11870,0
11871,0
11872,2
11873,1
11874,1
11875,0
11876,1
11877,1
11878,0
11879,0
11880,0
11881,2
11882,2
11883,0
11884,2
11885,1
11886,2
11887,1
11888,2
11889,0
11890,1
11891,0
11892,0
11893,2
11894,0
11895,0
11896,1
11897,1
11898,2
11899,0
11900,1
11901,0
11902,1
11903,0
11904,1
11905,0
11906,2
11907,1
11908,0
11909,1
11910,2
11911,0
11912,1
11913,0
11914,2
11915,0
11916,1
11917,0
11918,1
11919,1
11920,1
11921,1
11922,0
11923,2
11924,1
11925,0
11926,2
11927,0
11928,2
11929,2
11930,2
11931,1
11932,0
11933,1
11934,0
11935,2
11936,1
11937,1
11938,2
11939,0
11940,1
11941,0
11942,0
11943,2
11944,0
11945,1
11946,2
11947,1
11948,1
11949,1
11950,0
11951,0
11952,2
11953,0
11954,0
11955,2
11956,0
11957,0
11958,1
11959,1
11960,2
11961,0
11962,1
11963,1
11964,1
11965,0
11966,0
11967,2
11968,1
11969,2
11970,2
11971,0
11972,2
11973,0
11974,1
11975,0
11976,2
11977,1
11978,0
11979,0
11980,2
11981,0
11982,2
11983,2
11984,2
11985,2
11986,0
11987,2
11988,1
11989,2
11990,2
11991,0
11992,1
11993,1
11994,2
11995,1
11996,0
11997,2
11998,2
11999,0
12000,0
12001,0
12002,2
12003,1
12004,0
12005,0
12006,1
12007,0
12008,0
12009,2
12010,0
12011,0
12012,1
12013,0
12014,0
12015,1
12016,2
12017,1
12018,0
12019,1
12020,2
12021,0
12022,2
12023,0
12024,1
12025,1
12026,0
12027,0
12028,1
12029,2
12030,2
12031,0
12032,0
12033,0
12034,1
12035,0
12036,1
12037,1
12038,0
12039,1
12040,1
12041,2
12042,0
12043,0
12044,2
12045,2
12046,0
12047,2
12048,1
12049,2
12050,0
12051,1
12052,0
12053,1
12054,0
12055,2
12056,0
12057,1
12058,1
12059,0
12060,0
12061,2
12062,1
12063,1
12064,2
12065,0
12066,0
12067,0
12068,1
12069,2
12070,1
12071,2
12072,2
12073,1
12074,2
12075,1
12076,2
12077,1
12078,1
12079,0
12080,0
12081,2
12082,1
12083,0
12084,0
12085,2
12086,1
12087,1
12088,2
12089,2
12090,0
12091,0
12092,0
12093,2
12094,2
12095,2
12096,2
12097,0
12098,0
12099,0
12100,2
12101,2
12102,2
12103,0
12104,2
12105,2
12106,1
12107,0
12108,2
12109,2
12110,0
12111,2
12112,0
12113,1
12114,0
12115,0
12116,0
12117,1
12118,0
12119,0
12120,2
12121,2
12122,0
12123,2
12124,0
12125,2
12126,0
12127,2
12128,2
12129,2
12130,0
12131,2
12132,0
12133,2
12134,1
12135,0
12136,0
12137,0
12138,0
12139,1
12140,2
12141,2
12142,0
12143,1
12144,1
12145,2
12146,2
12147,2
12148,2
12149,2
12150,2
12151,0
12152,2
12153,2
12154,2
12155,0
12156,2
12157,1
12158,0
12159,0
12160,2
12161,1
12162,0
12163,1
12164,2
12165,2
12166,2
12167,0
12168,2
12169,2
12170,2
12171,0
12172,2
12173,1
12174,0
12175,1
12176,2
12177,1
12178,0
12179,0
12180,1
12181,2
12182,1
12183,0
12184,0
12185,0
12186,2
12187,0
12188,2
12189,1
12190,0
12191,2
12192,0
12193,1
12194,2
12195,0
12196,2
12197,2
12198,2
12199,2
12200,2
12201,0
12202,2
12203,0
12204,0
12205,2
12206,2
12207,0
12208,0
12209,1
12210,0
12211,0
12212,0
12213,0
12214,0
12215,2
12216,1
12217,2
12218,0
12219,2
12220,1
12221,0
12222,1
12223,2
12224,2
12225,2
12226,1
12227,1
12228,2
12229,0
12230,0
12231,0
12232,2
12233,2
12234,2
12235,0
12236,1
12237,2
12238,0
12239,2
12240,2
12241,2
12242,0
12243,0
12244,0
12245,1
12246,0
12247,0
12248,2
12249,1
12250,2
12251,0
12252,0
12253,2
12254,0
12255,2
12256,0
12257,0
12258,1
12259,0
12260,2
12261,0
12262,0
12263,0
12264,1
12265,2
12266,0
12267,1
12268,0
12269,2
12270,2
12271,0
12272,2
12273,1
12274,2
12275,0
12276,0
12277,2
12278,2
12279,2
12280,2
12281,1
12282,2
12283,0
12284,0
12285,0
12286,2
12287,0
12288,1
12289,2
12290,1
12291,2
12292,2
12293,2
12294,0
12295,0
12296,2
12297,2
12298,2
12299,1
12300,0
12301,1
12302,2
12303,1
12304,2
12305,1
12306,1
12307,0
12308,1
12309,2
12310,1
12311,1
12312,2
12313,0
12314,0
12315,2
12316,0
12317,0
12318,1
12319,0
12320,1
12321,0
12322,0
12323,2
12324,1
12325,0
12326,0
12327,1
12328,1
12329,0
12330,0
12331,0
12332,0
12333,0
12334,0
12335,2
12336,0
12337,1
12338,2
12339,0
12340,1
12341,2
12342,2
12343,2
12344,0
12345,1
12346,1
12347,1
12348,1
12349,1
12350,1
12351,1
12352,1
12353,1
12354,1
12355,2
12356,2
12357,2
12358,1
12359,0
12360,2
12361,0
12362,2
12363,1
12364,1
12365,2
12366,0
12367,0
12368,2
12369,0
12370,1
12371,0
12372,0
12373,1
12374,2
12375,1
12376,1
12377,0
12378,2
12379,2
12380,0
12381,2
12382,1
12383,2
12384,2
12385,2
12386,2
12387,1
12388,0
12389,1
12390,2
12391,0
12392,1
12393,2
12394,2
12395,1
12396,0
12397,0
12398,0
12399,1
12400,2
12401,0
12402,1
12403,0
12404,1
12405,2
12406,1
12407,1
12408,0
12409,2
12410,2
12411,1
12412,2
12413,1
12414,2
12415,0
12416,2
12417,2
12418,2
12419,2
12420,0
12421,2
12422,2
12423,0
12424,2
12425,2
12426,2
12427,0
12428,2
12429,1
12430,0
12431,0
12432,1
12433,0
12434,1
12435,2
12436,0
12437,0
12438,1
12439,2
12440,0
12441,2
12442,0
12443,2
12444,1
12445,2
12446,2
12447,2
12448,1
12449,2
12450,1
12451,2
12452,1
12453,1
12454,1
12455,1
12456,0
12457,0
12458,0
12459,2
12460,1
12461,0
12462,0
12463,0
12464,2
12465,1
12466,2
12467,1
12468,2
12469,0
12470,0
12471,0
12472,0
12473,0
12474,2
12475,2
12476,0
12477,1
12478,2
12479,1
12480,2
12481,2
12482,1
12483,2
12484,1
12485,0
12486,1
12487,0
12488,2
12489,0
12490,0
12491,2
12492,0
12493,2
12494,0
12495,2
12496,2
12497,0
12498,2
12499,1
12500,2
12501,0
12502,0
12503,1
12504,0
12505,1
12506,2
12507,0
12508,2
12509,0
12510,2
12511,1
12512,0
12513,0
12514,2
12515,1
12516,0
12517,2
12518,0
12519,1
12520,2
12521,2
12522,2
12523,0
12524,0
12525,1
12526,0
12527,1
12528,1
12529,1
12530,0
12531,2
12532,2
12533,0
12534,2
12535,1
12536,2
12537,0
12538,0
12539,1
12540,2
12541,0
12542,0
12543,0
12544,0
12545,2
12546,1
12547,0
12548,2
12549,0
12550,0
12551,1
12552,0
12553,0
12554,1
12555,1
12556,2
12557,0
12558,2
12559,2
12560,0
12561,1
12562,2
12563,2
12564,1
12565,0
12566,0
12567,1
12568,2
12569,0
12570,2
12571,0
12572,0
12573,0
12574,1
12575,2
12576,0
12577,0
12578,1
12579,1
12580,1
12581,0
12582,2
12583,0
12584,2
12585,2
12586,0
12587,2
12588,1
12589,0
12590,2
12591,2
12592,0
12593,2
12594,2
12595,2
12596,0
12597,1
12598,1
12599,0
12600,2
12601,0
12602,2
12603,0
12604,1
12605,0
12606,2
12607,1
12608,0
12609,0
12610,2
12611,0
12612,0
12613,1
12614,1
12615,2
12616,0
12617,0
12618,2
12619,1
12620,2
12621,0
12622,1
12623,1
12624,0
12625,2
12626,1
12627,1
12628,2
12629,2
12630,2
12631,2
12632,0
12633,1
12634,0
12635,0
12636,0
12637,1
12638,2
12639,2
12640,2
12641,2
12642,2
12643,0
12644,0
12645,1
12646,0
12647,0
12648,1
12649,1
12650,0
12651,0
12652,1
12653,1
12654,1
12655,1
12656,0
12657,2
12658,0
12659,1
12660,0
12661,2
12662,2
12663,1
12664,0
12665,1
12666,2
12667,2
12668,2
12669,0
12670,1
12671,1
12672,2
12673,2
12674,1
12675,0
12676,1
12677,2
12678,1
12679,0
12680,2
12681,2
12682,2
12683,0
12684,0
12685,0
12686,0
12687,0
12688,1
12689,2
12690,2
12691,0
12692,2
12693,2
12694,0
12695,2
12696,2
12697,0
12698,1
12699,0
12700,0
12701,2
12702,0
12703,1
12704,2
12705,2
12706,1
12707,2
12708,0
12709,2
12710,0
12711,2
12712,1
12713,2
12714,1
12715,0
12716,2
12717,1
12718,1
12719,0
12720,1
12721,1
12722,0
12723,0
12724,0
12725,1
12726,0
12727,2
12728,0
12729,1
12730,1
12731,1
12732,0
12733,2
12734,0
12735,0
12736,0
12737,2
12738,0
12739,1
12740,2
12741,1
12742,1
12743,0
12744,1
12745,1
12746,1
12747,0
12748,1
12749,0
12750,1
12751,0
12752,0
12753,0
12754,1
12755,0
12756,0
12757,2
12758,2
12759,0
12760,2
12761,0
12762,2
12763,2
12764,0
12765,0
12766,0
12767,2
12768,2
12769,2
12770,1
12771,2
12772,2
12773,2
12774,0
12775,2
12776,2
12777,2
12778,0
12779,1
12780,0
12781,2
12782,2
12783,0
12784,2
12785,0
12786,1
12787,0
12788,1
12789,2
12790,0
12791,2
12792,1
12793,1
12794,1
12795,2
12796,1
12797,2
12798,2
12799,1
12800,2
12801,0
12802,1
12803,2
12804,2
12805,0
12806,0
12807,0
12808,0
12809,2
12810,1
12811,1
12812,1
12813,1
12814,2
12815,1
12816,2
12817,1
12818,1
12819,0
12820,1
12821,0
12822,2
12823,2
12824,2
12825,2
12826,0
12827,2
12828,0
12829,1
12830,1
12831,2
12832,2
12833,2
12834,2
12835,2
12836,1
12837,2
12838,1
12839,0
12840,2
12841,2
12842,2
12843,0
12844,0
12845,2
12846,0
12847,0
12848,2
12849,1
12850,2
12851,1
12852,0
12853,0
12854,1
12855,2
12856,2
12857,1
12858,0
12859,0
12860,0
12861,1
12862,1
12863,0
12864,2
12865,2
12866,2
12867,0
12868,2
12869,0
12870,0
12871,2
12872,2
12873,2
12874,2
12875,2
12876,0
12877,2
12878,1
12879,0
12880,0
12881,2
12882,1
12883,2
12884,0
12885,0
12886,0
12887,0
12888,0
12889,0
12890,1
12891,2
12892,0
12893,0
12894,2
12895,2
12896,2
12897,0
12898,1
12899,1
12900,2
12901,2
12902,0
12903,2
12904,0
12905,1
12906,2
12907,0
12908,0
12909,2
12910,0
12911,1
12912,0
12913,0
12914,2
12915,0
12916,1
12917,2
12918,1
12919,2
12920,2
12921,2
12922,2
12923,0
12924,2
12925,0
12926,2
12927,0
12928,1
12929,2
12930,0
12931,0
12932,2
12933,2
12934,1
12935,0
12936,2
12937,2
12938,0
12939,2
12940,0
12941,1
12942,1
12943,2
12944,1
12945,2
12946,0
12947,2
12948,0
12949,1
12950,0
12951,0
12952,2
12953,2
12954,0
12955,1
12956,2
12957,0
12958,1
12959,0
12960,2
12961,1
12962,2
12963,2
12964,2
12965,0
12966,0
12967,2
12968,1
12969,1
12970,0
12971,2
12972,1
12973,0
12974,0
12975,2
12976,1
12977,0
12978,0
12979,2
12980,0
12981,1
12982,1
12983,2
12984,2
12985,1
12986,2
12987,2
12988,2
12989,2
12990,2
12991,0
12992,1
12993,2
12994,0
12995,0
12996,0
12997,2
12998,1
12999,0
13000,0
13001,0
13002,1
13003,2
13004,1
13005,2
13006,0
13007,1
13008,1
13009,1
13010,0
13011,0
13012,1
13013,0
13014,2
13015,1
13016,2
13017,2
13018,0
13019,0
13020,1
13021,2
13022,1
13023,0
13024,1
13025,1
13026,1
13027,1
13028,0
13029,2
13030,0
13031,1
13032,0
13033,0
13034,0
13035,2
13036,0
13037,1
13038,1
13039,0
13040,2
13041,2
13042,0
13043,2
13044,1
13045,0
13046,2
13047,1
13048,1
13049,1
13050,0
13051,1
13052,1
13053,0
13054,2
13055,2
13056,2
13057,2
13058,2
13059,0
13060,2
13061,0
13062,0
13063,0
13064,0
13065,2
13066,1
13067,2
13068,2
13069,2
13070,0
13071,1
13072,1
13073,1
13074,1
13075,0
13076,2
13077,0
13078,0
13079,0
13080,1
13081,0
13082,2
13083,1
13084,1
13085,2
13086,2
13087,1
13088,2
13089,2
13090,1
13091,2
13092,1
13093,0
13094,2
13095,0
13096,1
13097,0
13098,0
13099,2
13100,2
13101,0
13102,2
13103,0
13104,2
13105,2
13106,0
13107,1
13108,0
13109,0
13110,0
13111,0
13112,2
13113,2
13114,0
13115,1
13116,2
13117,0
13118,2
13119,2
13120,1
13121,0
13122,1
13123,1
13124,0
13125,0
13126,1
13127,0
13128,0
13129,2
13130,2
13131,0
13132,0
13133,1
13134,2
13135,1
13136,0
13137,2
13138,0
13139,1
13140,2
13141,1
13142,0
13143,0
13144,0
13145,0
13146,0
13147,0
13148,0
13149,2
13150,1
13151,2
13152,0
13153,2
13154,2
13155,0
13156,0
13157,0
13158,2
13159,1
13160,2
13161,1
13162,0
13163,0
13164,1
13165,1
13166,2
13167,1
13168,0
13169,2
13170,0
13171,1
13172,2
13173,2
13174,1
13175,2
13176,2
13177,1
13178,0
13179,0
13180,0
13181,0
13182,1
13183,0
13184,2
13185,0
13186,0
13187,1
13188,1
13189,2
13190,0
13191,1
13192,2
13193,1
13194,1
13195,1
13196,0
13197,2
13198,0
13199,2
13200,2
13201,0
13202,2
13203,0
13204,0
13205,1
13206,0
13207,2
13208,0
13209,2
13210,0
13211,2
13212,0
13213,2
13214,0
13215,0
13216,2
13217,0
13218,1
13219,0
13220,2
13221,2
13222,1
13223,2
13224,2
13225,2
13226,1
13227,1
13228,1
13229,2
13230,0
13231,2
13232,2
13233,1
13234,1
13235,1
13236,0
13237,0
13238,0
13239,2
13240,0
13241,2
13242,2
13243,0
13244,2
13245,2
13246,2
13247,1
13248,2
13249,0
13250,1
13251,2
13252,1
13253,2
13254,2
13255,0
13256,2
13257,2
13258,2
13259,2
13260,1
13261,0
13262,0
13263,0
13264,1
13265,0
13266,2
13267,0
13268,0
13269,0
13270,0
13271,1
13272,2
13273,2
13274,0
13275,1
13276,0
13277,2
13278,2
13279,1
13280,1
13281,2
13282,0
13283,0
13284,2
13285,1
13286,1
13287,1
13288,2
13289,2
13290,2
13291,0
13292,0
13293,0
13294,2
13295,1
13296,2
13297,1
13298,1
13299,2
13300,0
13301,1
13302,2
13303,2
13304,0
13305,2
13306,2
13307,1
13308,0
13309,1
13310,0
13311,2
13312,2
13313,0
13314,1
13315,0
13316,1
13317,1
13318,1
13319,0
13320,0
13321,2
13322,1
13323,0
13324,0
13325,1
13326,2
13327,2
13328,2
13329,2
13330,0
13331,1
13332,2
13333,1
13334,0
13335,0
13336,2
13337,2
13338,0
13339,2
13340,0
13341,1
13342,1
13343,0
13344,1
13345,2
13346,2
13347,0
13348,2
13349,2
13350,0
13351,1
13352,1
13353,2
13354,2
13355,0
13356,0
13357,0
13358,0
13359,0
13360,0
13361,2
13362,0
13363,2
13364,2
13365,1
13366,2
13367,0
13368,2
13369,2
13370,0
13371,2
13372,0
13373,1
13374,0
13375,0
13376,1
13377,2
13378,0
13379,0
13380,0
13381,1
13382,0
13383,0
13384,0
13385,0
13386,0
13387,2
13388,0
13389,0
13390,0
13391,1
13392,0
13393,1
13394,0
13395,0
13396,0
13397,0
13398,0
13399,0
13400,0
13401,1
13402,2
13403,0
13404,0
13405,2
13406,0
13407,0
13408,2
13409,2
13410,1
13411,1
13412,0
13413,0
13414,1
13415,1
13416,2
13417,0
13418,0
13419,0
13420,2
13421,2
13422,1
13423,2
13424,2
13425,2
13426,0
13427,1
13428,0
13429,0
13430,2
13431,0
13432,1
13433,2
13434,2
13435,1
13436,1
13437,0
13438,0
13439,1
13440,2
13441,2
13442,1
13443,0
13444,1
13445,1
13446,1
13447,1
13448,0
13449,0
13450,0
13451,0
13452,2
13453,2
13454,1
13455,2
13456,1
13457,0
13458,0
13459,2
13460,2
13461,2
13462,2
13463,2
13464,0
13465,1
13466,1
13467,1
13468,1
13469,0
13470,1
13471,0
13472,2
13473,2
13474,2
13475,2
13476,1
13477,2
13478,0
13479,2
13480,0
13481,2
13482,2
13483,2
13484,1
13485,1
13486,2
13487,1
13488,2
13489,2
13490,1
13491,1
13492,2
13493,1
13494,1
13495,1
13496,1
13497,2
13498,0
13499,1
13500,2
13501,2
13502,0
13503,0
13504,0
13505,1
13506,0
13507,1
13508,0
13509,2
13510,1
13511,0
13512,0
13513,1
13514,0
13515,2
13516,0
13517,2
13518,1
13519,2
13520,1
13521,0
13522,2
13523,2
13524,0
13525,1
13526,0
13527,0
13528,1
13529,2
13530,1
13531,1
13532,1
13533,2
13534,1
13535,2
13536,1
13537,0
13538,0
13539,0
13540,0
13541,0
13542,0
13543,2
13544,0
13545,2
13546,0
13547,1
13548,2
13549,2
13550,0
13551,2
13552,0
13553,0
13554,2
13555,1
13556,1
13557,1
13558,2
13559,0
13560,0
13561,0
13562,0
13563,0
13564,0
13565,1
13566,0
13567,0
13568,1
13569,0
13570,1
13571,2
13572,0
13573,0
13574,2
13575,1
13576,2
13577,1
13578,2
13579,2
13580,2
13581,2
13582,2
13583,0
13584,2
13585,1
13586,1
13587,2
13588,1
13589,2
13590,0
13591,1
13592,2
13593,2
13594,0
13595,2
13596,1
13597,0
13598,0
13599,2
13600,0
13601,1
13602,2
13603,0
13604,2
13605,0
13606,2
13607,2
13608,2
13609,0
13610,2
13611,1
13612,0
13613,1
13614,2
13615,2
13616,2
13617,0
13618,2
13619,0
13620,0
13621,0
13622,0
13623,2
13624,2
13625,1
13626,1
13627,2
13628,1
13629,2
13630,1
13631,0
13632,0
13633,2
13634,0
13635,0
13636,1
13637,2
13638,1
13639,1
13640,2
13641,1
13642,0
13643,1
13644,2
13645,0
13646,1
13647,0
13648,0
13649,1
13650,1
13651,0
13652,0
13653,2
13654,2
13655,1
13656,0
13657,2
13658,1
13659,1
13660,2
13661,0
13662,1
13663,2
13664,0
13665,2
13666,0
13667,2
13668,1
13669,2
13670,2
13671,2
13672,1
13673,2
13674,0
13675,2
13676,1
13677,0
13678,2
13679,0
13680,0
13681,2
13682,2
13683,0
13684,0
13685,2
13686,1
13687,2
13688,0
13689,2
13690,1
13691,0
13692,0
13693,2
13694,1
13695,0
13696,1
13697,0
13698,0
13699,0
13700,2
13701,1
13702,2
13703,0
13704,0
13705,2
13706,2
13707,0
13708,1
13709,2
13710,0
13711,0
13712,0
13713,1
13714,0
13715,0
13716,0
13717,2
13718,2
13719,2
13720,1
13721,0
13722,2
13723,1
13724,0
13725,2
13726,0
13727,2
13728,1
13729,2
13730,0
13731,0
13732,1
13733,1
13734,1
13735,2
13736,2
13737,0
13738,0
13739,2
13740,0
13741,0
13742,0
13743,1
13744,0
13745,2
13746,0
13747,0
13748,2
13749,0
13750,2
13751,0
13752,0
13753,1
13754,1
13755,0
13756,0
13757,2
13758,2
13759,0
13760,0
13761,2
13762,2
13763,1
13764,0
13765,1
13766,2
13767,0
13768,0
13769,0
13770,0
13771,1
13772,0
13773,1
13774,2
13775,0
13776,2
13777,0
13778,2
13779,0
13780,2
13781,1
13782,0
13783,2
13784,2
13785,1
13786,2
13787,2
13788,2
13789,0
13790,1
13791,1
13792,2
13793,0
13794,0
13795,0
13796,2
13797,0
13798,2
13799,0
13800,0
13801,2
13802,2
13803,0
13804,2
13805,2
13806,2
13807,0
13808,2
13809,2
13810,0
13811,0
13812,2
13813,1
13814,2
13815,0
13816,0
13817,0
13818,0
13819,2
13820,0
13821,0
13822,0
13823,0
13824,0
13825,2
13826,2
13827,0
13828,1
13829,2
13830,2
13831,0
13832,0
13833,2
13834,0
13835,2
13836,1
13837,2
13838,2
13839,0
13840,0
13841,0
13842,0
13843,2
13844,0
13845,0
13846,1
13847,0
13848,0
13849,0
13850,0
13851,0
13852,0
13853,0
13854,0
13855,2
13856,1
13857,2
13858,1
13859,0
13860,0
13861,0
13862,1
13863,0
13864,2
13865,1
13866,0
13867,0
13868,0
13869,2
13870,0
13871,0
13872,1
13873,2
13874,1
13875,1
13876,2
13877,2
13878,0
13879,0
13880,0
13881,1
13882,0
13883,2
13884,2
13885,1
13886,1
13887,0
13888,0
13889,1
13890,2
13891,1
13892,2
13893,0
13894,2
13895,2
13896,1
13897,2
13898,0
13899,1
13900,0
13901,1
13902,2
13903,0
13904,2
13905,2
13906,0
13907,2
13908,1
13909,0
13910,1
13911,2
13912,1
13913,1
13914,2
13915,1
13916,1
13917,2
13918,0
13919,1
13920,0
13921,1
13922,0
13923,2
13924,1
13925,0
13926,1
13927,0
13928,0
13929,2
13930,1
13931,0
13932,1
13933,2
13934,1
13935,0
13936,0
13937,2
13938,0
13939,2
13940,1
13941,2
13942,0
13943,1
13944,2
13945,0
13946,1
13947,0
13948,2
13949,0
13950,1
13951,0
13952,0
13953,0
13954,0
13955,1
13956,0
13957,2
13958,0
13959,2
13960,2
13961,2
13962,1
13963,0
13964,1
13965,1
13966,1
13967,2
13968,2
13969,0
13970,1
13971,2
13972,2
13973,0
13974,1
13975,2
13976,1
13977,2
13978,2
13979,0
13980,0
13981,2
13982,0
13983,0
13984,1
13985,2
13986,1
13987,1
13988,0
13989,0
13990,1
13991,1
13992,1
13993,2
13994,2
13995,0
13996,1
13997,2
13998,2
13999,2
14000,1
14001,2
14002,2
14003,2
14004,1
14005,2
14006,1
14007,1
14008,2
14009,1
14010,2
14011,1
14012,0
14013,2
14014,2
14015,1
14016,2
14017,2
14018,1
14019,1
14020,0
14021,2
14022,2
14023,0
14024,2
14025,1
14026,0
14027,0
14028,1
14029,0
14030,0
14031,1
14032,1
14033,0
14034,1
14035,0
14036,1
14037,1
14038,1
14039,2
14040,0
14041,1
14042,0
14043,0
14044,2
14045,2
14046,0
14047,2
14048,0
14049,0
14050,1
14051,1
14052,0
14053,2
14054,1
14055,0
14056,2
14057,0
14058,0
14059,2
14060,0
14061,2
14062,0
14063,1
14064,1
14065,0
14066,0
14067,0
14068,2
14069,2
14070,1
14071,0
14072,0
14073,2
14074,0
14075,2
14076,2
14077,2
14078,0
14079,1
14080,0
14081,0
14082,2
14083,0
14084,1
14085,1
14086,1
14087,0
14088,0
14089,2
14090,0
14091,0
14092,2
14093,2
14094,0
14095,2
14096,1
14097,1
14098,2
14099,0
14100,0
14101,2
14102,1
14103,2
14104,2
14105,1
14106,0
14107,1
14108,1
14109,0
14110,2
14111,0
14112,2
14113,2
14114,2
14115,2
14116,2
14117,2
14118,0
14119,1
14120,2
14121,2
14122,1
14123,0
14124,0
14125,0
14126,1
14127,0
14128,1
14129,0
14130,1
14131,1
14132,2
14133,0
14134,2
14135,0
14136,0
14137,2
14138,1
14139,2
14140,1
14141,2
14142,1
14143,0
14144,0
14145,2
14146,2
14147,2
14148,2
14149,0
14150,2
14151,1
14152,1
14153,0
14154,2
14155,0
14156,2
14157,0
14158,0
14159,2
14160,2
14161,0
14162,0
14163,0
14164,2
14165,2
14166,2
14167,2
14168,1
14169,0
14170,2
14171,0
14172,2
14173,2
14174,0
14175,0
14176,0
14177,2
14178,1
14179,0
14180,2
14181,0
14182,2
14183,2
14184,2
14185,1
14186,2
14187,2
14188,0
14189,0
14190,1
14191,0
14192,0
14193,2
14194,2
14195,0
14196,1
14197,2
14198,0
14199,2
14200,2
14201,2
14202,2
14203,2
14204,0
14205,1
14206,2
14207,2
14208,2
14209,1
14210,1
14211,2
14212,0
14213,1
14214,1
14215,2
14216,2
14217,0
14218,0
14219,0
14220,2
14221,1
14222,2
14223,2
14224,1
14225,1
14226,1
14227,0
14228,0
14229,2
14230,2
14231,0
14232,0
14233,2
14234,2
14235,2
14236,0
14237,1
14238,0
14239,2
14240,0
14241,0
14242,1
14243,2
14244,0
14245,0
14246,0
14247,0
14248,1
14249,0
14250,2
14251,0
14252,2
14253,0
14254,0
14255,0
14256,1
14257,2
14258,0
14259,0
14260,1
14261,1
14262,0
14263,2
14264,2
14265,0
14266,0
14267,0
14268,0
14269,1
14270,2
14271,2
14272,2
14273,0
14274,2
14275,2
14276,0
14277,1
14278,0
14279,0
14280,2
14281,0
14282,1
14283,1
14284,2
14285,1
14286,2
14287,0
14288,2
14289,2
14290,1
14291,0
14292,1
14293,2
14294,0
14295,2
14296,2
14297,1
14298,2
14299,2
14300,2
14301,0
14302,0
14303,0
14304,2
14305,2
14306,2
14307,1
14308,0
14309,0
14310,2
14311,0
14312,0
14313,2
14314,2
14315,0
14316,2
14317,0
14318,0
14319,2
14320,1
14321,2
14322,1
14323,0
14324,0
14325,2
14326,1
14327,0
14328,0
14329,0
14330,2
14331,1
14332,0
14333,2
14334,1
14335,1
14336,0
14337,2
14338,1
14339,1
14340,1
14341,2
14342,0
14343,2
14344,1
14345,2
14346,1
14347,2
14348,0
14349,2
14350,2
14351,0
14352,1
14353,2
14354,2
14355,2
14356,2
14357,0
14358,2
14359,0
14360,2
14361,2
14362,2
14363,0
14364,0
14365,1
14366,1
14367,1
14368,2
14369,0
14370,0
14371,0
14372,2
14373,2
14374,0
14375,2
14376,0
14377,0
14378,0
14379,0
14380,2
14381,2
14382,1
14383,1
14384,0
14385,2
14386,0
14387,2
14388,2
14389,1
14390,2
14391,2
14392,2
14393,1
14394,1
14395,1
14396,0
14397,1
14398,0
14399,2
14400,2
14401,2
14402,1
14403,2
14404,2
14405,0
14406,2
14407,1
14408,0
14409,2
14410,2
14411,0
14412,2
14413,2
14414,0
14415,1
14416,2
14417,1
14418,2
14419,0
14420,2
14421,1
14422,0
14423,0
14424,2
14425,2
14426,0
14427,2
14428,0
14429,1
14430,1
14431,0
14432,1
14433,0
14434,1
14435,0
14436,1
14437,2
14438,2
14439,0
14440,1
14441,1
14442,2
14443,2
14444,1
14445,0
14446,2
14447,0
14448,2
14449,1
14450,0
14451,0
14452,2
14453,1
14454,0
14455,2
14456,2
14457,0
14458,0
14459,0
14460,0
14461,0
14462,2
14463,2
14464,0
14465,2
14466,0
14467,1
14468,2
14469,2
14470,1
14471,0
14472,2
14473,2
14474,1
14475,0
14476,2
14477,0
14478,2
14479,1
14480,0
14481,0
14482,1
14483,0
14484,0
14485,1
14486,1
14487,0
14488,0
14489,0
14490,0
14491,2
14492,1
14493,2
14494,0
14495,1
14496,0
14497,1
14498,0
14499,2
14500,2
14501,2
14502,1
14503,0
14504,0
14505,2
14506,2
14507,2
14508,1
14509,2
14510,0
14511,0
14512,2
14513,1
14514,1
14515,2
14516,0
14517,1
14518,2
14519,1
14520,0
14521,0
14522,1
14523,2
14524,1
14525,1
14526,2
14527,1
14528,1
14529,0
14530,2
14531,2
14532,0
14533,1
14534,1
14535,0
14536,2
14537,0
14538,1
14539,2
14540,0
14541,2
14542,0
14543,0
14544,1
14545,0
14546,1
14547,0
14548,0
14549,1
14550,2
14551,2
14552,2
14553,0
14554,2
14555,2
14556,0
14557,1
14558,2
14559,0
14560,2
14561,0
14562,0
14563,0
14564,0
14565,2
14566,0
14567,2
14568,1
14569,2
14570,2
14571,1
14572,0
14573,2
14574,1
14575,0
14576,0
14577,2
14578,2
14579,1
14580,1
14581,1
14582,2
14583,0
14584,0
14585,1
14586,2
14587,2
14588,2
14589,1
14590,1
14591,2
14592,2
14593,0
14594,0
14595,1
14596,0
14597,0
14598,0
14599,2
14600,2
14601,0
14602,0
14603,1
14604,2
14605,2
14606,0
14607,2
14608,0
14609,1
14610,0
14611,1
14612,1
14613,2
14614,1
14615,2
14616,0
14617,2
14618,2
14619,0
14620,2
14621,2
14622,2
14623,1
14624,2
14625,1
14626,0
14627,2
14628,1
14629,1
14630,2
14631,1
14632,2
14633,0
14634,0
14635,1
14636,1
14637,0
14638,2
14639,0
14640,2
14641,0
14642,0
14643,1
14644,0
14645,1
14646,0
14647,2
14648,0
14649,2
14650,2
14651,1
14652,2
14653,0
14654,0
14655,2
14656,0
14657,1
14658,1
14659,0
14660,2
14661,0
14662,2
14663,0
14664,0
14665,0
14666,2
14667,2
14668,1
14669,2
14670,0
14671,0
14672,2
14673,0
14674,1
14675,0
14676,0
14677,1
14678,0
14679,1
14680,2
14681,2
14682,0
14683,1
14684,1
14685,2
14686,0
14687,0
14688,1
14689,2
14690,0
14691,2
14692,0
14693,2
14694,2
14695,1
14696,1
14697,0
14698,2
14699,0
14700,2
14701,1
14702,1
14703,0
14704,2
14705,0
14706,0
14707,2
14708,2
14709,0
14710,2
14711,2
14712,2
14713,2
14714,2
14715,0
14716,1
14717,0
14718,0
14719,0
14720,1
14721,1
14722,1
14723,0
14724,2
14725,1
14726,0
14727,0
14728,2
14729,2
14730,2
14731,2
14732,0
14733,0
14734,0
14735,1
14736,1
14737,1
14738,0
14739,1
14740,2
14741,2
14742,2
14743,1
14744,2
14745,2
14746,1
14747,1
14748,2
14749,0
14750,0
14751,1
14752,0
14753,2
14754,2
14755,0
14756,0
14757,2
14758,0
14759,0
14760,2
14761,1
14762,1
14763,1
14764,0
14765,2
14766,1
14767,0
14768,1
14769,1
14770,0
14771,1
14772,2
14773,2
14774,0
14775,0
14776,2
14777,0
14778,1
14779,2
14780,1
14781,0
14782,2
14783,2
14784,1
14785,0
14786,1
14787,0
14788,2
14789,2
14790,0
14791,1
14792,1
14793,0
14794,2
14795,2
14796,2
14797,0
14798,2
14799,0
14800,2
14801,2
14802,1
14803,0
14804,1
14805,1
14806,1
14807,0
14808,0
14809,0
14810,2
14811,0
14812,1
14813,1
14814,0
14815,2
14816,2
14817,1
14818,0
14819,2
14820,2
14821,1
14822,0
14823,0
14824,2
14825,0
14826,1
14827,2
14828,2
14829,0
14830,2
14831,0
14832,0
14833,1
14834,0
14835,1
14836,0
14837,0
14838,2
14839,0
14840,2
14841,1
14842,0
14843,1
14844,0
14845,2
14846,2
14847,1
14848,0
14849,1
14850,0
14851,2
14852,2
14853,2
14854,0
14855,0
14856,2
14857,2
14858,1
14859,1
14860,0
14861,1
14862,0
14863,2
14864,2
14865,1
14866,1
14867,1
14868,2
14869,0
14870,2
14871,1
14872,0
14873,1
14874,0
14875,2
14876,2
14877,1
14878,0
14879,0
14880,0
14881,2
14882,0
14883,0
14884,0
14885,1
14886,2
14887,2
14888,0
14889,0
14890,0
14891,2
14892,0
14893,2
14894,2
14895,1
14896,1
14897,1
14898,2
14899,0
14900,0
14901,0
14902,1
14903,0
14904,2
14905,0
14906,0
14907,0
14908,2
14909,0
14910,0
14911,0
14912,1
14913,1
14914,2
14915,2
14916,0
14917,2
14918,0
14919,0
14920,2
14921,0
14922,2
14923,2
14924,1
14925,1
14926,2
14927,0
14928,2
14929,2
14930,1
14931,1
14932,2
14933,0
14934,1
14935,0
14936,1
14937,0
14938,2
14939,1
14940,0
14941,0
14942,0
14943,1
14944,0
14945,1
14946,2
14947,0
14948,1
14949,0
14950,2
14951,2
14952,0
14953,1
14954,0
14955,0
14956,2
14957,2
14958,2
14959,2
14960,1
14961,2
14962,2
14963,0
14964,2
14965,2
14966,1
14967,0
14968,1
14969,0
14970,1
14971,2
14972,0
14973,0
14974,0
14975,1
14976,1
14977,1
14978,1
14979,2
14980,0
14981,1
14982,0
14983,1
14984,0
14985,0
14986,1
14987,2
14988,0
14989,1
14990,0
14991,1
14992,0
14993,0
14994,0
14995,0
14996,1
14997,1
14998,2
14999,2
15000,1
15001,2
15002,1
15003,0
15004,2
15005,2
15006,2
15007,2
15008,1
15009,2
15010,1
15011,0
15012,2
15013,2
15014,2
15015,2
15016,0
15017,2
15018,0
15019,2
15020,2
15021,1
15022,2
15023,0
15024,0
15025,1
15026,1
15027,2
15028,0
15029,0
15030,0
15031,2
15032,1
15033,2
15034,1
15035,0
15036,0
15037,0
15038,2
15039,2
15040,1
15041,0
15042,0
15043,1
15044,1
15045,2
15046,0
15047,2
15048,0
15049,2
15050,2
15051,0
15052,0
15053,0
15054,2
15055,0
15056,2
15057,2
15058,2
15059,1
15060,2
15061,1
15062,1
15063,2
15064,2
15065,1
15066,0
15067,1
15068,2
15069,2
15070,2
15071,2
15072,2
15073,1
15074,1
15075,2
15076,2
15077,0
15078,2
15079,2
15080,0
15081,0
15082,2
15083,0
15084,0
15085,0
15086,2
15087,2
15088,0
15089,2
15090,0
15091,0
15092,2
15093,2
15094,0
15095,0
15096,2
15097,1
15098,2
15099,1
15100,2
15101,2
15102,0
15103,0
15104,0
15105,0
15106,2
15107,1
15108,0
15109,2
15110,2
15111,1
15112,2
15113,1
15114,2
15115,2
15116,0
15117,0
15118,2
15119,2
15120,2
15121,1
15122,1
15123,0
15124,1
15125,0
15126,1
15127,0
15128,2
15129,0
15130,0
15131,0
15132,1
15133,2
15134,0
15135,2
15136,0
15137,2
15138,1
15139,0
15140,0
15141,1
15142,0
15143,0
15144,0
15145,2
15146,0
15147,1
15148,1
15149,0
15150,0
15151,1
15152,0
15153,1
15154,1
15155,0
15156,0
15157,0
15158,1
15159,0
15160,0
15161,2
15162,2
15163,1
15164,2
15165,1
15166,0
15167,1
15168,2
15169,2
15170,0
15171,0
15172,0
15173,0
15174,0
15175,2
15176,1
15177,2
15178,0
15179,0
15180,1
15181,1
15182,1
15183,2
15184,2
15185,1
15186,1
15187,0
15188,1
15189,1
15190,1
15191,1
15192,0
15193,0
15194,1
15195,0
15196,0
15197,1
15198,1
15199,0
15200,2
15201,2
15202,2
15203,0
15204,1
15205,0
15206,0
15207,2
15208,1
15209,2
15210,1
15211,2
15212,0
15213,2
15214,2
15215,1
15216,0
15217,0
15218,0
15219,2
15220,0
15221,2
15222,2
15223,2
15224,0
15225,0
15226,0
15227,0
15228,2
15229,2
15230,2
15231,0
15232,0
15233,0
15234,0
15235,0
15236,2
15237,0
15238,1
15239,0
15240,0
15241,2
15242,0
15243,2
15244,0
15245,2
15246,0
15247,1
15248,2
15249,2
15250,2
15251,1
15252,1
15253,2
15254,2
15255,0
15256,2
15257,2
15258,0
15259,0
15260,0
15261,2
15262,2
15263,2
15264,0
15265,0
15266,2
15267,0
15268,1
15269,0
15270,2
15271,0
15272,2
15273,0
15274,2
15275,2
15276,1
15277,0
15278,0
15279,2
15280,2
15281,0
15282,0
15283,2
15284,2
15285,0
15286,0
15287,0
15288,2
15289,2
15290,2
15291,2
15292,1
15293,0
15294,1
15295,2
15296,2
15297,1
15298,2
15299,0
15300,0
15301,2
15302,2
15303,2
15304,2
15305,2
15306,0
15307,2
15308,1
15309,2
15310,0
15311,1
15312,1
15313,1
15314,2
15315,2
15316,2
15317,0
15318,0
15319,2
15320,2
15321,1
15322,2
15323,2
15324,2
15325,1
15326,2
15327,2
15328,1
15329,0
15330,1
15331,1
15332,1
15333,0
15334,0
15335,2
15336,0
15337,0
15338,1
15339,1
15340,0
15341,2
15342,0
15343,1
15344,2
15345,0
15346,0
15347,2
15348,0
15349,2
15350,0
15351,0
15352,0
15353,2
15354,0
15355,0
15356,2
15357,2
15358,0
15359,0
15360,0
15361,1
15362,1
15363,0
15364,1
15365,2
15366,1
15367,1
15368,2
15369,1
15370,1
15371,2
15372,2
15373,1
15374,2
15375,1
15376,0
15377,2
15378,2
15379,1
15380,0
15381,2
15382,0
15383,1
15384,1
15385,0
15386,1
15387,1
15388,0
15389,0
15390,1
15391,0
15392,2
15393,1
15394,2
15395,2
15396,2
15397,2
15398,2
15399,1
15400,1
15401,2
15402,2
15403,0
15404,1
15405,1
15406,0
15407,1
15408,2
15409,1
15410,0
15411,1
15412,1
15413,0
15414,2
15415,2
15416,2
15417,0
15418,0
15419,2
15420,2
15421,1
15422,2
15423,2
15424,2
15425,2
15426,2
15427,1
15428,0
15429,0
15430,2
15431,1
15432,1
15433,2
15434,1
15435,1
15436,2
15437,1
15438,0
15439,1
15440,2
15441,2
15442,1
15443,2
15444,0
15445,2
15446,0
15447,2
15448,2
15449,2
15450,2
15451,2
15452,1
15453,2
15454,1
15455,1
15456,2
15457,2
15458,0
15459,0
15460,0
15461,0
15462,1
15463,0
15464,2
15465,2
15466,0
15467,2
15468,0
15469,2
15470,2
15471,2
15472,2
15473,1
15474,0
15475,0
15476,2
15477,2
15478,0
15479,1
15480,2
15481,0
15482,0
15483,1
15484,1
15485,2
15486,1
15487,2
15488,2
15489,1
15490,0
15491,2
15492,2
15493,1
15494,1
15495,1
15496,2
15497,1
15498,1
15499,2
15500,2
15501,0
15502,2
15503,1
15504,0
15505,0
15506,2
15507,0
15508,0
15509,0
15510,0
15511,1
15512,0
15513,0
15514,1
15515,0
15516,1
15517,2
15518,1
15519,1
15520,0
15521,0
15522,0
15523,0
15524,2
15525,2
15526,2
15527,2
15528,0
15529,1
15530,0
15531,1
15532,1
15533,2
15534,0
15535,1
15536,1
15537,2
15538,2
15539,0
15540,0
15541,0
15542,1
15543,2
15544,2
15545,1
15546,2
15547,0
15548,2
15549,2
15550,1
15551,0
15552,1
15553,2
15554,2
15555,0
15556,0
15557,2
15558,2
15559,2
15560,2
15561,1
15562,1
15563,0
15564,2
15565,1
15566,0
15567,0
15568,1
15569,1
15570,2
15571,2
15572,0
15573,0
15574,1
15575,1
15576,0
15577,2
15578,1
15579,0
15580,0
15581,1
15582,0
15583,1
15584,2
15585,1
15586,1
15587,1
15588,0
15589,0
15590,0
15591,0
15592,2
15593,0
15594,2
15595,2
15596,0
15597,1
15598,0
15599,2
15600,0
15601,0
15602,2
15603,2
15604,1
15605,0
15606,0
15607,0
15608,0
15609,2
15610,2
15611,1
15612,2
15613,2
15614,1
15615,2
15616,2
15617,1
15618,0
15619,0
15620,1
15621,0
15622,1
15623,1
15624,2
15625,2
15626,2
15627,0
15628,1
15629,1
15630,0
15631,1
15632,2
15633,2
15634,1
15635,2
15636,2
15637,1
15638,2
15639,1
15640,0
15641,0
15642,2
15643,0
15644,1
15645,2
15646,2
15647,2
15648,2
15649,2
15650,2
15651,1
15652,2
15653,2
15654,0
15655,2
15656,0
15657,0
15658,2
15659,0
15660,1
15661,2
15662,2
15663,1
15664,0
15665,0
15666,1
15667,2
15668,1
15669,0
15670,1
15671,1
15672,2
15673,0
15674,2
15675,1
15676,2
15677,1
15678,1
15679,0
15680,0
15681,0
15682,2
15683,1
15684,0
15685,0
15686,1
15687,2
15688,0
15689,0
15690,1
15691,0
15692,1
15693,2
15694,2
15695,0
15696,0
15697,2
15698,1
15699,0
15700,2
15701,0
15702,1
15703,2
15704,0
15705,2
15706,1
15707,2
15708,2
15709,1
15710,2
15711,0
15712,2
15713,1
15714,1
15715,1
15716,2
15717,2
15718,2
15719,1
15720,0
15721,0
15722,0
15723,2
15724,0
15725,0
15726,0
15727,1
15728,2
15729,2
15730,0
15731,2
15732,1
15733,1
15734,2
15735,0
15736,1
15737,2
15738,1
15739,0
15740,2
15741,0
15742,2
15743,1
15744,0
15745,1
15746,0
15747,0
15748,0
15749,1
15750,1
15751,2
15752,0
15753,0
15754,1
15755,2
15756,0
15757,2
15758,1
15759,2
15760,2
15761,0
15762,1
15763,0
15764,1
15765,0
15766,2
15767,2
15768,2
15769,2
15770,2
15771,2
15772,2
15773,2
15774,0
15775,2
15776,2
15777,1
15778,0
15779,1
15780,2
15781,2
15782,1
15783,1
15784,2
15785,0
15786,0
15787,2
15788,2
15789,0
15790,1
15791,1
15792,0
15793,0
15794,0
15795,1
15796,2
15797,0
15798,1
15799,0
15800,1
15801,0
15802,0
15803,1
15804,0
15805,1
15806,0
15807,0
15808,1
15809,2
15810,0
15811,0
15812,1
15813,2
15814,0
15815,2
15816,1
15817,1
15818,2
15819,1
15820,2
15821,1
15822,0
15823,0
15824,2
15825,1
15826,1
15827,0
15828,1
15829,0
15830,0
15831,0
15832,1
15833,2
15834,2
15835,0
15836,2
15837,2
15838,1
15839,2
15840,0
15841,1
15842,1
15843,2
15844,2
15845,1
15846,0
15847,2
15848,2
15849,1
15850,2
15851,0
15852,0
15853,2
15854,0
15855,0
15856,1
15857,0
15858,2
15859,0
15860,2
15861,0
15862,2
15863,0
15864,1
15865,0
15866,2
15867,2
15868,2
15869,2
15870,1
15871,2
15872,2
15873,1
15874,1
15875,0
15876,1
15877,1
15878,0
15879,0
15880,1
15881,0
15882,2
15883,0
15884,0
15885,2
15886,2
15887,1
15888,1
15889,2
15890,2
15891,2
15892,2
15893,1
15894,2
15895,2
15896,2
15897,1
15898,0
15899,0
15900,2
15901,0
15902,2
15903,0
15904,2
15905,2
15906,2
15907,1
15908,1
15909,0
15910,0
15911,2
15912,0
15913,0
15914,2
15915,1
15916,0
15917,0
15918,1
15919,0
15920,0
15921,0
15922,0
15923,0
15924,1
15925,0
15926,1
15927,0
15928,1
15929,1
15930,0
15931,0
15932,2
15933,1
15934,0
15935,0
15936,1
15937,1
15938,1
15939,1
15940,0
15941,1
15942,2
15943,0
15944,1
15945,0
15946,2
15947,0
15948,1
15949,2
15950,2
15951,0
15952,0
15953,1
15954,1
15955,1
15956,1
15957,1
15958,2
15959,2
15960,1
15961,2
15962,0
15963,2
15964,0
15965,1
15966,1
15967,2
15968,1
15969,0
15970,1
15971,2
15972,2
15973,0
15974,1
15975,2
15976,1
15977,2
15978,2
15979,1
15980,0
15981,0
15982,0
15983,2
15984,1
15985,0
15986,0
15987,2
15988,2
15989,2
15990,2
15991,0
15992,2
15993,2
15994,2
15995,1
15996,2
15997,2
15998,1
15999,2
16000,0
16001,0
16002,2
16003,0
16004,0
16005,2
16006,2
16007,2
16008,2
16009,0
16010,2
16011,1
16012,1
16013,0
16014,0
16015,2
16016,2
16017,0
16018,0
16019,1
16020,2
16021,0
16022,2
16023,0
16024,0
16025,1
16026,1
16027,1
16028,0
16029,0
16030,2
16031,1
16032,2
16033,2
16034,0
16035,1
16036,1
16037,1
16038,1
16039,2
16040,0
16041,1
16042,2
16043,0
16044,2
16045,2
16046,0
16047,0
16048,2
16049,1
16050,2
16051,1
16052,1
16053,2
16054,2
16055,2
16056,0
16057,2
16058,1
16059,2
16060,2
16061,2
16062,0
16063,1
16064,2
16065,1
16066,0
16067,1
16068,0
16069,0
16070,0
16071,1
16072,2
16073,0
16074,1
16075,1
16076,0
16077,0
16078,0
16079,1
16080,2
16081,1
16082,2
16083,1
16084,0
16085,1
16086,2
16087,1
16088,2
16089,1
16090,0
16091,0
16092,0
16093,2
16094,2
16095,0
16096,1
16097,2
16098,1
16099,2
16100,2
16101,2
16102,0
16103,0
16104,2
16105,2
16106,0
16107,0
16108,0
16109,0
16110,0
16111,1
16112,1
16113,0
16114,1
16115,1
16116,2
16117,2
16118,0
16119,2
16120,1
16121,0
16122,1
16123,2
16124,1
16125,0
16126,1
16127,2
16128,2
16129,1
16130,1
16131,2
16132,0
16133,0
16134,0
16135,2
16136,1
16137,0
16138,1
16139,0
16140,0
16141,2
16142,2
16143,1
16144,2
16145,0
16146,2
16147,0
16148,0
16149,2
16150,0
16151,2
16152,2
16153,0
16154,2
16155,2
16156,1
16157,1
16158,2
16159,1
16160,1
16161,1
16162,0
16163,1
16164,0
16165,0
16166,0
16167,0
16168,0
16169,0
16170,2
16171,1
16172,2
16173,2
16174,1
16175,1
16176,1
16177,1
16178,0
16179,1
16180,0
16181,2
16182,0
16183,0
16184,0
16185,1
16186,1
16187,1
16188,0
16189,1
16190,2
16191,0
16192,2
16193,2
16194,0
16195,2
16196,2
16197,0
16198,2
16199,0
16200,0
16201,2
16202,1
16203,0
16204,0
16205,2
16206,2
16207,0
16208,1
16209,0
16210,2
16211,0
16212,2
16213,2
16214,1
16215,0
16216,0
16217,2
16218,1
16219,0
16220,1
16221,2
16222,1
16223,2
16224,1
16225,1
16226,1
16227,2
16228,1
16229,2
16230,2
16231,1
16232,0
16233,0
16234,2
16235,0
16236,2
16237,0
16238,0
16239,0
16240,0
16241,0
16242,2
16243,0
16244,1
16245,0
16246,0
16247,2
16248,2
16249,0
16250,2
16251,0
16252,0
16253,0
16254,0
16255,0
16256,2
16257,0
16258,0
16259,0
16260,1
16261,0
16262,1
16263,0
16264,0
16265,0
16266,1
16267,1
16268,0
16269,2
16270,1
16271,2
16272,0
16273,0
16274,2
16275,1
16276,2
16277,0
16278,0
16279,1
16280,1
16281,1
16282,2
16283,2
16284,1
16285,2
16286,2
16287,2
16288,0
16289,2
16290,0
16291,1
16292,1
16293,2
16294,0
16295,2
16296,0
16297,0
16298,0
16299,1
16300,2
16301,0
16302,0
16303,1
16304,0
16305,1
16306,0
16307,0
16308,1
16309,0
16310,2
16311,2
16312,0
16313,2
16314,2
16315,1
16316,0
16317,2
16318,1
16319,0
16320,1
16321,0
16322,0
16323,0
16324,1
16325,0
16326,1
16327,1
16328,0
16329,2
16330,0
16331,2
16332,0
16333,0
16334,0
16335,0
16336,1
16337,0
16338,0
16339,0
16340,2
16341,0
16342,2
16343,2
16344,2
16345,0
16346,1
16347,1
16348,0
16349,2
16350,1
16351,0
16352,1
16353,2
16354,0
16355,0
16356,2
16357,2
16358,0
16359,2
16360,0
16361,2
16362,0
16363,0
16364,1
16365,0
16366,2
16367,0
16368,1
16369,2
16370,2
16371,2
16372,1
16373,1
16374,0
16375,0
16376,2
16377,1
16378,1
16379,2
16380,2
16381,2
16382,2
16383,2
16384,1
16385,2
16386,0
16387,0
16388,1
16389,0
16390,0
16391,1
16392,2
16393,1
16394,0
16395,2
16396,2
16397,0
16398,2
16399,0
16400,0
16401,2
16402,2
16403,0
16404,2
16405,0
16406,0
16407,1
16408,0
16409,2
16410,0
16411,0
16412,0
16413,1
16414,0
16415,2
16416,2
16417,2
16418,0
16419,2
16420,1
16421,2
16422,1
16423,2
16424,1
16425,0
16426,1
16427,0
16428,1
16429,2
16430,2
16431,0
16432,0
16433,1
16434,0
16435,0
16436,0
16437,0
16438,2
16439,2
16440,1
16441,0
16442,0
16443,0
16444,0
16445,1
16446,1
16447,0
16448,1
16449,1
16450,2
16451,2
16452,2
16453,1
16454,0
16455,2
16456,2
16457,0
16458,1
16459,0
16460,0
16461,0
16462,2
16463,1
16464,2
16465,1
16466,1
16467,2
16468,0
16469,1
16470,0
16471,2
16472,2
16473,0
16474,1
16475,0
16476,1
16477,2
16478,2
16479,0
16480,0
16481,1
16482,1
16483,1
16484,0
16485,2
16486,1
16487,1
16488,0
16489,0
16490,2
16491,0
16492,0
16493,0
16494,0
16495,0
16496,1
16497,1
16498,0
16499,0
16500,0
16501,1
16502,1
16503,2
16504,2
16505,0
16506,1
16507,2
16508,1
16509,0
16510,0
16511,0
16512,1
16513,2
16514,1
16515,2
16516,2
16517,0
16518,2
16519,0
16520,0
16521,0
16522,2
16523,0
16524,2
16525,2
16526,0
16527,2
16528,2
16529,2
16530,1
16531,2
16532,1
16533,2
16534,1
16535,2
16536,1
16537,2
16538,0
16539,0
16540,2
16541,2
16542,1
16543,2
16544,2
16545,2
16546,1
16547,1
16548,1
16549,0
16550,1
16551,2
16552,1
16553,0
16554,2
16555,1
16556,0
16557,0
16558,2
16559,1
16560,2
16561,2
16562,0
16563,1
16564,0
16565,0
16566,2
16567,1
16568,2
16569,2
16570,2
16571,2
16572,1
16573,1
16574,2
16575,1
16576,1
16577,0
16578,2
16579,0
16580,0
16581,2
16582,1
16583,1
16584,1
16585,2
16586,2
16587,0
16588,1
16589,0
16590,2
16591,1
16592,2
16593,0
16594,0
16595,0
16596,0
16597,1
16598,1
16599,1
16600,0
16601,2
16602,2
16603,2
16604,2
16605,1
16606,2
16607,1
16608,1
16609,1
16610,1
16611,0
16612,2
16613,2
16614,0
16615,1
16616,1
16617,1
16618,0
16619,0
16620,0
16621,2
16622,0
16623,1
16624,1
16625,2
16626,2
16627,2
16628,2
16629,2
16630,1
16631,2
16632,1
16633,0
16634,0
16635,1
16636,2
16637,2
16638,2
16639,0
16640,0
16641,2
16642,2
16643,2
16644,1
16645,1
16646,2
16647,1
16648,0
16649,0
16650,1
16651,2
16652,1
16653,0
16654,0
16655,2
16656,2
16657,1
16658,2
16659,2
16660,1
16661,1
16662,2
16663,2
16664,2
16665,2
16666,1
16667,2
16668,1
16669,0
16670,0
16671,2
16672,1
16673,1
16674,2
16675,2
16676,0
16677,0
16678,2
16679,0
16680,1
16681,0
16682,2
16683,1
16684,2
16685,1
16686,2
16687,2
16688,2
16689,2
16690,1
16691,0
16692,1
16693,2
16694,0
16695,2
16696,0
16697,2
16698,2
16699,2
16700,1
16701,1
16702,2
16703,0
16704,2
16705,2
16706,2
16707,0
16708,1
16709,2
16710,1
16711,1
16712,0
16713,1
16714,1
16715,1
16716,2
16717,1
16718,2
16719,0
16720,1
16721,2
16722,0
16723,2
16724,1
16725,2
16726,0
16727,0
16728,0
16729,0
16730,0
16731,0
16732,0
16733,2
16734,0
16735,0
16736,1
16737,0
16738,0
16739,1
16740,2
16741,2
16742,1
16743,1
16744,1
16745,2
16746,1
16747,0
16748,2
16749,0
16750,1
16751,2
16752,0
16753,0
16754,2
16755,2
16756,0
16757,2
16758,0
16759,0
16760,1
16761,2
16762,2
16763,2
16764,0
16765,0
16766,1
16767,0
16768,0
16769,2
16770,2
16771,2
16772,2
16773,0
16774,2
16775,2
16776,1
16777,1
16778,2
16779,0
16780,2
16781,2
16782,2
16783,0
16784,2
16785,1
16786,0
16787,2
16788,2
16789,0
16790,2
16791,0
16792,2
16793,1
16794,1
16795,0
16796,1
16797,2
16798,0
16799,2
16800,2
16801,2
16802,1
16803,0
16804,2
16805,2
16806,1
16807,0
16808,2
16809,2
16810,0
16811,1
16812,1
16813,1
16814,0
16815,2
16816,0
16817,1
16818,2
16819,0
16820,0
16821,2
16822,2
16823,2
16824,1
16825,0
16826,1
16827,2
16828,2
16829,0
16830,2
16831,0
16832,1
16833,1
16834,1
16835,2
16836,0
16837,2
16838,2
16839,0
16840,0
16841,0
16842,2
16843,2
16844,2
16845,1
16846,2
16847,1
16848,1
16849,0
16850,2
16851,1
16852,1
16853,1
16854,0
16855,1
16856,1
16857,0
16858,2
16859,2
16860,0
16861,0
16862,1
16863,2
16864,0
16865,2
16866,2
16867,0
16868,2
16869,0
16870,1
16871,0
16872,0
16873,0
16874,1
16875,0
16876,2
16877,2
16878,1
16879,1
16880,0
16881,1
16882,0
16883,0
16884,0
16885,0
16886,1
16887,1
16888,0
16889,2
16890,2
16891,0
16892,1
16893,0
16894,0
16895,1
16896,1
16897,0
16898,0
16899,0
16900,1
16901,0
16902,1
16903,2
16904,2
16905,2
16906,0
16907,1
16908,0
16909,1
16910,0
16911,0
16912,0
16913,2
16914,0
16915,0
16916,0
16917,0
16918,1
16919,0
16920,2
16921,2
16922,1
16923,0
16924,0
16925,0
16926,0
16927,0
16928,2
16929,1
16930,2
16931,0
16932,2
16933,0
16934,2
16935,2
16936,1
16937,0
16938,0
16939,2
16940,2
16941,0
16942,0
16943,0
16944,2
16945,0
16946,0
16947,1
16948,0
16949,2
16950,2
16951,2
16952,1
16953,2
16954,2
16955,2
16956,1
16957,1
16958,1
16959,0
16960,2
16961,1
16962,0
16963,0
16964,2
16965,2
16966,2
16967,0
16968,1
16969,2
16970,0
16971,1
16972,1
16973,1
16974,0
16975,0
16976,0
16977,1
16978,0
16979,0
16980,2
16981,0
16982,0
16983,2
16984,2
16985,0
16986,0
16987,1
16988,2
16989,0
16990,1
16991,0
16992,0
16993,0
16994,1
16995,0
16996,0
16997,1
16998,0
16999,0
17000,2
17001,0
17002,0
17003,0
17004,0
17005,1
17006,1
17007,0
17008,1
17009,2
17010,2
17011,2
17012,0
17013,1
17014,1
17015,2
17016,2
17017,1
17018,0
17019,1
17020,1
17021,0
17022,0
17023,0
17024,2
17025,0
17026,2
17027,1
17028,1
17029,0
17030,0
17031,1
17032,2
17033,2
17034,2
17035,0
17036,0
17037,2
17038,0
17039,1
17040,0
17041,0
17042,0
17043,0
17044,1
17045,0
17046,0
17047,2
17048,2
17049,1
17050,1
17051,0
17052,1
17053,0
17054,0
17055,2
17056,0
17057,1
17058,0
17059,0
17060,1
17061,2
17062,2
17063,1
17064,2
17065,1
17066,2
17067,0
17068,2
17069,2
17070,2
17071,2
17072,0
17073,0
17074,0
17075,0
17076,2
17077,1
17078,0
17079,0
17080,0
17081,0
17082,2
17083,0
17084,2
17085,1
17086,0
17087,1
17088,0
17089,0
17090,0
17091,0
17092,2
17093,1
17094,0
17095,0
17096,2
17097,2
17098,0
17099,2
17100,0
17101,0
17102,2
17103,1
17104,2
17105,2
17106,0
17107,0
17108,1
17109,2
17110,0
17111,2
17112,0
17113,0
17114,2
17115,0
17116,2
17117,1
17118,2
17119,1
17120,2
17121,1
17122,2
17123,2
17124,0
17125,2
17126,2
17127,0
17128,0
17129,2
17130,1
17131,0
17132,1
17133,0
17134,1
17135,1
17136,2
17137,1
17138,0
17139,0
17140,0
17141,2
17142,0
17143,1
17144,1
17145,2
17146,1
17147,0
17148,1
17149,0
17150,1
17151,0
17152,1
17153,1
17154,0
17155,0
17156,0
17157,0
17158,1
17159,1
17160,0
17161,2
17162,0
17163,0
17164,1
17165,0
17166,0
17167,2
17168,2
17169,1
17170,1
17171,0
17172,0
17173,2
17174,1
17175,0
17176,2
17177,1
17178,1
17179,2
17180,0
17181,2
17182,1
17183,0
17184,2
17185,1
17186,2
17187,0
17188,0
17189,2
17190,2
17191,0
17192,0
17193,1
17194,2
17195,2
17196,0
17197,0
17198,0
17199,2
17200,2
17201,0
17202,2
17203,0
17204,0
17205,0
17206,2
17207,0
17208,1
17209,2
17210,0
17211,2
17212,0
17213,0
17214,2
17215,0
17216,0
17217,0
17218,2
17219,1
17220,2
17221,1
17222,0
17223,2
17224,2
17225,0
17226,2
17227,0
17228,0
17229,0
17230,2
17231,2
17232,0
17233,0
17234,1
17235,0
17236,2
17237,2
17238,0
17239,2
17240,0
17241,1
17242,2
17243,0
17244,2
17245,1
17246,2
17247,0
17248,1
17249,1
17250,1
17251,0
17252,1
17253,2
17254,1
17255,1
17256,1
17257,2
17258,0
17259,1
17260,2
17261,0
17262,2
17263,2
17264,1
17265,1
17266,1
17267,2
17268,1
17269,2
17270,1
17271,2
17272,2
17273,1
17274,2
17275,2
17276,0
17277,1
17278,0
17279,2
17280,1
17281,1
17282,0
17283,2
17284,2
17285,1
17286,2
17287,1
17288,0
17289,1
17290,0
17291,1
17292,0
17293,0
17294,0
17295,1
17296,0
17297,1
17298,1
17299,2
17300,1
17301,2
17302,2
17303,2
17304,2
17305,2
17306,0
17307,0
17308,2
17309,1
17310,1
17311,0
17312,1
17313,2
17314,0
17315,2
17316,1
17317,2
17318,2
17319,2
17320,1
17321,2
17322,0
17323,0
17324,1
17325,0
17326,2
17327,0
17328,0
17329,1
17330,0
17331,2
17332,0
17333,0
17334,1
17335,2
17336,2
17337,2
17338,0
17339,1
17340,0
17341,1
17342,1
17343,1
17344,2
17345,2
17346,0
17347,1
17348,0
17349,1
17350,0
17351,1
17352,2
17353,2
17354,1
17355,2
17356,1
17357,0
17358,2
17359,2
17360,1
17361,1
17362,0
17363,1
17364,2
17365,2
17366,0
17367,0
17368,1
17369,0
17370,0
17371,0
17372,2
17373,2
17374,2
17375,0
17376,2
17377,2
17378,0
17379,1
17380,0
17381,0
17382,0
17383,0
17384,0
17385,0
17386,2
17387,0
17388,2
17389,0
17390,0
17391,2
17392,0
17393,0
17394,2
17395,2
17396,2
17397,2
17398,1
17399,0
17400,1
17401,1
17402,2
17403,1
17404,0
17405,1
17406,2
17407,2
17408,2
17409,2
17410,0
17411,0
17412,0
17413,0
17414,2
17415,2
17416,2
17417,2
17418,0
17419,2
17420,1
17421,0
17422,0
17423,0
17424,0
17425,2
17426,1
17427,2
17428,0
17429,0
17430,2
17431,1
17432,2
17433,2
17434,2
17435,0
17436,2
17437,1
17438,0
17439,1
17440,2
17441,1
17442,1
17443,2
17444,0
17445,2
17446,0
17447,0
17448,2
17449,1
17450,1
17451,0
17452,1
17453,0
17454,1
17455,2
17456,1
17457,0
17458,2
17459,1
17460,2
17461,0
17462,0
17463,1
17464,0
17465,0
17466,1
17467,1
17468,1
17469,1
17470,2
17471,2
17472,1
17473,2
17474,1
17475,0
17476,2
17477,1
17478,2
17479,2
17480,0
17481,0
17482,0
17483,1
17484,2
17485,2
17486,2
17487,0
17488,1
17489,0
17490,0
17491,0
17492,0
17493,0
17494,1
17495,2
17496,0
17497,0
17498,2
17499,0
17500,2
17501,1
17502,0
17503,2
17504,2
17505,1
17506,2
17507,1
17508,2
17509,1
17510,1
17511,2
17512,0
17513,2
17514,0
17515,0
17516,1
17517,1
17518,2
17519,0
17520,0
17521,2
17522,0
17523,1
17524,0
17525,0
17526,1
17527,0
17528,2
17529,2
17530,1
17531,0
17532,0
17533,2
17534,2
17535,0
17536,0
17537,2
17538,2
17539,2
17540,0
17541,0
17542,0
17543,0
17544,2
17545,2
17546,2
17547,1
17548,2
17549,1
17550,0
17551,0
17552,0
17553,0
17554,2
17555,0
17556,1
17557,0
17558,0
17559,0
17560,2
17561,2
17562,1
17563,0
17564,1
17565,2
17566,0
17567,1
17568,0
17569,1
17570,0
17571,0
17572,1
17573,0
17574,0
17575,0
17576,2
17577,0
17578,2
17579,2
17580,1
17581,0
17582,0
17583,2
17584,2
17585,2
17586,2
17587,2
17588,2
17589,1
17590,1
17591,0
17592,1
17593,2
17594,0
17595,0
17596,0
17597,0
17598,2
17599,0
17600,0
17601,1
17602,1
17603,0
17604,1
17605,0
17606,2
17607,1
17608,0
17609,2
17610,0
17611,2
17612,1
17613,2
17614,2
17615,2
17616,2
17617,2
17618,1
17619,1
17620,2
17621,0
17622,1
17623,2
17624,2
17625,2
17626,2
17627,0
17628,2
17629,2
17630,1
17631,0
17632,2
17633,2
17634,1
17635,0
17636,0
17637,0
17638,0
17639,1
17640,1
17641,2
17642,2
17643,2
17644,0
17645,0
17646,2
17647,2
17648,0
17649,0
17650,1
17651,0
17652,0
17653,1
17654,2
17655,0
17656,2
17657,2
17658,0
17659,1
17660,0
17661,2
17662,2
17663,1
17664,1
17665,2
17666,1
17667,0
17668,2
17669,0
17670,0
17671,0
17672,0
17673,1
17674,1
17675,0
17676,1
17677,0
17678,1
17679,1
17680,2
17681,1
17682,0
17683,2
17684,0
17685,0
17686,0
17687,0
17688,0
17689,0
17690,0
17691,1
17692,1
17693,0
17694,2
17695,0
17696,0
17697,0
17698,1
17699,0
17700,0
17701,0
17702,1
17703,2
17704,1
17705,2
17706,0
17707,0
17708,2
17709,2
17710,1
17711,0
17712,0
17713,1
17714,0
17715,1
17716,2
17717,2
17718,2
17719,1
17720,0
17721,2
17722,0
17723,1
17724,0
17725,1
17726,0
17727,0
17728,1
17729,2
17730,0
17731,2
17732,1
17733,0
17734,2
17735,0
17736,0
17737,2
17738,1
17739,1
17740,1
17741,1
17742,0
17743,2
17744,0
17745,0
17746,0
17747,0
17748,2
17749,0
17750,2
17751,2
17752,2
17753,0
17754,2
17755,0
17756,2
17757,1
17758,2
17759,0
17760,2
17761,1
17762,2
17763,2
17764,2
17765,1
17766,0
17767,0
17768,0
17769,0
17770,2
17771,2
17772,1
17773,1
17774,0
17775,1
17776,2
17777,2
17778,2
17779,1
17780,2
17781,0
17782,2
17783,1
17784,2
17785,0
17786,0
17787,1
17788,1
17789,0
17790,2
17791,0
17792,2
17793,1
17794,1
17795,2
17796,2
17797,1
17798,2
17799,0
17800,2
17801,2
17802,2
17803,0
17804,2
17805,0
17806,0
17807,1
17808,0
17809,0
17810,2
17811,0
17812,0
17813,1
17814,2
17815,0
17816,1
17817,2
17818,0
17819,0
17820,1
17821,2
17822,2
17823,1
17824,2
17825,2
17826,0
17827,2
17828,0
17829,0
17830,2
17831,1
17832,1
17833,0
17834,0
17835,1
17836,0
17837,2
17838,2
17839,0
17840,1
17841,1
17842,0
17843,0
17844,0
17845,0
17846,2
17847,1
17848,2
17849,2
17850,1
17851,1
17852,2
17853,0
17854,0
17855,2
17856,0
17857,1
17858,0
17859,2
17860,0
17861,2
17862,2
17863,0
17864,0
17865,1
17866,0
17867,0
17868,1
17869,0
17870,0
17871,0
17872,0
17873,2
17874,2
17875,0
17876,1
17877,1
17878,1
17879,2
17880,2
17881,2
17882,0
17883,2
17884,0
17885,0
17886,0
17887,2
17888,2
17889,1
17890,1
17891,2
17892,0
17893,0
17894,2
17895,0
17896,0
17897,1
17898,1
17899,1
17900,1
17901,2
17902,1
17903,0
17904,1
17905,0
17906,0
17907,1
17908,0
17909,0
17910,0
17911,1
17912,1
17913,2
17914,1
17915,0
17916,0
17917,0
17918,0
17919,0
17920,0
17921,2
17922,0
17923,0
17924,0
17925,2
17926,0
17927,1
17928,0
17929,2
17930,0
17931,1
17932,0
17933,1
17934,1
17935,1
17936,2
17937,2
17938,1
17939,0
17940,0
17941,1
17942,1
17943,1
17944,1
17945,1
17946,0
17947,2
17948,0
17949,2
17950,1
17951,0
17952,1
17953,2
17954,2
17955,2
17956,1
17957,0
17958,0
17959,0
17960,2
17961,0
17962,1
17963,0
17964,0
17965,1
17966,0
17967,2
17968,2
17969,1
17970,0
17971,1
17972,0
17973,0
17974,1
17975,1
17976,2
17977,0
17978,2
17979,2
17980,2
17981,0
17982,1
17983,0
17984,0
17985,2
17986,2
17987,2
17988,1
17989,2
17990,2
17991,2
17992,1
17993,2
17994,1
17995,0
17996,0
17997,2
17998,2
17999,2
18000,2
18001,2
18002,1
18003,1
18004,2
18005,2
18006,0
18007,2
18008,2
18009,1
18010,2
18011,1
18012,2
18013,0
18014,2
18015,0
18016,2
18017,1
18018,0
18019,1
18020,0
18021,0
18022,2
18023,0
18024,0
18025,2
18026,2
18027,0
18028,0
18029,2
18030,2
18031,1
18032,0
18033,2
18034,1
18035,1
18036,2
18037,0
18038,2
18039,0
18040,0
18041,0
18042,1
18043,1
18044,2
18045,1
18046,1
18047,1
18048,2
18049,2
18050,0
18051,0
18052,0
18053,2
18054,0
18055,0
18056,2
18057,0
18058,1
18059,1
18060,0
18061,0
18062,0
18063,0
18064,1
18065,0
18066,2
18067,0
18068,2
18069,2
18070,2
18071,0
18072,0
18073,0
18074,1
18075,2
18076,1
18077,2
18078,2
18079,2
18080,2
18081,1
18082,0
18083,0
18084,0
18085,0
18086,1
18087,0
18088,0
18089,2
18090,1
18091,1
18092,1
18093,1
18094,1
18095,2
18096,2
18097,1
18098,0
18099,1
18100,1
18101,0
18102,2
18103,2
18104,1
18105,0
18106,1
18107,2
18108,0
18109,0
18110,2
18111,1
18112,2
18113,0
18114,1
18115,0
18116,0
18117,1
18118,0
18119,0
18120,0
18121,0
18122,1
18123,1
18124,1
18125,0
18126,2
18127,0
18128,2
18129,2
18130,0
18131,0
18132,0
18133,0
18134,0
18135,0
18136,2
18137,1
18138,0
18139,0
18140,2
18141,2
18142,0
18143,0
18144,0
18145,0
18146,2
18147,0
18148,0
18149,0
18150,0
18151,2
18152,0
18153,2
18154,0
18155,0
18156,1
18157,0
18158,2
18159,1
18160,0
18161,0
18162,2
18163,2
18164,2
18165,2
18166,2
18167,2
18168,0
18169,2
18170,2
18171,2
18172,0
18173,0
18174,0
18175,0
18176,0
18177,0
18178,1
18179,0
18180,2
18181,0
18182,1
18183,1
18184,0
18185,0
18186,0
18187,1
18188,2
18189,1
18190,1
18191,0
18192,0
18193,0
18194,0
18195,2
18196,2
18197,0
18198,2
18199,0
18200,0
18201,0
18202,2
18203,2
18204,0
18205,0
18206,2
18207,1
18208,0
18209,2
18210,0
18211,1
18212,2
18213,1
18214,0
18215,0
18216,0
18217,1
18218,1
18219,2
18220,2
18221,0
18222,0
18223,0
18224,2
18225,0
18226,1
18227,1
18228,0
18229,2
18230,0
18231,0
18232,1
18233,1
18234,0
18235,1
18236,0
18237,2
18238,1
18239,1
18240,0
18241,2
18242,2
18243,0
18244,0
18245,0
18246,1
18247,0
18248,1
18249,1
18250,0
18251,0
18252,1
18253,0
18254,2
18255,1
18256,0
18257,1
18258,2
18259,0
18260,2
18261,0
18262,0
18263,0
18264,1
18265,1
18266,2
18267,0
18268,1
18269,0
18270,1
18271,2
18272,2
18273,0
18274,1
18275,2
18276,1
18277,1
18278,0
18279,2
18280,2
18281,0
18282,0
18283,0
18284,0
18285,2
18286,2
18287,0
18288,2
18289,1
18290,1
18291,0
18292,2
18293,2
18294,0
18295,0
18296,2
18297,2
18298,1
18299,2
18300,0
18301,0
18302,2
18303,0
18304,2
18305,1
18306,0
18307,2
18308,2
18309,0
18310,0
18311,0
18312,2
18313,0
18314,1
18315,1
18316,2
18317,0
18318,2
18319,1
18320,1
18321,0
18322,1
18323,0
18324,2
18325,0
18326,1
18327,1
18328,0
18329,2
18330,0
18331,1
18332,1
18333,0
18334,1
18335,0
18336,0
18337,2
18338,0
18339,1
18340,1
18341,0
18342,0
18343,0
18344,2
18345,1
18346,0
18347,0
18348,0
18349,2
18350,0
18351,1
18352,1
18353,0
18354,2
18355,2
18356,1
18357,2
18358,0
18359,2
18360,2
18361,0
18362,0
18363,0
18364,2
18365,0
18366,1
18367,1
18368,2
18369,0
18370,2
18371,2
18372,1
18373,1
18374,0
18375,2
18376,1
18377,1
18378,2
18379,0
18380,1
18381,1
18382,2
18383,0
18384,1
18385,2
18386,2
18387,2
18388,0
18389,2
18390,2
18391,2
18392,0
18393,0
18394,1
18395,2
18396,0
18397,0
18398,0
18399,2
18400,1
18401,0
18402,1
18403,0
18404,2
18405,2
18406,0
18407,0
18408,1
18409,0
18410,1
18411,2
18412,2
18413,2
18414,0
18415,1
18416,0
18417,0
18418,2
18419,0
18420,0
18421,1
18422,2
18423,0
18424,1
18425,0
18426,0
18427,1
18428,0
18429,2
18430,0
18431,2
18432,1
18433,2
18434,1
18435,2
18436,2
18437,0
18438,1
18439,0
18440,2
18441,2
18442,0
18443,0
18444,0
18445,0
18446,0
18447,2
18448,2
18449,2
18450,0
18451,1
18452,0
18453,0
18454,2
18455,2
18456,2
18457,0
18458,1
18459,2
18460,1
18461,2
18462,2
18463,2
18464,2
18465,2
18466,1
18467,2
18468,2
18469,0
18470,0
18471,2
18472,2
18473,0
18474,1
18475,2
18476,1
18477,2
18478,1
18479,2
18480,1
18481,1
18482,0
18483,1
18484,2
18485,2
18486,0
18487,0
18488,0
18489,0
18490,2
18491,0
18492,2
18493,1
18494,1
18495,2
18496,2
18497,2
18498,0
18499,2
18500,2
18501,2
18502,0
18503,1
18504,0
18505,1
18506,2
18507,2
18508,1
18509,2
18510,0
18511,2
18512,0
18513,2
18514,2
18515,2
18516,2
18517,0
18518,0
18519,0
18520,0
18521,2
18522,0
18523,2
18524,1
18525,0
18526,2
18527,0
18528,0
18529,1
18530,0
18531,0
18532,0
18533,0
18534,2
18535,1
18536,1
18537,1
18538,2
18539,0
18540,1
18541,2
18542,1
18543,0
18544,1
18545,2
18546,0
18547,2
18548,1
18549,1
18550,2
18551,2
18552,2
18553,2
18554,0
18555,0
18556,1
18557,0
18558,2
18559,0
18560,2
18561,0
18562,1
18563,2
18564,0
18565,2
18566,0
18567,2
18568,1
18569,0
18570,2
18571,1
18572,0
18573,2
18574,0
18575,1
18576,1
18577,2
18578,0
18579,0
18580,0
18581,0
18582,0
18583,2
18584,2
18585,2
18586,0
18587,1
18588,2
18589,2
18590,2
18591,0
18592,0
18593,0
18594,0
18595,2
18596,0
18597,1
18598,2
18599,0
18600,1
18601,2
18602,0
18603,1
18604,0
18605,2
18606,0
18607,0
18608,0
18609,1
18610,0
18611,2
18612,0
18613,0
18614,0
18615,2
18616,1
18617,2
18618,0
18619,1
18620,2
18621,0
18622,1
18623,1
18624,2
18625,0
18626,2
18627,0
18628,0
18629,1
18630,2
18631,1
18632,2
18633,0
18634,1
18635,2
18636,0
18637,2
18638,2
18639,2
18640,1
18641,2
18642,2
18643,2
18644,2
18645,1
18646,2
18647,0
18648,1
18649,0
18650,2
18651,1
18652,0
18653,0
18654,0
18655,2
18656,0
18657,0
18658,1
18659,2
18660,1
18661,1
18662,1
18663,2
18664,2
18665,1
18666,0
18667,2
18668,2
18669,0
18670,2
18671,0
18672,0
18673,1
18674,2
18675,0
18676,2
18677,0
18678,2
18679,0
18680,2
18681,0
18682,0
18683,0
18684,0
18685,2
18686,1
18687,0
18688,1
18689,1
18690,2
18691,0
18692,1
18693,2
18694,2
18695,2
18696,0
18697,2
18698,2
18699,1
18700,2
18701,0
18702,2
18703,0
18704,2
18705,2
18706,0
18707,0
18708,1
18709,1
18710,0
18711,2
18712,0
18713,0
18714,1
18715,1
18716,1
18717,0
18718,0
18719,1
18720,1
18721,0
18722,0
18723,1
18724,0
18725,1
18726,2
18727,2
18728,0
18729,2
18730,0
18731,1
18732,0
18733,2
18734,0
18735,0
18736,1
18737,2
18738,0
18739,0
18740,0
18741,0
18742,2
18743,0
18744,0
18745,2
18746,0
18747,0
18748,0
18749,1
18750,0
18751,1
18752,1
18753,0
18754,1
18755,0
18756,0
18757,2
18758,0
18759,1
18760,0
18761,1
18762,0
18763,0
18764,1
18765,1
18766,1
18767,0
18768,2
18769,2
18770,2
18771,2
18772,0
18773,0
18774,2
18775,1
18776,2
18777,2
18778,0
18779,1
18780,2
18781,0
18782,0
18783,2
18784,0
18785,0
18786,1
18787,2
18788,1
18789,0
18790,0
18791,1
18792,2
18793,1
18794,1
18795,1
18796,1
18797,0
18798,0
18799,1
18800,0
18801,1
18802,1
18803,2
18804,2
18805,0
18806,0
18807,0
18808,0
18809,1
18810,0
18811,1
18812,2
18813,1
18814,2
18815,0
18816,0
18817,2
18818,0
18819,0
18820,0
18821,2
18822,1
18823,2
18824,2
18825,2
18826,1
18827,2
18828,1
18829,2
18830,1
18831,2
18832,2
18833,0
18834,2
18835,1
18836,1
18837,2
18838,0
18839,2
18840,2
18841,0
18842,1
18843,0
18844,0
18845,0
18846,2
18847,0
18848,0
18849,2
18850,1
18851,1
18852,0
18853,0
18854,2
18855,0
18856,2
18857,2
18858,2
18859,0
18860,0
18861,2
18862,1
18863,0
18864,2
18865,2
18866,1
18867,2
18868,2
18869,2
18870,0
18871,2
18872,0
18873,0
18874,0
18875,2
18876,1
18877,0
18878,0
18879,0
18880,1
18881,1
18882,2
18883,0
18884,0
18885,2
18886,1
18887,0
18888,0
18889,1
18890,2
18891,1
18892,2
18893,0
18894,1
18895,2
18896,0
18897,2
18898,0
18899,0
18900,0
18901,0
18902,1
18903,2
18904,1
18905,2
18906,0
18907,0
18908,0
18909,1
18910,0
18911,2
18912,1
18913,0
18914,1
18915,2
18916,2
18917,1
18918,2
18919,2
18920,2
18921,0
18922,1
18923,2
18924,1
18925,1
18926,2
18927,0
18928,2
18929,1
18930,1
18931,1
18932,2
18933,1
18934,1
18935,0
18936,0
18937,1
18938,2
18939,2
18940,0
18941,0
18942,2
18943,2
18944,0
18945,0
18946,2
18947,2
18948,0
18949,2
18950,0
18951,1
18952,1
18953,2
18954,2
18955,0
18956,0
18957,2
18958,2
18959,1
18960,0
18961,0
18962,2
18963,0
18964,0
18965,2
18966,2
18967,0
18968,0
18969,2
18970,1
18971,2
18972,2
18973,1
18974,2
18975,2
18976,0
18977,0
18978,2
18979,2
18980,0
18981,1
18982,2
18983,0
18984,0
18985,2
18986,1
18987,0
18988,1
18989,1
18990,2
18991,0
18992,1
18993,1
18994,2
18995,2
18996,0
18997,1
18998,1
18999,1
19000,0
19001,0
19002,0
19003,1
19004,0
19005,1
19006,2
19007,2
19008,2
19009,1
19010,2
19011,2
19012,1
19013,0
19014,2
19015,0
19016,0
19017,0
19018,2
19019,2
19020,2
19021,0
19022,0
19023,1
19024,0
19025,1
19026,0
19027,2
19028,1
19029,2
19030,1
19031,0
19032,0
19033,1
19034,0
19035,0
19036,0
19037,1
19038,0
19039,0
19040,1
19041,2
19042,1
19043,2
19044,2
19045,1
19046,2
19047,0
19048,0
19049,0
19050,0
19051,1
19052,0
19053,2
19054,0
19055,2
19056,0
19057,0
19058,2
19059,1
19060,2
19061,1
19062,1
19063,0
19064,1
19065,1
19066,1
19067,2
19068,0
19069,2
19070,2
19071,0
19072,2
19073,2
19074,0
19075,2
19076,1
19077,0
19078,2
19079,2
19080,0
19081,0
19082,0
19083,1
19084,0
19085,2
19086,1
19087,0
19088,1
19089,1
19090,0
19091,2
19092,2
19093,1
19094,0
19095,1
19096,2
19097,2
19098,0
19099,2
19100,0
19101,0
19102,2
19103,0
19104,1
19105,0
19106,1
19107,2
19108,1
19109,1
19110,2
19111,2
19112,2
19113,2
19114,0
19115,2
19116,0
19117,2
19118,2
19119,2
19120,1
19121,0
19122,2
19123,1
19124,2
19125,1
19126,1
19127,2
19128,0
19129,2
19130,2
19131,0
19132,2
19133,2
19134,1
19135,1
19136,1
19137,0
19138,2
19139,0
19140,0
19141,1
19142,1
19143,1
19144,2
19145,1
19146,0
19147,2
19148,0
19149,2
19150,1
19151,0
19152,0
19153,1
19154,0
19155,1
19156,1
19157,2
19158,0
19159,0
19160,2
19161,1
19162,0
19163,2
19164,2
19165,0
19166,2
19167,2
19168,1
19169,0
19170,0
19171,0
19172,2
19173,1
19174,1
19175,1
19176,0
19177,2
19178,2
19179,0
19180,2
19181,0
19182,0
19183,2
19184,1
19185,2
19186,0
19187,2
19188,1
19189,1
19190,2
19191,2
19192,0
19193,2
19194,0
19195,2
19196,1
19197,1
19198,2
19199,2
19200,0
19201,0
19202,1
19203,1
19204,2
19205,0
19206,2
19207,0
19208,1
19209,1
19210,2
19211,0
19212,2
19213,2
19214,0
19215,2
19216,0
19217,1
19218,2
19219,1
19220,2
19221,0
19222,2
19223,0
19224,0
19225,0
19226,1
19227,1
19228,1
19229,0
19230,0
19231,0
19232,1
19233,2
19234,2
19235,2
19236,0
19237,2
19238,0
19239,2
19240,0
19241,2
19242,0
19243,0
19244,0
19245,2
19246,2
19247,1
19248,1
19249,1
19250,1
19251,2
19252,2
19253,0
19254,2
19255,2
19256,0
19257,2
19258,0
19259,2
19260,2
19261,0
19262,2
19263,0
19264,0
19265,0
19266,2
19267,0
19268,0
19269,0
19270,1
19271,0
19272,1
19273,1
19274,2
19275,0
19276,0
19277,0
19278,1
19279,2
19280,2
19281,0
19282,1
19283,0
19284,0
19285,0
19286,1
19287,1
19288,2
19289,1
19290,2
19291,2
19292,2
19293,0
19294,0
19295,2
19296,2
19297,1
19298,0
19299,2
19300,0
19301,0
19302,0
19303,2
19304,2
19305,0
19306,1
19307,2
19308,2
19309,2
19310,1
19311,1
19312,0
19313,2
19314,1
19315,1
19316,0
19317,0
19318,0
19319,0
19320,0
19321,0
19322,0
19323,0
19324,0
19325,0
19326,0
19327,0
19328,1
19329,0
19330,1
19331,2
19332,0
19333,0
19334,0
19335,1
19336,1
19337,2
19338,1
19339,0
19340,1
19341,1
19342,2
19343,2
19344,0
19345,1
19346,1
19347,2
19348,0
19349,0
19350,2
19351,2
19352,1
19353,2
19354,0
19355,1
19356,0
19357,0
19358,2
19359,0
19360,1
19361,2
19362,1
19363,1
19364,0
19365,0
19366,0
19367,2
19368,0
19369,0
19370,2
19371,2
19372,2
19373,1
19374,0
19375,0
19376,2
19377,0
19378,2
19379,0
19380,1
19381,1
19382,0
19383,2
19384,1
19385,1
19386,0
19387,0
19388,2
19389,1
19390,0
19391,0
19392,0
19393,2
19394,2
19395,0
19396,0
19397,1
19398,2
19399,2
19400,1
19401,2
19402,2
19403,2
19404,2
19405,2
19406,2
19407,0
19408,1
19409,2
19410,1
19411,0
19412,2
19413,1
19414,0
19415,2
19416,1
19417,1
19418,2
19419,1
19420,0
19421,0
19422,1
19423,2
19424,2
19425,0
19426,2
19427,0
19428,1
19429,1
19430,1
19431,0
19432,1
19433,2
19434,0
19435,1
19436,0
19437,2
19438,0
19439,2
19440,2
19441,1
19442,2
19443,0
19444,1
19445,0
19446,1
19447,2
19448,1
19449,0
19450,1
19451,0
19452,0
19453,0
19454,0
19455,0
19456,1
19457,0
19458,2
19459,2
19460,0
19461,2
19462,2
19463,2
19464,0
19465,2
19466,2
19467,1
19468,0
19469,1
19470,2
19471,2
19472,2
19473,2
19474,1
19475,2
19476,0
19477,2
19478,2
19479,1
19480,1
19481,1
19482,0
19483,1
19484,2
19485,2
19486,0
19487,1
19488,2
19489,1
19490,2
19491,1
19492,2
19493,0
19494,2
19495,2
19496,2
19497,0
19498,0
19499,2
19500,1
19501,1
19502,2
19503,0
19504,0
19505,0
19506,1
19507,2
19508,1
19509,0
19510,1
19511,1
19512,1
19513,1
19514,2
19515,0
19516,2
19517,2
19518,0
19519,2
19520,2
19521,0
19522,2
19523,2
19524,1
19525,0
19526,1
19527,1
19528,0
19529,2
19530,2
19531,1
19532,1
19533,2
19534,1
19535,0
19536,1
19537,0
19538,2
19539,1
19540,1
19541,0
19542,1
19543,0
19544,1
19545,0
19546,0
19547,0
19548,1
19549,2
19550,0
19551,2
19552,1
19553,1
19554,0
19555,0
19556,2
19557,2
19558,0
19559,0
19560,0
19561,1
19562,0
19563,2
19564,0
19565,2
19566,0
19567,0
19568,0
19569,0
19570,2
19571,2
19572,0
19573,0
19574,0
19575,2
19576,1
19577,0
19578,2
19579,0
19580,2
19581,1
19582,2
19583,2
19584,0
19585,0
19586,0
19587,2
19588,0
19589,0
19590,1
19591,1
19592,2
19593,0
19594,2
19595,2
19596,0
19597,1
19598,2
19599,0
19600,1
19601,0
19602,0
19603,2
19604,2
19605,1
19606,2
19607,0
19608,0
19609,1
19610,0
19611,2
19612,0
19613,2
19614,1
19615,1
19616,2
19617,0
19618,2
19619,2
19620,2
19621,2
19622,0
19623,0
19624,0
19625,1
19626,1
19627,2
19628,0
19629,0
19630,0
19631,2
19632,2
19633,1
19634,2
19635,0
19636,1
19637,2
19638,1
19639,2
19640,2
19641,1
19642,0
19643,2
19644,2
19645,2
19646,2
19647,0
19648,0
19649,2
19650,0
19651,0
19652,2
19653,2
19654,0
19655,2
19656,2
19657,2
19658,1
19659,1
19660,1
19661,0
19662,2
19663,0
19664,1
19665,0
19666,2
19667,0
19668,0
19669,2
19670,2
19671,2
19672,1
19673,0
19674,2
19675,0
19676,1
19677,1
19678,0
19679,1
19680,1
19681,2
19682,0
19683,1
19684,0
19685,0
19686,2
19687,1
19688,1
19689,2
19690,2
19691,0
19692,1
19693,1
19694,0
19695,2
19696,1
19697,1
19698,0
19699,2
19700,2
19701,1
19702,0
19703,2
19704,2
19705,1
19706,1
19707,2
19708,0
19709,0
19710,2
19711,0
19712,2
19713,0
19714,1
19715,1
19716,2
19717,0
19718,0
19719,1
19720,1
19721,0
19722,0
19723,2
19724,2
19725,2
19726,0
19727,2
19728,0
19729,2
19730,0
19731,0
19732,1
19733,1
19734,0
19735,2
19736,1
19737,2
19738,0
19739,0
19740,1
19741,0
19742,2
19743,0
19744,2
19745,0
19746,2
19747,1
19748,0
19749,0
19750,1
19751,0
19752,1
19753,0
19754,2
19755,2
19756,0
19757,0
19758,1
19759,0
19760,2
19761,1
19762,0
19763,1
19764,1
19765,1
19766,2
19767,2
19768,0
19769,1
19770,2
19771,1
19772,1
19773,1
19774,0
19775,2
19776,2
19777,0
19778,2
19779,1
19780,0
19781,0
19782,2
19783,0
19784,0
19785,1
19786,1
19787,0
19788,1
19789,0
19790,0
19791,2
19792,1
19793,0
19794,0
19795,1
19796,1
19797,0
19798,2
19799,2
19800,2
19801,2
19802,0
19803,2
19804,1
19805,1
19806,2
19807,0
19808,2
19809,0
19810,2
19811,2
19812,0
19813,2
19814,0
19815,0
19816,2
19817,2
19818,2
19819,0
19820,0
19821,0
19822,2
19823,1
19824,1
19825,0
19826,0
19827,2
19828,2
19829,0
19830,0
19831,0
19832,0
19833,1
19834,1
19835,1
19836,2
19837,2
19838,1
19839,2
19840,1
19841,2
19842,1
19843,0
19844,2
19845,1
19846,2
19847,2
19848,0
19849,0
19850,0
19851,2
19852,1
19853,0
19854,1
19855,2
19856,0
19857,0
19858,0
19859,1
19860,2
19861,1
19862,2
19863,2
19864,0
19865,0
19866,1
19867,0
19868,0
19869,0
19870,2
19871,1
19872,0
19873,1
19874,2
19875,2
19876,2
19877,2
19878,0
19879,0
19880,2
19881,0
19882,1
19883,2
19884,2
19885,0
19886,0
19887,0
19888,1
19889,0
19890,0
19891,1
19892,0
19893,0
19894,1
19895,1
19896,0
19897,2
19898,0
19899,0
19900,2
19901,0
19902,0
19903,0
19904,1
19905,1
19906,0
19907,1
19908,0
19909,0
19910,0
19911,1
19912,1
19913,2
19914,1
19915,0
19916,0
19917,0
19918,1
19919,1
19920,0
19921,1
19922,0
19923,0
19924,0
19925,0
19926,1
19927,0
19928,2
19929,0
19930,0
19931,1
19932,2
19933,2
19934,1
19935,0
19936,0
19937,1
19938,1
19939,2
19940,1
19941,1
19942,1
19943,1
19944,2
19945,0
19946,1
19947,0
19948,1
19949,2
19950,0
19951,2
19952,0
19953,2
19954,0
19955,2
19956,2
19957,1
19958,1
19959,2
19960,1
19961,2
19962,0
19963,2
19964,1
19965,1
19966,0
19967,1
19968,0
19969,1
19970,0
19971,1
19972,0
19973,1
19974,1
19975,2
19976,2
19977,1
19978,1
19979,2
19980,2
19981,0
19982,0
19983,1
19984,0
19985,2
19986,1
19987,0
19988,1
19989,1
19990,1
19991,2
19992,2
19993,2
19994,2
19995,0
19996,2
19997,0
19998,0
19999,2
20000,0
20001,0
20002,1
20003,2
20004,0
20005,1
20006,0
20007,2
20008,0
20009,1
20010,1
20011,2
20012,2
20013,1
20014,2
20015,0
20016,2
20017,2
20018,1
20019,0
20020,1
20021,2
20022,0
20023,0
20024,0
20025,0
20026,0
20027,1
20028,0
20029,2
20030,0
20031,0
20032,2
20033,0
20034,1
20035,0
20036,0
20037,2
20038,1
20039,0
20040,0
20041,0
20042,0
20043,0
20044,0
20045,0
20046,2
20047,2
20048,1
20049,1
20050,0
20051,0
20052,0
20053,2
20054,0
20055,1
20056,2
20057,1
20058,2
20059,1
20060,2
20061,1
20062,0
20063,0
20064,2
20065,2
20066,2
20067,0
20068,0
20069,2
20070,1
20071,2
20072,2
20073,1
20074,2
20075,1
20076,0
20077,2
20078,0
20079,2
20080,1
20081,1
20082,0
20083,2
20084,2
20085,2
20086,2
20087,1
20088,2
20089,0
20090,1
20091,2
20092,1
20093,2
20094,0
20095,2
20096,0
20097,0
20098,0
20099,2
20100,0
20101,0
20102,0
20103,1
20104,1
20105,0
20106,0
20107,0
20108,0
20109,0
20110,2
20111,1
20112,2
20113,2
20114,0
20115,0
20116,0
20117,0
20118,2
20119,0
20120,1
20121,0
20122,1
20123,2
20124,0
20125,0
20126,0
20127,0
20128,0
20129,2
20130,0
20131,2
20132,1
20133,0
20134,0
20135,0
20136,0
20137,1
20138,0
20139,1
20140,0
20141,2
20142,1
20143,1
20144,0
20145,0
20146,1
20147,0
20148,1
20149,2
20150,0
20151,2
20152,0
20153,0
20154,0
20155,0
20156,2
20157,2
20158,0
20159,0
20160,1
20161,1
20162,0
20163,0
20164,0
20165,1
20166,0
20167,0
20168,2
20169,2
20170,1
20171,2
20172,0
20173,1
20174,1
20175,2
20176,2
20177,2
20178,1
20179,0
20180,1
20181,2
20182,0
20183,1
20184,2
20185,1
20186,2
20187,1
20188,1
20189,2
20190,2
20191,1
20192,1
20193,1
20194,0
20195,2
20196,0
20197,0
20198,2
20199,0
20200,2
20201,2
20202,0
20203,2
20204,0
20205,1
20206,2
20207,1
20208,2
20209,2
20210,0
20211,0
20212,0
20213,0
20214,2
20215,0
20216,1
20217,0
20218,1
20219,2
20220,0
20221,2
20222,2
20223,2
20224,1
20225,1
20226,2
20227,1
20228,0
20229,0
20230,1
20231,2
20232,1
20233,1
20234,0
20235,1
20236,0
20237,2
20238,1
20239,0
20240,1
20241,2
20242,0
20243,1
20244,2
20245,0
20246,1
20247,2
20248,0
20249,2
20250,0
20251,2
20252,0
20253,2
20254,2
20255,2
20256,0
20257,2
20258,2
20259,0
20260,0
20261,0
20262,0
20263,0
20264,1
20265,2
20266,0
20267,2
20268,1
20269,1
20270,2
20271,1
20272,2
20273,1
20274,1
20275,0
20276,1
20277,1
20278,0
20279,1
20280,1
20281,2
20282,0
20283,0
20284,2
20285,2
20286,0
20287,1
20288,0
20289,2
20290,2
20291,2
20292,2
20293,0
20294,0
20295,0
20296,2
20297,2
20298,1
20299,0
20300,0
20301,1
20302,2
20303,2
20304,2
20305,2
20306,2
20307,1
20308,2
20309,1
20310,2
20311,0
20312,1
20313,0
20314,0
20315,0
20316,2
20317,0
20318,2
20319,0
20320,0
20321,2
20322,1
20323,1
20324,2
20325,1
20326,2
20327,2
20328,0
20329,0
20330,0
20331,2
20332,1
20333,0
20334,0
20335,0
20336,1
20337,2
20338,1
20339,0
20340,1
20341,0
20342,2
20343,0
20344,0
20345,1
20346,2
20347,2
20348,2
20349,1
20350,0
20351,1
20352,0
20353,1
20354,0
20355,0
20356,0
20357,0
20358,2
20359,0
20360,1
20361,0
20362,1
20363,1
20364,1
20365,0
20366,1
20367,1
20368,2
20369,2
20370,0
20371,2
20372,1
20373,1
20374,0
20375,0
20376,0
20377,2
20378,0
20379,2
20380,2
20381,1
20382,1
20383,1
20384,2
20385,0
20386,1
20387,2
20388,1
20389,0
20390,2
20391,0
20392,1
20393,0
20394,1
20395,0
20396,0
20397,0
20398,1
20399,1
20400,2
20401,0
20402,1
20403,1
20404,2
20405,0
20406,1
20407,2
20408,0
20409,1
20410,0
20411,2
20412,1
20413,1
20414,2
20415,0
20416,0
20417,2
20418,2
20419,0
20420,1
20421,1
20422,1
20423,1
20424,0
20425,2
20426,2
20427,2
20428,0
20429,0
20430,0
20431,0
20432,0
20433,0
20434,0
20435,1
20436,2
20437,2
20438,0
20439,1
20440,0
20441,0
20442,0
20443,2
20444,0
20445,0
20446,0
20447,0
20448,0
20449,0
20450,0
20451,0
20452,2
20453,2
20454,0
20455,0
20456,2
20457,1
20458,1
20459,2
20460,1
20461,2
20462,0
20463,0
20464,0
20465,0
20466,2
20467,2
20468,1
20469,0
20470,0
20471,2
20472,0
20473,1
20474,0
20475,2
20476,2
20477,1
20478,2
20479,1
20480,2
20481,1
20482,0
20483,0
20484,2
20485,2
20486,0
20487,0
20488,2
20489,1
20490,2
20491,2
20492,1
20493,2
20494,0
20495,2
20496,0
20497,2
20498,1
20499,2
20500,2
20501,0
20502,0
20503,0
20504,2
20505,0
20506,1
20507,0
20508,2
20509,0
20510,1
20511,1
20512,1
20513,0
20514,2
20515,0
20516,0
20517,2
20518,0
20519,2
20520,0
20521,2
20522,1
20523,0
20524,1
20525,1
20526,0
20527,0
20528,1
20529,0
20530,2
20531,0
20532,2
20533,1
20534,0
20535,2
20536,0
20537,0
20538,2
20539,0
20540,0
20541,1
20542,1
20543,0
20544,0
20545,2
20546,2
20547,1
20548,1
20549,0
20550,2
20551,1
20552,1
20553,1
20554,0
20555,0
20556,0
20557,1
20558,0
20559,1
20560,0
20561,0
20562,2
20563,0
20564,2
20565,2
20566,0
20567,0
20568,1
20569,1
20570,1
20571,2
20572,2
20573,1
20574,1
20575,2
20576,0
20577,2
20578,2
20579,2
20580,0
20581,1
20582,0
20583,2
20584,2
20585,2
20586,2
20587,1
20588,1
20589,1
20590,1
20591,1
20592,2
20593,2
20594,2
20595,2
20596,0
20597,0
20598,2
20599,0
20600,1
20601,1
20602,2
20603,2
20604,0
20605,1
20606,1
20607,2
20608,2
20609,0
20610,2
20611,2
20612,2
20613,0
20614,2
20615,0
20616,2
20617,1
20618,2
20619,2
20620,1
20621,2
20622,0
20623,1
20624,1
20625,2
20626,0
20627,1
20628,2
20629,0
20630,0
20631,2
20632,1
20633,1
20634,2
20635,2
20636,2
20637,0
20638,2
20639,0
20640,0
20641,0
20642,1
20643,0
20644,2
20645,1
20646,2
20647,2
20648,0
20649,0
20650,1
20651,2
20652,2
20653,2
20654,0
20655,2
20656,2
20657,2
20658,2
20659,2
20660,0
20661,0
20662,2
20663,2
20664,0
20665,0
20666,2
20667,2
20668,0
20669,0
20670,0
20671,2
20672,2
20673,2
20674,0
20675,1
20676,0
20677,1
20678,0
20679,0
20680,0
20681,2
20682,1
20683,2
20684,2
20685,2
20686,1
20687,2
20688,0
20689,0
20690,1
20691,2
20692,1
20693,0
20694,0
20695,0
20696,2
20697,0
20698,2
20699,0
20700,2
20701,1
20702,2
20703,1
20704,0
20705,0
20706,1
20707,0
20708,0
20709,0
20710,1
20711,0
20712,0
20713,1
20714,0
20715,2
20716,2
20717,2
20718,0
20719,0
20720,1
20721,2
20722,1
20723,0
20724,0
20725,1
20726,1
20727,2
20728,0
20729,2
20730,1
20731,0
20732,0
20733,0
20734,2
20735,0
20736,1
20737,2
20738,2
20739,0
20740,0
20741,1
20742,2
20743,2
20744,0
20745,2
20746,1
20747,0
20748,1
20749,2
20750,2
20751,2
20752,2
20753,1
20754,2
20755,1
20756,1
20757,1
20758,1
20759,2
20760,1
20761,1
20762,0
20763,0
20764,2
20765,2
20766,0
20767,0
20768,1
20769,1
20770,0
20771,0
20772,1
20773,0
20774,2
20775,0
20776,2
20777,1
20778,0
20779,0
20780,1
20781,1
20782,2
20783,0
20784,1
20785,2
20786,1
20787,1
20788,2
20789,0
20790,0
20791,0
20792,0
20793,1
20794,2
20795,1
20796,0
20797,2
20798,2
20799,1
20800,2
20801,1
20802,2
20803,0
20804,2
20805,1
20806,1
20807,0
20808,2
20809,0
20810,0
20811,1
20812,1
20813,2
20814,2
20815,2
20816,1
20817,2
20818,2
20819,2
20820,2
20821,0
20822,2
20823,2
20824,2
20825,0
20826,0
20827,0
20828,1
20829,1
20830,1
20831,1
20832,1
20833,1
20834,2
20835,0
20836,1
20837,2
20838,1
20839,1
20840,1
20841,2
20842,0
20843,2
20844,0
20845,2
20846,2
20847,1
20848,0
20849,1
20850,2
20851,0
20852,0
20853,2
20854,0
20855,1
20856,2
20857,0
20858,0
20859,1
20860,0
20861,0
20862,0
20863,0
20864,0
20865,2
20866,1
20867,0
20868,2
20869,1
20870,0
20871,2
20872,0
20873,1
20874,2
20875,1
20876,0
20877,2
20878,2
20879,0
20880,2
20881,2
20882,2
20883,0
20884,2
20885,0
20886,2
20887,0
20888,0
20889,1
20890,2
20891,0
20892,0
20893,2
20894,1
20895,0
20896,0
20897,0
20898,0
20899,0
20900,2
20901,0
20902,1
20903,1
20904,0
20905,2
20906,2
20907,0
20908,1
20909,2
20910,0
20911,1
20912,1
20913,1
20914,0
20915,2
20916,0
20917,1
20918,0
20919,0
20920,2
20921,2
20922,1
20923,1
20924,2
20925,0
20926,0
20927,1
20928,1
20929,2
20930,0
20931,2
20932,1
20933,1
20934,2
20935,2
20936,2
20937,2
20938,0
20939,1
20940,2
20941,1
20942,2
20943,2
20944,2
20945,0
20946,1
20947,0
20948,0
20949,0
20950,0
20951,0
20952,0
20953,0
20954,2
20955,1
20956,2
20957,0
20958,0
20959,0
20960,1
20961,0
20962,2
20963,0
20964,0
20965,2
20966,1
20967,2
20968,1
20969,0
20970,2
20971,2
20972,0
20973,1
20974,2
20975,1
20976,0
20977,0
20978,0
20979,1
20980,1
20981,2
20982,2
20983,0
20984,1
20985,1
20986,0
20987,1
20988,0
20989,0
20990,0
20991,2
20992,2
20993,2
20994,0
20995,2
20996,2
20997,1
20998,2
20999,0
21000,1
21001,2
21002,0
21003,0
21004,2
21005,2
21006,2
21007,1
21008,0
21009,2
21010,0
21011,0
21012,1
21013,0
21014,2
21015,2
21016,2
21017,2
21018,2
21019,0
21020,2
21021,0
21022,1
21023,0
21024,2
21025,1
21026,2
21027,2
21028,2
21029,1
21030,1
21031,2
21032,0
21033,2
21034,0
21035,2
21036,0
21037,2
21038,1
21039,0
21040,1
21041,0
21042,0
21043,1
21044,2
21045,2
21046,1
21047,1
21048,0
21049,0
21050,1
21051,2
21052,0
21053,2
21054,1
21055,0
21056,0
21057,0
21058,0
21059,2
21060,0
21061,1
21062,0
21063,2
21064,1
21065,0
21066,2
21067,0
21068,1
21069,0
21070,1
21071,2
21072,1
21073,0
21074,0
21075,1
21076,0
21077,2
21078,1
21079,1
21080,2
21081,1
21082,2
21083,0
21084,2
21085,1
21086,0
21087,2
21088,2
21089,0
21090,2
21091,0
21092,0
21093,2
21094,2
21095,1
21096,2
21097,0
21098,0
21099,0
21100,2
21101,1
21102,1
21103,2
21104,2
21105,0
21106,1
21107,0
21108,0
21109,0
21110,2
21111,0
21112,1
21113,1
21114,1
21115,1
21116,0
21117,2
21118,0
21119,0
21120,0
21121,0
21122,2
21123,2
21124,1
21125,2
21126,0
21127,2
21128,2
21129,2
21130,2
21131,2
21132,0
21133,1
21134,1
21135,0
21136,0
21137,2
21138,0
21139,1
21140,1
21141,1
21142,1
21143,0
21144,0
21145,2
21146,0
21147,1
21148,2
21149,2
21150,0
21151,0
21152,1
21153,2
21154,0
21155,2
21156,1
21157,0
21158,0
21159,1
21160,0
21161,0
21162,2
21163,1
21164,1
21165,0
21166,0
21167,0
21168,0
21169,2
21170,2
21171,0
21172,1
21173,1
21174,2
21175,2
21176,0
21177,2
21178,1
21179,2
21180,1
21181,0
21182,2
21183,2
21184,0
21185,2
21186,0
21187,0
21188,2
21189,2
21190,0
21191,0
21192,0
21193,0
21194,0
21195,2
21196,2
21197,2
21198,2
21199,0
21200,0
21201,1
21202,2
21203,0
21204,2
21205,2
21206,0
21207,1
21208,2
21209,0
21210,0
21211,0
21212,2
21213,2
21214,0
21215,0
21216,0
21217,0
21218,0
21219,0
21220,1
21221,0
21222,0
21223,1
21224,1
21225,1
21226,1
21227,2
21228,1
21229,2
21230,2
21231,0
21232,2
21233,0
21234,0
21235,1
21236,2
21237,1
21238,2
21239,0
21240,0
21241,0
21242,2
21243,2
21244,0
21245,1
21246,0
21247,2
21248,1
21249,0
21250,2
21251,0
21252,1
21253,1
21254,0
21255,2
21256,1
21257,0
21258,0
21259,0
21260,1
21261,1
21262,0
21263,0
21264,1
21265,1
21266,2
21267,0
21268,0
21269,2
21270,1
21271,2
21272,2
21273,1
21274,2
21275,2
21276,1
21277,0
21278,0
21279,1
21280,2
21281,0
21282,2
21283,0
21284,0
21285,0
21286,0
21287,0
21288,2
21289,0
21290,0
21291,2
21292,0
21293,1
21294,1
21295,1
21296,1
21297,0
21298,1
21299,1
21300,2
21301,0
21302,1
21303,2
21304,2
21305,0
21306,2
21307,0
21308,2
21309,1
21310,2
21311,2
21312,1
21313,1
21314,1
21315,2
21316,0
21317,0
21318,2
21319,1
21320,1
21321,1
21322,0
21323,1
21324,0
21325,2
21326,0
21327,0
21328,2
21329,2
21330,0
21331,2
21332,0
21333,1
21334,2
21335,1
21336,2
21337,2
21338,2
21339,1
21340,0
21341,1
21342,0
21343,2
21344,2
21345,2
21346,1
21347,0
21348,2
21349,0
21350,2
21351,0
21352,0
21353,1
21354,0
21355,1
21356,0
21357,0
21358,2
21359,0
21360,0
21361,2
21362,0
21363,2
21364,1
21365,1
21366,1
21367,0
21368,2
21369,1
21370,0
21371,0
21372,2
21373,1
21374,1
21375,0
21376,2
21377,2
21378,2
21379,0
21380,1
21381,2
21382,2
21383,1
21384,0
21385,1
21386,2
21387,2
21388,1
21389,0
21390,2
21391,2
21392,0
21393,1
21394,1
21395,0
21396,0
21397,1
21398,2
21399,1
21400,2
21401,1
21402,0
21403,0
21404,2
21405,2
21406,0
21407,0
21408,0
21409,1
21410,0
21411,0
21412,1
21413,1
21414,0
21415,0
21416,0
21417,1
21418,0
21419,0
21420,2
21421,0
21422,1
21423,2
21424,1
21425,0
21426,0
21427,1
21428,2
21429,2
21430,0
21431,2
21432,2
21433,1
21434,0
21435,0
21436,0
21437,2
21438,1
21439,1
21440,2
21441,0
21442,0
21443,0
21444,0
21445,0
21446,2
21447,0
21448,0
21449,2
21450,0
21451,2
21452,1
21453,0
21454,1
21455,1
21456,0
21457,0
21458,1
21459,2
21460,2
21461,1
21462,2
21463,2
21464,1
21465,2
21466,2
21467,0
21468,2
21469,2
21470,1
21471,2
21472,0
21473,0
21474,0
21475,0
21476,0
21477,2
21478,0
21479,2
21480,2
21481,2
21482,0
21483,2
21484,1
21485,2
21486,2
21487,2
21488,0
21489,0
21490,0
21491,1
21492,2
21493,2
21494,2
21495,1
21496,0
21497,1
21498,0
21499,2
21500,0
21501,0
21502,0
21503,1
21504,1
21505,2
21506,0
21507,0
21508,1
21509,1
21510,0
21511,1
21512,2
21513,2
21514,2
21515,0
21516,2
21517,2
21518,0
21519,2
21520,2
21521,1
21522,2
21523,2
21524,0
21525,0
21526,2
21527,0
21528,0
21529,0
21530,2
21531,2
21532,2
21533,2
21534,2
21535,0
21536,1
21537,0
21538,0
21539,0
21540,0
21541,2
21542,0
21543,2
21544,2
21545,2
21546,2
21547,2
21548,2
21549,1
21550,0
21551,1
21552,2
21553,0
21554,1
21555,1
21556,1
21557,1
21558,2
21559,2
21560,1
21561,0
21562,2
21563,0
21564,0
21565,0
21566,0
21567,1
21568,0
21569,1
21570,0
21571,2
21572,2
21573,2
21574,0
21575,1
21576,0
21577,1
21578,1
21579,1
21580,0
21581,1
21582,2
21583,2
21584,1
21585,2
21586,0
21587,2
21588,1
21589,2
21590,1
21591,2
21592,2
21593,0
21594,1
21595,1
21596,0
21597,2
21598,0
21599,1
21600,2
21601,2
21602,1
21603,1
21604,0
21605,0
21606,2
21607,2
21608,0
21609,2
21610,2
21611,2
21612,2
21613,2
21614,1
21615,0
21616,0
21617,2
21618,0
21619,2
21620,0
21621,0
21622,0
21623,1
21624,0
21625,2
21626,0
21627,0
21628,2
21629,0
21630,2
21631,1
21632,2
21633,1
21634,2
21635,0
21636,2
21637,2
21638,0
21639,1
21640,2
21641,0
21642,2
21643,2
21644,0
21645,1
21646,1
21647,1
21648,1
21649,0
21650,1
21651,0
21652,1
21653,1
21654,0
21655,1
21656,2
21657,1
21658,1
21659,2
21660,0
21661,0
21662,2
21663,1
21664,2
21665,2
21666,2
21667,0
21668,2
21669,2
21670,2
21671,2
21672,0
21673,0
21674,1
21675,1
21676,0
21677,2
21678,1
21679,2
21680,2
21681,2
21682,1
21683,1
21684,1
21685,1
21686,2
21687,0
21688,1
21689,2
21690,0
21691,1
21692,0
21693,2
21694,2
21695,1
21696,1
21697,1
21698,2
21699,0
21700,1
21701,1
21702,1
21703,0
21704,2
21705,2
21706,0
21707,2
21708,2
21709,1
21710,1
21711,1
21712,1
21713,1
21714,1
21715,0
21716,2
21717,0
21718,2
21719,0
21720,0
21721,1
21722,1
21723,0
21724,1
21725,0
21726,2
21727,0
21728,0
21729,0
21730,0
21731,0
21732,2
21733,1
21734,2
21735,2
21736,0
21737,0
21738,1
21739,1
21740,0
21741,2
21742,1
21743,1
21744,2
21745,2
21746,0
21747,2
21748,1
21749,1
21750,1
21751,0
21752,2
21753,0
21754,1
21755,0
21756,0
21757,2
21758,2
21759,1
21760,2
21761,2
21762,2
21763,0
21764,2
21765,1
21766,1
21767,0
21768,0
21769,0
21770,2
21771,1
21772,2
21773,0
21774,1
21775,1
21776,1
21777,2
21778,0
21779,2
21780,0
21781,1
21782,2
21783,1
21784,0
21785,0
21786,0
21787,2
21788,1
21789,1
21790,0
21791,2
21792,0
21793,0
21794,2
21795,2
21796,1
21797,0
21798,2
21799,2
21800,0
21801,1
21802,0
21803,0
21804,0
21805,1
21806,1
21807,0
21808,0
21809,1
21810,2
21811,0
21812,2
21813,0
21814,0
21815,0
21816,2
21817,0
21818,0
21819,0
21820,1
21821,0
21822,2
21823,1
21824,0
21825,0
21826,0
21827,2
21828,0
21829,0
21830,0
21831,0
21832,1
21833,0
21834,1
21835,2
21836,1
21837,1
21838,0
21839,0
21840,0
21841,1
21842,0
21843,1
21844,0
21845,1
21846,2
21847,0
21848,0
21849,2
21850,0
21851,2
21852,1
21853,2
21854,0
21855,2
21856,2
21857,2
21858,2
21859,2
21860,0
21861,0
21862,2
21863,0
21864,0
21865,2
21866,2
21867,2
21868,2
21869,0
21870,2
21871,1
21872,1
21873,0
21874,1
21875,1
21876,0
21877,0
21878,2
21879,2
21880,0
21881,1
21882,1
21883,0
21884,0
21885,2
21886,0
21887,0
21888,1
21889,0
21890,2
21891,0
21892,2
21893,2
21894,2
21895,0
21896,1
21897,0
21898,1
21899,1
21900,2
21901,1
21902,2
21903,2
21904,1
21905,2
21906,2
21907,0
21908,0
21909,2
21910,2
21911,0
21912,0
21913,0
21914,0
21915,0
21916,2
21917,2
21918,1
21919,2
21920,1
21921,1
21922,2
21923,1
21924,2
21925,0
21926,0
21927,1
21928,2
21929,0
21930,1
21931,2
21932,2
21933,0
21934,1
21935,1
21936,0
21937,2
21938,1
21939,2
21940,0
21941,1
21942,2
21943,1
21944,0
21945,0
21946,1
21947,0
21948,0
21949,1
21950,2
21951,2
21952,0
21953,1
21954,1
21955,1
21956,2
21957,1
21958,1
21959,0
21960,1
21961,2
21962,0
21963,0
21964,2
21965,1
21966,0
21967,0
21968,0
21969,1
21970,2
21971,1
21972,0
21973,2
21974,1
21975,2
21976,1
21977,2
21978,0
21979,0
21980,2
21981,2
21982,1
21983,2
21984,0
21985,0
21986,2
21987,0
21988,2
21989,1
21990,2
21991,0
21992,2
21993,1
21994,0
21995,2
21996,0
21997,0
21998,0
21999,0
22000,0
22001,0
22002,0
22003,2
22004,1
22005,2
22006,0
22007,2
22008,1
22009,1
22010,0
22011,2
22012,1
22013,1
22014,0
22015,0
22016,2
22017,1
22018,2
22019,1
22020,0
22021,2
22022,2
22023,1
22024,0
22025,0
22026,1
22027,1
22028,0
22029,0
22030,1
22031,0
22032,1
22033,0
22034,1
22035,1
22036,0
22037,0
22038,2
22039,2
22040,1
22041,2
22042,2
22043,0
22044,2
22045,2
22046,0
22047,2
22048,0
22049,0
22050,2
22051,1
22052,2
22053,0
22054,0
22055,2
22056,2
22057,2
22058,0
22059,2
22060,0
22061,1
22062,2
22063,0
22064,0
22065,2
22066,0
22067,2
22068,0
22069,2
22070,2
22071,1
22072,0
22073,1
22074,0
22075,2
22076,2
22077,1
22078,1
22079,2
22080,1
22081,0
22082,0
22083,0
22084,1
22085,0
22086,1
22087,1
22088,2
22089,2
22090,2
22091,2
22092,0
22093,2
22094,0
22095,1
22096,1
22097,1
22098,2
22099,2
22100,1
22101,2
22102,2
22103,1
22104,1
22105,0
22106,1
22107,0
22108,2
22109,1
22110,1
22111,0
22112,0
22113,1
22114,2
22115,0
22116,0
22117,2
22118,2
22119,2
22120,2
22121,1
22122,2
22123,0
22124,2
22125,1
22126,2
22127,2
22128,0
22129,2
22130,0
22131,2
22132,1
22133,2
22134,0
22135,0
22136,2
22137,0
22138,0
22139,2
22140,0
22141,0
22142,2
22143,2
22144,2
22145,0
22146,2
22147,2
22148,0
22149,2
22150,2
22151,2
22152,2
22153,2
22154,1
22155,2
22156,2
22157,2
22158,1
22159,0
22160,0
22161,0
22162,2
22163,2
22164,2
22165,2
22166,0
22167,2
22168,1
22169,0
22170,1
22171,2
22172,0
22173,2
22174,2
22175,0
22176,1
22177,1
22178,1
22179,2
22180,1
22181,0
22182,1
22183,1
22184,0
22185,2
22186,1
22187,1
22188,2
22189,0
22190,2
22191,0
22192,0
22193,2
22194,2
22195,0
22196,2
22197,1
22198,2
22199,1
22200,0
22201,1
22202,1
22203,2
22204,0
22205,0
22206,1
22207,1
22208,0
22209,0
22210,2
22211,0
22212,0
22213,1
22214,0
22215,2
22216,0
22217,1
22218,0
22219,0
22220,2
22221,2
22222,1
22223,2
22224,2
22225,0
22226,1
22227,1
22228,0
22229,2
22230,1
22231,0
22232,1
22233,1
22234,0
22235,1
22236,2
22237,2
22238,0
22239,2
22240,0
22241,1
22242,2
22243,0
22244,1
22245,0
22246,1
22247,2
22248,0
22249,2
22250,1
22251,2
22252,1
22253,0
22254,1
22255,2
22256,2
22257,0
22258,0
22259,2
22260,1
22261,1
22262,1
22263,1
22264,1
22265,0
22266,1
22267,2
22268,2
22269,2
22270,2
22271,0
22272,2
22273,2
22274,0
22275,0
22276,1
22277,2
22278,1
22279,1
22280,0
22281,1
22282,0
22283,2
22284,1
22285,0
22286,2
22287,0
22288,2
22289,0
22290,0
22291,0
22292,0
22293,1
22294,1
22295,0
22296,2
22297,0
22298,1
22299,0
22300,1
22301,0
22302,0
22303,1
22304,0
22305,2
22306,1
22307,0
22308,2
22309,0
22310,2
22311,0
22312,0
22313,2
22314,1
22315,0
22316,1
22317,0
22318,0
22319,2
22320,2
22321,2
22322,0
22323,2
22324,2
22325,1
22326,2
22327,1
22328,0
22329,0
22330,0
22331,0
22332,1
22333,2
22334,0
22335,0
22336,0
22337,2
22338,1
22339,2
22340,0
22341,0
22342,0
22343,2
22344,2
22345,0
22346,2
22347,1
22348,1
22349,1
22350,1
22351,0
22352,2
22353,1
22354,1
22355,2
22356,2
22357,2
22358,0
22359,0
22360,2
22361,1
22362,1
22363,2
22364,2
22365,0
22366,1
22367,1
22368,0
22369,2
22370,2
22371,1
22372,0
22373,2
22374,1
22375,2
22376,0
22377,0
22378,0
22379,1
22380,0
22381,0
22382,2
22383,1
22384,2
22385,2
22386,1
22387,2
22388,2
22389,0
22390,2
22391,0
22392,2
22393,1
22394,1
22395,1
22396,0
22397,0
22398,1
22399,1
22400,2
22401,0
22402,0
22403,1
22404,1
22405,2
22406,1
22407,0
22408,2
22409,2
22410,0
22411,2
22412,2
22413,0
22414,2
22415,2
22416,1
22417,2
22418,0
22419,0
22420,2
22421,1
22422,2
22423,2
22424,0
22425,1
22426,0
22427,2
22428,2
22429,0
22430,2
22431,0
22432,1
22433,0
22434,0
22435,2
22436,0
22437,2
22438,1
22439,1
22440,0
22441,2
22442,2
22443,1
22444,0
22445,1
22446,1
22447,0
22448,1
22449,2
22450,1
22451,2
22452,0
22453,1
22454,2
22455,1
22456,0
22457,2
22458,2
22459,2
22460,0
22461,1
22462,1
22463,1
22464,2
22465,0
22466,1
22467,2
22468,0
22469,0
22470,0
22471,2
22472,0
22473,1
22474,1
22475,2
22476,0
22477,1
22478,1
22479,1
22480,1
22481,0
22482,2
22483,2
22484,0
22485,0
22486,2
22487,0
22488,2
22489,0
22490,1
22491,0
22492,0
22493,2
22494,0
22495,2
22496,2
22497,0
22498,2
22499,1
22500,0
22501,0
22502,1
22503,2
22504,2
22505,2
22506,2
22507,2
22508,1
22509,2
22510,1
22511,2
22512,1
22513,1
22514,1
22515,2
22516,2
22517,2
22518,0
22519,0
22520,0
22521,2
22522,0
22523,2
22524,1
22525,2
22526,0
22527,0
22528,1
22529,0
22530,0
22531,2
22532,1
22533,2
22534,2
22535,0
22536,2
22537,1
22538,2
22539,2
22540,0
22541,1
22542,0
22543,0
22544,1
22545,2
22546,2
22547,2
22548,2
22549,1
22550,0
22551,2
22552,2
22553,1
22554,0
22555,0
22556,0
22557,0
22558,2
22559,2
22560,2
22561,0
22562,2
22563,2
22564,0
22565,0
22566,2
22567,0
22568,0
22569,2
22570,2
22571,2
22572,1
22573,2
22574,0
22575,2
22576,1
22577,2
22578,0
22579,1
22580,0
22581,2
22582,1
22583,2
22584,0
22585,2
22586,0
22587,0
22588,2
22589,0
22590,2
22591,2
22592,1
22593,2
22594,0
22595,0
22596,2
22597,2
22598,2
22599,0
22600,1
22601,2
22602,0
22603,1
22604,2
22605,1
22606,2
22607,1
22608,0
22609,0
22610,1
22611,0
22612,1
22613,1
22614,1
22615,0
22616,1
22617,0
22618,0
22619,1
22620,1
22621,0
22622,1
22623,2
22624,0
22625,2
22626,0
22627,0
22628,2
22629,0
22630,0
22631,2
22632,1
22633,0
22634,0
22635,2
22636,1
22637,2
22638,0
22639,2
22640,1
22641,2
22642,0
22643,0
22644,2
22645,1
22646,1
22647,2
22648,2
22649,0
22650,1
22651,1
22652,2
22653,2
22654,2
22655,2
22656,0
22657,1
22658,0
22659,0
22660,2
22661,2
22662,2
22663,1
22664,2
22665,0
22666,2
22667,0
22668,2
22669,1
22670,1
22671,1
22672,2
22673,0
22674,0
22675,0
22676,1
22677,0
22678,1
22679,0
22680,2
22681,2
22682,0
22683,1
22684,0
22685,0
22686,2
22687,1
22688,2
22689,0
22690,0
22691,2
22692,0
22693,1
22694,0
22695,1
22696,2
22697,0
22698,0
22699,2
22700,1
22701,0
22702,2
22703,2
22704,0
22705,2
22706,1
22707,2
22708,1
22709,0
22710,0
22711,0
22712,2
22713,1
22714,0
22715,1
22716,1
22717,0
22718,0
22719,0
22720,1
22721,2
22722,1
22723,2
22724,2
22725,2
22726,2
22727,1
22728,2
22729,1
22730,0
22731,2
22732,2
22733,0
22734,2
22735,0
22736,0
22737,0
22738,0
22739,2
22740,0
22741,2
22742,0
22743,0
22744,1
22745,0
22746,2
22747,0
22748,0
22749,2
22750,2
22751,0
22752,1
22753,2
22754,0
22755,0
22756,0
22757,0
22758,0
22759,2
22760,1
22761,0
22762,2
22763,1
22764,0
22765,0
22766,2
22767,0
22768,2
22769,1
22770,2
22771,0
22772,0
22773,0
22774,2
22775,0
22776,1
22777,0
22778,1
22779,0
22780,1
22781,0
22782,1
22783,1
22784,0
22785,0
22786,0
22787,2
22788,1
22789,0
22790,0
22791,0
22792,0
22793,2
22794,0
22795,2
22796,0
22797,1
22798,2
22799,1
22800,2
22801,2
22802,1
22803,1
22804,2
22805,0
22806,1
22807,2
22808,0
22809,1
22810,0
22811,2
22812,2
22813,2
22814,1
22815,1
22816,1
22817,2
22818,1
22819,0
22820,2
22821,0
22822,0
22823,1
22824,0
22825,0
22826,2
22827,0
22828,0
22829,2
22830,1
22831,2
22832,0
22833,1
22834,1
22835,1
22836,0
22837,1
22838,0
22839,1
22840,2
22841,0
22842,2
22843,0
22844,0
22845,0
22846,0
22847,1
22848,1
22849,0
22850,2
22851,1
22852,2
22853,0
22854,1
22855,0
22856,1
22857,1
22858,0
22859,1
22860,0
22861,1
22862,0
22863,2
22864,2
22865,0
22866,0
22867,0
22868,0
22869,1
22870,2
22871,1
22872,2
22873,1
22874,1
22875,2
22876,2
22877,0
22878,2
22879,2
22880,1
22881,0
22882,0
22883,0
22884,0
22885,0
22886,2
22887,2
22888,0
22889,0
22890,1
22891,2
22892,2
22893,1
22894,0
22895,2
22896,2
22897,0
22898,0
22899,2
22900,2
22901,0
22902,0
22903,0
22904,1
22905,0
22906,2
22907,2
22908,0
22909,2
22910,1
22911,2
22912,0
22913,2
22914,2
22915,2
22916,2
22917,0
22918,2
22919,1
22920,2
22921,2
22922,0
22923,2
22924,0
22925,1
22926,2
22927,0
22928,0
22929,2
22930,0
22931,2
22932,1
22933,0
22934,1
22935,0
22936,0
22937,2
22938,0
22939,2
22940,1
22941,2
22942,1
22943,2
22944,2
22945,2
22946,2
22947,1
22948,1
22949,2
22950,0
22951,2
22952,0
22953,2
22954,2
22955,2
22956,0
22957,0
22958,2
22959,0
22960,0
22961,2
22962,0
22963,0
22964,2
22965,1
22966,2
22967,0
22968,2
22969,2
22970,2
22971,0
22972,1
22973,1
22974,0
22975,2
22976,0
22977,2
22978,0
22979,2
22980,2
22981,1
22982,2
22983,0
22984,2
22985,0
22986,2
22987,2
22988,2
22989,0
22990,2
22991,2
22992,0
22993,2
22994,0
22995,0
22996,0
22997,1
22998,2
22999,2
23000,0
23001,2
23002,2
23003,2
23004,2
23005,1
23006,0
23007,0
23008,2
23009,2
23010,0
23011,0
23012,2
23013,0
23014,2
23015,2
23016,0
23017,2
23018,1
23019,2
23020,0
23021,0
23022,1
23023,1
23024,1
23025,0
23026,0
23027,0
23028,2
23029,1
23030,2
23031,0
23032,2
23033,2
23034,2
23035,0
23036,0
23037,2
23038,2
23039,2
23040,1
23041,0
23042,0
23043,1
23044,0
23045,2
23046,0
23047,1
23048,2
23049,0
23050,2
23051,0
23052,1
23053,1
23054,2
23055,1
23056,2
23057,0
23058,0
23059,0
23060,0
23061,0
23062,0
23063,1
23064,0
23065,2
23066,1
23067,0
23068,1
23069,0
23070,0
23071,0
23072,0
23073,1
23074,2
23075,2
23076,1
23077,2
23078,0
23079,0
23080,1
23081,2
23082,2
23083,2
23084,1
23085,1
23086,1
23087,1
23088,2
23089,0
23090,0
23091,2
23092,0
23093,1
23094,1
23095,2
23096,1
23097,0
23098,0
23099,1
23100,1
23101,2
23102,0
23103,1
23104,2
23105,0
23106,2
23107,2
23108,2
23109,2
23110,1
23111,0
23112,0
23113,2
23114,2
23115,1
23116,2
23117,2
23118,2
23119,2
23120,2
23121,0
23122,0
23123,0
23124,1
23125,2
23126,2
23127,2
23128,1
23129,0
23130,1
23131,0
23132,0
23133,2
23134,1
23135,2
23136,0
23137,2
23138,1
23139,2
23140,0
23141,2
23142,1
23143,0
23144,0
23145,0
23146,1
23147,1
23148,1
23149,2
23150,0
23151,0
23152,0
23153,2
23154,2
23155,0
23156,1
23157,1
23158,2
23159,2
23160,1
23161,0
23162,1
23163,0
23164,2
23165,0
23166,0
23167,2
23168,2
23169,0
23170,0
23171,0
23172,1
23173,1
23174,0
23175,0
23176,2
23177,0
23178,0
23179,2
23180,1
23181,1
23182,2
23183,0
23184,1
23185,0
23186,0
23187,2
23188,0
23189,2
23190,2
23191,2
23192,1
23193,0
23194,2
23195,2
23196,0
23197,1
23198,2
23199,1
23200,2
23201,0
23202,2
23203,2
23204,2
23205,1
23206,2
23207,0
23208,1
23209,0
23210,2
23211,2
23212,2
23213,2
23214,2
23215,0
23216,2
23217,2
23218,1
23219,2
23220,1
23221,1
23222,0
23223,1
23224,0
23225,2
23226,2
23227,1
23228,1
23229,1
23230,0
23231,0
23232,0
23233,1
23234,2
23235,0
23236,2
23237,0
23238,0
23239,0
23240,2
23241,0
23242,0
23243,1
23244,1
23245,2
23246,0
23247,2
23248,1
23249,1
23250,0
23251,0
23252,2
23253,2
23254,1
23255,2
23256,0
23257,0
23258,2
23259,0
23260,1
23261,0
23262,0
23263,1
23264,1
23265,0
23266,2
23267,1
23268,0
23269,1
23270,0
23271,1
23272,2
23273,1
23274,0
23275,0
23276,0
23277,0
23278,0
23279,0
23280,1
23281,0
23282,2
23283,1
23284,1
23285,0
23286,2
23287,0
23288,2
23289,1
23290,0
23291,2
23292,2
23293,0
23294,1
23295,0
23296,2
23297,0
23298,0
23299,0
23300,2
23301,0
23302,2
23303,0
23304,1
23305,2
23306,1
23307,0
23308,1
23309,2
23310,0
23311,2
23312,0
23313,0
23314,2
23315,1
23316,2
23317,0
23318,0
23319,0
23320,0
23321,1
23322,0
23323,0
23324,0
23325,0
23326,0
23327,2
23328,2
23329,2
23330,2
23331,0
23332,1
23333,2
23334,0
23335,1
23336,0
23337,2
23338,0
23339,0
23340,2
23341,0
23342,1
23343,2
23344,1
23345,2
23346,0
23347,0
23348,2
23349,0
23350,2
23351,0
23352,2
23353,0
23354,2
23355,0
23356,0
23357,1
23358,2
23359,0
23360,2
23361,2
23362,2
23363,0
23364,0
23365,2
23366,0
23367,0
23368,0
23369,0
23370,0
23371,1
23372,2
23373,2
23374,2
23375,2
23376,0
23377,0
23378,0
23379,0
23380,2
23381,0
23382,0
23383,2
23384,0
23385,0
23386,0
23387,0
23388,2
23389,2
23390,2
23391,2
23392,2
23393,0
23394,1
23395,0
23396,2
23397,0
23398,0
23399,2
23400,2
23401,1
23402,2
23403,2
23404,2
23405,2
23406,2
23407,1
23408,2
23409,2
23410,2
23411,0
23412,0
23413,2
23414,2
23415,0
23416,0
23417,1
23418,2
23419,1
23420,2
23421,0
23422,0
23423,2
23424,2
23425,0
23426,2
23427,0
23428,0
23429,0
23430,0
23431,0
23432,1
23433,0
23434,0
23435,1
23436,0
23437,0
23438,0
23439,2
23440,1
23441,1
23442,0
23443,0
23444,0
23445,2
23446,2
23447,1
23448,2
23449,0
23450,2
23451,1
23452,0
23453,0
23454,2
23455,0
23456,2
23457,0
23458,2
23459,0
23460,1
23461,1
23462,0
23463,0
23464,2
23465,1
23466,0
23467,2
23468,2
23469,2
23470,2
23471,2
23472,0
23473,1
23474,1
23475,2
23476,2
23477,0
23478,2
