index,cluster
0,0
1,1
2,1
3,0
4,1
5,0
6,0
7,0
8,1
9,1
10,2
11,2
12,0
13,1
14,1
15,0
16,2
17,0
18,1
19,2
20,2
21,0
22,2
23,2
24,2
25,1
26,0
27,0
28,0
29,1
30,0
31,1
32,2
33,1
34,1
35,2
36,1
37,2
38,1
39,0
40,1
41,0
42,1
43,2
44,1
45,1
46,2
47,1
48,2
49,2
50,1
51,1
52,2
53,0
54,1
55,2
56,1
57,1
58,1
59,1
60,1
61,2
62,0
63,1
64,2
65,2
66,2
67,0
68,0
69,2
70,1
71,1
72,1
73,2
74,2
75,2
76,2
77,1
78,0
79,2
80,0
81,2
82,0
83,2
84,2
85,2
86,1
87,1
88,1
89,1
90,1
91,0
92,1
93,0
94,2
95,0
96,2
97,1
98,2
99,2
100,0
101,1
102,0
103,2
104,0
105,1
106,2
107,2
108,1
109,0
110,1
111,0
112,2
113,1
114,2
115,1
116,1
117,0
118,2
119,0
120,1
121,0
122,2
123,1
124,1
125,1
126,1
127,1
128,1
129,0
130,1
131,1
132,1
133,2
134,1
135,1
136,2
137,0
138,1
139,0
140,0
141,0
142,2
143,0
144,0
145,1
146,1
147,0
148,2
149,2
150,0
151,1
152,0
153,1
154,2
155,1
156,1
157,2
158,2
159,0
160,2
161,1
162,1
163,0
164,1
165,2
166,0
167,2
168,0
169,2
170,2
171,1
172,0
173,2
174,1
175,2
176,2
177,1
178,2
179,0
180,1
181,0
182,1
183,0
184,1
185,2
186,2
187,2
188,1
189,0
190,0
191,1
192,1
193,0
194,2
195,2
196,2
197,1
198,2
199,0
200,0
201,0
202,1
203,1
204,0
205,2
206,1
207,1
208,2
209,0
210,1
211,1
212,2
213,0
214,0
215,2
216,1
217,1
218,1
219,0
220,1
221,1
222,2
223,0
224,2
225,0
226,2
227,0
228,1
229,0
230,1
231,0
232,0
233,2
234,0
235,2
236,1
237,2
238,0
239,2
240,2
241,0
242,0
243,2
244,1
245,1
246,2
247,1
248,0
249,1
250,2
251,0
252,1
253,0
254,0
255,1
256,0
257,2
258,2
259,0
260,1
261,2
262,1
263,1
264,1
265,2
266,2
267,2
268,1
269,1
270,2
271,0
272,2
273,0
274,1
275,2
276,2
277,1
278,0
279,1
280,1
281,1
282,1
283,0
284,0
285,1
286,1
287,2
288,2
289,1
290,2
291,1
292,0
293,0
294,1
295,0
296,1
297,1
298,2
299,1
300,1
301,0
302,0
303,2
304,1
305,2
306,1
307,2
308,0
309,2
310,1
311,2
312,2
313,0
314,0
315,2
316,0
317,0
318,1
319,1
320,1
321,2
322,1
323,1
324,1
325,2
326,1
327,1
328,0
329,0
330,0
331,0
332,1
333,0
334,0
335,1
336,0
337,1
338,1
339,1
340,1
341,0
342,1
343,2
344,1
345,1
346,0
347,0
348,1
349,2
350,2
351,1
352,0
353,0
354,0
355,1
356,1
357,1
358,1
359,0
360,2
361,2
362,0
363,0
364,2
365,1
366,0
367,0
368,1
369,2
370,0
371,0
372,1
373,1
374,0
375,1
376,2
377,0
378,1
379,0
380,1
381,2
382,1
383,1
384,2
385,0
386,1
387,0
388,1
389,0
390,2
391,0
392,1
393,1
394,0
395,0
396,1
397,1
398,1
399,1
400,1
401,1
402,1
403,2
404,0
405,1
406,0
407,0
408,1
409,1
410,2
411,0
412,1
413,1
414,0
415,1
416,1
417,1
418,1
419,1
420,1
421,0
422,0
423,1
424,1
425,2
426,1
427,0
428,0
429,2
430,0
431,0
432,0
433,0
434,0
435,2
436,2
437,1
438,0
439,1
440,0
441,2
442,2
443,2
444,0
445,0
446,2
447,2
448,1
449,2
450,0
451,1
452,0
453,1
454,1
455,1
456,0
457,1
458,1
459,0
460,1
461,0
462,0
463,1
464,1
465,2
466,0
467,2
468,1
469,0
470,2
471,2
472,0
473,1
474,0
475,0
476,1
477,0
478,0
479,1
480,0
481,1
482,0
483,0
484,2
485,2
486,1
487,0
488,0
489,1
490,0
491,0
492,2
493,2
494,2
495,0
496,0
497,1
498,0
499,0
500,0
501,0
502,0
503,2
504,2
505,2
506,0
507,1
508,0
509,0
510,0
511,1
512,0
513,0
514,0
515,0
516,0
517,1
518,1
519,1
520,1
521,1
522,0
523,0
524,1
525,0
526,2
527,0
528,0
529,0
530,1
531,1
532,1
533,2
534,1
535,1
536,0
537,1
538,0
539,1
540,0
541,1
542,2
543,0
544,1
545,0
546,1
547,0
548,1
549,0
550,1
551,2
552,1
553,1
554,1
555,0
556,1
557,2
558,2
559,1
560,2
561,2
562,1
563,0
564,0
565,0
566,0
567,1
568,2
569,2
570,2
571,2
572,0
573,1
574,1
575,0
576,2
577,0
578,2
579,0
580,0
581,0
582,2
583,2
584,0
585,1
586,2
587,1
588,2
589,2
590,2
591,0
592,1
593,1
594,0
595,2
596,1
597,0
598,1
599,2
600,1
601,1
602,1
603,0
604,1
605,0
606,0
607,2
608,2
609,1
610,0
611,0
612,2
613,2
614,0
615,2
616,1
617,0
618,1
619,2
620,2
621,0
622,1
623,1
624,0
625,1
626,0
627,2
628,1
629,1
630,1
631,1
632,0
633,0
634,1
635,0
636,2
637,1
638,1
639,1
640,2
641,0
642,1
643,0
644,1
645,1
646,2
647,2
648,2
649,1
650,1
651,1
652,1
653,0
654,0
655,0
656,0
657,0
658,2
659,1
660,0
661,2
662,0
663,0
664,1
665,1
666,0
667,1
668,0
669,0
670,1
671,2
672,2
673,2
674,1
675,1
676,0
677,2
678,0
679,2
680,1
681,0
682,2
683,2
684,1
685,0
686,2
687,0
688,0
689,2
690,1
691,1
692,1
693,0
694,1
695,2
696,2
697,0
698,2
699,1
700,1
701,0
702,1
703,1
704,1
705,2
706,1
707,1
708,2
709,0
710,2
711,2
712,0
713,1
714,1
715,0
716,1
717,1
718,1
719,2
720,1
721,1
722,0
723,2
724,1
725,1
726,0
727,0
728,2
729,1
730,0
731,1
732,0
733,0
734,0
735,1
736,2
737,0
738,1
739,0
740,2
741,2
742,2
743,0
744,1
745,2
746,1
747,1
748,1
749,2
750,2
751,0
752,2
753,1
754,0
755,2
756,2
757,2
758,2
759,1
760,2
761,0
762,0
763,1
764,0
765,1
766,1
767,0
768,2
769,0
770,2
771,1
772,1
773,1
774,1
775,1
776,2
777,1
778,1
779,2
780,2
781,2
782,2
783,1
784,2
785,1
786,1
787,1
788,2
789,0
790,1
791,1
792,2
793,2
794,1
795,1
796,1
797,0
798,1
799,0
800,0
801,2
802,2
803,1
804,1
805,1
806,2
807,1
808,1
809,0
810,1
811,1
812,1
813,2
814,2
815,1
816,1
817,1
818,1
819,2
820,0
821,2
822,1
823,1
824,1
825,0
826,2
827,0
828,0
829,0
830,2
831,2
832,0
833,2
834,0
835,1
836,0
837,0
838,2
839,2
840,1
841,2
842,2
843,2
844,1
845,1
846,1
847,1
848,0
849,0
850,1
851,2
852,1
853,2
854,1
855,0
856,2
857,2
858,2
859,0
860,1
861,2
862,2
863,2
864,1
865,0
866,0
867,1
868,2
869,2
870,0
871,0
872,0
873,0
874,2
875,2
876,0
877,2
878,1
879,2
880,0
881,0
882,1
883,1
884,0
885,1
886,1
887,1
888,2
889,1
890,2
891,1
892,1
893,0
894,1
895,0
896,0
897,0
898,0
899,1
900,1
901,0
902,2
903,1
904,0
905,2
906,1
907,1
908,0
909,0
910,2
911,2
912,0
913,0
914,0
915,0
916,2
917,2
918,1
919,0
920,0
921,2
922,1
923,0
924,0
925,1
926,2
927,2
928,0
929,1
930,1
931,1
932,1
933,2
934,2
935,0
936,2
937,1
938,1
939,0
940,0
941,0
942,2
943,0
944,0
945,0
946,2
947,0
948,2
949,0
950,0
951,1
952,1
953,0
954,0
955,1
956,0
957,0
958,0
959,0
960,0
961,2
962,2
963,2
964,2
965,2
966,2
967,0
968,1
969,1
970,1
971,1
972,0
973,1
974,2
975,2
976,1
977,2
978,1
979,2
980,0
981,1
982,1
983,1
984,1
985,2
986,1
987,0
988,0
989,1
990,0
991,1
992,0
993,2
994,1
995,1
996,0
997,2
998,1
999,0
1000,1
1001,1
1002,0
1003,1
1004,0
1005,2
1006,0
1007,1
1008,1
1009,1
1010,1
1011,2
1012,2
1013,1
1014,1
1015,2
1016,0
1017,2
1018,0
1019,1
1020,0
1021,1
1022,1
1023,0
1024,0
1025,2
1026,2
1027,0
1028,0
1029,1
1030,2
1031,1
1032,1
1033,2
1034,1
1035,0
1036,0
1037,1
1038,1
1039,0
1040,2
1041,1
1042,2
1043,1
1044,0
1045,1
1046,0
1047,2
1048,1
1049,1
1050,1
1051,1
1052,2
1053,0
1054,1
1055,0
1056,0
1057,1
1058,1
1059,2
1060,2
1061,1
1062,2
1063,2
1064,1
1065,0
1066,0
1067,1
1068,2
1069,2
1070,1
1071,0
1072,0
1073,1
1074,2
1075,2
1076,0
1077,0
1078,2
1079,0
1080,1
1081,2
1082,1
1083,1
1084,2
1085,0
1086,0
1087,1
1088,1
1089,2
1090,2
1091,0
1092,2
1093,2
1094,0
1095,1
1096,0
1097,1
1098,0
1099,1
1100,0
1101,0
1102,0
1103,1
1104,1
1105,2
1106,0
1107,1
1108,1
1109,1
1110,1
1111,2
1112,0
1113,1
1114,2
1115,1
1116,0
1117,1
1118,0
1119,0
1120,1
1121,2
1122,1
1123,1
1124,2
1125,2
1126,0
1127,2
1128,0
1129,0
1130,0
1131,0
1132,0
1133,0
1134,1
1135,2
1136,0
1137,0
1138,2
1139,1
1140,2
1141,1
1142,1
1143,0
1144,0
1145,0
1146,0
1147,2
1148,0
1149,0
1150,0
1151,1
1152,0
1153,1
1154,1
1155,1
1156,1
1157,2
1158,1
1159,2
1160,0
1161,1
1162,1
1163,0
1164,0
1165,1
1166,2
1167,1
1168,2
1169,1
1170,2
1171,1
1172,0
1173,2
1174,0
1175,0
1176,1
1177,1
1178,1
1179,2
1180,2
1181,2
1182,1
1183,0
1184,1
1185,2
1186,0
1187,0
1188,1
1189,2
1190,1
1191,1
1192,1
1193,1
1194,2
1195,2
1196,2
1197,2
1198,0
1199,2
1200,0
1201,1
1202,1
1203,0
1204,1
1205,2
1206,0
1207,0
1208,1
1209,1
1210,0
1211,2
1212,2
1213,1
1214,0
1215,1
1216,2
1217,0
1218,2
1219,2
1220,1
1221,0
1222,0
1223,0
1224,1
1225,1
1226,1
1227,1
1228,2
1229,0
1230,0
1231,1
1232,1
1233,1
1234,1
1235,0
1236,0
1237,2
1238,0
1239,0
1240,1
1241,2
1242,0
1243,1
1244,0
1245,0
1246,2
1247,1
1248,2
1249,2
1250,1
1251,2
1252,2
1253,2
1254,2
1255,1
1256,1
1257,1
1258,0
1259,2
1260,0
1261,2
1262,2
1263,1
1264,0
1265,0
1266,2
1267,2
1268,2
1269,0
1270,1
1271,0
1272,1
1273,2
1274,2
1275,1
1276,1
1277,0
1278,2
1279,0
1280,2
1281,0
1282,2
1283,1
1284,1
1285,2
1286,1
1287,1
1288,0
1289,1
1290,0
1291,2
1292,2
1293,0
1294,1
1295,0
1296,0
1297,0
1298,1
1299,0
1300,1
1301,0
1302,0
1303,2
1304,2
1305,1
1306,2
1307,2
1308,2
1309,0
1310,0
1311,0
1312,1
1313,1
1314,2
1315,0
1316,2
1317,2
1318,2
1319,2
1320,0
1321,1
1322,1
1323,1
1324,0
1325,1
1326,2
1327,2
1328,2
1329,2
1330,0
1331,0
1332,0
1333,2
1334,1
1335,1
1336,1
1337,1
1338,1
1339,1
1340,2
1341,2
1342,1
1343,0
1344,2
1345,2
1346,1
1347,0
1348,1
1349,0
1350,1
1351,0
1352,0
1353,2
1354,1
1355,2
1356,0
1357,1
1358,0
1359,2
1360,2
1361,0
1362,2
1363,1
1364,0
1365,0
1366,1
1367,0
1368,1
1369,0
1370,0
1371,0
1372,2
1373,1
1374,0
1375,0
1376,0
1377,1
1378,1
1379,1
1380,1
1381,1
1382,1
1383,1
1384,0
1385,1
1386,0
1387,1
1388,1
1389,1
1390,0
1391,1
1392,0
1393,2
1394,1
1395,2
1396,0
1397,2
1398,1
1399,0
1400,2
1401,0
1402,1
1403,1
1404,1
1405,0
1406,1
1407,1
1408,0
1409,0
1410,2
1411,0
1412,1
1413,1
1414,1
1415,0
1416,1
1417,1
1418,2
1419,0
1420,0
1421,2
1422,0
1423,0
1424,1
1425,1
1426,0
1427,2
1428,1
1429,0
1430,0
1431,0
1432,0
1433,0
1434,0
1435,0
1436,1
1437,1
1438,1
1439,1
1440,0
1441,0
1442,0
1443,1
1444,2
1445,0
1446,0
1447,0
1448,0
1449,0
1450,0
1451,0
1452,1
1453,1
1454,1
1455,1
1456,0
1457,1
1458,0
1459,2
1460,1
1461,0
1462,2
1463,2
1464,2
1465,2
1466,2
1467,1
1468,1
1469,2
1470,0
1471,2
1472,2
1473,1
1474,1
1475,0
1476,2
1477,2
1478,1
1479,1
1480,2
1481,2
1482,0
1483,1
1484,0
1485,0
1486,1
1487,0
1488,2
1489,0
1490,2
1491,1
1492,2
1493,1
1494,2
1495,2
1496,1
1497,1
1498,2
1499,1
1500,2
1501,2
1502,2
1503,0
1504,0
1505,2
1506,1
1507,1
1508,2
1509,0
1510,2
1511,2
1512,1
1513,2
1514,1
1515,0
1516,1
1517,1
1518,0
1519,2
1520,1
1521,0
1522,0
1523,2
1524,2
1525,1
1526,0
1527,1
1528,2
1529,2
1530,0
1531,0
1532,0
1533,1
1534,1
1535,1
1536,1
1537,1
1538,2
1539,0
1540,0
1541,0
1542,0
1543,1
1544,1
1545,0
1546,2
1547,2
1548,1
1549,1
1550,1
1551,1
1552,1
1553,0
1554,2
1555,1
1556,1
1557,0
1558,2
1559,0
1560,0
1561,2
1562,1
1563,1
1564,1
1565,1
1566,0
1567,2
1568,0
1569,0
1570,0
1571,2
1572,1
1573,0
1574,1
1575,0
1576,1
1577,1
1578,0
1579,1
1580,1
1581,1
1582,1
1583,1
1584,1
1585,0
1586,1
1587,0
1588,1
1589,2
1590,0
1591,2
1592,0
1593,1
1594,1
1595,0
1596,2
1597,2
1598,1
1599,0
1600,1
1601,0
1602,1
1603,0
1604,1
1605,0
1606,0
1607,0
1608,1
1609,2
1610,0
1611,1
1612,1
1613,0
1614,1
1615,2
1616,1
1617,1
1618,0
1619,2
1620,1
1621,1
1622,1
1623,0
1624,1
1625,2
1626,2
1627,0
1628,1
1629,0
1630,2
1631,1
1632,1
1633,1
1634,0
1635,2
1636,2
1637,1
1638,0
1639,1
1640,2
1641,2
1642,0
1643,0
1644,0
1645,0
1646,0
1647,1
1648,0
1649,1
1650,2
1651,0
1652,2
1653,0
1654,1
1655,1
1656,1
1657,2
1658,0
1659,2
1660,1
1661,2
1662,0
1663,1
1664,2
1665,0
1666,0
1667,2
1668,0
1669,0
1670,0
1671,0
1672,1
1673,1
1674,0
1675,1
1676,0
1677,1
1678,0
1679,1
1680,0
1681,2
1682,1
1683,0
1684,1
1685,1
1686,1
1687,1
1688,1
1689,1
1690,2
1691,2
1692,1
1693,0
1694,2
1695,0
1696,0
1697,1
1698,2
1699,0
1700,0
1701,1
1702,1
1703,0
1704,2
1705,1
1706,1
1707,2
1708,2
1709,1
1710,1
1711,0
1712,2
1713,1
1714,2
1715,2
1716,1
1717,1
1718,0
1719,0
1720,1
1721,0
1722,1
1723,1
1724,0
1725,0
1726,1
1727,2
1728,1
1729,0
1730,0
1731,2
1732,2
1733,1
1734,1
1735,1
1736,0
1737,2
1738,0
1739,1
1740,0
1741,2
1742,0
1743,1
1744,2
1745,2
1746,1
1747,1
1748,2
1749,1
1750,0
1751,1
1752,0
1753,0
1754,0
1755,0
1756,2
1757,0
1758,0
1759,2
1760,2
1761,0
1762,0
1763,1
1764,1
1765,2
1766,1
1767,2
1768,0
1769,2
1770,1
1771,1
1772,1
1773,2
1774,2
1775,2
1776,1
1777,0
1778,1
1779,1
1780,0
1781,1
1782,0
1783,2
1784,0
1785,2
1786,0
1787,0
1788,1
1789,2
1790,2
1791,0
1792,2
1793,1
1794,1
1795,2
1796,2
1797,2
1798,0
1799,1
1800,2
1801,0
1802,1
1803,2
1804,0
1805,2
1806,1
1807,2
1808,0
1809,1
1810,2
1811,1
1812,2
1813,2
1814,0
1815,0
1816,0
1817,1
1818,0
1819,1
1820,0
1821,1
1822,0
1823,0
1824,1
1825,1
1826,0
1827,1
1828,0
1829,0
1830,1
1831,2
1832,0
1833,2
1834,0
1835,0
1836,1
1837,1
1838,2
1839,0
1840,2
1841,1
1842,2
1843,0
1844,0
1845,1
1846,1
1847,2
1848,1
1849,0
1850,0
1851,1
1852,0
1853,0
1854,1
1855,1
1856,1
1857,1
1858,2
1859,1
1860,0
1861,2
1862,2
1863,1
1864,0
1865,1
1866,2
1867,2
1868,1
1869,1
1870,2
1871,1
1872,2
1873,1
1874,2
1875,1
1876,1
1877,0
1878,0
1879,0
1880,0
1881,0
1882,1
1883,2
1884,0
1885,1
1886,2
1887,1
1888,2
1889,0
1890,1
1891,0
1892,0
1893,0
1894,1
1895,0
1896,1
1897,0
1898,0
1899,0
1900,1
1901,1
1902,0
1903,0
1904,0
1905,2
1906,2
1907,1
1908,0
1909,2
1910,2
1911,2
1912,2
1913,2
1914,1
1915,2
1916,2
1917,1
1918,0
1919,2
1920,1
1921,1
1922,0
1923,1
1924,1
1925,0
1926,1
1927,0
1928,1
1929,1
1930,0
1931,1
1932,2
1933,1
1934,1
1935,0
1936,0
1937,1
1938,1
1939,2
1940,0
1941,1
1942,1
1943,0
1944,0
1945,1
1946,1
1947,0
1948,2
1949,1
1950,1
1951,0
1952,0
1953,1
1954,1
1955,2
1956,1
1957,0
1958,1
1959,0
1960,2
1961,2
1962,1
1963,1
1964,0
1965,0
1966,2
1967,2
1968,1
1969,1
1970,1
1971,1
1972,2
1973,1
1974,0
1975,1
1976,0
1977,1
1978,2
1979,1
1980,2
1981,0
1982,2
1983,0
1984,0
1985,0
1986,1
1987,1
1988,1
1989,0
1990,0
1991,2
1992,0
1993,2
1994,2
1995,1
1996,1
1997,0
1998,0
1999,2
2000,1
2001,1
2002,0
2003,0
2004,1
2005,1
2006,1
2007,1
2008,2
2009,1
2010,0
2011,2
2012,1
2013,0
2014,1
2015,1
2016,1
2017,0
2018,0
2019,0
2020,2
2021,2
2022,1
2023,2
2024,0
2025,1
2026,2
2027,2
2028,1
2029,0
2030,0
2031,1
2032,2
2033,2
2034,1
2035,2
2036,0
2037,0
2038,1
2039,1
2040,2
2041,1
2042,1
2043,0
2044,1
2045,0
2046,0
2047,0
2048,0
2049,1
2050,2
2051,0
2052,0
2053,0
2054,0
2055,0
2056,0
2057,2
2058,0
2059,2
2060,1
2061,2
2062,2
2063,0
2064,2
2065,0
2066,1
2067,1
2068,2
2069,1
2070,0
2071,1
2072,1
2073,2
2074,2
2075,2
2076,1
2077,2
2078,2
2079,1
2080,1
2081,0
2082,0
2083,2
2084,0
2085,0
2086,0
2087,0
2088,2
2089,0
2090,2
2091,0
2092,2
2093,0
2094,2
2095,0
2096,0
2097,1
2098,2
2099,1
2100,0
2101,2
2102,1
2103,0
2104,1
2105,1
2106,0
2107,1
2108,0
2109,0
2110,0
2111,0
2112,2
2113,2
2114,0
2115,2
2116,1
2117,1
2118,1
2119,0
2120,0
2121,0
2122,2
2123,1
2124,0
2125,0
2126,2
2127,0
2128,0
2129,0
2130,0
2131,2
2132,1
2133,1
2134,0
2135,0
2136,0
2137,0
2138,0
2139,1
2140,2
2141,1
2142,0
2143,1
2144,1
2145,1
2146,0
2147,1
2148,2
2149,1
2150,1
2151,1
2152,2
2153,1
2154,0
2155,1
2156,1
2157,0
2158,2
2159,2
2160,1
2161,0
2162,2
2163,0
2164,2
2165,2
2166,1
2167,1
2168,0
2169,1
2170,0
2171,0
2172,0
2173,2
2174,0
2175,1
2176,1
2177,2
2178,2
2179,0
2180,0
2181,1
2182,2
2183,0
2184,1
2185,0
2186,1
2187,1
2188,2
2189,1
2190,0
2191,2
2192,2
2193,0
2194,0
2195,1
2196,1
2197,2
2198,0
2199,1
2200,1
2201,1
2202,1
2203,1
2204,0
2205,1
2206,1
2207,1
2208,0
2209,2
2210,0
2211,0
2212,2
2213,1
2214,0
2215,0
2216,0
2217,1
2218,2
2219,1
2220,1
2221,0
2222,1
2223,2
2224,2
2225,0
2226,1
2227,1
2228,1
2229,1
2230,0
2231,2
2232,1
2233,0
2234,1
2235,1
2236,1
2237,1
2238,1
2239,1
2240,0
2241,1
2242,2
2243,0
2244,2
2245,1
2246,1
2247,0
2248,2
2249,0
2250,2
2251,2
2252,1
2253,1
2254,1
2255,0
2256,1
2257,0
2258,0
2259,2
2260,1
2261,1
2262,0
2263,0
2264,1
2265,0
2266,0
2267,1
2268,1
2269,2
2270,0
2271,0
2272,1
2273,2
2274,1
2275,1
2276,1
2277,1
2278,2
2279,0
2280,1
2281,2
2282,1
2283,1
2284,2
2285,2
2286,2
2287,0
2288,2
2289,0
2290,2
2291,1
2292,2
2293,0
2294,1
2295,0
2296,0
2297,1
2298,2
2299,0
2300,1
2301,2
2302,1
2303,1
2304,0
2305,0
2306,1
2307,1
2308,0
2309,1
2310,0
2311,1
2312,1
2313,1
2314,1
2315,2
2316,2
2317,0
2318,2
2319,0
2320,0
2321,0
2322,1
2323,1
2324,0
2325,1
2326,1
2327,1
2328,1
2329,0
2330,1
2331,0
2332,2
2333,1
2334,0
2335,0
2336,1
2337,2
2338,0
2339,0
2340,1
2341,0
2342,2
2343,1
2344,0
2345,1
2346,0
2347,2
2348,0
2349,0
2350,1
2351,0
2352,1
2353,2
2354,0
2355,2
2356,0
2357,1
2358,0
2359,2
2360,0
2361,1
2362,0
2363,1
2364,0
2365,0
2366,1
2367,2
2368,1
2369,2
2370,1
2371,1
2372,1
2373,0
2374,1
2375,0
2376,1
2377,2
2378,0
2379,0
2380,1
2381,1
2382,0
2383,1
2384,2
2385,1
2386,0
2387,0
2388,0
2389,1
2390,0
2391,2
2392,0
2393,0
2394,2
2395,0
2396,0
2397,0
2398,2
2399,2
2400,1
2401,1
2402,1
2403,2
2404,1
2405,2
2406,1
2407,2
2408,1
2409,1
2410,0
2411,0
2412,1
2413,1
2414,2
2415,1
2416,2
2417,1
2418,0
2419,2
2420,2
2421,1
2422,0
2423,0
2424,0
2425,2
2426,0
2427,0
2428,1
2429,2
2430,2
2431,1
2432,2
2433,1
2434,2
2435,0
2436,0
2437,1
2438,2
2439,2
2440,0
2441,1
2442,2
2443,1
2444,1
2445,1
2446,0
2447,1
2448,0
2449,1
2450,1
2451,0
2452,0
2453,0
2454,1
2455,0
2456,1
2457,1
2458,1
2459,1
2460,1
2461,1
2462,1
2463,1
2464,2
2465,2
2466,2
2467,1
2468,2
2469,2
2470,0
2471,0
2472,1
2473,2
2474,1
2475,1
2476,0
2477,2
2478,0
2479,1
2480,0
2481,2
2482,2
2483,0
2484,2
2485,0
2486,2
2487,0
2488,0
2489,1
2490,2
2491,2
2492,1
2493,2
2494,1
2495,0
2496,0
2497,2
2498,1
2499,1
2500,0
2501,2
2502,1
2503,2
2504,0
2505,0
2506,2
2507,1
2508,1
2509,2
2510,1
2511,1
2512,0
2513,2
2514,1
2515,0
2516,2
2517,0
2518,0
2519,1
2520,0
2521,1
2522,1
2523,1
2524,0
2525,0
2526,1
2527,2
2528,0
2529,0
2530,0
2531,1
2532,0
2533,2
2534,2
2535,2
2536,2
2537,2
2538,1
2539,0
2540,0
2541,0
2542,2
2543,1
2544,1
2545,0
2546,0
2547,1
2548,1
2549,2
2550,2
2551,2
2552,1
2553,1
2554,2
2555,1
2556,1
2557,2
2558,1
2559,1
2560,1
2561,1
2562,2
2563,0
2564,0
2565,0
2566,1
2567,1
2568,0
2569,1
2570,1
2571,1
2572,0
2573,1
2574,1
2575,2
2576,1
2577,0
2578,2
2579,0
2580,2
2581,2
2582,2
2583,2
2584,0
2585,1
2586,1
2587,1
2588,1
2589,0
2590,1
2591,2
2592,2
2593,1
2594,0
2595,1
2596,1
2597,1
2598,0
2599,2
2600,1
2601,0
2602,1
2603,1
2604,1
2605,2
2606,0
2607,1
2608,1
2609,1
2610,0
2611,2
2612,1
2613,1
2614,0
2615,1
2616,0
2617,0
2618,0
2619,0
2620,0
2621,1
2622,1
2623,0
2624,0
2625,1
2626,1
2627,1
2628,2
2629,2
2630,1
2631,1
2632,1
2633,0
2634,2
2635,2
2636,0
2637,2
2638,0
2639,0
2640,1
2641,0
2642,0
2643,2
2644,0
2645,1
2646,0
2647,2
2648,1
2649,0
2650,0
2651,1
2652,1
2653,1
2654,0
2655,1
2656,0
2657,2
2658,1
2659,0
2660,0
2661,1
2662,0
2663,2
2664,0
2665,1
2666,0
2667,2
2668,0
2669,1
2670,0
2671,1
2672,2
2673,2
2674,1
2675,1
2676,1
2677,0
2678,0
2679,2
2680,2
2681,0
2682,1
2683,1
2684,0
2685,0
2686,0
2687,1
2688,0
2689,2
2690,2
2691,1
2692,1
2693,1
2694,0
2695,0
2696,0
2697,1
2698,0
2699,0
2700,0
2701,1
2702,1
2703,0
2704,1
2705,0
2706,1
2707,2
2708,2
2709,2
2710,1
2711,0
2712,2
2713,2
2714,0
2715,1
2716,1
2717,0
2718,1
2719,2
2720,0
2721,2
2722,1
2723,2
2724,1
2725,1
2726,1
2727,0
2728,2
2729,2
2730,0
2731,0
2732,0
2733,1
2734,0
2735,0
2736,1
2737,0
2738,1
2739,1
2740,2
2741,2
2742,1
2743,0
2744,2
2745,1
2746,0
2747,2
2748,1
2749,0
2750,0
2751,1
2752,2
2753,2
2754,0
2755,0
2756,2
2757,1
2758,2
2759,0
2760,2
2761,0
2762,2
2763,1
2764,1
2765,0
2766,2
2767,0
2768,2
2769,0
2770,0
2771,1
2772,2
2773,1
2774,0
2775,2
2776,0
2777,1
2778,2
2779,1
2780,1
2781,1
2782,2
2783,0
2784,1
2785,0
2786,1
2787,0
2788,1
2789,0
2790,1
2791,2
2792,0
2793,1
2794,2
2795,0
2796,2
2797,1
2798,0
2799,2
2800,2
2801,0
2802,2
2803,2
2804,0
2805,0
2806,1
2807,2
2808,2
2809,0
2810,1
2811,2
2812,1
2813,2
2814,2
2815,2
2816,2
2817,1
2818,1
2819,2
2820,0
2821,2
2822,0
2823,2
2824,0
2825,2
2826,1
2827,2
2828,0
2829,2
2830,1
2831,1
2832,1
2833,0
2834,0
2835,2
2836,0
2837,0
2838,1
2839,1
2840,1
2841,0
2842,2
2843,1
2844,1
2845,0
2846,2
2847,0
2848,0
2849,0
2850,1
2851,0
2852,0
2853,2
2854,1
2855,1
2856,2
2857,1
2858,0
2859,1
2860,2
2861,0
2862,2
2863,1
2864,1
2865,0
2866,0
2867,0
2868,1
2869,0
2870,0
2871,1
2872,2
2873,0
2874,1
2875,2
2876,2
2877,1
2878,1
2879,2
2880,1
2881,1
2882,2
2883,1
2884,1
2885,1
2886,2
2887,2
2888,0
2889,1
2890,2
2891,1
2892,2
2893,2
2894,1
2895,2
2896,1
2897,0
2898,1
2899,0
2900,0
2901,2
2902,1
2903,2
2904,1
2905,0
2906,2
2907,0
2908,0
2909,1
2910,1
2911,1
2912,1
2913,0
2914,2
2915,2
2916,0
2917,1
2918,2
2919,0
2920,2
2921,0
2922,2
2923,1
2924,0
2925,0
2926,0
2927,0
2928,0
2929,0
2930,0
2931,0
2932,1
2933,2
2934,1
2935,0
2936,2
2937,1
2938,0
2939,0
2940,2
2941,2
2942,0
2943,0
2944,1
2945,2
2946,0
2947,0
2948,0
2949,1
2950,1
2951,2
2952,1
2953,2
2954,1
2955,0
2956,0
2957,1
2958,2
2959,1
2960,0
2961,2
2962,0
2963,1
2964,2
2965,1
2966,1
2967,2
2968,2
2969,0
2970,2
2971,1
2972,2
2973,1
2974,0
2975,1
2976,0
2977,0
2978,1
2979,0
2980,0
2981,0
2982,0
2983,0
2984,0
2985,2
2986,2
2987,2
2988,2
2989,2
2990,0
2991,2
2992,0
2993,1
2994,2
2995,1
2996,2
2997,1
2998,1
2999,0
3000,0
3001,1
3002,1
3003,1
3004,1
3005,0
3006,1
3007,0
3008,0
3009,2
3010,0
3011,1
3012,2
3013,1
3014,1
3015,2
3016,2
3017,0
3018,2
3019,0
3020,1
3021,2
3022,0
3023,1
3024,1
3025,0
3026,1
3027,0
3028,1
3029,2
3030,0
3031,1
3032,1
3033,2
3034,2
3035,0
3036,2
3037,0
3038,0
3039,1
3040,0
3041,0
3042,1
3043,2
3044,1
3045,2
3046,1
3047,1
3048,1
3049,2
3050,0
3051,2
3052,0
3053,1
3054,1
3055,1
3056,2
3057,0
3058,1
3059,0
3060,0
3061,2
3062,1
3063,2
3064,2
3065,2
3066,2
3067,0
3068,0
3069,2
3070,0
3071,0
3072,2
3073,2
3074,2
3075,1
3076,1
3077,1
3078,2
3079,0
3080,1
3081,2
3082,1
3083,0
3084,1
3085,1
3086,1
3087,0
3088,2
3089,1
3090,0
3091,0
3092,0
3093,1
3094,0
3095,0
3096,2
3097,1
3098,0
3099,2
3100,2
3101,0
3102,0
3103,0
3104,1
3105,2
3106,1
3107,0
3108,1
3109,1
3110,1
3111,1
3112,0
3113,0
3114,0
3115,0
3116,1
3117,0
3118,2
3119,1
3120,0
3121,1
3122,0
3123,2
3124,2
3125,0
3126,1
3127,1
3128,0
3129,1
3130,0
3131,1
3132,0
3133,1
3134,2
3135,2
3136,0
3137,0
3138,1
3139,1
3140,1
3141,0
3142,1
3143,1
3144,0
3145,0
3146,1
3147,2
3148,1
3149,0
3150,2
3151,2
3152,0
3153,2
3154,1
3155,2
3156,1
3157,1
3158,0
3159,2
3160,0
3161,0
3162,0
3163,0
3164,2
3165,2
3166,1
3167,1
3168,2
3169,1
3170,0
3171,2
3172,1
3173,1
3174,1
3175,2
3176,2
3177,2
3178,1
3179,2
3180,0
3181,1
3182,1
3183,1
3184,1
3185,1
3186,0
3187,1
3188,1
3189,0
3190,2
3191,0
3192,1
3193,1
3194,1
3195,1
3196,0
3197,2
3198,1
3199,2
3200,0
3201,1
3202,2
3203,2
3204,1
3205,1
3206,0
3207,0
3208,2
3209,0
3210,0
3211,1
3212,0
3213,1
3214,2
3215,1
3216,2
3217,2
3218,0
3219,1
3220,0
3221,1
3222,0
3223,0
3224,1
3225,0
3226,1
3227,0
3228,1
3229,2
3230,1
3231,1
3232,2
3233,0
3234,0
3235,2
3236,0
3237,1
3238,1
3239,1
3240,1
3241,0
3242,2
3243,2
3244,1
3245,0
3246,0
3247,2
3248,0
3249,2
3250,1
3251,1
3252,0
3253,2
3254,0
3255,0
3256,0
3257,1
3258,0
3259,0
3260,1
3261,2
3262,1
3263,1
3264,0
3265,0
3266,0
3267,2
3268,0
3269,2
3270,1
3271,1
3272,2
3273,2
3274,0
3275,0
3276,2
3277,1
3278,2
3279,1
3280,1
3281,0
3282,0
3283,1
3284,0
3285,1
3286,0
3287,0
3288,2
3289,2
3290,1
3291,1
3292,1
3293,1
3294,2
3295,0
3296,2
3297,1
3298,0
3299,1
3300,2
3301,1
3302,2
3303,0
3304,2
3305,2
3306,2
3307,0
3308,1
3309,2
3310,1
3311,2
3312,1
3313,0
3314,0
3315,1
3316,1
3317,1
3318,2
3319,2
3320,1
3321,2
3322,2
3323,0
3324,1
3325,0
3326,2
3327,1
3328,1
3329,1
3330,0
3331,0
3332,1
3333,1
3334,0
3335,1
3336,1
3337,1
3338,0
3339,1
3340,2
3341,1
3342,0
3343,1
3344,1
3345,1
3346,1
3347,1
3348,2
3349,2
3350,0
3351,0
3352,2
3353,0
3354,1
3355,2
3356,0
3357,1
3358,1
3359,0
3360,2
3361,1
3362,1
3363,0
3364,1
3365,0
3366,1
3367,2
3368,2
3369,1
3370,1
3371,1
3372,0
3373,2
3374,1
3375,1
3376,2
3377,0
3378,1
3379,1
3380,0
3381,2
3382,0
3383,1
3384,1
3385,0
3386,2
3387,1
3388,0
3389,0
3390,1
3391,0
3392,2
3393,0
3394,1
3395,0
3396,0
3397,1
3398,1
3399,1
3400,1
3401,0
3402,0
3403,0
3404,0
3405,2
3406,0
3407,2
3408,2
3409,0
3410,0
3411,0
3412,0
3413,2
3414,2
3415,1
3416,0
3417,1
3418,1
3419,1
3420,2
3421,0
3422,2
3423,0
3424,2
3425,0
3426,2
3427,2
3428,1
3429,1
3430,1
3431,2
3432,0
3433,1
3434,0
3435,0
3436,1
3437,0
3438,1
3439,0
3440,0
3441,2
3442,2
3443,1
3444,2
3445,2
3446,0
3447,0
3448,1
3449,0
3450,0
3451,0
3452,1
3453,2
3454,0
3455,2
3456,0
3457,1
3458,2
3459,1
3460,0
3461,1
3462,2
3463,0
3464,0
3465,2
3466,1
3467,2
3468,1
3469,0
3470,0
3471,2
3472,1
3473,0
3474,1
3475,2
3476,0
3477,2
3478,0
3479,1
3480,2
3481,1
3482,0
3483,1
3484,2
3485,2
3486,1
3487,0
3488,2
3489,2
3490,0
3491,2
3492,1
3493,1
3494,2
3495,1
3496,2
3497,2
3498,2
3499,0
3500,0
3501,0
3502,2
3503,0
3504,0
3505,1
3506,2
3507,0
3508,2
3509,2
3510,0
3511,0
3512,0
3513,1
3514,0
3515,0
3516,0
3517,0
3518,0
3519,1
3520,1
3521,1
3522,1
3523,1
3524,0
3525,0
3526,1
3527,1
3528,0
3529,0
3530,2
3531,0
3532,1
3533,0
3534,1
3535,0
3536,1
3537,2
3538,1
3539,2
3540,0
3541,2
3542,0
3543,1
3544,2
3545,2
3546,1
3547,0
3548,2
3549,1
3550,0
3551,2
3552,2
3553,1
3554,0
3555,1
3556,1
3557,0
3558,1
3559,0
3560,2
3561,2
3562,2
3563,1
3564,1
3565,1
3566,2
3567,0
3568,0
3569,0
3570,1
3571,0
3572,2
3573,0
3574,0
3575,0
3576,1
3577,1
3578,2
3579,1
3580,0
3581,0
3582,2
3583,1
3584,1
3585,0
3586,0
3587,2
3588,1
3589,0
3590,0
3591,2
3592,1
3593,2
3594,1
3595,2
3596,1
3597,1
3598,1
3599,2
3600,0
3601,0
3602,0
3603,2
3604,0
3605,1
3606,0
3607,0
3608,0
3609,1
3610,0
3611,1
3612,2
3613,0
3614,2
3615,2
3616,2
3617,1
3618,0
3619,0
3620,0
3621,2
3622,1
3623,0
3624,1
3625,2
3626,1
3627,2
3628,0
3629,0
3630,1
3631,2
3632,2
3633,1
3634,1
3635,1
3636,1
3637,1
3638,2
3639,2
3640,2
3641,2
3642,1
3643,2
3644,0
3645,1
3646,0
3647,1
3648,1
3649,1
3650,2
3651,0
3652,0
3653,0
3654,0
3655,2
3656,1
3657,1
3658,0
3659,1
3660,1
3661,2
3662,2
3663,1
3664,2
3665,2
3666,1
3667,1
3668,2
3669,2
3670,0
3671,0
3672,1
3673,1
3674,2
3675,0
3676,2
3677,2
3678,2
3679,1
3680,1
3681,1
3682,1
3683,2
3684,0
3685,1
3686,2
3687,2
3688,0
3689,0
3690,0
3691,0
3692,1
3693,2
3694,1
3695,2
3696,2
3697,1
3698,0
3699,1
3700,2
3701,2
3702,0
3703,0
3704,2
3705,1
3706,0
3707,1
3708,0
3709,1
3710,1
3711,2
3712,2
3713,1
3714,0
3715,2
3716,0
3717,0
3718,1
3719,1
3720,0
3721,1
3722,1
3723,1
3724,1
3725,2
3726,0
3727,1
3728,1
3729,0
3730,1
3731,0
3732,2
3733,2
3734,0
3735,0
3736,2
3737,2
3738,2
3739,2
3740,1
3741,1
3742,0
3743,2
3744,0
3745,2
3746,1
3747,1
3748,1
3749,1
3750,0
3751,1
3752,1
3753,2
3754,0
3755,0
3756,2
3757,0
3758,1
3759,2
3760,2
3761,2
3762,0
3763,0
3764,1
3765,2
3766,2
3767,2
3768,0
3769,2
3770,0
3771,0
3772,1
3773,0
3774,1
3775,2
3776,0
3777,0
3778,2
3779,2
3780,0
3781,0
3782,0
3783,1
3784,1
3785,1
3786,1
3787,2
3788,1
3789,1
3790,2
3791,2
3792,0
3793,2
3794,0
3795,2
3796,1
3797,0
3798,0
3799,2
3800,1
3801,0
3802,0
3803,1
3804,1
3805,0
3806,0
3807,0
3808,0
3809,0
3810,0
3811,2
3812,0
3813,0
3814,1
3815,1
3816,2
3817,0
3818,0
3819,0
3820,1
3821,0
3822,1
3823,1
3824,2
3825,1
3826,1
3827,1
3828,0
3829,1
3830,1
3831,1
3832,0
3833,2
3834,1
3835,1
3836,0
3837,1
3838,2
3839,1
3840,1
3841,0
3842,2
3843,2
3844,0
3845,1
3846,0
3847,2
3848,0
3849,0
3850,0
3851,2
3852,1
3853,2
3854,1
3855,1
3856,2
3857,1
3858,1
3859,2
3860,0
3861,2
3862,1
3863,2
3864,0
3865,1
3866,2
3867,2
3868,1
3869,0
3870,0
3871,0
3872,1
3873,1
3874,0
3875,0
3876,0
3877,1
3878,2
3879,1
3880,0
3881,0
3882,2
3883,1
3884,0
3885,1
3886,2
3887,2
3888,1
3889,1
3890,1
3891,1
3892,1
3893,0
3894,2
3895,2
3896,1
3897,1
3898,2
3899,0
3900,2
3901,0
3902,1
3903,1
3904,1
3905,1
3906,1
3907,1
3908,1
3909,1
3910,2
3911,0
3912,2
3913,1
3914,2
3915,1
3916,1
3917,1
3918,0
3919,0
3920,1
3921,1
3922,1
3923,0
3924,0
3925,1
3926,0
3927,1
3928,0
3929,0
3930,2
3931,1
3932,1
3933,2
3934,0
3935,1
3936,1
3937,2
3938,1
3939,2
3940,1
3941,1
3942,1
3943,1
3944,1
3945,0
3946,2
3947,0
3948,1
3949,2
3950,2
3951,1
3952,0
3953,0
3954,1
3955,2
3956,1
3957,0
3958,2
3959,1
3960,0
3961,2
3962,2
3963,1
3964,0
3965,2
3966,1
3967,0
3968,0
3969,2
3970,1
3971,2
3972,1
3973,2
3974,0
3975,0
3976,1
3977,0
3978,2
3979,0
3980,0
3981,1
3982,0
3983,0
3984,1
3985,1
3986,2
3987,1
3988,0
3989,0
3990,2
3991,1
3992,2
3993,1
3994,1
3995,0
3996,1
3997,1
3998,2
3999,0
4000,2
4001,2
4002,0
4003,2
4004,2
4005,2
4006,0
4007,1
4008,1
4009,1
4010,2
4011,0
4012,2
4013,2
4014,1
4015,1
4016,0
4017,1
4018,0
4019,2
4020,2
4021,2
4022,0
4023,1
4024,2
4025,0
4026,1
4027,0
4028,2
4029,0
4030,1
4031,1
4032,2
4033,0
4034,2
4035,0
4036,1
4037,0
4038,2
4039,1
4040,2
4041,2
4042,1
4043,2
4044,1
4045,0
4046,0
4047,0
4048,2
4049,1
4050,2
4051,0
4052,0
4053,1
4054,2
4055,2
4056,0
4057,1
4058,2
4059,1
4060,2
4061,1
4062,2
4063,0
4064,1
4065,0
4066,0
4067,1
4068,1
4069,1
4070,2
4071,0
4072,0
4073,2
4074,1
4075,1
4076,2
4077,1
4078,0
4079,2
4080,0
4081,0
4082,1
4083,0
4084,1
4085,0
4086,0
4087,0
4088,2
4089,1
4090,0
4091,0
4092,2
4093,1
4094,1
4095,1
4096,1
4097,1
4098,0
4099,0
4100,0
4101,1
4102,0
4103,2
4104,1
4105,1
4106,1
4107,0
4108,0
4109,1
4110,0
4111,1
4112,1
4113,1
4114,1
4115,0
4116,0
4117,1
4118,0
4119,0
4120,0
4121,2
4122,1
4123,0
4124,2
4125,0
4126,1
4127,1
4128,0
4129,1
4130,1
4131,0
4132,2
4133,1
4134,0
4135,1
4136,2
4137,2
4138,0
4139,2
4140,1
4141,2
4142,0
4143,1
4144,0
4145,1
4146,2
4147,1
4148,0
4149,0
4150,2
4151,2
4152,0
4153,0
4154,1
4155,1
4156,0
4157,1
4158,1
4159,2
4160,1
4161,2
4162,1
4163,2
4164,0
4165,2
4166,0
4167,0
4168,1
4169,0
4170,1
4171,0
4172,2
4173,2
4174,0
4175,0
4176,1
4177,0
4178,1
4179,2
4180,0
4181,0
4182,1
4183,1
4184,1
4185,1
4186,2
4187,1
4188,1
4189,0
4190,1
4191,1
4192,1
4193,0
4194,0
4195,1
4196,1
4197,1
4198,2
4199,1
4200,0
4201,1
4202,1
4203,1
4204,1
4205,0
4206,1
4207,1
4208,2
4209,2
4210,2
4211,1
4212,1
4213,0
4214,0
4215,0
4216,0
4217,0
4218,0
4219,1
4220,2
4221,2
4222,2
4223,1
4224,0
4225,0
4226,2
4227,0
4228,0
4229,2
4230,2
4231,1
4232,2
4233,1
4234,0
4235,1
4236,0
4237,1
4238,0
4239,2
4240,1
4241,1
4242,2
4243,2
4244,0
4245,1
4246,1
4247,1
4248,1
4249,0
4250,2
4251,0
4252,2
4253,0
4254,0
4255,0
4256,2
4257,2
4258,0
4259,1
4260,1
4261,0
4262,0
4263,0
4264,1
4265,0
4266,1
4267,2
4268,0
4269,1
4270,2
4271,0
4272,2
4273,1
4274,1
4275,0
4276,0
4277,0
4278,1
4279,0
4280,0
4281,2
4282,2
4283,2
4284,1
4285,2
4286,2
4287,1
4288,2
4289,0
4290,0
4291,1
4292,2
4293,2
4294,2
4295,1
4296,1
4297,2
4298,1
4299,1
4300,0
4301,2
4302,1
4303,1
4304,0
4305,0
4306,2
4307,2
4308,0
4309,0
4310,1
4311,2
4312,0
4313,0
4314,0
4315,0
4316,0
4317,2
4318,1
4319,2
4320,1
4321,2
4322,2
4323,1
4324,1
4325,2
4326,0
4327,0
4328,2
4329,1
4330,2
4331,0
4332,2
4333,0
4334,1
4335,1
4336,0
4337,2
4338,0
4339,0
4340,0
4341,1
4342,1
4343,2
4344,1
4345,0
4346,1
4347,2
4348,0
4349,0
4350,2
4351,1
4352,2
4353,0
4354,1
4355,1
4356,1
4357,0
4358,1
4359,1
4360,0
4361,1
4362,0
4363,0
4364,0
4365,1
4366,2
4367,1
4368,2
4369,2
4370,0
4371,2
4372,2
4373,0
4374,2
4375,0
4376,2
4377,2
4378,2
4379,1
4380,0
4381,0
4382,2
4383,0
4384,2
4385,1
4386,1
4387,2
4388,1
4389,2
4390,0
4391,0
4392,1
4393,1
4394,0
4395,0
4396,0
4397,0
4398,1
4399,1
4400,0
4401,2
4402,1
4403,1
4404,2
4405,0
4406,1
4407,2
4408,0
4409,0
4410,1
4411,1
4412,0
4413,0
4414,0
4415,2
4416,2
4417,0
4418,0
4419,1
4420,1
4421,1
4422,2
4423,0
4424,1
4425,1
4426,1
4427,1
4428,0
4429,1
4430,0
4431,0
4432,0
4433,1
4434,0
4435,1
4436,1
4437,0
4438,0
4439,2
4440,1
4441,0
4442,1
4443,0
4444,2
4445,1
4446,2
4447,1
4448,1
4449,0
4450,1
4451,1
4452,2
4453,2
4454,0
4455,2
4456,0
4457,0
4458,1
4459,0
4460,1
4461,1
4462,2
4463,2
4464,1
4465,1
4466,0
4467,0
4468,2
4469,1
4470,0
4471,2
4472,0
4473,1
4474,0
4475,1
4476,1
4477,0
4478,0
4479,0
4480,1
4481,0
4482,1
4483,2
4484,0
4485,2
4486,2
4487,2
4488,0
4489,0
4490,2
4491,2
4492,2
4493,1
4494,2
4495,1
4496,2
4497,0
4498,1
4499,1
4500,1
4501,0
4502,1
4503,0
4504,2
4505,2
4506,1
4507,2
4508,0
4509,0
4510,2
4511,0
4512,0
4513,2
4514,2
4515,0
4516,0
4517,0
4518,0
4519,1
4520,1
4521,1
4522,0
4523,1
4524,0
4525,0
4526,2
4527,2
4528,1
4529,2
4530,0
4531,0
4532,0
4533,0
4534,0
4535,2
4536,0
4537,1
4538,2
4539,1
4540,1
4541,2
4542,1
4543,0
4544,0
4545,0
4546,1
4547,2
4548,2
4549,1
4550,0
4551,0
4552,1
4553,0
4554,0
4555,2
4556,1
4557,1
4558,2
4559,2
4560,1
4561,0
4562,1
4563,2
4564,1
4565,2
4566,0
4567,0
4568,2
4569,0
4570,0
4571,0
4572,1
4573,2
4574,2
4575,1
4576,1
4577,1
4578,2
4579,1
4580,2
4581,1
4582,2
4583,0
4584,1
4585,0
4586,1
4587,2
4588,1
4589,0
4590,1
4591,0
4592,2
4593,0
4594,0
4595,0
4596,1
4597,1
4598,1
4599,0
4600,0
4601,0
4602,2
4603,0
4604,1
4605,0
4606,0
4607,0
4608,0
4609,2
4610,0
4611,2
4612,1
4613,1
4614,1
4615,0
4616,2
4617,1
4618,0
4619,1
4620,1
4621,0
4622,1
4623,1
4624,0
4625,1
4626,0
4627,2
4628,1
4629,2
4630,1
4631,1
4632,2
4633,2
4634,1
4635,0
4636,0
4637,1
4638,1
4639,1
4640,0
4641,0
4642,0
4643,1
4644,1
4645,2
4646,1
4647,0
4648,0
4649,0
4650,1
4651,1
4652,0
4653,1
4654,1
4655,1
4656,0
4657,0
4658,1
4659,0
4660,2
4661,0
4662,0
4663,0
4664,0
4665,1
4666,1
4667,0
4668,1
4669,2
4670,1
4671,0
4672,1
4673,1
4674,2
4675,0
4676,1
4677,2
4678,0
4679,1
4680,2
4681,0
4682,2
4683,2
4684,1
4685,1
4686,1
4687,1
4688,0
4689,1
4690,2
4691,2
4692,2
4693,2
4694,1
4695,2
4696,2
4697,1
4698,1
4699,2
4700,1
4701,2
4702,2
4703,2
4704,1
4705,1
4706,0
4707,1
4708,1
4709,0
4710,0
4711,1
4712,2
4713,0
4714,1
4715,2
4716,2
4717,2
4718,1
4719,2
4720,1
4721,1
4722,2
4723,1
4724,1
4725,2
4726,0
4727,2
4728,2
4729,1
4730,1
4731,1
4732,1
4733,0
4734,1
4735,2
4736,1
4737,2
4738,2
4739,1
4740,2
4741,2
4742,1
4743,2
4744,1
4745,0
4746,1
4747,0
4748,1
4749,1
4750,2
4751,2
4752,1
4753,1
4754,1
4755,0
4756,2
4757,0
4758,2
4759,1
4760,2
4761,1
4762,0
4763,0
4764,1
4765,1
4766,0
4767,2
4768,0
4769,0
4770,2
4771,0
4772,2
4773,1
4774,1
4775,0
4776,1
4777,0
4778,2
4779,2
4780,1
4781,2
4782,1
4783,1
4784,1
4785,2
4786,1
4787,2
4788,0
4789,2
4790,1
4791,0
4792,1
4793,0
4794,0
4795,0
4796,2
4797,2
4798,0
4799,0
4800,1
4801,2
4802,0
4803,1
4804,2
4805,2
4806,1
4807,2
4808,0
4809,0
4810,0
4811,0
4812,1
4813,1
4814,2
4815,0
4816,0
4817,2
4818,1
4819,2
4820,0
4821,0
4822,1
4823,0
4824,1
4825,2
4826,0
4827,2
4828,2
4829,0
4830,1
4831,0
4832,0
4833,2
4834,2
4835,1
4836,0
4837,1
4838,2
4839,1
4840,0
4841,0
4842,0
4843,0
4844,0
4845,2
4846,2
4847,2
4848,1
4849,0
4850,0
4851,1
4852,2
4853,2
4854,1
4855,1
4856,2
4857,0
4858,2
4859,2
4860,2
4861,1
4862,1
4863,1
4864,1
4865,2
4866,2
4867,0
4868,0
4869,1
4870,1
4871,2
4872,0
4873,2
4874,1
4875,1
4876,1
4877,0
4878,2
4879,1
4880,1
4881,1
4882,1
4883,1
4884,1
4885,0
4886,0
4887,2
4888,0
4889,2
4890,1
4891,1
4892,1
4893,1
4894,0
4895,0
4896,2
4897,1
4898,0
4899,1
4900,1
4901,1
4902,1
4903,0
4904,0
4905,2
4906,0
4907,1
4908,2
4909,1
4910,1
4911,1
4912,0
4913,1
4914,2
4915,0
4916,0
4917,0
4918,0
4919,1
4920,2
4921,1
4922,2
4923,2
4924,1
4925,1
4926,0
4927,1
4928,0
4929,1
4930,2
4931,1
4932,1
4933,1
4934,1
4935,1
4936,1
4937,0
4938,0
4939,0
4940,1
4941,0
4942,2
4943,2
4944,0
4945,1
4946,0
4947,0
4948,1
4949,1
4950,0
4951,1
4952,2
4953,0
4954,1
4955,2
4956,0
4957,0
4958,2
4959,0
4960,2
4961,2
4962,1
4963,2
4964,0
4965,0
4966,0
4967,2
4968,1
4969,1
4970,1
4971,2
4972,1
4973,0
4974,0
4975,2
4976,1
4977,0
4978,0
4979,2
4980,1
4981,0
4982,0
4983,1
4984,0
4985,1
4986,0
4987,2
4988,2
4989,1
4990,1
4991,1
4992,1
4993,1
4994,1
4995,0
4996,0
4997,2
4998,0
4999,0
5000,0
5001,0
5002,1
5003,0
5004,1
5005,1
5006,1
5007,0
5008,0
5009,1
5010,0
5011,0
5012,0
5013,1
5014,0
5015,2
5016,1
5017,2
5018,1
5019,1
5020,1
5021,1
5022,2
5023,2
5024,0
5025,2
5026,1
5027,0
5028,1
5029,1
5030,0
5031,0
5032,0
5033,1
5034,2
5035,2
5036,0
5037,0
5038,1
5039,1
5040,0
5041,2
5042,1
5043,1
5044,0
5045,2
5046,1
5047,1
5048,1
5049,0
5050,0
5051,2
5052,0
5053,0
5054,2
5055,0
5056,2
5057,1
5058,1
5059,0
5060,0
5061,0
5062,0
5063,2
5064,2
5065,0
5066,1
5067,0
5068,1
5069,1
5070,1
5071,1
5072,0
5073,0
5074,2
5075,0
5076,2
5077,1
5078,0
5079,1
5080,0
5081,1
5082,2
5083,2
5084,0
5085,2
5086,1
5087,0
5088,2
5089,0
5090,1
5091,0
5092,1
5093,1
5094,0
5095,2
5096,2
5097,1
5098,1
5099,1
5100,1
5101,0
5102,1
5103,0
5104,0
5105,0
5106,1
5107,0
5108,2
5109,0
5110,2
5111,1
5112,0
5113,2
5114,2
5115,2
5116,2
5117,1
5118,2
5119,1
5120,0
5121,0
5122,1
5123,1
5124,0
5125,1
5126,1
5127,1
5128,2
5129,1
5130,0
5131,1
5132,1
5133,2
5134,1
5135,0
5136,1
5137,2
5138,2
5139,1
5140,1
5141,0
5142,0
5143,1
5144,1
5145,0
5146,0
5147,1
5148,1
5149,2
5150,1
5151,1
5152,1
5153,1
5154,0
5155,0
5156,0
5157,0
5158,2
5159,0
5160,1
5161,1
5162,0
5163,0
5164,1
5165,2
5166,1
5167,2
5168,0
5169,0
5170,0
5171,1
5172,2
5173,1
5174,1
5175,1
5176,0
5177,1
5178,0
5179,0
5180,2
5181,2
5182,0
5183,0
5184,2
5185,2
5186,2
5187,2
5188,1
5189,0
5190,2
5191,1
5192,1
5193,1
5194,2
5195,0
5196,1
5197,1
5198,1
5199,2
5200,0
5201,1
5202,1
5203,1
5204,1
5205,1
5206,1
5207,1
5208,0
5209,0
5210,1
5211,2
5212,1
5213,0
5214,1
5215,0
5216,1
5217,1
5218,0
5219,0
5220,2
5221,0
5222,1
5223,0
5224,0
5225,2
5226,0
5227,0
5228,0
5229,0
5230,1
5231,0
5232,0
5233,1
5234,1
5235,1
5236,2
5237,0
5238,2
5239,2
5240,1
5241,1
5242,1
5243,2
5244,1
5245,1
5246,1
5247,0
5248,0
5249,1
5250,2
5251,1
5252,0
5253,0
5254,0
5255,2
5256,0
5257,1
5258,2
5259,1
5260,1
5261,2
5262,2
5263,0
5264,1
5265,1
5266,1
5267,0
5268,1
5269,2
5270,0
5271,1
5272,0
5273,1
5274,0
5275,0
5276,1
5277,2
5278,2
5279,1
5280,1
5281,2
5282,2
5283,0
5284,0
5285,1
5286,2
5287,2
5288,2
5289,2
5290,1
5291,1
5292,1
5293,2
5294,0
5295,0
5296,0
5297,2
5298,1
5299,2
5300,1
5301,0
5302,1
5303,1
5304,0
5305,2
5306,0
5307,0
5308,1
5309,0
5310,0
5311,1
5312,1
5313,1
5314,0
5315,0
5316,2
5317,2
5318,1
5319,1
5320,0
5321,1
5322,2
5323,0
5324,0
5325,2
5326,1
5327,2
5328,1
5329,0
5330,0
5331,0
5332,2
5333,0
5334,1
5335,1
5336,0
5337,0
5338,1
5339,0
5340,0
5341,2
5342,0
5343,2
5344,2
5345,1
5346,0
5347,1
5348,0
5349,2
5350,0
5351,1
5352,2
5353,0
5354,1
5355,2
5356,2
5357,2
5358,1
5359,0
5360,0
5361,1
5362,0
5363,0
5364,2
5365,1
5366,0
5367,1
5368,1
5369,1
5370,2
5371,0
5372,0
5373,0
5374,2
5375,1
5376,2
5377,0
5378,0
5379,0
5380,1
5381,2
5382,2
5383,0
5384,1
5385,1
5386,1
5387,0
5388,0
5389,0
5390,1
5391,0
5392,0
5393,0
5394,2
5395,1
5396,0
5397,1
5398,0
5399,2
5400,0
5401,0
5402,0
5403,1
5404,0
5405,2
5406,1
5407,0
5408,1
5409,1
5410,0
5411,1
5412,2
5413,1
5414,0
5415,1
5416,1
5417,1
5418,0
5419,1
5420,1
5421,2
5422,2
5423,0
5424,2
5425,1
5426,0
5427,0
5428,0
5429,1
5430,1
5431,2
5432,0
5433,0
5434,1
5435,1
5436,0
5437,0
5438,2
5439,1
5440,1
5441,0
5442,0
5443,1
5444,1
5445,0
5446,0
5447,0
5448,1
5449,2
5450,0
5451,0
5452,2
5453,1
5454,1
5455,0
5456,0
5457,0
5458,0
5459,0
5460,1
5461,1
5462,2
5463,2
5464,2
5465,1
5466,1
5467,0
5468,0
5469,1
5470,0
5471,1
5472,2
5473,1
5474,2
5475,0
5476,2
5477,2
5478,1
5479,1
5480,0
5481,2
5482,1
5483,2
5484,1
5485,2
5486,1
5487,1
5488,0
5489,1
5490,1
5491,2
5492,0
5493,0
5494,1
5495,1
5496,1
5497,2
5498,1
5499,2
5500,1
5501,0
5502,0
5503,1
5504,1
5505,1
5506,2
5507,0
5508,2
5509,0
5510,1
5511,1
5512,0
5513,0
5514,0
5515,0
5516,1
5517,0
5518,0
5519,2
5520,2
5521,2
5522,2
5523,2
5524,2
5525,1
5526,2
5527,1
5528,1
5529,2
5530,0
5531,0
5532,2
5533,0
5534,0
5535,2
5536,1
5537,0
5538,0
5539,1
5540,2
5541,0
5542,2
5543,0
5544,1
5545,1
5546,0
5547,1
5548,1
5549,2
5550,1
5551,2
5552,1
5553,0
5554,2
5555,0
5556,1
5557,0
5558,1
5559,1
5560,1
5561,0
5562,0
5563,1
5564,2
5565,1
5566,2
5567,1
5568,2
5569,0
5570,0
5571,1
5572,0
5573,0
5574,0
5575,2
5576,2
5577,0
5578,1
5579,2
5580,2
5581,1
5582,2
5583,1
5584,2
5585,0
5586,0
5587,2
5588,1
5589,0
5590,1
5591,1
5592,1
5593,2
5594,1
5595,1
5596,2
5597,2
5598,1
5599,1
5600,1
5601,2
5602,0
5603,0
5604,2
5605,0
5606,1
5607,1
5608,1
5609,1
5610,0
5611,1
5612,2
5613,0
5614,2
5615,0
5616,2
5617,2
5618,2
5619,0
5620,1
5621,0
5622,1
5623,0
5624,1
5625,0
5626,0
5627,0
5628,2
5629,2
5630,0
5631,2
5632,2
5633,1
5634,2
5635,1
5636,0
5637,1
5638,0
5639,2
5640,0
5641,2
5642,0
5643,1
5644,2
5645,2
5646,1
5647,1
5648,0
5649,2
5650,2
5651,1
5652,0
5653,1
5654,1
5655,0
5656,0
5657,2
5658,0
5659,1
5660,2
5661,2
5662,0
5663,1
5664,0
5665,2
5666,0
5667,2
5668,0
5669,1
5670,1
5671,2
5672,0
5673,0
5674,1
5675,1
5676,1
5677,0
5678,0
5679,2
5680,0
5681,1
5682,0
5683,2
5684,0
5685,0
5686,1
5687,1
5688,0
5689,0
5690,2
5691,0
5692,0
5693,1
5694,1
5695,0
5696,0
5697,1
5698,0
5699,2
5700,1
5701,1
5702,1
5703,0
5704,0
5705,0
5706,0
5707,1
5708,1
5709,2
5710,1
5711,2
5712,2
5713,0
5714,1
5715,1
5716,0
5717,1
5718,1
5719,1
5720,0
5721,1
5722,0
5723,0
5724,0
5725,1
5726,0
5727,2
5728,2
5729,1
5730,0
5731,0
5732,1
5733,0
5734,1
5735,1
5736,2
5737,2
5738,2
5739,2
5740,0
5741,2
5742,2
5743,2
5744,0
5745,1
5746,0
5747,1
5748,2
5749,2
5750,1
5751,2
5752,1
5753,1
5754,2
5755,0
5756,2
5757,1
5758,1
5759,2
5760,2
5761,2
5762,1
5763,2
5764,1
5765,1
5766,2
5767,1
5768,0
5769,1
5770,2
5771,1
5772,0
5773,1
5774,2
5775,0
5776,1
5777,1
5778,0
5779,1
5780,1
5781,2
5782,0
5783,0
5784,1
5785,0
5786,0
5787,0
5788,2
5789,1
5790,0
5791,2
5792,1
5793,2
5794,0
5795,2
5796,1
5797,2
5798,0
5799,2
5800,2
5801,2
5802,1
5803,1
5804,0
5805,0
5806,1
5807,1
5808,1
5809,2
5810,2
5811,0
5812,0
5813,2
5814,2
5815,2
5816,1
5817,1
5818,2
5819,1
5820,1
5821,0
5822,0
5823,1
5824,1
5825,0
5826,2
5827,0
5828,1
5829,1
5830,0
5831,1
5832,2
5833,0
5834,2
5835,0
5836,2
5837,0
5838,0
5839,0
5840,2
5841,1
5842,0
5843,2
5844,2
5845,1
5846,2
5847,0
5848,0
5849,1
5850,0
5851,1
5852,0
5853,1
5854,2
5855,2
5856,1
5857,0
5858,0
5859,2
5860,2
5861,1
5862,1
5863,2
5864,2
5865,0
5866,2
5867,1
5868,1
5869,1
5870,1
5871,1
5872,0
5873,2
5874,2
5875,0
5876,2
5877,0
5878,2
5879,2
5880,1
5881,0
5882,1
5883,0
5884,0
5885,1
5886,0
5887,0
5888,2
5889,2
5890,0
5891,0
5892,0
5893,0
5894,2
5895,0
5896,0
5897,2
5898,1
5899,2
5900,2
5901,0
5902,1
5903,1
5904,2
5905,2
5906,2
5907,1
5908,2
5909,1
5910,1
5911,0
5912,1
5913,1
5914,2
5915,0
5916,2
5917,2
5918,0
5919,1
5920,1
5921,0
5922,2
5923,1
5924,1
5925,2
5926,0
5927,1
5928,0
5929,2
5930,0
5931,1
5932,0
5933,0
5934,2
5935,2
5936,1
5937,0
5938,1
5939,1
5940,1
5941,2
5942,1
5943,2
5944,0
5945,0
5946,0
5947,1
5948,2
5949,1
5950,0
5951,1
5952,2
5953,0
5954,1
5955,1
5956,1
5957,1
5958,0
5959,1
5960,1
5961,2
5962,1
5963,1
5964,2
5965,0
5966,1
5967,1
5968,2
5969,0
5970,1
5971,0
5972,0
5973,0
5974,2
5975,2
5976,1
5977,2
5978,1
5979,1
5980,0
5981,0
5982,1
5983,2
5984,2
5985,2
5986,0
5987,0
5988,1
5989,1
5990,1
5991,0
5992,0
5993,0
5994,0
5995,1
5996,1
5997,1
5998,0
5999,2
6000,2
6001,1
6002,2
6003,1
6004,1
6005,0
6006,2
6007,0
6008,2
6009,2
6010,2
6011,2
6012,2
6013,1
6014,0
6015,0
6016,1
6017,2
6018,1
6019,1
6020,0
6021,1
6022,2
6023,0
6024,2
6025,2
6026,2
6027,0
6028,2
6029,2
6030,0
6031,2
6032,0
6033,1
6034,2
6035,0
6036,0
6037,1
6038,0
6039,0
6040,2
6041,1
6042,0
6043,1
6044,0
6045,0
6046,1
6047,2
6048,1
6049,1
6050,0
6051,1
6052,0
6053,2
6054,2
6055,1
6056,1
6057,0
6058,0
6059,0
6060,1
6061,1
6062,0
6063,1
6064,1
6065,0
6066,0
6067,1
6068,2
6069,2
6070,1
6071,1
6072,0
6073,1
6074,0
6075,2
6076,2
6077,0
6078,1
6079,1
6080,0
6081,2
6082,1
6083,0
6084,2
6085,2
6086,1
6087,0
6088,1
6089,1
6090,1
6091,0
6092,0
6093,1
6094,2
6095,2
6096,0
6097,0
6098,0
6099,2
6100,0
6101,2
6102,0
6103,0
6104,0
6105,0
6106,1
6107,1
6108,2
6109,0
6110,2
6111,2
6112,0
6113,2
6114,1
6115,0
6116,1
6117,1
6118,1
6119,1
6120,0
6121,1
6122,0
6123,0
6124,0
6125,1
6126,2
6127,2
6128,1
6129,2
6130,1
6131,0
6132,1
6133,1
6134,0
6135,1
6136,2
6137,1
6138,1
6139,2
6140,1
6141,2
6142,2
6143,0
6144,2
6145,1
6146,2
6147,0
6148,2
6149,0
6150,2
6151,1
6152,1
6153,2
6154,1
6155,0
6156,0
6157,1
6158,0
6159,1
6160,1
6161,1
6162,0
6163,1
6164,0
6165,1
6166,0
6167,1
6168,2
6169,1
6170,0
6171,2
6172,2
6173,2
6174,1
6175,1
6176,1
6177,1
6178,0
6179,1
6180,1
6181,1
6182,0
6183,2
6184,1
6185,0
6186,1
6187,0
6188,0
6189,0
6190,2
6191,1
6192,2
6193,0
6194,1
6195,2
6196,0
6197,1
6198,0
6199,0
6200,1
6201,2
6202,0
6203,2
6204,1
6205,0
6206,2
6207,1
6208,1
6209,2
6210,0
6211,0
6212,0
6213,0
6214,2
6215,1
6216,1
6217,1
6218,1
6219,0
6220,1
6221,0
6222,1
6223,1
6224,0
6225,1
6226,0
6227,2
6228,1
6229,1
6230,1
6231,1
6232,1
6233,2
6234,2
6235,0
6236,1
6237,1
6238,1
6239,2
6240,0
6241,1
6242,2
6243,1
6244,0
6245,1
6246,0
6247,0
6248,0
6249,2
6250,1
6251,2
6252,2
6253,0
6254,0
6255,2
6256,2
6257,2
6258,1
6259,2
6260,1
6261,1
6262,2
6263,0
6264,1
6265,0
6266,0
6267,1
6268,0
6269,1
6270,2
6271,2
6272,2
6273,1
6274,0
6275,1
6276,0
6277,0
6278,0
6279,0
6280,0
6281,1
6282,0
6283,1
6284,0
6285,2
6286,1
6287,0
6288,1
6289,2
6290,1
6291,0
6292,0
6293,1
6294,1
6295,2
6296,0
6297,0
6298,1
6299,2
6300,1
6301,0
6302,1
6303,0
6304,1
6305,0
6306,0
6307,0
6308,0
6309,0
6310,1
6311,1
6312,1
6313,0
6314,0
6315,1
6316,0
6317,2
6318,1
6319,2
6320,0
6321,1
6322,1
6323,0
6324,1
6325,1
6326,1
6327,2
6328,1
6329,2
6330,1
6331,0
6332,2
6333,0
6334,0
6335,1
6336,0
6337,2
6338,1
6339,0
6340,1
6341,0
6342,0
6343,0
6344,2
6345,1
6346,2
6347,1
6348,2
6349,0
6350,0
6351,0
6352,2
6353,1
6354,2
6355,2
6356,2
6357,0
6358,1
6359,0
6360,2
6361,0
6362,2
6363,0
6364,0
6365,1
6366,0
6367,0
6368,1
6369,0
6370,1
6371,2
6372,2
6373,1
6374,1
6375,0
6376,2
6377,0
6378,0
6379,0
6380,1
6381,0
6382,0
6383,2
6384,1
6385,2
6386,0
6387,1
6388,2
6389,1
6390,2
6391,1
6392,2
6393,1
6394,2
6395,0
6396,0
6397,1
6398,1
6399,1
6400,1
6401,1
6402,0
6403,2
6404,2
6405,0
6406,1
6407,1
6408,0
6409,0
6410,2
6411,0
6412,2
6413,2
6414,2
6415,1
6416,1
6417,1
6418,1
6419,2
6420,2
6421,0
6422,0
6423,0
6424,1
6425,0
6426,1
6427,2
6428,0
6429,2
6430,0
6431,0
6432,1
6433,0
6434,2
6435,2
6436,1
6437,0
6438,1
6439,2
6440,2
6441,0
6442,1
6443,1
6444,2
6445,0
6446,1
6447,1
6448,1
6449,1
6450,0
6451,0
6452,1
6453,1
6454,1
6455,1
6456,0
6457,0
6458,1
6459,0
6460,2
6461,1
6462,1
6463,1
6464,1
6465,1
6466,0
6467,1
6468,1
6469,1
6470,2
6471,2
6472,1
6473,1
6474,2
6475,1
6476,0
6477,1
6478,1
6479,1
6480,0
6481,0
6482,1
6483,0
6484,0
6485,2
6486,1
6487,0
6488,1
6489,2
6490,0
6491,0
6492,0
6493,2
6494,0
6495,0
6496,1
6497,0
6498,0
6499,2
6500,1
6501,0
6502,1
6503,1
6504,1
6505,1
6506,2
6507,1
6508,2
6509,0
6510,1
6511,0
6512,0
6513,0
6514,1
6515,1
6516,0
6517,1
6518,1
6519,2
6520,1
6521,1
6522,2
6523,0
6524,1
6525,1
6526,2
6527,0
6528,0
6529,1
6530,0
6531,1
6532,0
6533,0
6534,1
6535,2
6536,1
6537,0
6538,2
6539,0
6540,2
6541,0
6542,1
6543,0
6544,2
6545,1
6546,0
6547,0
6548,0
6549,2
6550,1
6551,0
6552,1
6553,2
6554,2
6555,0
6556,2
6557,2
6558,1
6559,0
6560,1
6561,1
6562,2
6563,0
6564,1
6565,1
6566,1
6567,0
6568,1
6569,2
6570,2
6571,0
6572,1
6573,1
6574,0
6575,1
6576,2
6577,2
6578,0
6579,2
6580,2
6581,2
6582,0
6583,1
6584,2
6585,0
6586,2
6587,0
6588,1
6589,1
6590,1
6591,1
6592,0
6593,2
6594,1
6595,0
6596,1
6597,2
6598,1
6599,2
6600,1
6601,1
6602,2
6603,0
6604,0
6605,1
6606,0
6607,0
6608,2
6609,0
6610,0
6611,1
6612,1
6613,2
6614,0
6615,0
6616,0
6617,0
6618,1
6619,1
6620,2
6621,1
6622,1
6623,1
6624,0
6625,0
6626,1
6627,2
6628,1
6629,2
6630,0
6631,1
6632,1
6633,0
6634,2
6635,1
6636,1
6637,2
6638,1
6639,1
6640,1
6641,2
6642,0
6643,1
6644,0
6645,2
6646,1
6647,1
6648,1
6649,2
6650,0
6651,2
6652,1
6653,0
6654,0
6655,1
6656,2
6657,0
6658,1
6659,1
6660,1
6661,1
6662,1
6663,0
6664,0
6665,0
6666,0
6667,1
6668,2
6669,0
6670,0
6671,1
6672,0
6673,0
6674,1
6675,0
6676,1
6677,0
6678,1
6679,1
6680,1
6681,2
6682,1
6683,1
6684,1
6685,2
6686,2
6687,2
6688,2
6689,2
6690,0
6691,2
6692,2
6693,1
6694,1
6695,2
6696,1
6697,0
6698,0
6699,2
6700,0
6701,0
6702,1
6703,2
6704,0
6705,0
6706,0
6707,0
6708,1
6709,0
6710,0
6711,1
6712,2
6713,0
6714,2
6715,1
6716,0
6717,2
6718,2
6719,2
6720,1
6721,1
6722,1
6723,0
6724,2
6725,0
6726,0
6727,2
6728,1
6729,0
6730,1
6731,2
6732,2
6733,2
6734,1
6735,0
6736,1
6737,1
6738,1
6739,0
6740,0
6741,2
6742,1
6743,1
6744,1
6745,1
6746,1
6747,2
6748,0
6749,0
6750,1
6751,1
6752,0
6753,1
6754,2
6755,2
6756,0
6757,1
6758,1
6759,1
6760,0
6761,0
6762,0
6763,0
6764,1
6765,2
6766,1
6767,2
6768,2
6769,0
6770,1
6771,0
6772,1
6773,1
6774,1
6775,1
6776,1
6777,2
6778,0
6779,0
6780,0
6781,1
6782,2
6783,0
6784,1
6785,2
6786,0
6787,2
6788,0
6789,1
6790,0
6791,2
6792,2
6793,1
6794,1
6795,0
6796,0
6797,1
6798,1
6799,2
6800,1
6801,1
6802,2
6803,0
6804,1
6805,1
6806,2
6807,0
6808,1
6809,1
6810,0
6811,1
6812,2
6813,1
6814,0
6815,1
6816,2
6817,2
6818,0
6819,2
6820,2
6821,1
6822,2
6823,2
6824,1
6825,0
6826,1
6827,1
6828,2
6829,2
6830,0
6831,0
6832,1
6833,2
6834,2
6835,2
6836,0
6837,1
6838,2
6839,2
6840,0
6841,0
6842,1
6843,1
6844,2
6845,1
6846,0
6847,0
6848,1
6849,0
6850,2
6851,2
6852,1
6853,1
6854,1
6855,1
6856,1
6857,1
6858,1
6859,0
6860,2
6861,2
6862,2
6863,2
6864,1
6865,2
6866,2
6867,2
6868,1
6869,1
6870,2
6871,0
6872,2
6873,1
6874,2
6875,1
6876,1
6877,1
6878,1
6879,1
6880,2
6881,1
6882,0
6883,2
6884,0
6885,1
6886,2
6887,0
6888,1
6889,1
6890,0
6891,2
6892,1
6893,0
6894,0
6895,0
6896,1
6897,1
6898,0
6899,1
6900,1
6901,2
6902,1
6903,1
6904,0
6905,1
6906,1
6907,0
6908,0
6909,1
6910,0
6911,0
6912,0
6913,1
6914,2
6915,0
6916,1
6917,0
6918,0
6919,1
6920,1
6921,2
6922,0
6923,1
6924,0
6925,0
6926,2
6927,1
6928,1
6929,0
6930,1
6931,1
6932,1
6933,2
6934,1
6935,1
6936,1
6937,0
6938,2
6939,1
6940,1
6941,1
6942,2
6943,0
6944,2
6945,1
6946,0
6947,0
6948,1
6949,2
6950,1
6951,2
6952,2
6953,0
6954,2
6955,1
6956,2
6957,1
6958,1
6959,1
6960,2
6961,2
6962,1
6963,1
6964,1
6965,0
6966,1
6967,1
6968,2
6969,0
6970,0
6971,1
6972,2
6973,0
6974,1
6975,2
6976,1
6977,0
6978,1
6979,1
6980,1
6981,0
6982,0
6983,1
6984,1
6985,1
6986,2
6987,2
6988,1
6989,2
6990,2
6991,0
6992,0
6993,1
6994,2
6995,2
6996,1
6997,2
6998,0
6999,2
7000,2
7001,0
7002,0
7003,0
7004,0
7005,0
7006,2
7007,2
7008,0
7009,0
7010,1
7011,0
7012,1
7013,1
7014,0
7015,1
7016,2
7017,1
7018,1
7019,2
7020,1
7021,1
7022,2
7023,2
7024,1
7025,2
7026,0
7027,0
7028,0
7029,0
7030,0
7031,0
7032,0
7033,0
7034,2
7035,0
7036,0
7037,1
7038,1
7039,2
7040,0
7041,1
7042,1
7043,2
7044,0
7045,2
7046,1
7047,1
7048,2
7049,1
7050,2
7051,2
7052,0
7053,1
7054,1
7055,2
7056,2
7057,2
7058,1
7059,0
7060,1
7061,0
7062,0
7063,0
7064,0
7065,1
7066,0
7067,0
7068,2
7069,0
7070,0
7071,1
7072,1
7073,1
7074,2
7075,0
7076,2
7077,2
7078,0
7079,0
7080,2
7081,2
7082,1
7083,2
7084,1
7085,1
7086,0
7087,2
7088,1
7089,0
7090,1
7091,2
7092,2
7093,1
7094,1
7095,1
7096,0
7097,0
7098,1
7099,1
7100,1
7101,2
7102,2
7103,0
7104,2
7105,0
7106,2
7107,1
7108,0
7109,2
7110,0
7111,1
7112,0
7113,1
7114,2
7115,0
7116,2
7117,1
7118,1
7119,0
7120,2
7121,2
7122,0
7123,0
7124,0
7125,1
7126,2
7127,0
7128,1
7129,1
7130,2
7131,0
7132,2
7133,0
7134,1
7135,2
7136,0
7137,2
7138,2
7139,2
7140,2
7141,0
7142,1
7143,2
7144,1
7145,1
7146,2
7147,1
7148,1
7149,1
7150,1
7151,0
7152,0
7153,1
7154,0
7155,1
7156,1
7157,0
7158,2
7159,1
7160,0
7161,1
7162,2
7163,1
7164,1
7165,1
7166,0
7167,1
7168,0
7169,2
7170,1
7171,0
7172,2
7173,1
7174,0
7175,1
7176,1
7177,1
7178,1
7179,1
7180,1
7181,2
7182,1
7183,1
7184,1
7185,0
7186,1
7187,1
7188,1
7189,1
7190,0
7191,0
7192,1
7193,0
7194,0
7195,2
7196,2
7197,2
7198,1
7199,1
7200,0
7201,2
7202,1
7203,0
7204,2
7205,0
7206,0
7207,0
7208,2
7209,1
7210,1
7211,0
7212,2
7213,2
7214,0
7215,1
7216,1
7217,2
7218,2
7219,1
7220,0
7221,2
7222,2
7223,1
7224,2
7225,2
7226,2
7227,1
7228,2
7229,1
7230,1
7231,0
7232,2
7233,0
7234,0
7235,0
7236,0
7237,2
7238,0
7239,2
7240,0
7241,1
7242,0
7243,0
7244,1
7245,0
7246,1
7247,0
7248,0
7249,0
7250,2
7251,2
7252,0
7253,1
7254,1
7255,0
7256,0
7257,1
7258,0
7259,1
7260,2
7261,1
7262,2
7263,0
7264,1
7265,1
7266,0
7267,0
7268,1
7269,0
7270,1
7271,2
7272,1
7273,2
7274,0
7275,0
7276,1
7277,2
7278,0
7279,1
7280,2
7281,1
7282,0
7283,0
7284,0
7285,0
7286,0
7287,2
7288,0
7289,2
7290,1
7291,1
7292,1
7293,0
7294,2
7295,2
7296,2
7297,1
7298,0
7299,0
7300,0
7301,1
7302,2
7303,0
7304,1
7305,1
7306,1
7307,1
7308,0
7309,1
7310,1
7311,0
7312,0
7313,2
7314,0
7315,1
7316,0
7317,2
7318,0
7319,2
7320,2
7321,0
7322,1
7323,0
7324,0
7325,1
7326,2
7327,1
7328,0
7329,1
7330,1
7331,1
7332,0
7333,1
7334,1
7335,2
7336,1
7337,2
7338,2
7339,1
7340,1
7341,1
7342,2
7343,1
7344,2
7345,1
7346,0
7347,2
7348,0
7349,0
7350,1
7351,0
7352,0
7353,1
7354,0
7355,0
7356,0
7357,1
7358,1
7359,1
7360,2
7361,0
7362,0
7363,0
7364,0
7365,1
7366,0
7367,0
7368,1
7369,2
7370,2
7371,1
7372,1
7373,0
7374,2
7375,1
7376,0
7377,1
7378,2
7379,0
7380,1
7381,1
7382,1
7383,0
7384,0
7385,2
7386,2
7387,0
7388,1
7389,1
7390,1
7391,0
7392,2
7393,0
7394,0
7395,2
7396,1
7397,0
7398,1
7399,0
7400,1
7401,0
7402,2
7403,2
7404,2
7405,2
7406,1
7407,0
7408,0
7409,0
7410,0
7411,0
7412,0
7413,2
7414,1
7415,0
7416,2
7417,1
7418,0
7419,0
7420,1
7421,1
7422,2
7423,1
7424,0
7425,2
7426,0
7427,1
7428,0
7429,2
7430,0
7431,0
7432,0
7433,2
7434,1
7435,2
7436,2
7437,2
7438,0
7439,0
7440,2
7441,2
7442,0
7443,2
7444,1
7445,0
7446,0
7447,2
7448,0
7449,1
7450,2
7451,1
7452,0
7453,0
7454,1
7455,2
7456,0
7457,1
7458,2
7459,0
7460,0
7461,2
7462,2
7463,1
7464,0
7465,0
7466,2
7467,1
7468,1
7469,0
7470,2
7471,1
7472,2
7473,2
7474,1
7475,2
7476,2
7477,2
7478,0
7479,1
7480,2
7481,1
7482,2
7483,1
7484,0
7485,1
7486,1
7487,2
7488,1
7489,1
7490,2
7491,2
7492,1
7493,0
7494,1
7495,0
7496,2
7497,2
7498,1
7499,2
7500,1
7501,2
7502,2
7503,0
7504,2
7505,1
7506,0
7507,1
7508,1
7509,0
7510,2
7511,2
7512,0
7513,0
7514,1
7515,2
7516,0
7517,0
7518,1
7519,1
7520,1
7521,1
7522,1
7523,1
7524,0
7525,0
7526,2
7527,1
7528,0
7529,1
7530,0
7531,2
7532,1
7533,0
7534,1
7535,2
7536,0
7537,0
7538,0
7539,0
7540,1
7541,0
7542,0
7543,0
7544,2
7545,0
7546,2
7547,0
7548,2
7549,1
7550,0
7551,1
7552,1
7553,2
7554,0
7555,1
7556,2
7557,2
7558,1
7559,2
7560,1
7561,1
7562,1
7563,0
7564,0
7565,1
7566,1
7567,2
7568,1
7569,1
7570,1
7571,0
7572,1
7573,1
7574,2
7575,2
7576,0
7577,1
7578,0
7579,1
7580,0
7581,0
7582,2
7583,2
7584,1
7585,1
7586,0
7587,2
7588,1
7589,2
7590,2
7591,2
7592,0
7593,0
7594,1
7595,2
7596,1
7597,2
7598,2
7599,1
7600,0
7601,1
7602,0
7603,1
7604,2
7605,1
7606,1
7607,2
7608,2
7609,0
7610,0
7611,1
7612,1
7613,2
7614,0
7615,1
7616,0
7617,0
7618,1
7619,0
7620,2
7621,2
7622,0
7623,2
7624,2
7625,2
7626,2
7627,2
7628,2
7629,0
7630,0
7631,1
7632,1
7633,2
7634,1
7635,0
7636,1
7637,2
7638,0
7639,1
7640,1
7641,0
7642,0
7643,0
7644,1
7645,0
7646,0
7647,1
7648,1
7649,1
7650,1
7651,1
7652,0
7653,0
7654,2
7655,2
7656,1
7657,2
7658,0
7659,0
7660,1
7661,1
7662,1
7663,1
7664,0
7665,0
7666,2
7667,1
7668,1
7669,0
7670,0
7671,2
7672,0
7673,1
7674,0
7675,0
7676,1
7677,2
7678,2
7679,1
7680,1
7681,0
7682,1
7683,0
7684,2
7685,0
7686,0
7687,1
7688,1
7689,1
7690,0
7691,2
7692,0
7693,1
7694,1
7695,2
7696,2
7697,2
7698,1
7699,1
7700,2
7701,1
7702,0
7703,0
7704,0
7705,0
7706,1
7707,1
7708,2
7709,0
7710,1
7711,1
7712,1
7713,0
7714,1
7715,2
7716,0
7717,1
7718,0
7719,1
7720,2
7721,0
7722,1
7723,0
7724,0
7725,2
7726,2
7727,2
7728,2
7729,0
7730,2
7731,0
7732,2
7733,2
7734,1
7735,1
7736,0
7737,2
7738,1
7739,1
7740,0
7741,0
7742,0
7743,1
7744,1
7745,1
7746,0
7747,1
7748,1
7749,1
7750,1
7751,0
7752,1
7753,1
7754,1
7755,0
7756,0
7757,0
7758,0
7759,1
7760,0
7761,0
7762,0
7763,0
7764,2
7765,1
7766,1
7767,0
7768,1
7769,0
7770,1
7771,1
7772,0
7773,1
7774,0
7775,1
7776,1
7777,0
7778,2
7779,0
7780,1
7781,1
7782,0
7783,0
7784,2
7785,2
7786,0
7787,1
7788,0
7789,0
7790,0
7791,1
7792,0
7793,2
7794,1
7795,0
7796,2
7797,1
7798,2
7799,2
7800,0
7801,2
7802,0
7803,0
7804,2
7805,0
7806,0
7807,2
7808,0
7809,2
7810,1
7811,1
7812,1
7813,0
7814,2
7815,0
7816,1
7817,1
7818,2
7819,0
7820,1
7821,2
7822,2
7823,1
7824,0
7825,1
7826,2
7827,1
7828,2
7829,0
7830,2
7831,1
7832,0
7833,0
7834,0
7835,2
7836,0
7837,0
7838,1
7839,1
7840,1
7841,0
7842,1
7843,1
7844,0
7845,0
7846,0
7847,0
7848,1
7849,0
7850,2
7851,0
7852,2
7853,1
7854,1
7855,1
7856,1
7857,1
7858,1
7859,2
7860,1
7861,2
7862,1
7863,1
7864,0
7865,0
7866,2
7867,1
7868,2
7869,1
7870,0
7871,1
7872,1
7873,1
7874,1
7875,1
7876,2
7877,1
7878,2
7879,2
7880,1
7881,0
7882,1
7883,2
7884,2
7885,0
7886,2
7887,0
7888,1
7889,1
7890,0
7891,0
7892,1
7893,1
7894,1
7895,2
7896,0
7897,2
7898,0
7899,1
7900,2
7901,1
7902,1
7903,2
7904,2
7905,0
7906,2
7907,0
7908,1
7909,1
7910,0
7911,0
7912,1
7913,1
7914,0
7915,2
7916,0
7917,0
7918,2
7919,0
7920,1
7921,0
7922,0
7923,1
7924,0
7925,1
7926,2
7927,1
7928,2
7929,1
7930,1
7931,1
7932,1
7933,2
7934,0
7935,1
7936,1
7937,0
7938,0
7939,2
7940,2
7941,1
7942,1
7943,0
7944,0
7945,0
7946,0
7947,1
7948,1
7949,2
7950,0
7951,2
7952,2
7953,1
7954,2
7955,2
7956,1
7957,0
7958,0
7959,0
7960,0
7961,2
7962,1
7963,2
7964,0
7965,0
7966,0
7967,0
7968,2
7969,0
7970,1
7971,1
7972,0
7973,2
7974,0
7975,1
7976,0
7977,2
7978,0
7979,1
7980,0
7981,1
7982,0
7983,1
7984,1
7985,2
7986,0
7987,0
7988,1
7989,1
7990,1
7991,1
7992,0
7993,0
7994,1
7995,0
7996,0
7997,0
7998,0
7999,2
8000,2
8001,0
8002,2
8003,0
8004,2
8005,1
8006,0
8007,2
8008,2
8009,0
8010,2
8011,0
8012,0
8013,0
8014,2
8015,1
8016,0
8017,2
8018,1
8019,0
8020,1
8021,2
8022,0
8023,1
8024,2
8025,0
8026,1
8027,0
8028,0
8029,1
8030,2
8031,2
8032,1
8033,0
8034,2
8035,1
8036,0
8037,1
8038,0
8039,1
8040,0
8041,2
8042,2
8043,1
8044,2
8045,0
8046,2
8047,0
8048,0
8049,0
8050,0
8051,1
8052,1
8053,1
8054,0
8055,0
8056,0
8057,1
8058,2
8059,2
8060,0
8061,1
8062,1
8063,0
8064,1
8065,2
8066,1
8067,2
8068,1
8069,1
8070,2
8071,0
8072,2
8073,0
8074,0
8075,1
8076,2
8077,0
8078,2
8079,1
8080,0
8081,0
8082,1
8083,1
8084,2
8085,1
8086,2
8087,0
8088,0
8089,0
8090,1
8091,2
8092,1
8093,0
8094,2
8095,0
8096,0
8097,2
8098,2
8099,1
8100,1
8101,2
8102,0
8103,0
8104,0
8105,1
8106,1
8107,0
8108,0
8109,1
8110,1
8111,1
8112,1
8113,1
8114,1
8115,1
8116,0
8117,0
8118,0
8119,0
8120,1
8121,0
8122,0
8123,1
8124,0
8125,2
8126,0
8127,0
8128,1
8129,0
8130,2
8131,1
8132,2
8133,2
8134,2
8135,0
8136,0
8137,2
8138,0
8139,0
8140,0
8141,1
8142,1
8143,2
8144,0
8145,1
8146,1
8147,1
8148,1
8149,1
8150,0
8151,2
8152,0
8153,2
8154,0
8155,0
8156,0
8157,1
8158,0
8159,1
8160,2
8161,1
8162,1
8163,0
8164,1
8165,2
8166,1
8167,2
8168,1
8169,0
8170,0
8171,0
8172,1
8173,1
8174,0
8175,2
8176,1
8177,0
8178,0
8179,2
8180,2
8181,1
8182,2
8183,0
8184,2
8185,0
8186,0
8187,0
8188,1
8189,0
8190,0
8191,2
8192,0
8193,0
8194,2
8195,1
8196,0
8197,2
8198,1
8199,1
8200,2
8201,2
8202,2
8203,1
8204,1
8205,1
8206,1
8207,2
8208,2
8209,2
8210,2
8211,0
8212,2
8213,0
8214,1
8215,0
8216,1
8217,1
8218,2
8219,1
8220,0
8221,1
8222,0
8223,0
8224,0
8225,1
8226,1
8227,0
8228,0
8229,0
8230,1
8231,2
8232,2
8233,1
8234,2
8235,0
8236,2
8237,2
8238,0
8239,1
8240,1
8241,2
8242,2
8243,0
8244,1
8245,0
8246,2
8247,0
8248,0
8249,0
8250,0
8251,2
8252,2
8253,1
8254,1
8255,2
8256,2
8257,0
8258,1
8259,2
8260,0
8261,0
8262,1
8263,1
8264,1
8265,1
8266,0
8267,2
8268,1
8269,1
8270,0
8271,2
8272,1
8273,1
8274,1
8275,0
8276,2
8277,2
8278,2
8279,2
8280,2
8281,1
8282,0
8283,2
8284,0
8285,1
8286,0
8287,0
8288,1
8289,0
8290,2
8291,0
8292,1
8293,1
8294,0
8295,0
8296,1
8297,0
8298,0
8299,0
8300,0
8301,0
8302,1
8303,1
8304,0
8305,2
8306,0
8307,0
8308,0
8309,2
8310,1
8311,2
8312,2
8313,2
8314,2
8315,1
8316,2
8317,0
8318,0
8319,2
8320,1
8321,1
8322,1
8323,0
8324,0
8325,0
8326,0
8327,0
8328,0
8329,1
8330,0
8331,1
8332,2
8333,2
8334,0
8335,1
8336,2
8337,1
8338,0
8339,2
8340,1
8341,1
8342,0
8343,2
8344,1
8345,2
8346,0
8347,1
8348,0
8349,2
8350,0
8351,2
8352,0
8353,2
8354,1
8355,1
8356,1
8357,0
8358,0
8359,2
8360,0
8361,1
8362,0
8363,2
8364,2
8365,1
8366,1
8367,1
8368,2
8369,2
8370,0
8371,0
8372,0
8373,0
8374,1
8375,0
8376,0
8377,0
8378,2
8379,0
8380,0
8381,2
8382,1
8383,2
8384,0
8385,2
8386,0
8387,0
8388,2
8389,0
8390,1
8391,1
8392,1
8393,2
8394,1
8395,2
8396,2
8397,1
8398,2
8399,0
8400,2
8401,1
8402,0
8403,0
8404,2
8405,2
8406,0
8407,1
8408,0
8409,0
8410,2
8411,0
8412,0
8413,1
8414,0
8415,0
8416,0
8417,1
8418,0
8419,1
8420,1
8421,1
8422,1
8423,1
8424,0
8425,2
8426,2
8427,0
8428,1
8429,0
8430,2
8431,0
8432,1
8433,2
8434,0
8435,1
8436,1
8437,2
8438,1
8439,0
8440,1
8441,2
8442,0
8443,1
8444,2
8445,0
8446,0
8447,0
8448,2
8449,1
8450,0
8451,2
8452,2
8453,1
8454,0
8455,0
8456,2
8457,0
8458,0
8459,0
8460,2
8461,0
8462,2
8463,0
8464,1
8465,0
8466,2
8467,0
8468,1
8469,2
8470,2
8471,1
8472,2
8473,2
8474,1
8475,0
8476,1
8477,1
8478,2
8479,0
8480,0
8481,1
8482,2
8483,0
8484,2
8485,1
8486,1
8487,0
8488,2
8489,2
8490,0
8491,0
8492,1
8493,1
8494,0
8495,0
8496,1
8497,0
8498,0
8499,0
8500,0
8501,2
8502,1
8503,1
8504,0
8505,2
8506,0
8507,1
8508,0
8509,0
8510,0
8511,1
8512,0
8513,2
8514,0
8515,0
8516,2
8517,1
8518,1
8519,1
8520,1
8521,0
8522,2
8523,2
8524,1
8525,1
8526,2
8527,0
8528,1
8529,2
8530,1
8531,0
8532,0
8533,2
8534,1
8535,1
8536,0
8537,1
8538,1
8539,0
8540,2
8541,1
8542,0
8543,0
8544,0
8545,1
8546,2
8547,1
8548,2
8549,0
8550,0
8551,1
8552,2
8553,0
8554,2
8555,1
8556,1
8557,2
8558,1
8559,1
8560,0
8561,2
8562,2
8563,0
8564,2
8565,2
8566,1
8567,1
8568,2
8569,0
8570,1
8571,0
8572,2
8573,0
8574,0
8575,0
8576,1
8577,0
8578,2
8579,2
8580,1
8581,1
8582,2
8583,1
8584,2
8585,1
8586,0
8587,0
8588,2
8589,0
8590,1
8591,1
8592,2
8593,2
8594,2
8595,2
8596,1
8597,0
8598,0
8599,1
8600,1
8601,0
8602,2
8603,1
8604,0
8605,0
8606,0
8607,0
8608,2
8609,2
8610,1
8611,1
8612,0
8613,2
8614,1
8615,0
8616,1
8617,2
8618,2
8619,1
8620,1
8621,2
8622,1
8623,2
8624,1
8625,0
8626,1
8627,2
8628,0
8629,0
8630,2
8631,1
8632,2
8633,0
8634,1
8635,2
8636,0
8637,2
8638,1
8639,1
8640,0
8641,1
8642,1
8643,1
8644,1
8645,2
8646,0
8647,1
8648,0
8649,1
8650,2
8651,0
8652,1
8653,1
8654,0
8655,1
8656,2
8657,2
8658,1
8659,1
8660,1
8661,2
8662,0
8663,2
8664,2
8665,1
8666,0
8667,0
8668,0
8669,2
8670,0
8671,0
8672,1
8673,2
8674,2
8675,0
8676,1
8677,2
8678,2
8679,1
8680,1
8681,0
8682,2
8683,0
8684,1
8685,0
8686,0
8687,1
8688,0
8689,2
8690,0
8691,0
8692,0
8693,0
8694,1
8695,2
8696,1
8697,1
8698,1
8699,1
8700,2
8701,1
8702,2
8703,1
8704,0
8705,2
8706,0
8707,2
8708,1
8709,1
8710,0
8711,1
8712,0
8713,0
8714,2
8715,2
8716,0
8717,2
8718,1
8719,1
8720,0
8721,1
8722,2
8723,1
8724,2
8725,1
8726,0
8727,1
8728,2
8729,2
8730,2
8731,1
8732,0
8733,2
8734,1
8735,1
8736,0
8737,0
8738,2
8739,1
8740,1
8741,2
8742,1
8743,1
8744,1
8745,0
8746,1
8747,1
8748,1
8749,1
8750,2
8751,1
8752,0
8753,0
8754,2
8755,2
8756,0
8757,1
8758,1
8759,2
8760,0
8761,1
8762,1
8763,2
8764,0
8765,0
8766,0
8767,0
8768,0
8769,1
8770,0
8771,0
8772,1
8773,2
8774,1
8775,2
8776,2
8777,0
8778,2
8779,1
8780,0
8781,0
8782,0
8783,1
8784,0
8785,1
8786,1
8787,1
8788,1
8789,1
8790,2
8791,0
8792,1
8793,0
8794,2
8795,2
8796,1
8797,0
8798,2
8799,1
8800,0
8801,1
8802,0
8803,1
8804,2
8805,1
8806,1
8807,2
8808,1
8809,0
8810,0
8811,2
8812,2
8813,2
8814,2
8815,0
8816,0
8817,0
8818,2
8819,2
8820,2
8821,1
8822,2
8823,1
8824,0
8825,0
8826,2
8827,1
8828,0
8829,1
8830,1
8831,1
8832,2
8833,2
8834,0
8835,2
8836,1
8837,0
8838,1
8839,2
8840,2
8841,1
8842,1
8843,2
8844,0
8845,1
8846,1
8847,2
8848,0
8849,0
8850,1
8851,0
8852,0
8853,1
8854,2
8855,1
8856,2
8857,0
8858,1
8859,2
8860,2
8861,2
8862,1
8863,1
8864,0
8865,1
8866,1
8867,1
8868,0
8869,1
8870,0
8871,2
8872,2
8873,0
8874,0
8875,0
8876,1
8877,1
8878,0
8879,1
8880,0
8881,2
8882,1
8883,2
8884,2
8885,2
8886,0
8887,0
8888,2
8889,1
8890,0
8891,1
8892,2
8893,1
8894,0
8895,1
8896,0
8897,2
8898,1
8899,2
8900,1
8901,0
8902,0
8903,0
8904,1
8905,2
8906,2
8907,1
8908,1
8909,1
8910,1
8911,2
8912,2
8913,1
8914,2
8915,1
8916,1
8917,2
8918,0
8919,2
8920,0
8921,1
8922,0
8923,0
8924,0
8925,0
8926,0
8927,0
8928,0
8929,1
8930,1
8931,1
8932,2
8933,2
8934,0
8935,0
8936,2
8937,1
8938,1
8939,1
8940,1
8941,2
8942,0
8943,0
8944,0
8945,1
8946,0
8947,1
8948,0
8949,2
8950,1
8951,0
8952,1
8953,2
8954,0
8955,2
8956,1
8957,0
8958,1
8959,1
8960,0
8961,2
8962,1
8963,1
8964,1
8965,0
8966,1
8967,2
8968,1
8969,1
8970,0
8971,1
8972,2
8973,2
8974,0
8975,1
8976,2
8977,2
8978,1
8979,1
8980,0
8981,2
8982,1
8983,1
8984,0
8985,0
8986,1
8987,1
8988,1
8989,0
8990,0
8991,2
8992,1
8993,1
8994,0
8995,0
8996,1
8997,2
8998,2
8999,1
9000,1
9001,1
9002,2
9003,1
9004,0
9005,0
9006,0
9007,0
9008,1
9009,2
9010,1
9011,2
9012,2
9013,0
9014,0
9015,2
9016,1
9017,1
9018,0
9019,1
9020,0
9021,0
9022,1
9023,1
9024,0
9025,1
9026,0
9027,1
9028,0
9029,2
9030,1
9031,2
9032,2
9033,2
9034,1
9035,0
9036,2
9037,1
9038,2
9039,0
9040,0
9041,0
9042,1
9043,0
9044,1
9045,1
9046,2
9047,0
9048,1
9049,1
9050,1
9051,0
9052,1
9053,2
9054,2
9055,2
9056,1
9057,2
9058,2
9059,1
9060,2
9061,0
9062,1
9063,1
9064,2
9065,0
9066,1
9067,2
9068,1
9069,1
9070,0
9071,1
9072,0
9073,0
9074,2
9075,1
9076,2
9077,0
9078,0
9079,2
9080,2
9081,0
9082,2
9083,0
9084,1
9085,0
9086,2
9087,1
9088,0
9089,2
9090,2
9091,2
9092,2
9093,0
9094,2
9095,0
9096,0
9097,2
9098,2
9099,2
9100,2
9101,0
9102,2
9103,1
9104,1
9105,2
9106,2
9107,2
9108,1
9109,2
9110,1
9111,2
9112,0
9113,0
9114,1
9115,1
9116,0
9117,1
9118,0
9119,1
9120,1
9121,1
9122,2
9123,1
9124,0
9125,2
9126,1
9127,1
9128,0
9129,2
9130,2
9131,2
9132,0
9133,1
9134,2
9135,0
9136,1
9137,1
9138,2
9139,0
9140,1
9141,0
9142,2
9143,1
9144,1
9145,1
9146,0
9147,1
9148,0
9149,0
9150,1
9151,2
9152,1
9153,0
9154,2
9155,1
9156,1
9157,1
9158,1
9159,0
9160,2
9161,1
9162,2
9163,0
9164,1
9165,0
9166,2
9167,1
9168,0
9169,1
9170,1
9171,2
9172,0
9173,0
9174,2
9175,1
9176,1
9177,2
9178,1
9179,1
9180,1
9181,2
9182,2
9183,2
9184,1
9185,1
9186,0
9187,2
9188,0
9189,1
9190,1
9191,2
9192,0
9193,2
9194,0
9195,1
9196,0
9197,1
9198,0
9199,0
9200,1
9201,0
9202,1
9203,0
9204,1
9205,1
9206,1
9207,1
9208,2
9209,1
9210,2
9211,2
9212,0
9213,0
9214,1
9215,2
9216,0
9217,1
9218,1
9219,0
9220,2
9221,1
9222,2
9223,2
9224,2
9225,0
9226,2
9227,0
9228,2
9229,2
9230,0
9231,2
9232,0
9233,1
9234,1
9235,1
9236,2
9237,1
9238,0
9239,1
9240,2
9241,1
9242,0
9243,0
9244,1
9245,2
9246,0
9247,0
9248,1
9249,0
9250,0
9251,0
9252,1
9253,1
9254,1
9255,1
9256,1
9257,2
9258,2
9259,1
9260,0
9261,0
9262,0
9263,1
9264,1
9265,2
9266,2
9267,2
9268,0
9269,1
9270,0
9271,2
9272,1
9273,1
9274,0
9275,0
9276,2
9277,1
9278,0
9279,2
9280,1
9281,0
9282,1
9283,1
9284,1
9285,2
9286,1
9287,0
9288,1
9289,2
9290,1
9291,1
9292,2
9293,0
9294,2
9295,1
9296,2
9297,1
9298,2
9299,0
9300,0
9301,1
9302,0
9303,1
9304,2
9305,1
9306,1
9307,0
9308,1
9309,2
9310,2
9311,2
9312,0
9313,1
9314,2
9315,2
9316,0
9317,0
9318,2
9319,0
9320,0
9321,2
9322,1
9323,1
9324,1
9325,0
9326,1
9327,1
9328,2
9329,2
9330,2
9331,2
9332,0
9333,2
9334,0
9335,0
9336,0
9337,2
9338,0
9339,1
9340,1
9341,1
9342,0
9343,1
9344,2
9345,2
9346,1
9347,2
9348,2
9349,1
9350,1
9351,0
9352,1
9353,0
9354,2
9355,2
9356,0
9357,1
9358,0
9359,2
9360,1
9361,1
9362,1
9363,1
9364,1
9365,1
9366,1
9367,0
9368,1
9369,2
9370,1
9371,1
9372,2
9373,1
9374,2
9375,2
9376,1
9377,2
9378,1
9379,0
9380,0
9381,1
9382,2
9383,0
9384,0
9385,1
9386,0
9387,0
9388,0
9389,1
9390,2
9391,0
9392,1
9393,0
9394,0
9395,2
9396,0
9397,1
9398,1
9399,2
9400,1
9401,0
9402,0
9403,2
9404,0
9405,2
9406,1
9407,0
9408,1
9409,1
9410,0
9411,0
9412,0
9413,0
9414,0
9415,2
9416,0
9417,1
9418,1
9419,2
9420,1
9421,2
9422,0
9423,0
9424,1
9425,0
9426,0
9427,1
9428,2
9429,1
9430,1
9431,2
9432,2
9433,1
9434,0
9435,0
9436,2
9437,0
9438,1
9439,2
9440,0
9441,2
9442,1
9443,2
9444,0
9445,1
9446,1
9447,1
9448,2
9449,1
9450,0
9451,2
9452,1
9453,2
9454,0
9455,2
9456,2
9457,0
9458,1
9459,2
9460,1
9461,0
9462,0
9463,0
9464,1
9465,0
9466,1
9467,2
9468,2
9469,1
9470,1
9471,1
9472,0
9473,1
9474,1
9475,2
9476,1
9477,0
9478,1
9479,2
9480,1
9481,2
9482,2
9483,1
9484,1
9485,2
9486,2
9487,1
9488,1
9489,0
9490,1
9491,0
9492,1
9493,0
9494,2
9495,0
9496,0
9497,0
9498,0
9499,2
9500,0
9501,0
9502,2
9503,1
9504,0
9505,0
9506,1
9507,1
9508,0
9509,1
9510,0
9511,2
9512,2
9513,2
9514,1
9515,2
9516,1
9517,2
9518,2
9519,0
9520,1
9521,2
9522,2
9523,0
9524,1
9525,1
9526,1
9527,1
9528,1
9529,1
9530,0
9531,2
9532,0
9533,2
9534,1
9535,0
9536,0
9537,0
9538,0
9539,1
9540,1
9541,0
9542,1
9543,1
9544,2
9545,0
9546,0
9547,1
9548,0
9549,1
9550,1
9551,1
9552,1
9553,1
9554,1
9555,0
9556,2
9557,0
9558,0
9559,2
9560,2
9561,1
9562,2
9563,2
9564,0
9565,1
9566,0
9567,0
9568,0
9569,1
9570,0
9571,0
9572,2
9573,1
9574,0
9575,0
9576,0
9577,0
9578,1
9579,1
9580,0
9581,2
9582,1
9583,0
9584,2
9585,1
9586,1
9587,1
9588,2
9589,1
9590,1
9591,0
9592,0
9593,1
9594,0
9595,1
9596,1
9597,1
9598,2
9599,1
9600,0
9601,1
9602,0
9603,1
9604,2
9605,0
9606,1
9607,0
9608,0
9609,1
9610,1
9611,1
9612,1
9613,2
9614,1
9615,2
9616,1
9617,0
9618,1
9619,0
9620,2
9621,1
9622,1
9623,0
9624,2
9625,1
9626,0
9627,1
9628,1
9629,0
9630,2
9631,0
9632,1
9633,2
9634,0
9635,2
9636,0
9637,0
9638,2
9639,1
9640,0
9641,0
9642,2
9643,2
9644,1
9645,0
9646,2
9647,0
9648,1
9649,2
9650,2
9651,1
9652,2
9653,2
9654,1
9655,2
9656,1
9657,0
9658,2
9659,2
9660,1
9661,0
9662,2
9663,1
9664,1
9665,0
9666,0
9667,1
9668,2
9669,2
9670,1
9671,1
9672,1
9673,0
9674,0
9675,2
9676,0
9677,1
9678,0
9679,2
9680,2
9681,0
9682,2
9683,1
9684,1
9685,0
9686,0
9687,1
9688,2
9689,2
9690,2
9691,0
9692,2
9693,1
9694,1
9695,0
9696,2
9697,0
9698,0
9699,2
9700,1
9701,2
9702,2
9703,0
9704,2
9705,1
9706,1
9707,0
9708,2
9709,0
9710,2
9711,0
9712,2
9713,2
9714,1
9715,2
9716,1
9717,0
9718,1
9719,1
9720,0
9721,0
9722,0
9723,2
9724,1
9725,2
9726,2
9727,2
9728,2
9729,0
9730,1
9731,2
9732,2
9733,0
9734,0
9735,0
9736,1
9737,0
9738,1
9739,0
9740,1
9741,1
9742,0
9743,1
9744,1
9745,2
9746,2
9747,2
9748,1
9749,1
9750,0
9751,1
9752,0
9753,1
9754,1
9755,2
9756,0
9757,2
9758,1
9759,2
9760,1
9761,0
9762,0
9763,1
9764,0
9765,1
9766,1
9767,2
9768,2
9769,1
9770,0
9771,2
9772,0
9773,1
9774,1
9775,2
9776,0
9777,0
9778,1
9779,0
9780,1
9781,2
9782,0
9783,0
9784,1
9785,0
9786,0
9787,2
9788,1
9789,2
9790,2
9791,0
9792,1
9793,1
9794,2
9795,1
9796,1
9797,2
9798,1
9799,1
9800,0
9801,2
9802,0
9803,1
9804,0
9805,2
9806,2
9807,0
9808,2
9809,2
9810,1
9811,1
9812,1
9813,1
9814,2
9815,1
9816,1
9817,1
9818,2
9819,2
9820,1
9821,1
9822,2
9823,0
9824,2
9825,2
9826,0
9827,0
9828,1
9829,1
9830,1
9831,1
9832,2
9833,1
9834,2
9835,1
9836,1
9837,0
9838,2
9839,1
9840,2
9841,0
9842,0
9843,0
9844,1
9845,1
9846,1
9847,0
9848,0
9849,2
9850,2
9851,1
9852,0
9853,1
9854,2
9855,0
9856,1
9857,0
9858,2
9859,0
9860,1
9861,0
9862,1
9863,1
9864,1
9865,1
9866,1
9867,0
9868,1
9869,1
9870,1
9871,0
9872,2
9873,1
9874,0
9875,0
9876,0
9877,1
9878,2
9879,1
9880,2
9881,1
9882,0
9883,1
9884,1
9885,2
9886,1
9887,0
9888,0
9889,1
9890,1
9891,1
9892,2
9893,1
9894,1
9895,1
9896,1
9897,1
9898,1
9899,0
9900,1
9901,0
9902,0
9903,0
9904,1
9905,2
9906,0
9907,1
9908,1
9909,2
9910,2
9911,1
9912,0
9913,1
9914,0
9915,1
9916,1
9917,0
9918,2
9919,1
9920,2
9921,0
9922,0
9923,2
9924,1
9925,0
9926,1
9927,1
9928,0
9929,2
9930,0
9931,0
9932,1
9933,2
9934,1
9935,1
9936,0
9937,1
9938,2
9939,1
9940,2
9941,2
9942,1
9943,0
9944,1
9945,0
9946,1
9947,1
9948,1
9949,2
9950,0
9951,1
9952,2
9953,0
9954,0
9955,0
9956,2
9957,1
9958,0
9959,1
9960,1
9961,0
9962,0
9963,1
9964,0
9965,0
9966,0
9967,2
9968,1
9969,1
9970,0
9971,1
9972,0
9973,2
9974,1
9975,0
9976,1
9977,0
9978,1
9979,2
9980,1
9981,0
9982,2
9983,0
9984,2
9985,1
9986,0
9987,0
9988,1
9989,2
9990,1
9991,0
9992,1
9993,0
9994,1
9995,1
9996,1
9997,0
9998,1
9999,1
10000,2
10001,1
10002,2
10003,2
10004,1
10005,2
10006,0
10007,2
10008,1
10009,1
10010,0
10011,0
10012,1
10013,0
10014,0
10015,2
10016,0
10017,1
10018,2
10019,0
10020,0
10021,0
10022,2
10023,0
10024,1
10025,2
10026,0
10027,1
10028,0
10029,2
10030,1
10031,0
10032,2
10033,0
10034,1
10035,1
10036,0
10037,1
10038,0
10039,1
10040,1
10041,2
10042,0
10043,1
10044,2
10045,1
10046,0
10047,0
10048,1
10049,2
10050,2
10051,1
10052,2
10053,1
10054,2
10055,1
10056,2
10057,1
10058,1
10059,0
10060,0
10061,1
10062,0
10063,0
10064,0
10065,0
10066,0
10067,0
10068,0
10069,0
10070,1
10071,0
10072,2
10073,0
10074,0
10075,0
10076,2
10077,2
10078,2
10079,1
10080,2
10081,1
10082,2
10083,1
10084,0
10085,1
10086,2
10087,0
10088,2
10089,1
10090,0
10091,1
10092,1
10093,1
10094,2
10095,1
10096,2
10097,2
10098,2
10099,2
10100,0
10101,2
10102,1
10103,2
10104,0
10105,1
10106,2
10107,0
10108,0
10109,1
10110,0
10111,1
10112,1
10113,2
10114,0
10115,0
10116,1
10117,1
10118,2
10119,2
10120,2
10121,1
10122,1
10123,2
10124,2
10125,1
10126,2
10127,0
10128,1
10129,2
10130,0
10131,1
10132,0
10133,2
10134,1
10135,1
10136,2
10137,2
10138,1
10139,2
10140,2
10141,1
10142,0
10143,2
10144,0
10145,0
10146,2
10147,2
10148,1
10149,0
10150,0
10151,0
10152,2
10153,2
10154,0
10155,1
10156,2
10157,1
10158,1
10159,1
10160,0
10161,0
10162,2
10163,1
10164,1
10165,0
10166,2
10167,1
10168,1
10169,0
10170,1
10171,1
10172,2
10173,0
10174,2
10175,0
10176,0
10177,0
10178,1
10179,1
10180,0
10181,0
10182,1
10183,0
10184,2
10185,1
10186,2
10187,1
10188,1
10189,2
10190,2
10191,0
10192,2
10193,2
10194,0
10195,0
10196,1
10197,1
10198,0
10199,0
10200,1
10201,2
10202,0
10203,1
10204,0
10205,1
10206,1
10207,1
10208,1
10209,1
10210,2
10211,1
10212,1
10213,1
10214,1
10215,2
10216,1
10217,0
10218,0
10219,1
10220,1
10221,2
10222,2
10223,2
10224,2
10225,0
10226,2
10227,0
10228,1
10229,0
10230,1
10231,1
10232,0
10233,0
10234,1
10235,2
10236,0
10237,0
10238,0
10239,0
10240,2
10241,1
10242,1
10243,1
10244,0
10245,1
10246,1
10247,1
10248,0
10249,2
10250,2
10251,1
10252,1
10253,1
10254,0
10255,2
10256,1
10257,1
10258,1
10259,1
10260,0
10261,1
10262,1
10263,1
10264,1
10265,0
10266,1
10267,0
10268,2
10269,0
10270,1
10271,1
10272,1
10273,1
10274,2
10275,1
10276,2
10277,2
10278,2
10279,0
10280,1
10281,1
10282,1
10283,0
10284,1
10285,0
10286,0
10287,2
10288,1
10289,2
10290,1
10291,0
10292,0
10293,1
10294,1
10295,1
10296,1
10297,2
10298,2
10299,1
10300,0
10301,0
10302,1
10303,2
10304,2
10305,1
10306,0
10307,1
10308,1
10309,2
10310,1
10311,1
10312,1
10313,2
10314,2
10315,1
10316,1
10317,2
10318,1
10319,1
10320,2
10321,0
10322,0
10323,2
10324,1
10325,2
10326,0
10327,0
10328,2
10329,0
10330,0
10331,0
10332,2
10333,0
10334,0
10335,2
10336,2
10337,1
10338,0
10339,1
10340,1
10341,1
10342,0
10343,2
10344,2
10345,1
10346,1
10347,0
10348,0
10349,1
10350,1
10351,0
10352,0
10353,0
10354,1
10355,2
10356,2
10357,1
10358,2
10359,0
10360,2
10361,0
10362,1
10363,0
10364,0
10365,1
10366,1
10367,0
10368,1
10369,0
10370,1
10371,1
10372,2
10373,0
10374,2
10375,0
10376,2
10377,0
10378,0
10379,0
10380,2
10381,1
10382,2
10383,1
10384,0
10385,2
10386,2
10387,0
10388,1
10389,0
10390,2
10391,2
10392,1
10393,1
10394,0
10395,1
10396,2
10397,1
10398,1
10399,2
10400,0
10401,0
10402,0
10403,0
10404,2
10405,0
10406,0
10407,0
10408,0
10409,2
10410,0
10411,0
10412,1
10413,2
10414,0
10415,0
10416,2
10417,0
10418,0
10419,0
10420,0
10421,0
10422,0
10423,2
10424,1
10425,0
10426,0
10427,1
10428,1
10429,1
10430,1
10431,2
10432,2
10433,1
10434,0
10435,1
10436,1
10437,1
10438,2
10439,0
10440,1
10441,1
10442,1
10443,2
10444,0
10445,2
10446,1
10447,2
10448,2
10449,2
10450,1
10451,0
10452,0
10453,0
10454,1
10455,1
10456,0
10457,1
10458,1
10459,1
10460,0
10461,1
10462,1
10463,0
10464,2
10465,1
10466,2
10467,2
10468,0
10469,0
10470,2
10471,2
10472,0
10473,2
10474,0
10475,1
10476,0
10477,0
10478,2
10479,2
10480,1
10481,1
10482,0
10483,0
10484,2
10485,1
10486,0
10487,2
10488,1
10489,2
10490,0
10491,0
10492,1
10493,1
10494,2
10495,1
10496,2
10497,0
10498,1
10499,1
10500,0
10501,1
10502,2
10503,0
10504,0
10505,1
10506,1
10507,2
10508,1
10509,0
10510,0
10511,1
10512,2
10513,0
10514,1
10515,0
10516,0
10517,2
10518,0
10519,0
10520,1
10521,2
10522,0
10523,2
10524,1
10525,1
10526,1
10527,0
10528,0
10529,2
10530,1
10531,0
10532,0
10533,1
10534,1
10535,2
10536,1
10537,0
10538,1
10539,2
10540,0
10541,2
10542,2
10543,2
10544,2
10545,0
10546,2
10547,0
10548,1
10549,1
10550,1
10551,1
10552,1
10553,0
10554,2
10555,1
10556,1
10557,1
10558,0
10559,0
10560,0
10561,2
10562,0
10563,1
10564,0
10565,2
10566,2
10567,0
10568,0
10569,1
10570,1
10571,0
10572,0
10573,2
10574,0
10575,1
10576,0
10577,0
10578,1
10579,0
10580,0
10581,0
10582,1
10583,0
10584,1
10585,0
10586,0
10587,1
10588,1
10589,0
10590,0
10591,1
10592,2
10593,1
10594,2
10595,1
10596,1
10597,0
10598,2
10599,1
10600,0
10601,2
10602,1
10603,0
10604,2
10605,1
10606,0
10607,1
10608,0
10609,0
10610,1
10611,1
10612,1
10613,1
10614,1
10615,0
10616,2
10617,0
10618,1
10619,0
10620,2
10621,1
10622,1
10623,2
10624,1
10625,2
10626,1
10627,1
10628,2
10629,0
10630,1
10631,0
10632,1
10633,1
10634,1
10635,1
10636,2
10637,2
10638,0
10639,1
10640,1
10641,1
10642,2
10643,2
10644,1
10645,1
10646,1
10647,0
10648,1
10649,1
10650,1
10651,1
10652,0
10653,2
10654,2
10655,0
10656,1
10657,2
10658,1
10659,1
10660,2
10661,2
10662,0
10663,1
10664,0
10665,0
10666,2
10667,1
10668,0
10669,0
10670,2
10671,2
10672,1
10673,0
10674,1
10675,2
10676,1
10677,0
10678,0
10679,2
10680,0
10681,1
10682,1
10683,1
10684,2
10685,1
10686,0
10687,1
10688,2
10689,2
10690,2
10691,1
10692,0
10693,1
10694,0
10695,0
10696,2
10697,2
10698,2
10699,1
10700,2
10701,0
10702,2
10703,2
10704,2
10705,1
10706,0
10707,2
10708,0
10709,1
10710,0
10711,0
10712,1
10713,0
10714,0
10715,1
10716,1
10717,2
10718,1
10719,2
10720,2
10721,1
10722,1
10723,2
10724,2
10725,2
10726,2
10727,0
10728,2
10729,2
10730,2
10731,0
10732,1
10733,0
10734,0
10735,2
10736,2
10737,1
10738,2
10739,0
10740,1
10741,0
10742,1
10743,1
10744,2
10745,2
10746,0
10747,2
10748,1
10749,0
10750,1
10751,2
10752,1
10753,0
10754,0
10755,1
10756,1
10757,1
10758,1
10759,1
10760,0
10761,0
10762,2
10763,2
10764,1
10765,2
10766,2
10767,1
10768,1
10769,1
10770,2
10771,1
10772,2
10773,0
10774,0
10775,2
10776,0
10777,1
10778,1
10779,2
10780,1
10781,2
10782,0
10783,2
10784,2
10785,2
10786,1
10787,0
10788,0
10789,1
10790,0
10791,0
10792,1
10793,1
10794,0
10795,0
10796,2
10797,0
10798,0
10799,1
10800,0
10801,0
10802,0
10803,1
10804,1
10805,2
10806,2
10807,2
10808,0
10809,0
10810,1
10811,0
10812,0
10813,2
10814,0
10815,1
10816,2
10817,2
10818,1
10819,2
10820,1
10821,1
10822,1
10823,1
10824,2
10825,1
10826,1
10827,2
10828,2
10829,1
10830,2
10831,1
10832,1
10833,2
10834,1
10835,0
10836,2
10837,0
10838,1
10839,1
10840,0
10841,1
10842,0
10843,1
10844,0
10845,0
10846,1
10847,2
10848,0
10849,1
10850,0
10851,1
10852,1
10853,0
10854,2
10855,2
10856,0
10857,1
10858,1
10859,2
10860,0
10861,0
10862,0
10863,0
10864,1
10865,1
10866,0
10867,1
10868,1
10869,2
10870,1
10871,2
10872,1
10873,0
10874,1
10875,0
10876,1
10877,2
10878,0
10879,2
10880,1
10881,2
10882,0
10883,0
10884,2
10885,0
10886,1
10887,0
10888,2
10889,2
10890,1
10891,1
10892,0
10893,1
10894,1
10895,2
10896,0
10897,2
10898,0
10899,1
10900,2
10901,1
10902,1
10903,0
10904,1
10905,0
10906,2
10907,1
10908,2
10909,1
10910,1
10911,1
10912,0
10913,2
10914,2
10915,2
10916,2
10917,0
10918,0
10919,0
10920,0
10921,1
10922,2
10923,1
10924,0
10925,1
10926,1
10927,2
10928,0
10929,2
10930,2
10931,1
10932,1
10933,2
10934,0
10935,1
10936,0
10937,0
10938,0
10939,1
10940,1
10941,0
10942,1
10943,1
10944,0
10945,2
10946,2
10947,2
10948,0
10949,2
10950,1
10951,0
10952,2
10953,2
10954,0
10955,2
10956,2
10957,0
10958,2
10959,2
10960,1
10961,2
10962,0
10963,1
10964,2
10965,1
10966,1
10967,0
10968,2
10969,1
10970,1
10971,0
10972,2
10973,0
10974,2
10975,0
10976,1
10977,2
10978,0
10979,0
10980,1
10981,2
10982,0
10983,1
10984,2
10985,2
10986,2
10987,0
10988,0
10989,2
10990,2
10991,2
10992,0
10993,0
10994,1
10995,2
10996,2
10997,2
10998,0
10999,0
11000,0
11001,2
11002,1
11003,1
11004,1
11005,1
11006,0
11007,1
11008,1
11009,1
11010,1
11011,1
11012,0
11013,2
11014,0
11015,2
11016,0
11017,0
11018,0
11019,1
11020,1
11021,0
11022,2
11023,0
11024,1
11025,1
11026,1
11027,1
11028,1
11029,0
11030,0
11031,0
11032,2
11033,2
11034,0
11035,2
11036,1
11037,1
11038,0
11039,1
11040,0
11041,1
11042,2
11043,0
11044,0
11045,0
11046,2
11047,0
11048,1
11049,0
11050,0
11051,0
11052,2
11053,0
11054,0
11055,1
11056,2
11057,2
11058,1
11059,2
11060,2
11061,0
11062,0
11063,1
11064,1
11065,1
11066,0
11067,2
11068,0
11069,2
11070,0
11071,2
11072,0
11073,1
11074,1
11075,0
11076,1
11077,1
11078,1
11079,0
11080,1
11081,1
11082,1
11083,0
11084,0
11085,0
11086,1
11087,2
11088,2
11089,1
11090,1
11091,1
11092,2
11093,1
11094,2
11095,0
11096,1
11097,1
11098,0
11099,0
11100,0
11101,1
11102,0
11103,2
11104,1
11105,1
11106,1
11107,0
11108,1
11109,1
11110,1
11111,0
11112,0
11113,0
11114,2
11115,1
11116,2
11117,0
11118,1
11119,1
11120,0
11121,1
11122,1
11123,0
11124,1
11125,0
11126,1
11127,0
11128,0
11129,0
11130,2
11131,0
11132,0
11133,0
11134,1
11135,2
11136,1
11137,0
11138,0
11139,2
11140,1
11141,0
11142,2
11143,2
11144,0
11145,0
11146,2
11147,0
11148,0
11149,2
11150,0
11151,0
11152,2
11153,1
11154,0
11155,1
11156,0
11157,0
11158,0
11159,0
11160,0
11161,0
11162,2
11163,2
11164,1
11165,1
11166,2
11167,0
11168,0
11169,1
11170,0
11171,2
11172,0
11173,1
11174,1
11175,1
11176,1
11177,1
11178,1
11179,2
11180,0
11181,2
11182,2
11183,1
11184,0
11185,2
11186,1
11187,1
11188,0
11189,1
11190,1
11191,2
11192,1
11193,1
11194,0
11195,1
11196,1
11197,0
11198,2
11199,2
11200,0
11201,2
11202,0
11203,1
11204,1
11205,1
11206,2
11207,0
11208,2
11209,2
11210,1
11211,2
11212,2
11213,2
11214,2
11215,1
11216,1
11217,0
11218,2
11219,0
11220,2
11221,1
11222,0
11223,0
11224,2
11225,0
11226,0
11227,0
11228,1
11229,1
11230,2
11231,2
11232,0
11233,1
11234,2
11235,0
11236,1
11237,1
11238,1
11239,2
11240,0
11241,0
11242,2
11243,0
11244,1
11245,0
11246,0
11247,0
11248,0
11249,1
11250,0
11251,0
11252,0
11253,2
11254,1
11255,1
11256,0
11257,2
11258,1
11259,1
11260,0
11261,1
11262,2
11263,2
11264,0
11265,1
11266,1
11267,0
11268,0
11269,1
11270,0
11271,0
11272,2
11273,2
11274,0
11275,1
11276,1
11277,2
11278,1
11279,0
11280,2
11281,0
11282,1
11283,2
11284,1
11285,0
11286,1
11287,1
11288,2
11289,1
11290,0
11291,1
11292,2
11293,1
11294,1
11295,1
11296,2
11297,2
11298,2
11299,0
11300,1
11301,2
11302,1
11303,2
11304,2
11305,1
11306,0
11307,2
11308,1
11309,1
11310,1
11311,0
11312,0
11313,0
11314,0
11315,0
11316,2
11317,2
11318,1
11319,0
11320,1
11321,2
11322,1
11323,1
11324,0
11325,1
11326,1
11327,2
11328,2
11329,0
11330,0
11331,1
11332,1
11333,0
11334,1
11335,0
11336,0
11337,1
11338,2
11339,2
11340,1
11341,0
11342,0
11343,2
11344,1
11345,2
11346,2
11347,2
11348,1
11349,0
11350,0
11351,1
11352,2
11353,0
11354,1
11355,0
11356,1
11357,1
11358,0
11359,1
11360,0
11361,1
11362,1
11363,2
11364,1
11365,1
11366,2
11367,1
11368,0
11369,2
11370,2
11371,1
11372,0
11373,2
11374,1
11375,2
11376,2
11377,0
11378,1
11379,1
11380,0
11381,0
11382,1
11383,0
11384,2
11385,0
11386,1
11387,0
11388,1
11389,1
11390,1
11391,1
11392,0
11393,2
11394,1
11395,0
11396,0
11397,2
11398,2
11399,1
11400,0
11401,2
11402,0
11403,0
11404,0
11405,0
11406,2
11407,0
11408,1
11409,0
11410,2
11411,2
11412,0
11413,1
11414,1
11415,1
11416,2
11417,0
11418,1
11419,0
11420,2
11421,1
11422,2
11423,2
11424,2
11425,0
11426,2
11427,2
11428,1
11429,0
11430,2
11431,0
11432,1
11433,1
11434,1
11435,1
11436,1
11437,1
11438,2
11439,2
11440,1
11441,0
11442,2
11443,0
11444,2
11445,1
11446,1
11447,1
11448,0
11449,1
11450,0
11451,0
11452,0
11453,2
11454,1
11455,0
11456,2
11457,2
11458,0
11459,2
11460,0
11461,2
11462,0
11463,0
11464,0
11465,2
11466,1
11467,2
11468,0
11469,2
11470,2
11471,0
11472,0
11473,1
11474,2
11475,2
11476,2
11477,1
11478,2
11479,1
11480,0
11481,2
11482,1
11483,0
11484,1
11485,0
11486,1
11487,0
11488,1
11489,0
11490,2
11491,1
11492,1
11493,2
11494,1
11495,0
11496,1
11497,1
11498,0
11499,2
11500,1
11501,0
11502,2
11503,0
11504,0
11505,0
11506,2
11507,0
11508,1
11509,2
11510,1
11511,0
11512,0
11513,2
11514,1
11515,2
11516,1
11517,2
11518,1
11519,0
11520,0
11521,1
11522,1
11523,2
11524,1
11525,1
11526,0
11527,0
11528,1
11529,0
11530,2
11531,2
11532,2
11533,0
11534,0
11535,1
11536,0
11537,1
11538,0
11539,1
11540,1
11541,0
11542,0
11543,0
11544,2
11545,2
11546,0
11547,1
11548,2
11549,0
11550,0
11551,1
11552,2
11553,1
11554,0
11555,2
11556,0
11557,0
11558,1
11559,0
11560,0
11561,0
11562,1
11563,0
11564,0
11565,2
11566,1
11567,1
11568,1
11569,0
11570,2
11571,1
11572,1
11573,1
11574,2
11575,2
11576,1
11577,0
11578,2
11579,2
11580,1
11581,0
11582,0
11583,0
11584,2
11585,1
11586,0
11587,2
11588,2
11589,0
11590,0
11591,1
11592,1
11593,2
11594,0
11595,0
11596,1
11597,1
11598,2
11599,1
11600,1
11601,0
11602,1
11603,1
11604,0
11605,0
11606,1
11607,1
11608,2
11609,0
11610,0
11611,1
11612,2
11613,2
11614,2
11615,1
11616,0
11617,1
11618,2
11619,0
11620,1
11621,2
11622,0
11623,2
11624,1
11625,1
11626,1
11627,2
11628,0
11629,1
11630,2
11631,1
11632,2
11633,2
11634,1
11635,0
11636,1
11637,0
11638,1
11639,1
11640,1
11641,0
11642,2
11643,1
11644,0
11645,0
11646,2
11647,2
11648,2
11649,0
11650,2
11651,0
11652,0
11653,0
11654,1
11655,2
11656,2
11657,1
11658,2
11659,2
11660,1
11661,0
11662,1
11663,1
11664,0
11665,1
11666,0
11667,2
11668,2
11669,0
11670,2
11671,2
11672,1
11673,1
11674,0
11675,0
11676,0
11677,1
11678,0
11679,1
11680,0
11681,2
11682,0
11683,2
11684,2
11685,2
11686,1
11687,2
11688,2
11689,0
11690,2
11691,2
11692,0
11693,1
11694,0
11695,0
11696,2
11697,0
11698,2
11699,1
11700,1
11701,2
11702,1
11703,0
11704,0
11705,1
11706,1
11707,1
11708,2
11709,0
11710,2
11711,0
11712,0
11713,0
11714,2
11715,2
11716,1
11717,2
11718,2
11719,0
11720,0
11721,1
11722,1
11723,1
11724,1
11725,0
11726,2
11727,2
11728,2
11729,2
11730,2
11731,0
11732,1
11733,1
11734,2
11735,0
11736,0
11737,0
11738,0
11739,1
11740,0
11741,0
11742,1
11743,0
11744,0
11745,1
11746,0
11747,0
11748,1
11749,1
11750,0
11751,1
11752,2
11753,0
11754,0
11755,1
11756,2
11757,0
11758,0
11759,0
11760,1
11761,1
11762,2
11763,2
11764,1
11765,1
11766,2
11767,1
11768,1
11769,1
11770,0
11771,1
11772,0
11773,2
11774,0
11775,0
11776,1
11777,0
11778,1
11779,1
11780,0
11781,1
11782,2
11783,0
11784,1
11785,2
11786,1
11787,2
11788,2
11789,0
11790,0
11791,0
11792,1
11793,1
11794,2
11795,1
11796,1
11797,0
11798,0
11799,0
11800,2
11801,0
11802,2
11803,0
11804,2
11805,1
11806,2
11807,0
11808,0
11809,2
11810,2
11811,1
11812,2
11813,0
11814,0
11815,1
11816,2
11817,0
11818,0
11819,1
11820,2
11821,1
11822,2
11823,2
11824,2
11825,1
11826,2
11827,1
11828,1
11829,2
11830,0
11831,1
11832,0
11833,1
11834,0
11835,1
11836,0
11837,0
11838,0
11839,0
11840,1
11841,1
11842,0
11843,0
11844,1
11845,0
11846,1
11847,1
11848,0
11849,1
11850,1
11851,2
11852,0
11853,0
11854,2
11855,0
11856,0
11857,2
11858,1
11859,2
11860,0
11861,0
11862,1
11863,0
11864,2
11865,0
11866,0
11867,1
11868,0
11869,2
11870,0
11871,0
11872,1
11873,2
11874,2
11875,0
11876,2
11877,2
11878,0
11879,0
11880,0
11881,1
11882,1
11883,0
11884,1
11885,2
11886,1
11887,2
11888,1
11889,0
11890,2
11891,0
11892,0
11893,1
11894,0
11895,0
11896,2
11897,2
11898,1
11899,0
11900,2
11901,0
11902,2
11903,0
11904,2
11905,0
11906,1
11907,2
11908,0
11909,2
11910,1
11911,0
11912,2
11913,0
11914,1
11915,0
11916,2
11917,0
11918,2
11919,2
11920,2
11921,2
11922,2
11923,1
11924,2
11925,0
11926,1
11927,0
11928,1
11929,1
11930,2
11931,2
11932,0
11933,2
11934,0
11935,1
11936,2
11937,2
11938,1
11939,0
11940,2
11941,0
11942,0
11943,1
11944,0
11945,2
11946,1
11947,2
11948,2
11949,2
11950,0
11951,0
11952,1
11953,0
11954,0
11955,1
11956,0
11957,0
11958,2
11959,2
11960,1
11961,0
11962,2
11963,2
11964,2
11965,0
11966,0
11967,1
11968,2
11969,1
11970,1
11971,1
11972,1
11973,0
11974,2
11975,0
11976,1
11977,2
11978,0
11979,0
11980,1
11981,0
11982,1
11983,2
11984,1
11985,1
11986,0
11987,1
11988,2
11989,1
11990,1
11991,0
11992,2
11993,2
11994,1
11995,2
11996,0
11997,1
11998,1
11999,0
12000,0
12001,0
12002,1
12003,2
12004,0
12005,0
12006,2
12007,0
12008,0
12009,1
12010,0
12011,0
12012,2
12013,1
12014,0
12015,2
12016,1
12017,2
12018,0
12019,2
12020,1
12021,0
12022,1
12023,0
12024,2
12025,2
12026,0
12027,0
12028,2
12029,1
12030,1
12031,0
12032,0
12033,1
12034,2
12035,0
12036,2
12037,2
12038,0
12039,2
12040,2
12041,1
12042,0
12043,0
12044,1
12045,1
12046,1
12047,1
12048,2
12049,1
12050,0
12051,2
12052,0
12053,2
12054,0
12055,1
12056,0
12057,2
12058,2
12059,0
12060,0
12061,1
12062,2
12063,2
12064,1
12065,0
12066,0
12067,0
12068,2
12069,1
12070,2
12071,1
12072,1
12073,2
12074,1
12075,0
12076,1
12077,2
12078,2
12079,0
12080,0
12081,1
12082,2
12083,0
12084,0
12085,1
12086,2
12087,2
12088,1
12089,1
12090,0
12091,0
12092,0
12093,1
12094,1
12095,1
12096,1
12097,0
12098,0
12099,0
12100,1
12101,1
12102,1
12103,1
12104,1
12105,1
12106,2
12107,0
12108,2
12109,1
12110,0
12111,1
12112,1
12113,2
12114,0
12115,0
12116,0
12117,2
12118,0
12119,0
12120,1
12121,1
12122,0
12123,1
12124,0
12125,1
12126,0
12127,1
12128,1
12129,1
12130,0
12131,1
12132,0
12133,1
12134,1
12135,0
12136,0
12137,0
12138,0
12139,2
12140,1
12141,1
12142,0
12143,2
12144,2
12145,1
12146,1
12147,1
12148,1
12149,1
12150,1
12151,0
12152,1
12153,1
12154,1
12155,0
12156,1
12157,2
12158,0
12159,0
12160,1
12161,2
12162,0
12163,2
12164,1
12165,2
12166,1
12167,0
12168,1
12169,1
12170,1
12171,0
12172,2
12173,2
12174,0
12175,2
12176,1
12177,2
12178,0
12179,0
12180,2
12181,1
12182,2
12183,0
12184,0
12185,0
12186,1
12187,1
12188,1
12189,2
12190,0
12191,1
12192,0
12193,2
12194,1
12195,0
12196,1
12197,1
12198,1
12199,1
12200,1
12201,0
12202,1
12203,0
12204,0
12205,1
12206,1
12207,0
12208,2
12209,2
12210,1
12211,0
12212,0
12213,0
12214,0
12215,1
12216,2
12217,1
12218,0
12219,1
12220,2
12221,1
12222,2
12223,1
12224,1
12225,1
12226,2
12227,2
12228,1
12229,0
12230,0
12231,0
12232,1
12233,1
12234,1
12235,0
12236,2
12237,1
12238,0
12239,1
12240,1
12241,1
12242,0
12243,0
12244,0
12245,2
12246,0
12247,0
12248,1
12249,2
12250,1
12251,0
12252,0
12253,1
12254,0
12255,1
12256,0
12257,0
12258,2
12259,0
12260,1
12261,0
12262,0
12263,1
12264,2
12265,1
12266,0
12267,2
12268,0
12269,1
12270,1
12271,0
12272,1
12273,2
12274,1
12275,0
12276,0
12277,1
12278,1
12279,1
12280,1
12281,2
12282,1
12283,0
12284,0
12285,0
12286,1
12287,0
12288,2
12289,1
12290,2
12291,1
12292,1
12293,1
12294,0
12295,1
12296,1
12297,1
12298,1
12299,2
12300,0
12301,2
12302,1
12303,2
12304,1
12305,2
12306,2
12307,0
12308,2
12309,1
12310,2
12311,2
12312,2
12313,0
12314,0
12315,1
12316,0
12317,0
12318,2
12319,1
12320,2
12321,1
12322,0
12323,1
12324,2
12325,0
12326,0
12327,2
12328,2
12329,0
12330,0
12331,0
12332,0
12333,0
12334,0
12335,1
12336,0
12337,2
12338,1
12339,0
12340,2
12341,1
12342,1
12343,2
12344,0
12345,2
12346,2
12347,2
12348,2
12349,2
12350,2
12351,2
12352,2
12353,2
12354,2
12355,1
12356,1
12357,1
12358,2
12359,0
12360,1
12361,0
12362,1
12363,2
12364,2
12365,1
12366,0
12367,2
12368,1
12369,0
12370,2
12371,0
12372,0
12373,2
12374,1
12375,2
12376,2
12377,0
12378,1
12379,1
12380,2
12381,1
12382,2
12383,1
12384,1
12385,1
12386,1
12387,2
12388,0
12389,2
12390,1
12391,0
12392,2
12393,1
12394,1
12395,2
12396,0
12397,0
12398,0
12399,2
12400,1
12401,1
12402,2
12403,0
12404,2
12405,1
12406,2
12407,2
12408,0
12409,1
12410,1
12411,2
12412,1
12413,2
12414,1
12415,0
12416,1
12417,1
12418,1
12419,1
12420,0
12421,1
12422,1
12423,0
12424,1
12425,1
12426,1
12427,1
12428,1
12429,2
12430,0
12431,0
12432,2
12433,0
12434,2
12435,1
12436,0
12437,1
12438,2
12439,1
12440,0
12441,1
12442,0
12443,1
12444,0
12445,1
12446,1
12447,1
12448,2
12449,1
12450,2
12451,1
12452,2
12453,2
12454,2
12455,2
12456,0
12457,0
12458,0
12459,1
12460,2
12461,0
12462,0
12463,0
12464,1
12465,2
12466,1
12467,2
12468,1
12469,0
12470,0
12471,0
12472,0
12473,0
12474,1
12475,1
12476,0
12477,2
12478,2
12479,2
12480,1
12481,1
12482,2
12483,1
12484,2
12485,0
12486,2
12487,0
12488,1
12489,2
12490,0
12491,1
12492,0
12493,1
12494,0
12495,1
12496,1
12497,0
12498,1
12499,2
12500,1
12501,0
12502,2
12503,2
12504,0
12505,2
12506,1
12507,0
12508,1
12509,1
12510,1
12511,2
12512,0
12513,0
12514,1
12515,2
12516,0
12517,1
12518,0
12519,2
12520,1
12521,1
12522,1
12523,1
12524,0
12525,2
12526,0
12527,2
12528,2
12529,2
12530,0
12531,1
12532,1
12533,0
12534,1
12535,2
12536,1
12537,0
12538,0
12539,2
12540,1
12541,0
12542,0
12543,0
12544,0
12545,1
12546,2
12547,1
12548,1
12549,0
12550,0
12551,2
12552,0
12553,0
12554,2
12555,2
12556,1
12557,0
12558,1
12559,1
12560,1
12561,2
12562,1
12563,1
12564,2
12565,0
12566,0
12567,2
12568,1
12569,0
12570,1
12571,0
12572,0
12573,0
12574,2
12575,1
12576,1
12577,0
12578,2
12579,2
12580,2
12581,0
12582,1
12583,1
12584,1
12585,1
12586,0
12587,1
12588,2
12589,0
12590,1
12591,1
12592,0
12593,1
12594,1
12595,2
12596,0
12597,2
12598,2
12599,0
12600,1
12601,0
12602,1
12603,0
12604,2
12605,0
12606,1
12607,2
12608,0
12609,0
12610,1
12611,0
12612,1
12613,2
12614,2
12615,1
12616,0
12617,0
12618,1
12619,2
12620,1
12621,0
12622,2
12623,2
12624,0
12625,1
12626,2
12627,2
12628,1
12629,1
12630,1
12631,1
12632,0
12633,2
12634,2
12635,0
12636,1
12637,2
12638,1
12639,1
12640,1
12641,1
12642,1
12643,1
12644,0
12645,2
12646,0
12647,0
12648,2
12649,2
12650,0
12651,0
12652,2
12653,2
12654,2
12655,2
12656,0
12657,1
12658,0
12659,2
12660,1
12661,1
12662,1
12663,2
12664,0
12665,2
12666,1
12667,1
12668,1
12669,0
12670,2
12671,2
12672,1
12673,1
12674,2
12675,0
12676,2
12677,1
12678,2
12679,0
12680,1
12681,1
12682,1
12683,0
12684,0
12685,1
12686,0
12687,0
12688,2
12689,1
12690,1
12691,0
12692,1
12693,1
12694,0
12695,1
12696,1
12697,0
12698,2
12699,0
12700,0
12701,1
12702,1
12703,2
12704,1
12705,1
12706,2
12707,1
12708,0
12709,1
12710,0
12711,1
12712,2
12713,1
12714,2
12715,0
12716,1
12717,2
12718,0
12719,1
12720,2
12721,2
12722,0
12723,2
12724,0
12725,2
12726,0
12727,1
12728,0
12729,2
12730,2
12731,2
12732,2
12733,1
12734,0
12735,0
12736,0
12737,1
12738,0
12739,2
12740,1
12741,2
12742,2
12743,0
12744,2
12745,2
12746,2
12747,0
12748,2
12749,0
12750,2
12751,0
12752,0
12753,0
12754,2
12755,0
12756,1
12757,1
12758,1
12759,0
12760,1
12761,1
12762,1
12763,1
12764,0
12765,0
12766,0
12767,1
12768,1
12769,1
12770,2
12771,1
12772,1
12773,1
12774,0
12775,1
12776,1
12777,1
12778,0
12779,2
12780,0
12781,1
12782,1
12783,0
12784,1
12785,1
12786,2
12787,1
12788,2
12789,1
12790,0
12791,1
12792,2
12793,2
12794,2
12795,1
12796,2
12797,1
12798,1
12799,2
12800,1
12801,0
12802,2
12803,1
12804,1
12805,0
12806,0
12807,1
12808,0
12809,1
12810,2
12811,2
12812,2
12813,2
12814,1
12815,2
12816,1
12817,2
12818,2
12819,0
12820,2
12821,0
12822,1
12823,1
12824,1
12825,1
12826,0
12827,1
12828,0
12829,2
12830,2
12831,1
12832,1
12833,1
12834,1
12835,1
12836,2
12837,1
12838,2
12839,0
12840,1
12841,1
12842,1
12843,0
12844,0
12845,1
12846,0
12847,0
12848,1
12849,2
12850,1
12851,2
12852,0
12853,0
12854,2
12855,1
12856,1
12857,1
12858,0
12859,0
12860,1
12861,2
12862,2
12863,0
12864,1
12865,1
12866,1
12867,0
12868,1
12869,0
12870,1
12871,1
12872,1
12873,1
12874,1
12875,1
12876,0
12877,1
12878,2
12879,0
12880,0
12881,1
12882,2
12883,1
12884,0
12885,1
12886,0
12887,0
12888,0
12889,0
12890,2
12891,2
12892,0
12893,0
12894,2
12895,1
12896,1
12897,0
12898,2
12899,2
12900,1
12901,1
12902,0
12903,1
12904,0
12905,2
12906,1
12907,0
12908,0
12909,1
12910,0
12911,2
12912,0
12913,0
12914,1
12915,1
12916,2
12917,1
12918,2
12919,1
12920,1
12921,1
12922,1
12923,0
12924,1
12925,0
12926,1
12927,0
12928,2
12929,1
12930,0
12931,0
12932,1
12933,1
12934,2
12935,0
12936,1
12937,1
12938,0
12939,1
12940,0
12941,2
12942,2
12943,1
12944,2
12945,1
12946,0
12947,1
12948,0
12949,2
12950,0
12951,0
12952,1
12953,1
12954,0
12955,2
12956,1
12957,0
12958,2
12959,0
12960,1
12961,2
12962,1
12963,1
12964,1
12965,0
12966,0
12967,2
12968,2
12969,2
12970,0
12971,1
12972,2
12973,0
12974,0
12975,1
12976,2
12977,0
12978,0
12979,1
12980,1
12981,2
12982,2
12983,1
12984,1
12985,2
12986,1
12987,1
12988,1
12989,1
12990,1
12991,0
12992,2
12993,1
12994,0
12995,0
12996,0
12997,1
12998,2
12999,0
13000,0
13001,0
13002,2
13003,1
13004,2
13005,1
13006,2
13007,2
13008,2
13009,2
13010,0
13011,0
13012,2
13013,0
13014,1
13015,2
13016,1
13017,1
13018,0
13019,0
13020,2
13021,1
13022,2
13023,0
13024,2
13025,2
13026,2
13027,2
13028,0
13029,1
13030,0
13031,2
13032,0
13033,0
13034,0
13035,1
13036,0
13037,2
13038,2
13039,1
13040,1
13041,1
13042,0
13043,1
13044,2
13045,0
13046,1
13047,2
13048,2
13049,2
13050,0
13051,2
13052,2
13053,0
13054,1
13055,1
13056,1
13057,1
13058,1
13059,0
13060,1
13061,0
13062,0
13063,0
13064,0
13065,1
13066,2
13067,1
13068,1
13069,1
13070,0
13071,2
13072,2
13073,2
13074,2
13075,0
13076,1
13077,0
13078,0
13079,0
13080,2
13081,0
13082,1
13083,2
13084,2
13085,1
13086,1
13087,2
13088,1
13089,1
13090,2
13091,1
13092,2
13093,0
13094,1
13095,0
13096,2
13097,0
13098,1
13099,1
13100,1
13101,0
13102,1
13103,0
13104,1
13105,1
13106,0
13107,2
13108,0
13109,1
13110,1
13111,0
13112,1
13113,1
13114,0
13115,2
13116,1
13117,0
13118,1
13119,1
13120,2
13121,1
13122,2
13123,2
13124,0
13125,1
13126,2
13127,0
13128,0
13129,1
13130,1
13131,0
13132,0
13133,2
13134,1
13135,2
13136,0
13137,1
13138,0
13139,2
13140,1
13141,2
13142,0
13143,0
13144,0
13145,0
13146,0
13147,0
13148,0
13149,1
13150,2
13151,1
13152,0
13153,1
13154,1
13155,0
13156,0
13157,0
13158,1
13159,2
13160,1
13161,0
13162,0
13163,0
13164,2
13165,2
13166,1
13167,2
13168,1
13169,1
13170,0
13171,2
13172,1
13173,1
13174,2
13175,1
13176,1
13177,2
13178,0
13179,0
13180,0
13181,0
13182,2
13183,0
13184,1
13185,2
13186,0
13187,2
13188,2
13189,1
13190,0
13191,2
13192,1
13193,2
13194,2
13195,2
13196,0
13197,1
13198,0
13199,1
13200,2
13201,1
13202,1
13203,0
13204,0
13205,2
13206,0
13207,2
13208,1
13209,1
13210,0
13211,1
13212,0
13213,1
13214,0
13215,1
13216,1
13217,0
13218,2
13219,0
13220,1
13221,1
13222,2
13223,1
13224,1
13225,1
13226,2
13227,2
13228,2
13229,1
13230,0
13231,1
13232,1
13233,2
13234,2
13235,2
13236,0
13237,0
13238,0
13239,1
13240,0
13241,1
13242,1
13243,0
13244,1
13245,1
13246,2
13247,2
13248,1
13249,0
13250,2
13251,1
13252,2
13253,1
13254,1
13255,0
13256,1
13257,1
13258,2
13259,1
13260,2
13261,0
13262,0
13263,0
13264,2
13265,0
13266,1
13267,0
13268,0
13269,0
13270,0
13271,2
13272,1
13273,2
13274,0
13275,2
13276,0
13277,2
13278,1
13279,2
13280,2
13281,1
13282,0
13283,0
13284,1
13285,2
13286,2
13287,2
13288,1
13289,1
13290,1
13291,0
13292,0
13293,1
13294,1
13295,2
13296,1
13297,2
13298,2
13299,1
13300,0
13301,2
13302,1
13303,1
13304,0
13305,1
13306,1
13307,2
13308,0
13309,2
13310,0
13311,1
13312,1
13313,0
13314,2
13315,0
13316,2
13317,2
13318,2
13319,0
13320,0
13321,1
13322,2
13323,0
13324,0
13325,2
13326,1
13327,1
13328,1
13329,1
13330,0
13331,2
13332,1
13333,2
13334,0
13335,0
13336,1
13337,1
13338,0
13339,1
13340,0
13341,2
13342,2
13343,0
13344,2
13345,1
13346,1
13347,0
13348,1
13349,2
13350,0
13351,2
13352,2
13353,1
13354,1
13355,0
13356,0
13357,1
13358,0
13359,0
13360,0
13361,2
13362,0
13363,1
13364,1
13365,2
13366,1
13367,1
13368,1
13369,1
13370,0
13371,1
13372,0
13373,2
13374,0
13375,0
13376,2
13377,1
13378,0
13379,0
13380,0
13381,2
13382,0
13383,0
13384,0
13385,0
13386,0
13387,1
13388,0
13389,0
13390,0
13391,2
13392,0
13393,2
13394,0
13395,0
13396,0
13397,0
13398,0
13399,0
13400,1
13401,2
13402,1
13403,1
13404,1
13405,1
13406,0
13407,0
13408,1
13409,1
13410,2
13411,2
13412,0
13413,0
13414,0
13415,2
13416,1
13417,0
13418,0
13419,0
13420,1
13421,1
13422,2
13423,1
13424,1
13425,1
13426,0
13427,2
13428,0
13429,0
13430,1
13431,0
13432,2
13433,1
13434,1
13435,2
13436,2
13437,1
13438,0
13439,2
13440,1
13441,1
13442,2
13443,0
13444,2
13445,2
13446,2
13447,2
13448,0
13449,0
13450,0
13451,0
13452,1
13453,1
13454,2
13455,1
13456,2
13457,0
13458,0
13459,1
13460,1
13461,1
13462,1
13463,1
13464,1
13465,2
13466,2
13467,2
13468,2
13469,0
13470,2
13471,0
13472,1
13473,1
13474,1
13475,1
13476,2
13477,1
13478,0
13479,1
13480,0
13481,1
13482,1
13483,1
13484,2
13485,2
13486,1
13487,2
13488,1
13489,1
13490,2
13491,2
13492,1
13493,2
13494,2
13495,2
13496,2
13497,1
13498,0
13499,2
13500,1
13501,1
13502,1
13503,0
13504,0
13505,2
13506,0
13507,2
13508,0
13509,1
13510,2
13511,0
13512,0
13513,2
13514,1
13515,1
13516,0
13517,1
13518,2
13519,1
13520,2
13521,0
13522,1
13523,1
13524,1
13525,2
13526,0
13527,0
13528,2
13529,1
13530,2
13531,2
13532,2
13533,1
13534,2
13535,1
13536,2
13537,0
13538,0
13539,0
13540,0
13541,0
13542,0
13543,1
13544,0
13545,1
13546,0
13547,2
13548,1
13549,1
13550,0
13551,1
13552,0
13553,0
13554,1
13555,2
13556,2
13557,2
13558,1
13559,0
13560,0
13561,0
13562,1
13563,0
13564,0
13565,2
13566,0
13567,0
13568,2
13569,0
13570,2
13571,1
13572,0
13573,0
13574,1
13575,2
13576,1
13577,2
13578,1
13579,1
13580,1
13581,1
13582,1
13583,0
13584,1
13585,2
13586,2
13587,1
13588,2
13589,1
13590,0
13591,2
13592,1
13593,1
13594,0
13595,1
13596,2
13597,0
13598,0
13599,1
13600,0
13601,2
13602,1
13603,0
13604,1
13605,0
13606,2
13607,1
13608,1
13609,0
13610,1
13611,2
13612,0
13613,2
13614,1
13615,1
13616,1
13617,1
13618,1
13619,0
13620,0
13621,0
13622,0
13623,1
13624,1
13625,2
13626,2
13627,1
13628,2
13629,1
13630,2
13631,0
13632,0
13633,1
13634,0
13635,0
13636,2
13637,1
13638,2
13639,2
13640,1
13641,2
13642,0
13643,2
13644,1
13645,0
13646,2
13647,0
13648,0
13649,2
13650,2
13651,0
13652,0
13653,1
13654,1
13655,2
13656,0
13657,1
13658,2
13659,2
13660,1
13661,0
13662,2
13663,1
13664,0
13665,1
13666,0
13667,1
13668,2
13669,1
13670,1
13671,1
13672,2
13673,1
13674,0
13675,1
13676,2
13677,1
13678,1
13679,0
13680,0
13681,1
13682,1
13683,0
13684,0
13685,1
13686,2
13687,1
13688,0
13689,1
13690,2
13691,0
13692,1
13693,2
13694,2
13695,0
13696,2
13697,0
13698,0
13699,0
13700,1
13701,2
13702,1
13703,0
13704,0
13705,1
13706,1
13707,0
13708,2
13709,1
13710,0
13711,0
13712,0
13713,0
13714,0
13715,0
13716,0
13717,1
13718,1
13719,1
13720,2
13721,0
13722,1
13723,2
13724,0
13725,1
13726,0
13727,1
13728,2
13729,1
13730,0
13731,0
13732,2
13733,2
13734,2
13735,1
13736,1
13737,0
13738,0
13739,1
13740,0
13741,0
13742,0
13743,2
13744,0
13745,1
13746,0
13747,0
13748,1
13749,0
13750,1
13751,0
13752,0
13753,2
13754,2
13755,0
13756,0
13757,1
13758,1
13759,0
13760,0
13761,1
13762,1
13763,2
13764,0
13765,2
13766,1
13767,0
13768,0
13769,0
13770,0
13771,2
13772,0
13773,2
13774,1
13775,0
13776,1
13777,0
13778,1
13779,0
13780,1
13781,2
13782,0
13783,1
13784,1
13785,2
13786,1
13787,1
13788,2
13789,0
13790,2
13791,2
13792,1
13793,0
13794,0
13795,0
13796,1
13797,0
13798,1
13799,0
13800,1
13801,1
13802,1
13803,0
13804,1
13805,1
13806,1
13807,0
13808,1
13809,1
13810,0
13811,0
13812,1
13813,2
13814,1
13815,1
13816,1
13817,0
13818,0
13819,1
13820,0
13821,0
13822,0
13823,0
13824,0
13825,1
13826,1
13827,0
13828,2
13829,1
13830,1
13831,0
13832,0
13833,1
13834,1
13835,1
13836,2
13837,1
13838,1
13839,0
13840,0
13841,0
13842,0
13843,1
13844,2
13845,0
13846,2
13847,0
13848,0
13849,1
13850,0
13851,0
13852,0
13853,1
13854,0
13855,1
13856,2
13857,1
13858,2
13859,0
13860,0
13861,0
13862,2
13863,0
13864,1
13865,2
13866,0
13867,0
13868,0
13869,1
13870,0
13871,1
13872,2
13873,1
13874,2
13875,2
13876,1
13877,1
13878,0
13879,0
13880,0
13881,2
13882,0
13883,1
13884,1
13885,2
13886,2
13887,0
13888,0
13889,2
13890,1
13891,2
13892,1
13893,0
13894,1
13895,1
13896,2
13897,2
13898,0
13899,2
13900,0
13901,2
13902,1
13903,0
13904,1
13905,1
13906,0
13907,1
13908,2
13909,0
13910,2
13911,1
13912,2
13913,2
13914,1
13915,2
13916,2
13917,1
13918,0
13919,2
13920,0
13921,2
13922,0
13923,1
13924,2
13925,1
13926,2
13927,0
13928,1
13929,1
13930,2
13931,0
13932,2
13933,1
13934,2
13935,0
13936,0
13937,1
13938,0
13939,1
13940,2
13941,1
13942,0
13943,2
13944,1
13945,0
13946,2
13947,1
13948,1
13949,0
13950,2
13951,0
13952,0
13953,0
13954,0
13955,2
13956,0
13957,1
13958,0
13959,1
13960,2
13961,1
13962,2
13963,0
13964,2
13965,0
13966,2
13967,1
13968,1
13969,0
13970,2
13971,1
13972,1
13973,0
13974,2
13975,1
13976,2
13977,1
13978,1
13979,0
13980,1
13981,1
13982,0
13983,0
13984,0
13985,1
13986,2
13987,2
13988,0
13989,0
13990,2
13991,2
13992,2
13993,1
13994,1
13995,0
13996,2
13997,1
13998,1
13999,2
14000,2
14001,1
14002,1
14003,1
14004,2
14005,1
14006,2
14007,2
14008,1
14009,2
14010,1
14011,2
14012,0
14013,1
14014,1
14015,2
14016,1
14017,1
14018,2
14019,2
14020,0
14021,1
14022,1
14023,0
14024,1
14025,2
14026,0
14027,2
14028,2
14029,0
14030,0
14031,2
14032,2
14033,0
14034,2
14035,0
14036,2
14037,2
14038,2
14039,1
14040,0
14041,2
14042,0
14043,0
14044,1
14045,1
14046,0
14047,1
14048,0
14049,0
14050,2
14051,2
14052,0
14053,1
14054,2
14055,0
14056,1
14057,0
14058,0
14059,1
14060,0
14061,1
14062,0
14063,2
14064,2
14065,0
14066,0
14067,0
14068,1
14069,1
14070,2
14071,0
14072,1
14073,1
14074,0
14075,1
14076,1
14077,1
14078,0
14079,2
14080,0
14081,0
14082,1
14083,1
14084,2
14085,2
14086,2
14087,0
14088,1
14089,1
14090,0
14091,0
14092,1
14093,1
14094,0
14095,1
14096,2
14097,2
14098,1
14099,0
14100,0
14101,1
14102,2
14103,1
14104,1
14105,2
14106,0
14107,2
14108,2
14109,0
14110,1
14111,0
14112,1
14113,1
14114,1
14115,1
14116,1
14117,1
14118,0
14119,2
14120,1
14121,1
14122,2
14123,0
14124,0
14125,0
14126,2
14127,0
14128,2
14129,0
14130,2
14131,2
14132,1
14133,0
14134,1
14135,0
14136,0
14137,1
14138,2
14139,1
14140,2
14141,1
14142,2
14143,0
14144,0
14145,1
14146,1
14147,1
14148,1
14149,0
14150,1
14151,2
14152,2
14153,0
14154,1
14155,0
14156,1
14157,0
14158,1
14159,1
14160,1
14161,0
14162,0
14163,0
14164,1
14165,2
14166,1
14167,1
14168,2
14169,1
14170,1
14171,0
14172,1
14173,1
14174,0
14175,0
14176,0
14177,1
14178,2
14179,0
14180,1
14181,0
14182,1
14183,2
14184,1
14185,2
14186,1
14187,1
14188,0
14189,0
14190,2
14191,0
14192,0
14193,1
14194,1
14195,0
14196,2
14197,1
14198,0
14199,1
14200,1
14201,1
14202,1
14203,1
14204,0
14205,2
14206,1
14207,1
14208,1
14209,2
14210,2
14211,1
14212,0
14213,2
14214,2
14215,1
14216,2
14217,1
14218,1
14219,0
14220,1
14221,2
14222,1
14223,1
14224,2
14225,2
14226,2
14227,0
14228,0
14229,1
14230,1
14231,0
14232,0
14233,1
14234,1
14235,1
14236,1
14237,2
14238,0
14239,1
14240,0
14241,1
14242,2
14243,1
14244,0
14245,0
14246,0
14247,0
14248,2
14249,0
14250,1
14251,0
14252,1
14253,0
14254,0
14255,0
14256,2
14257,2
14258,0
14259,0
14260,2
14261,2
14262,0
14263,1
14264,1
14265,1
14266,0
14267,0
14268,1
14269,2
14270,1
14271,1
14272,1
14273,0
14274,1
14275,1
14276,0
14277,2
14278,0
14279,0
14280,1
14281,0
14282,2
14283,2
14284,1
14285,2
14286,1
14287,2
14288,1
14289,1
14290,2
14291,0
14292,2
14293,1
14294,0
14295,1
14296,1
14297,2
14298,1
14299,1
14300,1
14301,0
14302,0
14303,0
14304,1
14305,1
14306,1
14307,2
14308,2
14309,0
14310,1
14311,0
14312,0
14313,1
14314,1
14315,0
14316,2
14317,0
14318,0
14319,1
14320,2
14321,1
14322,2
14323,0
14324,0
14325,1
14326,2
14327,0
14328,0
14329,1
14330,1
14331,2
14332,0
14333,1
14334,2
14335,2
14336,0
14337,1
14338,2
14339,2
14340,2
14341,1
14342,1
14343,1
14344,2
14345,1
14346,2
14347,1
14348,0
14349,1
14350,1
14351,0
14352,2
14353,1
14354,1
14355,1
14356,1
14357,0
14358,1
14359,0
14360,1
14361,1
14362,1
14363,0
14364,0
14365,2
14366,2
14367,2
14368,1
14369,0
14370,0
14371,0
14372,1
14373,1
14374,2
14375,1
14376,0
14377,0
14378,0
14379,0
14380,1
14381,1
14382,2
14383,2
14384,0
14385,1
14386,0
14387,1
14388,1
14389,2
14390,1
14391,1
14392,1
14393,2
14394,2
14395,2
14396,0
14397,2
14398,0
14399,1
14400,1
14401,1
14402,2
14403,1
14404,1
14405,0
14406,1
14407,2
14408,0
14409,1
14410,1
14411,0
14412,1
14413,1
14414,0
14415,2
14416,1
14417,2
14418,1
14419,0
14420,1
14421,2
14422,0
14423,0
14424,1
14425,1
14426,0
14427,1
14428,0
14429,2
14430,2
14431,0
14432,2
14433,0
14434,2
14435,0
14436,2
14437,1
14438,1
14439,0
14440,2
14441,2
14442,1
14443,1
14444,2
14445,0
14446,1
14447,0
14448,1
14449,2
14450,0
14451,0
14452,1
14453,2
14454,1
14455,1
14456,1
14457,0
14458,0
14459,0
14460,0
14461,0
14462,1
14463,1
14464,0
14465,1
14466,0
14467,2
14468,2
14469,1
14470,2
14471,1
14472,1
14473,1
14474,2
14475,0
14476,1
14477,0
14478,1
14479,2
14480,1
14481,0
14482,2
14483,0
14484,0
14485,2
14486,2
14487,0
14488,0
14489,0
14490,0
14491,1
14492,2
14493,1
14494,0
14495,2
14496,0
14497,2
14498,0
14499,1
14500,1
14501,1
14502,2
14503,0
14504,1
14505,1
14506,1
14507,1
14508,2
14509,1
14510,0
14511,0
14512,1
14513,2
14514,2
14515,1
14516,0
14517,2
14518,1
14519,2
14520,0
14521,0
14522,2
14523,1
14524,2
14525,2
14526,1
14527,2
14528,2
14529,0
14530,2
14531,1
14532,1
14533,2
14534,2
14535,0
14536,1
14537,0
14538,2
14539,1
14540,0
14541,1
14542,1
14543,0
14544,2
14545,0
14546,2
14547,0
14548,0
14549,2
14550,1
14551,1
14552,1
14553,0
14554,1
14555,1
14556,0
14557,2
14558,1
14559,0
14560,1
14561,0
14562,0
14563,0
14564,0
14565,1
14566,0
14567,1
14568,2
14569,1
14570,1
14571,2
14572,0
14573,1
14574,2
14575,1
14576,0
14577,1
14578,1
14579,2
14580,2
14581,2
14582,1
14583,0
14584,0
14585,2
14586,1
14587,1
14588,1
14589,2
14590,2
14591,1
14592,1
14593,0
14594,0
14595,2
14596,0
14597,0
14598,0
14599,1
14600,1
14601,1
14602,0
14603,2
14604,1
14605,1
14606,0
14607,1
14608,0
14609,2
14610,0
14611,0
14612,2
14613,1
14614,2
14615,1
14616,0
14617,1
14618,1
14619,0
14620,1
14621,1
14622,1
14623,2
14624,1
14625,2
14626,0
14627,1
14628,2
14629,2
14630,1
14631,2
14632,1
14633,0
14634,0
14635,2
14636,2
14637,0
14638,1
14639,0
14640,1
14641,0
14642,0
14643,2
14644,0
14645,2
14646,0
14647,1
14648,0
14649,1
14650,1
14651,2
14652,1
14653,0
14654,0
14655,1
14656,0
14657,2
14658,2
14659,0
14660,1
14661,0
14662,1
14663,0
14664,0
14665,0
14666,1
14667,1
14668,2
14669,1
14670,0
14671,0
14672,1
14673,1
14674,2
14675,1
14676,0
14677,2
14678,0
14679,2
14680,1
14681,1
14682,0
14683,2
14684,2
14685,1
14686,0
14687,0
14688,2
14689,1
14690,0
14691,1
14692,0
14693,1
14694,1
14695,2
14696,2
14697,1
14698,1
14699,0
14700,1
14701,2
14702,2
14703,1
14704,1
14705,1
14706,0
14707,1
14708,1
14709,0
14710,1
14711,1
14712,1
14713,1
14714,2
14715,0
14716,2
14717,0
14718,0
14719,0
14720,2
14721,2
14722,2
14723,0
14724,1
14725,2
14726,0
14727,1
14728,1
14729,1
14730,1
14731,1
14732,0
14733,0
14734,0
14735,2
14736,2
14737,2
14738,0
14739,2
14740,1
14741,1
14742,1
14743,2
14744,1
14745,1
14746,2
14747,2
14748,1
14749,0
14750,0
14751,2
14752,2
14753,1
14754,1
14755,0
14756,0
14757,1
14758,0
14759,0
14760,1
14761,2
14762,2
14763,2
14764,0
14765,1
14766,2
14767,0
14768,2
14769,2
14770,0
14771,2
14772,1
14773,1
14774,0
14775,0
14776,1
14777,1
14778,2
14779,1
14780,2
14781,0
14782,1
14783,1
14784,2
14785,1
14786,2
14787,0
14788,1
14789,1
14790,0
14791,2
14792,2
14793,0
14794,1
14795,1
14796,1
14797,0
14798,1
14799,1
14800,1
14801,1
14802,2
14803,2
14804,2
14805,2
14806,2
14807,0
14808,0
14809,0
14810,1
14811,0
14812,2
14813,2
14814,0
14815,1
14816,1
14817,2
14818,0
14819,1
14820,1
14821,2
14822,0
14823,0
14824,1
14825,0
14826,2
14827,1
14828,1
14829,0
14830,1
14831,1
14832,0
14833,2
14834,0
14835,2
14836,0
14837,0
14838,1
14839,0
14840,1
14841,2
14842,1
14843,2
14844,0
14845,1
14846,1
14847,2
14848,0
14849,2
14850,0
14851,1
14852,1
14853,1
14854,0
14855,0
14856,1
14857,1
14858,2
14859,2
14860,0
14861,2
14862,0
14863,1
14864,1
14865,2
14866,2
14867,0
14868,1
14869,0
14870,1
14871,2
14872,0
14873,2
14874,0
14875,1
14876,1
14877,2
14878,0
14879,0
14880,0
14881,1
14882,0
14883,0
14884,0
14885,2
14886,1
14887,1
14888,0
14889,0
14890,0
14891,1
14892,0
14893,1
14894,1
14895,2
14896,0
14897,2
14898,1
14899,0
14900,0
14901,0
14902,2
14903,0
14904,1
14905,0
14906,0
14907,0
14908,1
14909,0
14910,0
14911,0
14912,2
14913,2
14914,1
14915,1
14916,0
14917,1
14918,0
14919,0
14920,1
14921,0
14922,1
14923,1
14924,2
14925,2
14926,1
14927,2
14928,1
14929,1
14930,2
14931,2
14932,1
14933,0
14934,2
14935,0
14936,2
14937,0
14938,1
14939,2
14940,0
14941,0
14942,0
14943,2
14944,0
14945,2
14946,1
14947,0
14948,0
14949,0
14950,1
14951,1
14952,0
14953,2
14954,0
14955,0
14956,1
14957,1
14958,1
14959,1
14960,2
14961,1
14962,1
14963,1
14964,1
14965,1
14966,2
14967,1
14968,2
14969,0
14970,2
14971,1
14972,0
14973,1
14974,0
14975,2
14976,2
14977,2
14978,2
14979,1
14980,0
14981,2
14982,0
14983,2
14984,1
14985,0
14986,2
14987,1
14988,0
14989,2
14990,0
14991,2
14992,0
14993,0
14994,0
14995,1
14996,2
14997,2
14998,1
14999,1
15000,2
15001,1
15002,2
15003,0
15004,1
15005,1
15006,1
15007,1
15008,2
15009,1
15010,2
15011,0
15012,1
15013,1
15014,1
15015,1
15016,0
15017,1
15018,1
15019,1
15020,1
15021,2
15022,1
15023,0
15024,0
15025,2
15026,2
15027,1
15028,0
15029,0
15030,0
15031,1
15032,2
15033,1
15034,2
15035,0
15036,1
15037,0
15038,1
15039,1
15040,2
15041,0
15042,0
15043,2
15044,2
15045,1
15046,0
15047,1
15048,0
15049,1
15050,1
15051,1
15052,0
15053,0
15054,1
15055,0
15056,1
15057,1
15058,1
15059,2
15060,1
15061,2
15062,2
15063,1
15064,1
15065,2
15066,0
15067,2
15068,1
15069,1
15070,1
15071,1
15072,1
15073,2
15074,2
15075,1
15076,1
15077,2
15078,1
15079,1
15080,0
15081,0
15082,1
15083,0
15084,0
15085,0
15086,1
15087,1
15088,0
15089,1
15090,0
15091,0
15092,1
15093,1
15094,0
15095,0
15096,1
15097,2
15098,1
15099,2
15100,1
15101,1
15102,1
15103,0
15104,0
15105,0
15106,2
15107,2
15108,0
15109,1
15110,1
15111,2
15112,1
15113,2
15114,1
15115,1
15116,0
15117,0
15118,1
15119,1
15120,1
15121,2
15122,2
15123,0
15124,2
15125,0
15126,2
15127,0
15128,1
15129,0
15130,0
15131,0
15132,2
15133,1
15134,0
15135,1
15136,0
15137,1
15138,2
15139,1
15140,0
15141,2
15142,0
15143,0
15144,0
15145,1
15146,0
15147,2
15148,2
15149,0
15150,0
15151,2
15152,0
15153,2
15154,2
15155,0
15156,0
15157,0
15158,2
15159,0
15160,0
15161,1
15162,1
15163,2
15164,1
15165,2
15166,0
15167,2
15168,1
15169,1
15170,1
15171,0
15172,2
15173,0
15174,0
15175,1
15176,2
15177,1
15178,1
15179,1
15180,2
15181,2
15182,2
15183,1
15184,1
15185,2
15186,2
15187,0
15188,2
15189,2
15190,2
15191,2
15192,0
15193,1
15194,2
15195,0
15196,0
15197,2
15198,2
15199,0
15200,1
15201,1
15202,1
15203,0
15204,2
15205,0
15206,0
15207,1
15208,2
15209,1
15210,2
15211,2
15212,0
15213,1
15214,1
15215,2
15216,0
15217,0
15218,0
15219,1
15220,0
15221,1
15222,1
15223,1
15224,0
15225,0
15226,0
15227,0
15228,1
15229,1
15230,1
15231,0
15232,0
15233,0
15234,0
15235,0
15236,1
15237,0
15238,2
15239,0
15240,0
15241,1
15242,0
15243,1
15244,0
15245,1
15246,0
15247,2
15248,1
15249,1
15250,1
15251,2
15252,2
15253,1
15254,1
15255,0
15256,1
15257,1
15258,0
15259,0
15260,1
15261,1
15262,1
15263,1
15264,0
15265,0
15266,1
15267,0
15268,2
15269,2
15270,1
15271,0
15272,1
15273,0
15274,1
15275,1
15276,2
15277,1
15278,0
15279,1
15280,1
15281,0
15282,0
15283,1
15284,1
15285,0
15286,0
15287,1
15288,1
15289,1
15290,1
15291,1
15292,2
15293,0
15294,2
15295,1
15296,1
15297,2
15298,1
15299,0
15300,0
15301,1
15302,1
15303,1
15304,1
15305,1
15306,0
15307,1
15308,2
15309,1
15310,0
15311,2
15312,2
15313,2
15314,1
15315,1
15316,1
15317,1
15318,0
15319,1
15320,1
15321,2
15322,1
15323,1
15324,1
15325,2
15326,1
15327,1
15328,2
15329,0
15330,2
15331,2
15332,2
15333,0
15334,0
15335,1
15336,0
15337,0
15338,2
15339,2
15340,0
15341,1
15342,0
15343,2
15344,1
15345,1
15346,0
15347,1
15348,0
15349,1
15350,0
15351,0
15352,0
15353,1
15354,0
15355,1
15356,1
15357,1
15358,1
15359,0
15360,0
15361,2
15362,2
15363,0
15364,2
15365,1
15366,2
15367,2
15368,1
15369,2
15370,2
15371,1
15372,1
15373,2
15374,1
15375,2
15376,0
15377,1
15378,1
15379,2
15380,0
15381,1
15382,0
15383,2
15384,2
15385,0
15386,2
15387,2
15388,0
15389,1
15390,2
15391,0
15392,1
15393,2
15394,1
15395,1
15396,1
15397,1
15398,1
15399,2
15400,2
15401,1
15402,1
15403,0
15404,2
15405,2
15406,0
15407,2
15408,1
15409,2
15410,0
15411,2
15412,2
15413,0
15414,1
15415,1
15416,1
15417,0
15418,0
15419,1
15420,1
15421,2
15422,1
15423,1
15424,1
15425,1
15426,1
15427,2
15428,1
15429,0
15430,1
15431,2
15432,2
15433,1
15434,2
15435,2
15436,1
15437,2
15438,1
15439,2
15440,1
15441,1
15442,2
15443,1
15444,0
15445,1
15446,0
15447,1
15448,1
15449,1
15450,1
15451,1
15452,2
15453,1
15454,2
15455,2
15456,1
15457,1
15458,0
15459,0
15460,0
15461,0
15462,2
15463,0
15464,1
15465,1
15466,0
15467,1
15468,0
15469,1
15470,1
15471,1
15472,1
15473,2
15474,1
15475,0
15476,1
15477,1
15478,0
15479,2
15480,1
15481,1
15482,0
15483,2
15484,2
15485,1
15486,2
15487,1
15488,1
15489,2
15490,0
15491,1
15492,1
15493,2
15494,2
15495,2
15496,1
15497,2
15498,2
15499,1
15500,1
15501,0
15502,1
15503,2
15504,0
15505,0
15506,1
15507,0
15508,0
15509,0
15510,0
15511,2
15512,0
15513,0
15514,2
15515,0
15516,2
15517,1
15518,2
15519,2
15520,0
15521,0
15522,0
15523,0
15524,1
15525,1
15526,1
15527,1
15528,0
15529,2
15530,0
15531,2
15532,2
15533,1
15534,0
15535,2
15536,2
15537,1
15538,1
15539,0
15540,0
15541,0
15542,2
15543,1
15544,1
15545,2
15546,1
15547,0
15548,1
15549,1
15550,2
15551,0
15552,2
15553,1
15554,1
15555,0
15556,0
15557,1
15558,1
15559,2
15560,1
15561,2
15562,2
15563,1
15564,1
15565,2
15566,1
15567,0
15568,2
15569,2
15570,1
15571,1
15572,0
15573,0
15574,2
15575,2
15576,0
15577,1
15578,2
15579,0
15580,0
15581,2
15582,0
15583,0
15584,1
15585,2
15586,2
15587,2
15588,0
15589,0
15590,0
15591,0
15592,1
15593,0
15594,1
15595,1
15596,0
15597,2
15598,0
15599,1
15600,0
15601,0
15602,1
15603,1
15604,2
15605,0
15606,0
15607,0
15608,0
15609,1
15610,1
15611,2
15612,1
15613,1
15614,2
15615,1
15616,1
15617,2
15618,0
15619,0
15620,0
15621,0
15622,2
15623,2
15624,1
15625,1
15626,1
15627,0
15628,2
15629,2
15630,0
15631,2
15632,1
15633,1
15634,2
15635,1
15636,2
15637,2
15638,1
15639,2
15640,0
15641,0
15642,1
15643,0
15644,2
15645,1
15646,1
15647,1
15648,1
15649,1
15650,1
15651,2
15652,1
15653,1
15654,0
15655,1
15656,0
15657,1
15658,1
15659,0
15660,2
15661,1
15662,1
15663,2
15664,0
15665,0
15666,2
15667,1
15668,2
15669,0
15670,2
15671,2
15672,1
15673,0
15674,1
15675,2
15676,1
15677,2
15678,2
15679,0
15680,0
15681,0
15682,1
15683,2
15684,0
15685,0
15686,2
15687,1
15688,0
15689,2
15690,2
15691,0
15692,2
15693,1
15694,1
15695,0
15696,0
15697,1
15698,2
15699,0
15700,1
15701,1
15702,2
15703,1
15704,0
15705,1
15706,2
15707,1
15708,1
15709,2
15710,2
15711,0
15712,1
15713,2
15714,2
15715,2
15716,1
15717,2
15718,1
15719,2
15720,2
15721,0
15722,0
15723,1
15724,0
15725,0
15726,0
15727,2
15728,1
15729,2
15730,0
15731,1
15732,2
15733,2
15734,1
15735,0
15736,2
15737,1
15738,2
15739,0
15740,1
15741,0
15742,1
15743,2
15744,0
15745,2
15746,0
15747,0
15748,0
15749,2
15750,2
15751,1
15752,0
15753,0
15754,2
15755,1
15756,0
15757,1
15758,2
15759,1
15760,1
15761,0
15762,2
15763,0
15764,2
15765,0
15766,1
15767,1
15768,1
15769,1
15770,1
15771,1
15772,1
15773,1
15774,0
15775,1
15776,1
15777,2
15778,0
15779,2
15780,1
15781,1
15782,2
15783,2
15784,1
15785,0
15786,0
15787,1
15788,1
15789,1
15790,2
15791,2
15792,0
15793,0
15794,0
15795,2
15796,1
15797,1
15798,2
15799,0
15800,2
15801,0
15802,0
15803,2
15804,0
15805,2
15806,0
15807,0
15808,2
15809,1
15810,0
15811,0
15812,2
15813,1
15814,1
15815,1
15816,2
15817,2
15818,1
15819,2
15820,1
15821,2
15822,0
15823,0
15824,1
15825,2
15826,2
15827,0
15828,2
15829,0
15830,0
15831,0
15832,2
15833,1
15834,1
15835,0
15836,1
15837,1
15838,2
15839,2
15840,0
15841,2
15842,2
15843,1
15844,1
15845,2
15846,0
15847,1
15848,1
15849,2
15850,1
15851,0
15852,0
15853,1
15854,0
15855,0
15856,2
15857,0
15858,1
15859,0
15860,1
15861,0
15862,1
15863,1
15864,2
15865,0
15866,1
15867,1
15868,1
15869,1
15870,2
15871,1
15872,1
15873,2
15874,2
15875,0
15876,2
15877,2
15878,0
15879,0
15880,2
15881,0
15882,1
15883,0
15884,0
15885,1
15886,1
15887,2
15888,2
15889,1
15890,1
15891,1
15892,1
15893,2
15894,1
15895,1
15896,1
15897,0
15898,1
15899,0
15900,1
15901,0
15902,1
15903,0
15904,1
15905,1
15906,1
15907,2
15908,2
15909,0
15910,0
15911,1
15912,0
15913,0
15914,1
15915,2
15916,0
15917,0
15918,2
15919,0
15920,0
15921,0
15922,0
15923,1
15924,2
15925,0
15926,2
15927,0
15928,2
15929,2
15930,0
15931,0
15932,1
15933,2
15934,0
15935,0
15936,2
15937,2
15938,2
15939,2
15940,1
15941,2
15942,1
15943,0
15944,2
15945,0
15946,1
15947,1
15948,2
15949,1
15950,2
15951,0
15952,0
15953,2
15954,2
15955,2
15956,2
15957,2
15958,1
15959,1
15960,2
15961,1
15962,0
15963,1
15964,0
15965,2
15966,2
15967,1
15968,2
15969,0
15970,2
15971,1
15972,1
15973,0
15974,2
15975,1
15976,2
15977,1
15978,1
15979,2
15980,0
15981,0
15982,0
15983,1
15984,2
15985,0
15986,0
15987,1
15988,1
15989,1
15990,1
15991,0
15992,1
15993,1
15994,1
15995,2
15996,1
15997,1
15998,2
15999,1
16000,0
16001,0
16002,1
16003,0
16004,0
16005,1
16006,1
16007,1
16008,1
16009,0
16010,1
16011,2
16012,2
16013,0
16014,0
16015,1
16016,1
16017,0
16018,0
16019,2
16020,1
16021,0
16022,1
16023,0
16024,0
16025,2
16026,2
16027,2
16028,0
16029,0
16030,1
16031,2
16032,1
16033,1
16034,0
16035,2
16036,2
16037,2
16038,2
16039,1
16040,0
16041,2
16042,1
16043,0
16044,1
16045,1
16046,0
16047,0
16048,1
16049,2
16050,1
16051,2
16052,2
16053,1
16054,1
16055,1
16056,0
16057,1
16058,2
16059,1
16060,1
16061,1
16062,0
16063,2
16064,1
16065,2
16066,0
16067,2
16068,0
16069,0
16070,0
16071,2
16072,1
16073,0
16074,2
16075,2
16076,0
16077,1
16078,0
16079,1
16080,1
16081,2
16082,1
16083,2
16084,0
16085,2
16086,1
16087,2
16088,1
16089,2
16090,1
16091,0
16092,0
16093,1
16094,1
16095,0
16096,2
16097,1
16098,2
16099,1
16100,1
16101,1
16102,0
16103,0
16104,2
16105,1
16106,0
16107,0
16108,1
16109,1
16110,0
16111,2
16112,2
16113,0
16114,2
16115,2
16116,1
16117,1
16118,0
16119,1
16120,2
16121,1
16122,2
16123,1
16124,2
16125,0
16126,2
16127,1
16128,1
16129,2
16130,2
16131,1
16132,0
16133,1
16134,0
16135,1
16136,2
16137,0
16138,2
16139,0
16140,0
16141,1
16142,1
16143,2
16144,1
16145,0
16146,1
16147,0
16148,0
16149,1
16150,1
16151,1
16152,1
16153,0
16154,1
16155,1
16156,2
16157,2
16158,1
16159,2
16160,2
16161,2
16162,0
16163,2
16164,0
16165,0
16166,0
16167,0
16168,0
16169,0
16170,1
16171,2
16172,1
16173,1
16174,2
16175,2
16176,2
16177,2
16178,0
16179,2
16180,0
16181,1
16182,0
16183,0
16184,0
16185,2
16186,2
16187,2
16188,0
16189,2
16190,1
16191,0
16192,1
16193,1
16194,0
16195,1
16196,1
16197,0
16198,1
16199,0
16200,0
16201,1
16202,2
16203,0
16204,0
16205,1
16206,1
16207,0
16208,2
16209,0
16210,1
16211,0
16212,1
16213,1
16214,2
16215,0
16216,0
16217,1
16218,2
16219,0
16220,2
16221,1
16222,2
16223,1
16224,2
16225,1
16226,2
16227,1
16228,2
16229,1
16230,1
16231,2
16232,0
16233,0
16234,2
16235,0
16236,1
16237,0
16238,0
16239,0
16240,0
16241,0
16242,1
16243,0
16244,2
16245,0
16246,0
16247,1
16248,1
16249,0
16250,1
16251,0
16252,0
16253,0
16254,0
16255,0
16256,1
16257,0
16258,0
16259,0
16260,2
16261,0
16262,2
16263,0
16264,2
16265,0
16266,2
16267,2
16268,0
16269,1
16270,2
16271,1
16272,0
16273,0
16274,1
16275,2
16276,1
16277,0
16278,0
16279,2
16280,0
16281,2
16282,1
16283,1
16284,2
16285,1
16286,1
16287,1
16288,1
16289,1
16290,0
16291,2
16292,2
16293,1
16294,0
16295,1
16296,0
16297,2
16298,0
16299,2
16300,1
16301,0
16302,0
16303,2
16304,0
16305,2
16306,0
16307,0
16308,2
16309,0
16310,1
16311,1
16312,0
16313,1
16314,1
16315,2
16316,0
16317,1
16318,2
16319,1
16320,2
16321,0
16322,0
16323,0
16324,2
16325,0
16326,2
16327,2
16328,0
16329,1
16330,0
16331,1
16332,0
16333,0
16334,0
16335,0
16336,2
16337,0
16338,0
16339,0
16340,1
16341,1
16342,1
16343,1
16344,1
16345,0
16346,2
16347,2
16348,0
16349,1
16350,2
16351,0
16352,2
16353,1
16354,0
16355,0
16356,1
16357,1
16358,0
16359,1
16360,1
16361,1
16362,1
16363,0
16364,2
16365,0
16366,1
16367,0
16368,2
16369,2
16370,1
16371,1
16372,2
16373,2
16374,0
16375,0
16376,1
16377,2
16378,2
16379,1
16380,1
16381,1
16382,1
16383,1
16384,2
16385,1
16386,0
16387,0
16388,2
16389,0
16390,0
16391,2
16392,1
16393,2
16394,0
16395,1
16396,1
16397,0
16398,1
16399,1
16400,0
16401,1
16402,1
16403,0
16404,1
16405,0
16406,0
16407,2
16408,0
16409,1
16410,0
16411,1
16412,0
16413,2
16414,0
16415,1
16416,1
16417,1
16418,0
16419,1
16420,2
16421,1
16422,2
16423,1
16424,2
16425,0
16426,2
16427,0
16428,2
16429,1
16430,1
16431,0
16432,0
16433,2
16434,0
16435,0
16436,0
16437,0
16438,1
16439,1
16440,2
16441,1
16442,0
16443,0
16444,0
16445,2
16446,2
16447,1
16448,2
16449,2
16450,1
16451,1
16452,1
16453,2
16454,0
16455,1
16456,1
16457,0
16458,2
16459,0
16460,0
16461,0
16462,1
16463,2
16464,1
16465,2
16466,2
16467,1
16468,0
16469,2
16470,0
16471,1
16472,1
16473,0
16474,2
16475,0
16476,2
16477,1
16478,1
16479,0
16480,0
16481,2
16482,2
16483,2
16484,0
16485,1
16486,2
16487,0
16488,0
16489,0
16490,1
16491,0
16492,0
16493,0
16494,0
16495,0
16496,2
16497,2
16498,0
16499,0
16500,0
16501,2
16502,2
16503,1
16504,1
16505,0
16506,2
16507,1
16508,2
16509,0
16510,0
16511,0
16512,2
16513,1
16514,2
16515,1
16516,1
16517,0
16518,1
16519,0
16520,0
16521,0
16522,1
16523,0
16524,1
16525,1
16526,0
16527,1
16528,1
16529,1
16530,2
16531,1
16532,2
16533,1
16534,2
16535,1
16536,2
16537,1
16538,0
16539,0
16540,1
16541,1
16542,2
16543,2
16544,1
16545,1
16546,2
16547,2
16548,2
16549,0
16550,2
16551,1
16552,2
16553,0
16554,1
16555,2
16556,0
16557,0
16558,1
16559,2
16560,1
16561,1
16562,0
16563,2
16564,0
16565,0
16566,1
16567,2
16568,1
16569,1
16570,1
16571,1
16572,2
16573,2
16574,1
16575,2
16576,2
16577,0
16578,1
16579,0
16580,0
16581,1
16582,2
16583,2
16584,2
16585,1
16586,1
16587,0
16588,2
16589,0
16590,1
16591,2
16592,1
16593,0
16594,0
16595,0
16596,1
16597,2
16598,2
16599,2
16600,0
16601,1
16602,1
16603,1
16604,1
16605,2
16606,1
16607,2
16608,2
16609,2
16610,2
16611,0
16612,1
16613,1
16614,0
16615,2
16616,2
16617,2
16618,0
16619,0
16620,2
16621,1
16622,0
16623,2
16624,2
16625,1
16626,1
16627,1
16628,1
16629,1
16630,0
16631,1
16632,2
16633,0
16634,0
16635,2
16636,1
16637,1
16638,1
16639,0
16640,0
16641,1
16642,1
16643,1
16644,2
16645,2
16646,1
16647,2
16648,0
16649,0
16650,2
16651,1
16652,2
16653,0
16654,0
16655,1
16656,1
16657,2
16658,1
16659,1
16660,2
16661,2
16662,1
16663,1
16664,1
16665,1
16666,2
16667,1
16668,2
16669,0
16670,0
16671,1
16672,2
16673,2
16674,1
16675,1
16676,0
16677,0
16678,1
16679,0
16680,2
16681,0
16682,1
16683,2
16684,1
16685,2
16686,1
16687,1
16688,1
16689,1
16690,2
16691,0
16692,2
16693,1
16694,0
16695,1
16696,0
16697,1
16698,1
16699,1
16700,2
16701,2
16702,1
16703,0
16704,1
16705,1
16706,1
16707,0
16708,2
16709,1
16710,2
16711,2
16712,1
16713,2
16714,2
16715,2
16716,1
16717,2
16718,1
16719,0
16720,2
16721,1
16722,0
16723,1
16724,2
16725,1
16726,1
16727,0
16728,0
16729,1
16730,0
16731,0
16732,0
16733,1
16734,0
16735,0
16736,2
16737,0
16738,0
16739,2
16740,1
16741,1
16742,2
16743,2
16744,2
16745,1
16746,2
16747,0
16748,1
16749,0
16750,2
16751,1
16752,0
16753,1
16754,1
16755,1
16756,1
16757,1
16758,0
16759,0
16760,2
16761,1
16762,1
16763,1
16764,0
16765,0
16766,2
16767,0
16768,0
16769,1
16770,1
16771,1
16772,2
16773,0
16774,1
16775,1
16776,2
16777,2
16778,1
16779,0
16780,1
16781,1
16782,1
16783,0
16784,1
16785,2
16786,0
16787,1
16788,1
16789,0
16790,1
16791,0
16792,1
16793,2
16794,2
16795,0
16796,2
16797,1
16798,0
16799,1
16800,1
16801,1
16802,2
16803,0
16804,1
16805,1
16806,2
16807,0
16808,1
16809,1
16810,0
16811,2
16812,2
16813,2
16814,1
16815,1
16816,0
16817,2
16818,1
16819,1
16820,0
16821,1
16822,1
16823,1
16824,2
16825,0
16826,2
16827,1
16828,1
16829,0
16830,1
16831,1
16832,2
16833,2
16834,2
16835,1
16836,0
16837,1
16838,1
16839,0
16840,0
16841,0
16842,1
16843,1
16844,1
16845,2
16846,1
16847,2
16848,2
16849,0
16850,1
16851,2
16852,2
16853,2
16854,0
16855,2
16856,2
16857,0
16858,1
16859,1
16860,0
16861,0
16862,2
16863,1
16864,0
16865,1
16866,1
16867,0
16868,1
16869,0
16870,2
16871,0
16872,0
16873,0
16874,2
16875,0
16876,1
16877,1
16878,2
16879,2
16880,0
16881,2
16882,0
16883,0
16884,0
16885,0
16886,2
16887,2
16888,0
16889,1
16890,1
16891,0
16892,2
16893,0
16894,1
16895,2
16896,2
16897,0
16898,0
16899,0
16900,2
16901,1
16902,2
16903,1
16904,1
16905,1
16906,0
16907,2
16908,0
16909,2
16910,0
16911,0
16912,0
16913,1
16914,0
16915,0
16916,0
16917,0
16918,2
16919,0
16920,1
16921,1
16922,2
16923,0
16924,0
16925,0
16926,0
16927,0
16928,1
16929,2
16930,1
16931,0
16932,1
16933,0
16934,1
16935,1
16936,2
16937,0
16938,0
16939,1
16940,1
16941,1
16942,0
16943,0
16944,1
16945,0
16946,0
16947,2
16948,0
16949,1
16950,1
16951,1
16952,2
16953,1
16954,1
16955,1
16956,2
16957,2
16958,2
16959,0
16960,1
16961,2
16962,0
16963,0
16964,1
16965,1
16966,1
16967,0
16968,2
16969,2
16970,1
16971,2
16972,2
16973,0
16974,0
16975,0
16976,0
16977,2
16978,0
16979,0
16980,1
16981,0
16982,0
16983,1
16984,1
16985,0
16986,0
16987,2
16988,1
16989,0
16990,2
16991,0
16992,0
16993,0
16994,2
16995,0
16996,0
16997,2
16998,0
16999,0
17000,1
17001,1
17002,0
17003,1
17004,0
17005,2
17006,2
17007,0
17008,2
17009,1
17010,1
17011,1
17012,0
17013,2
17014,2
17015,1
17016,1
17017,2
17018,0
17019,2
17020,2
17021,0
17022,1
17023,0
17024,1
17025,0
17026,1
17027,2
17028,2
17029,0
17030,0
17031,2
17032,1
17033,1
17034,1
17035,0
17036,0
17037,1
17038,0
17039,2
17040,0
17041,0
17042,0
17043,0
17044,2
17045,0
17046,0
17047,1
17048,1
17049,2
17050,2
17051,0
17052,2
17053,0
17054,0
17055,1
17056,0
17057,2
17058,0
17059,0
17060,2
17061,1
17062,1
17063,2
17064,1
17065,2
17066,1
17067,0
17068,1
17069,1
17070,1
17071,1
17072,0
17073,0
17074,0
17075,0
17076,1
17077,2
17078,0
17079,0
17080,0
17081,0
17082,1
17083,0
17084,1
17085,2
17086,0
17087,2
17088,0
17089,0
17090,0
17091,0
17092,1
17093,2
17094,0
17095,0
17096,1
17097,1
17098,0
17099,1
17100,1
17101,0
17102,1
17103,2
17104,1
17105,1
17106,0
17107,0
17108,2
17109,1
17110,0
17111,1
17112,0
17113,1
17114,1
17115,0
17116,1
17117,2
17118,1
17119,2
17120,1
17121,2
17122,1
17123,1
17124,0
17125,1
17126,1
17127,0
17128,0
17129,1
17130,2
17131,0
17132,2
17133,0
17134,2
17135,2
17136,1
17137,2
17138,0
17139,0
17140,0
17141,1
17142,0
17143,2
17144,2
17145,1
17146,2
17147,0
17148,2
17149,0
17150,2
17151,0
17152,2
17153,2
17154,0
17155,0
17156,0
17157,0
17158,2
17159,2
17160,0
17161,1
17162,0
17163,0
17164,2
17165,0
17166,0
17167,1
17168,1
17169,2
17170,2
17171,0
17172,0
17173,1
17174,2
17175,0
17176,1
17177,2
17178,2
17179,1
17180,0
17181,1
17182,2
17183,0
17184,1
17185,2
17186,1
17187,0
17188,0
17189,1
17190,1
17191,0
17192,0
17193,2
17194,1
17195,1
17196,0
17197,0
17198,0
17199,1
17200,1
17201,0
17202,1
17203,1
17204,1
17205,0
17206,1
17207,0
17208,2
17209,1
17210,1
17211,1
17212,0
17213,0
17214,1
17215,0
17216,0
17217,0
17218,1
17219,2
17220,1
17221,2
17222,0
17223,1
17224,1
17225,0
17226,1
17227,0
17228,0
17229,0
17230,1
17231,1
17232,0
17233,0
17234,2
17235,1
17236,1
17237,1
17238,0
17239,1
17240,0
17241,2
17242,1
17243,0
17244,1
17245,2
17246,1
17247,0
17248,2
17249,2
17250,2
17251,0
17252,2
17253,1
17254,2
17255,2
17256,2
17257,1
17258,0
17259,2
17260,1
17261,1
17262,1
17263,1
17264,2
17265,2
17266,2
17267,1
17268,2
17269,1
17270,2
17271,1
17272,1
17273,2
17274,1
17275,1
17276,0
17277,2
17278,0
17279,1
17280,2
17281,2
17282,0
17283,1
17284,1
17285,2
17286,1
17287,2
17288,0
17289,2
17290,0
17291,2
17292,0
17293,0
17294,1
17295,2
17296,0
17297,2
17298,2
17299,1
17300,2
17301,1
17302,1
17303,1
17304,1
17305,1
17306,0
17307,0
17308,1
17309,2
17310,2
17311,0
17312,2
17313,1
17314,0
17315,1
17316,2
17317,1
17318,1
17319,1
17320,2
17321,1
17322,0
17323,0
17324,2
17325,0
17326,1
17327,1
17328,2
17329,2
17330,0
17331,1
17332,0
17333,0
17334,2
17335,1
17336,1
17337,1
17338,0
17339,2
17340,0
17341,2
17342,2
17343,2
17344,1
17345,1
17346,0
17347,2
17348,0
17349,2
17350,0
17351,2
17352,1
17353,1
17354,2
17355,1
17356,2
17357,0
17358,1
17359,1
17360,2
17361,2
17362,0
17363,2
17364,1
17365,1
17366,1
17367,1
17368,2
17369,0
17370,0
17371,0
17372,1
17373,1
17374,1
17375,0
17376,1
17377,1
17378,0
17379,2
17380,0
17381,1
17382,0
17383,0
17384,0
17385,0
17386,1
17387,1
17388,1
17389,0
17390,0
17391,1
17392,0
17393,0
17394,1
17395,1
17396,1
17397,1
17398,2
17399,0
17400,2
17401,2
17402,1
17403,2
17404,0
17405,2
17406,1
17407,1
17408,1
17409,1
17410,1
17411,0
17412,0
17413,0
17414,1
17415,1
17416,1
17417,1
17418,0
17419,1
17420,2
17421,0
17422,0
17423,0
17424,1
17425,1
17426,2
17427,1
17428,0
17429,0
17430,1
17431,2
17432,1
17433,1
17434,1
17435,0
17436,1
17437,2
17438,0
17439,2
17440,1
17441,2
17442,2
17443,1
17444,0
17445,1
17446,0
17447,0
17448,1
17449,2
17450,2
17451,0
17452,2
17453,0
17454,2
17455,2
17456,2
17457,0
17458,1
17459,2
17460,1
17461,0
17462,0
17463,2
17464,0
17465,0
17466,2
17467,2
17468,2
17469,2
17470,1
17471,1
17472,2
17473,1
17474,2
17475,0
17476,1
17477,2
17478,1
17479,1
17480,0
17481,0
17482,0
17483,2
17484,1
17485,1
17486,1
17487,1
17488,2
17489,0
17490,0
17491,0
17492,0
17493,0
17494,2
17495,1
17496,0
17497,0
17498,1
17499,0
17500,1
17501,2
17502,0
17503,1
17504,1
17505,2
17506,1
17507,2
17508,1
17509,2
17510,2
17511,1
17512,0
17513,1
17514,0
17515,0
17516,2
17517,2
17518,1
17519,0
17520,0
17521,1
17522,0
17523,2
17524,0
17525,0
17526,2
17527,0
17528,1
17529,1
17530,2
17531,0
17532,0
17533,1
17534,1
17535,0
17536,0
17537,1
17538,1
17539,1
17540,0
17541,0
17542,0
17543,0
17544,1
17545,1
17546,1
17547,2
17548,1
17549,2
17550,0
17551,0
17552,0
17553,0
17554,1
17555,1
17556,2
17557,0
17558,0
17559,0
17560,1
17561,1
17562,2
17563,0
17564,2
17565,1
17566,0
17567,2
17568,0
17569,2
17570,0
17571,0
17572,2
17573,0
17574,0
17575,0
17576,1
17577,0
17578,1
17579,1
17580,2
17581,2
17582,0
17583,1
17584,1
17585,1
17586,1
17587,1
17588,1
17589,2
17590,2
17591,0
17592,2
17593,1
17594,0
17595,0
17596,0
17597,0
17598,1
17599,0
17600,0
17601,2
17602,2
17603,0
17604,2
17605,1
17606,1
17607,2
17608,1
17609,1
17610,0
17611,1
17612,2
17613,1
17614,1
17615,1
17616,1
17617,1
17618,2
17619,2
17620,1
17621,0
17622,2
17623,1
17624,1
17625,1
17626,1
17627,1
17628,1
17629,1
17630,2
17631,0
17632,1
17633,1
17634,2
17635,0
17636,0
17637,0
17638,0
17639,2
17640,2
17641,1
17642,1
17643,1
17644,0
17645,0
17646,1
17647,1
17648,1
17649,0
17650,2
17651,0
17652,0
17653,2
17654,1
17655,0
17656,1
17657,1
17658,0
17659,2
17660,0
17661,1
17662,1
17663,2
17664,2
17665,1
17666,2
17667,0
17668,1
17669,0
17670,0
17671,0
17672,0
17673,2
17674,2
17675,0
17676,2
17677,0
17678,2
17679,2
17680,1
17681,2
17682,0
17683,1
17684,0
17685,0
17686,0
17687,0
17688,0
17689,0
17690,0
17691,2
17692,2
17693,0
17694,2
17695,0
17696,0
17697,1
17698,2
17699,0
17700,1
17701,0
17702,2
17703,1
17704,2
17705,1
17706,2
17707,0
17708,1
17709,1
17710,2
17711,0
17712,0
17713,2
17714,0
17715,2
17716,1
17717,1
17718,1
17719,2
17720,0
17721,1
17722,0
17723,2
17724,0
17725,2
17726,0
17727,0
17728,2
17729,1
17730,0
17731,1
17732,2
17733,0
17734,1
17735,0
17736,0
17737,1
17738,2
17739,2
17740,2
17741,2
17742,0
17743,1
17744,1
17745,0
17746,0
17747,0
17748,1
17749,0
17750,1
17751,1
17752,1
17753,0
17754,1
17755,0
17756,1
17757,2
17758,1
17759,1
17760,1
17761,2
17762,1
17763,1
17764,1
17765,2
17766,0
17767,1
17768,0
17769,1
17770,1
17771,1
17772,2
17773,2
17774,0
17775,2
17776,1
17777,1
17778,1
17779,2
17780,1
17781,0
17782,1
17783,0
17784,2
17785,0
17786,0
17787,2
17788,2
17789,1
17790,1
17791,0
17792,1
17793,2
17794,2
17795,1
17796,1
17797,2
17798,1
17799,0
17800,1
17801,1
17802,1
17803,1
17804,1
17805,0
17806,0
17807,2
17808,0
17809,0
17810,1
17811,0
17812,1
17813,2
17814,1
17815,0
17816,2
17817,1
17818,0
17819,0
17820,2
17821,1
17822,1
17823,0
17824,1
17825,2
17826,0
17827,1
17828,0
17829,0
17830,1
17831,2
17832,2
17833,0
17834,0
17835,2
17836,0
17837,1
17838,1
17839,0
17840,2
17841,2
17842,0
17843,0
17844,1
17845,0
17846,1
17847,2
17848,1
17849,1
17850,2
17851,2
17852,1
17853,0
17854,0
17855,1
17856,1
17857,2
17858,0
17859,1
17860,0
17861,1
17862,1
17863,0
17864,0
17865,2
17866,0
17867,0
17868,2
17869,0
17870,0
17871,0
17872,0
17873,1
17874,1
17875,0
17876,2
17877,2
17878,2
17879,1
17880,1
17881,1
17882,0
17883,1
17884,0
17885,0
17886,1
17887,1
17888,1
17889,2
17890,2
17891,1
17892,0
17893,0
17894,1
17895,0
17896,0
17897,2
17898,2
17899,2
17900,2
17901,1
17902,2
17903,0
17904,2
17905,0
17906,0
17907,2
17908,0
17909,0
17910,0
17911,2
17912,2
17913,1
17914,2
17915,0
17916,0
17917,0
17918,0
17919,0
17920,0
17921,1
17922,0
17923,0
17924,0
17925,1
17926,0
17927,2
17928,0
17929,1
17930,0
17931,2
17932,0
17933,2
17934,2
17935,2
17936,1
17937,1
17938,2
17939,0
17940,0
17941,2
17942,2
17943,2
17944,2
17945,2
17946,0
17947,1
17948,0
17949,1
17950,2
17951,0
17952,2
17953,1
17954,1
17955,1
17956,2
17957,0
17958,0
17959,0
17960,1
17961,0
17962,2
17963,0
17964,0
17965,2
17966,0
17967,1
17968,1
17969,2
17970,0
17971,2
17972,0
17973,0
17974,2
17975,2
17976,1
17977,1
17978,1
17979,1
17980,1
17981,0
17982,2
17983,1
17984,0
17985,1
17986,1
17987,1
17988,2
17989,1
17990,1
17991,1
17992,2
17993,1
17994,2
17995,0
17996,0
17997,1
17998,1
17999,1
18000,1
18001,1
18002,2
18003,2
18004,1
18005,1
18006,0
18007,1
18008,1
18009,2
18010,1
18011,2
18012,1
18013,0
18014,1
18015,0
18016,1
18017,2
18018,0
18019,1
18020,0
18021,0
18022,1
18023,0
18024,0
18025,1
18026,1
18027,0
18028,0
18029,1
18030,1
18031,2
18032,0
18033,1
18034,2
18035,2
18036,1
18037,0
18038,1
18039,0
18040,0
18041,0
18042,2
18043,2
18044,1
18045,2
18046,2
18047,2
18048,1
18049,1
18050,0
18051,0
18052,0
18053,1
18054,0
18055,0
18056,1
18057,0
18058,2
18059,2
18060,0
18061,0
18062,1
18063,0
18064,2
18065,0
18066,1
18067,0
18068,1
18069,1
18070,1
18071,0
18072,0
18073,0
18074,2
18075,1
18076,2
18077,1
18078,1
18079,1
18080,1
18081,2
18082,0
18083,0
18084,0
18085,0
18086,2
18087,0
18088,0
18089,1
18090,2
18091,2
18092,2
18093,2
18094,2
18095,1
18096,1
18097,2
18098,0
18099,2
18100,2
18101,0
18102,1
18103,1
18104,2
18105,0
18106,2
18107,1
18108,0
18109,0
18110,1
18111,2
18112,1
18113,0
18114,2
18115,0
18116,0
18117,2
18118,0
18119,0
18120,0
18121,0
18122,2
18123,2
18124,2
18125,0
18126,1
18127,1
18128,1
18129,1
18130,0
18131,0
18132,0
18133,0
18134,0
18135,0
18136,1
18137,2
18138,0
18139,0
18140,2
18141,1
18142,0
18143,0
18144,0
18145,0
18146,1
18147,0
18148,0
18149,1
18150,0
18151,1
18152,0
18153,1
18154,0
18155,0
18156,2
18157,0
18158,1
18159,2
18160,0
18161,0
18162,1
18163,1
18164,1
18165,1
18166,1
18167,1
18168,0
18169,1
18170,1
18171,1
18172,0
18173,0
18174,0
18175,0
18176,0
18177,0
18178,2
18179,0
18180,1
18181,0
18182,2
18183,2
18184,0
18185,0
18186,0
18187,2
18188,1
18189,2
18190,2
18191,0
18192,0
18193,0
18194,0
18195,1
18196,1
18197,0
18198,1
18199,0
18200,0
18201,0
18202,1
18203,1
18204,0
18205,0
18206,1
18207,2
18208,0
18209,1
18210,0
18211,2
18212,1
18213,2
18214,0
18215,0
18216,0
18217,2
18218,2
18219,1
18220,1
18221,0
18222,1
18223,0
18224,1
18225,0
18226,2
18227,2
18228,0
18229,1
18230,0
18231,0
18232,2
18233,2
18234,0
18235,2
18236,0
18237,1
18238,2
18239,2
18240,0
18241,1
18242,1
18243,0
18244,0
18245,0
18246,2
18247,0
18248,2
18249,2
18250,0
18251,0
18252,2
18253,0
18254,1
18255,2
18256,0
18257,2
18258,2
18259,0
18260,2
18261,1
18262,0
18263,0
18264,2
18265,2
18266,1
18267,0
18268,2
18269,1
18270,2
18271,1
18272,1
18273,0
18274,2
18275,1
18276,2
18277,2
18278,0
18279,1
18280,1
18281,0
18282,0
18283,0
18284,1
18285,1
18286,1
18287,0
18288,1
18289,2
18290,2
18291,0
18292,1
18293,2
18294,0
18295,0
18296,1
18297,1
18298,2
18299,1
18300,0
18301,0
18302,1
18303,0
18304,1
18305,2
18306,0
18307,1
18308,1
18309,0
18310,0
18311,0
18312,1
18313,0
18314,2
18315,2
18316,1
18317,0
18318,1
18319,2
18320,2
18321,0
18322,2
18323,0
18324,1
18325,0
18326,2
18327,2
18328,0
18329,1
18330,0
18331,2
18332,2
18333,0
18334,2
18335,0
18336,1
18337,1
18338,0
18339,2
18340,2
18341,0
18342,0
18343,0
18344,1
18345,2
18346,0
18347,0
18348,0
18349,1
18350,0
18351,2
18352,2
18353,0
18354,1
18355,1
18356,2
18357,1
18358,1
18359,1
18360,1
18361,0
18362,0
18363,0
18364,1
18365,2
18366,2
18367,2
18368,1
18369,0
18370,1
18371,1
18372,2
18373,2
18374,0
18375,1
18376,2
18377,2
18378,1
18379,0
18380,2
18381,2
18382,1
18383,0
18384,2
18385,1
18386,1
18387,1
18388,0
18389,1
18390,1
18391,1
18392,1
18393,0
18394,2
18395,1
18396,0
18397,0
18398,0
18399,1
18400,2
18401,0
18402,2
18403,0
18404,1
18405,1
18406,0
18407,0
18408,2
18409,0
18410,2
18411,1
18412,1
18413,1
18414,0
18415,2
18416,0
18417,0
18418,1
18419,0
18420,0
18421,2
18422,1
18423,0
18424,2
18425,0
18426,0
18427,2
18428,0
18429,1
18430,0
18431,1
18432,2
18433,1
18434,2
18435,1
18436,1
18437,0
18438,2
18439,0
18440,1
18441,1
18442,0
18443,0
18444,1
18445,0
18446,0
18447,1
18448,1
18449,1
18450,0
18451,2
18452,0
18453,0
18454,1
18455,1
18456,1
18457,0
18458,2
18459,1
18460,2
18461,1
18462,2
18463,1
18464,1
18465,1
18466,2
18467,1
18468,1
18469,0
18470,0
18471,1
18472,1
18473,0
18474,2
18475,1
18476,2
18477,1
18478,2
18479,1
18480,2
18481,2
18482,0
18483,2
18484,1
18485,1
18486,0
18487,0
18488,1
18489,0
18490,1
18491,0
18492,1
18493,2
18494,2
18495,1
18496,1
18497,1
18498,1
18499,1
18500,1
18501,1
18502,0
18503,2
18504,0
18505,2
18506,1
18507,1
18508,2
18509,1
18510,0
18511,1
18512,0
18513,1
18514,1
18515,1
18516,1
18517,0
18518,0
18519,0
18520,0
18521,1
18522,0
18523,1
18524,2
18525,1
18526,1
18527,0
18528,0
18529,2
18530,0
18531,0
18532,0
18533,0
18534,1
18535,2
18536,2
18537,2
18538,1
18539,0
18540,2
18541,1
18542,2
18543,0
18544,2
18545,2
18546,0
18547,1
18548,2
18549,2
18550,1
18551,1
18552,1
18553,1
18554,0
18555,0
18556,2
18557,0
18558,1
18559,0
18560,1
18561,0
18562,2
18563,1
18564,0
18565,1
18566,0
18567,2
18568,2
18569,0
18570,1
18571,2
18572,0
18573,1
18574,0
18575,2
18576,2
18577,1
18578,0
18579,0
18580,0
18581,0
18582,0
18583,1
18584,1
18585,1
18586,0
18587,2
18588,1
18589,1
18590,1
18591,0
18592,0
18593,1
18594,0
18595,1
18596,0
18597,2
18598,1
18599,0
18600,2
18601,1
18602,0
18603,2
18604,0
18605,1
18606,0
18607,0
18608,0
18609,2
18610,0
18611,1
18612,0
18613,0
18614,0
18615,1
18616,2
18617,1
18618,1
18619,2
18620,1
18621,0
18622,2
18623,2
18624,1
18625,0
18626,1
18627,0
18628,0
18629,2
18630,1
18631,2
18632,1
18633,0
18634,2
18635,1
18636,1
18637,1
18638,1
18639,1
18640,2
18641,1
18642,1
18643,1
18644,1
18645,2
18646,1
18647,0
18648,2
18649,0
18650,1
18651,2
18652,0
18653,0
18654,0
18655,1
18656,0
18657,0
18658,2
18659,1
18660,2
18661,2
18662,2
18663,1
18664,1
18665,2
18666,0
18667,1
18668,1
18669,0
18670,1
18671,0
18672,0
18673,2
18674,1
18675,1
18676,1
18677,0
18678,1
18679,1
18680,1
18681,0
18682,0
18683,0
18684,0
18685,2
18686,2
18687,0
18688,2
18689,2
18690,1
18691,0
18692,2
18693,1
18694,1
18695,1
18696,0
18697,1
18698,1
18699,2
18700,1
18701,0
18702,1
18703,0
18704,1
18705,1
18706,0
18707,0
18708,2
18709,2
18710,0
18711,1
18712,0
18713,0
18714,2
18715,2
18716,2
18717,0
18718,0
18719,2
18720,2
18721,0
18722,0
18723,2
18724,0
18725,2
18726,1
18727,1
18728,0
18729,1
18730,0
18731,2
18732,0
18733,1
18734,0
18735,0
18736,2
18737,1
18738,0
18739,0
18740,0
18741,1
18742,1
18743,0
18744,0
18745,1
18746,0
18747,0
18748,0
18749,2
18750,0
18751,2
18752,2
18753,0
18754,2
18755,1
18756,0
18757,1
18758,0
18759,2
18760,0
18761,2
18762,0
18763,0
18764,2
18765,2
18766,2
18767,0
18768,1
18769,1
18770,1
18771,1
18772,0
18773,0
18774,1
18775,2
18776,1
18777,1
18778,0
18779,2
18780,1
18781,0
18782,0
18783,1
18784,0
18785,0
18786,2
18787,1
18788,2
18789,0
18790,0
18791,2
18792,1
18793,2
18794,2
18795,2
18796,2
18797,0
18798,0
18799,2
18800,0
18801,2
18802,2
18803,1
18804,1
18805,0
18806,0
18807,0
18808,0
18809,2
18810,0
18811,2
18812,1
18813,2
18814,1
18815,0
18816,0
18817,1
18818,0
18819,0
18820,0
18821,1
18822,2
18823,1
18824,1
18825,1
18826,2
18827,1
18828,2
18829,1
18830,2
18831,1
18832,1
18833,0
18834,1
18835,2
18836,2
18837,1
18838,0
18839,1
18840,1
18841,0
18842,2
18843,0
18844,0
18845,0
18846,1
18847,0
18848,0
18849,1
18850,2
18851,2
18852,0
18853,0
18854,1
18855,2
18856,1
18857,1
18858,1
18859,0
18860,0
18861,1
18862,2
18863,0
18864,1
18865,1
18866,2
18867,1
18868,1
18869,1
18870,0
18871,1
18872,1
18873,0
18874,0
18875,1
18876,2
18877,0
18878,0
18879,0
18880,2
18881,1
18882,1
18883,0
18884,0
18885,1
18886,2
18887,0
18888,0
18889,2
18890,1
18891,2
18892,1
18893,0
18894,2
18895,1
18896,0
18897,1
18898,1
18899,0
18900,1
18901,1
18902,0
18903,1
18904,2
18905,1
18906,1
18907,0
18908,0
18909,2
18910,0
18911,1
18912,2
18913,0
18914,2
18915,1
18916,1
18917,2
18918,1
18919,1
18920,1
18921,0
18922,2
18923,1
18924,2
18925,2
18926,1
18927,1
18928,1
18929,2
18930,2
18931,2
18932,1
18933,2
18934,2
18935,0
18936,1
18937,2
18938,1
18939,1
18940,2
18941,0
18942,1
18943,1
18944,2
18945,0
18946,1
18947,1
18948,0
18949,1
18950,0
18951,2
18952,2
18953,1
18954,1
18955,0
18956,0
18957,1
18958,1
18959,2
18960,0
18961,0
18962,1
18963,0
18964,0
18965,1
18966,1
18967,0
18968,0
18969,1
18970,2
18971,1
18972,1
18973,2
18974,1
18975,1
18976,0
18977,0
18978,1
18979,1
18980,0
18981,2
18982,1
18983,0
18984,0
18985,1
18986,2
18987,0
18988,2
18989,2
18990,1
18991,1
18992,2
18993,2
18994,1
18995,1
18996,0
18997,2
18998,2
18999,2
19000,1
19001,0
19002,0
19003,2
19004,0
19005,2
19006,1
19007,1
19008,1
19009,2
19010,1
19011,1
19012,2
19013,0
19014,1
19015,0
19016,0
19017,0
19018,1
19019,1
19020,1
19021,0
19022,1
19023,2
19024,0
19025,2
19026,0
19027,1
19028,2
19029,1
19030,0
19031,0
19032,0
19033,2
19034,0
19035,0
19036,1
19037,2
19038,0
19039,0
19040,2
19041,1
19042,2
19043,2
19044,1
19045,2
19046,2
19047,1
19048,0
19049,0
19050,0
19051,2
19052,0
19053,1
19054,0
19055,1
19056,0
19057,0
19058,1
19059,2
19060,1
19061,2
19062,2
19063,0
19064,2
19065,2
19066,2
19067,1
19068,0
19069,1
19070,1
19071,0
19072,1
19073,1
19074,0
19075,1
19076,2
19077,0
19078,1
19079,1
19080,1
19081,0
19082,0
19083,2
19084,0
19085,1
19086,2
19087,0
19088,2
19089,2
19090,1
19091,1
19092,1
19093,2
19094,0
19095,2
19096,1
19097,2
19098,2
19099,1
19100,1
19101,0
19102,1
19103,0
19104,2
19105,0
19106,2
19107,1
19108,2
19109,2
19110,1
19111,1
19112,1
19113,1
19114,0
19115,1
19116,0
19117,1
19118,1
19119,1
19120,2
19121,0
19122,1
19123,2
19124,1
19125,2
19126,2
19127,1
19128,0
19129,1
19130,1
19131,0
19132,1
19133,1
19134,2
19135,2
19136,2
19137,0
19138,1
19139,0
19140,1
19141,2
19142,2
19143,2
19144,2
19145,2
19146,0
19147,1
19148,0
19149,1
19150,2
19151,0
19152,0
19153,2
19154,0
19155,2
19156,2
19157,1
19158,0
19159,0
19160,1
19161,2
19162,0
19163,1
19164,1
19165,0
19166,1
19167,1
19168,2
19169,0
19170,0
19171,0
19172,1
19173,2
19174,2
19175,2
19176,0
19177,1
19178,1
19179,0
19180,1
19181,0
19182,0
19183,1
19184,2
19185,1
19186,0
19187,1
19188,2
19189,2
19190,1
19191,1
19192,0
19193,1
19194,0
19195,1
19196,2
19197,2
19198,1
19199,1
19200,0
19201,0
19202,2
19203,2
19204,1
19205,1
19206,1
19207,0
19208,2
19209,2
19210,1
19211,0
19212,1
19213,1
19214,0
19215,1
19216,0
19217,2
19218,1
19219,2
19220,1
19221,0
19222,1
19223,0
19224,0
19225,0
19226,2
19227,2
19228,2
19229,0
19230,0
19231,0
19232,2
19233,1
19234,1
19235,1
19236,0
19237,1
19238,0
19239,1
19240,0
19241,1
19242,0
19243,0
19244,1
19245,1
19246,1
19247,2
19248,2
19249,2
19250,2
19251,1
19252,1
19253,1
19254,1
19255,1
19256,0
19257,1
19258,0
19259,1
19260,1
19261,0
19262,1
19263,0
19264,0
19265,0
19266,1
19267,1
19268,0
19269,2
19270,2
19271,0
19272,2
19273,2
19274,2
19275,1
19276,0
19277,0
19278,2
19279,1
19280,1
19281,0
19282,2
19283,0
19284,0
19285,0
19286,2
19287,2
19288,1
19289,2
19290,1
19291,1
19292,1
19293,0
19294,0
19295,1
19296,1
19297,2
19298,0
19299,1
19300,1
19301,0
19302,0
19303,1
19304,1
19305,0
19306,2
19307,1
19308,1
19309,1
19310,2
19311,2
19312,0
19313,1
19314,2
19315,2
19316,0
19317,0
19318,0
19319,0
19320,0
19321,0
19322,0
19323,0
19324,0
19325,0
19326,0
19327,1
19328,2
19329,0
19330,2
19331,1
19332,0
19333,0
19334,0
19335,2
19336,2
19337,1
19338,2
19339,0
19340,2
19341,2
19342,1
19343,1
19344,1
19345,2
19346,2
19347,1
19348,0
19349,0
19350,1
19351,1
19352,2
19353,1
19354,0
19355,2
19356,0
19357,0
19358,1
19359,0
19360,2
19361,1
19362,2
19363,2
19364,0
19365,1
19366,0
19367,1
19368,0
19369,1
19370,1
19371,1
19372,1
19373,2
19374,0
19375,0
19376,1
19377,0
19378,1
19379,0
19380,2
19381,2
19382,0
19383,1
19384,2
19385,2
19386,0
19387,1
19388,1
19389,2
19390,0
19391,0
19392,0
19393,1
19394,1
19395,0
19396,0
19397,2
19398,1
19399,1
19400,2
19401,1
19402,1
19403,1
19404,1
19405,1
19406,1
19407,0
19408,2
19409,1
19410,2
19411,0
19412,1
19413,2
19414,1
19415,1
19416,2
19417,2
19418,1
19419,2
19420,0
19421,0
19422,2
19423,1
19424,1
19425,0
19426,1
19427,0
19428,2
19429,2
19430,2
19431,1
19432,2
19433,1
19434,0
19435,2
19436,1
19437,1
19438,0
19439,1
19440,1
19441,2
19442,1
19443,0
19444,2
19445,0
19446,2
19447,1
19448,2
19449,0
19450,2
19451,0
19452,0
19453,0
19454,0
19455,1
19456,2
19457,0
19458,1
19459,1
19460,0
19461,1
19462,1
19463,1
19464,1
19465,1
19466,1
19467,2
19468,0
19469,2
19470,1
19471,1
19472,1
19473,1
19474,2
19475,1
19476,0
19477,1
19478,1
19479,2
19480,2
19481,2
19482,0
19483,2
19484,1
19485,1
19486,0
19487,2
19488,1
19489,2
19490,1
19491,2
19492,1
19493,0
19494,1
19495,1
19496,1
19497,0
19498,0
19499,1
19500,2
19501,2
19502,1
19503,0
19504,0
19505,0
19506,2
19507,1
19508,2
19509,0
19510,2
19511,2
19512,2
19513,2
19514,1
19515,0
19516,1
19517,1
19518,0
19519,1
19520,1
19521,0
19522,1
19523,1
19524,2
19525,0
19526,2
19527,2
19528,0
19529,1
19530,1
19531,2
19532,2
19533,1
19534,2
19535,0
19536,2
19537,1
19538,1
19539,2
19540,2
19541,0
19542,2
19543,0
19544,2
19545,1
19546,0
19547,1
19548,2
19549,1
19550,0
19551,1
19552,2
19553,2
19554,2
19555,0
19556,1
19557,1
19558,0
19559,0
19560,0
19561,2
19562,0
19563,1
19564,0
19565,1
19566,0
19567,0
19568,1
19569,0
19570,1
19571,1
19572,0
19573,0
19574,0
19575,1
19576,2
19577,1
19578,1
19579,0
19580,1
19581,2
19582,1
19583,1
19584,0
19585,0
19586,0
19587,1
19588,0
19589,0
19590,2
19591,2
19592,1
19593,1
19594,1
19595,1
19596,0
19597,2
19598,1
19599,0
19600,2
19601,0
19602,0
19603,1
19604,1
19605,2
19606,1
19607,0
19608,0
19609,2
19610,0
19611,1
19612,0
19613,1
19614,2
19615,2
19616,1
19617,0
19618,1
19619,1
19620,1
19621,1
19622,0
19623,0
19624,0
19625,2
19626,2
19627,1
19628,0
19629,0
19630,0
19631,1
19632,1
19633,2
19634,1
19635,1
19636,2
19637,1
19638,2
19639,1
19640,1
19641,2
19642,0
19643,1
19644,1
19645,1
19646,1
19647,0
19648,0
19649,1
19650,0
19651,0
19652,1
19653,1
19654,0
19655,1
19656,1
19657,1
19658,2
19659,2
19660,2
19661,1
19662,1
19663,0
19664,2
19665,0
19666,1
19667,0
19668,0
19669,2
19670,1
19671,1
19672,2
19673,0
19674,1
19675,0
19676,2
19677,2
19678,0
19679,2
19680,2
19681,1
19682,0
19683,2
19684,0
19685,0
19686,1
19687,2
19688,2
19689,2
19690,1
19691,0
19692,2
19693,2
19694,0
19695,1
19696,2
19697,2
19698,0
19699,1
19700,1
19701,2
19702,0
19703,1
19704,1
19705,2
19706,2
19707,1
19708,0
19709,0
19710,1
19711,0
19712,1
19713,0
19714,2
19715,2
19716,1
19717,0
19718,0
19719,2
19720,2
19721,0
19722,0
19723,1
19724,1
19725,1
19726,0
19727,1
19728,0
19729,1
19730,1
19731,0
19732,2
19733,2
19734,0
19735,1
19736,2
19737,1
19738,0
19739,0
19740,2
19741,0
19742,1
19743,0
19744,1
19745,1
19746,1
19747,2
19748,0
19749,0
19750,2
19751,0
19752,2
19753,0
19754,1
19755,1
19756,0
19757,0
19758,2
19759,0
19760,1
19761,2
19762,0
19763,2
19764,2
19765,2
19766,1
19767,1
19768,1
19769,2
19770,1
19771,2
19772,2
19773,2
19774,0
19775,1
19776,1
19777,0
19778,1
19779,2
19780,0
19781,0
19782,1
19783,0
19784,0
19785,2
19786,2
19787,0
19788,2
19789,0
19790,0
19791,1
19792,2
19793,0
19794,0
19795,2
19796,2
19797,0
19798,1
19799,1
19800,1
19801,1
19802,0
19803,1
19804,2
19805,2
19806,1
19807,0
19808,1
19809,0
19810,2
19811,1
19812,0
19813,1
19814,0
19815,0
19816,1
19817,1
19818,1
19819,0
19820,0
19821,1
19822,1
19823,2
19824,2
19825,0
19826,0
19827,2
19828,1
19829,0
19830,1
19831,0
19832,0
19833,2
19834,0
19835,2
19836,1
19837,1
19838,2
19839,1
19840,2
19841,1
19842,2
19843,0
19844,1
19845,2
19846,1
19847,1
19848,0
19849,0
19850,0
19851,1
19852,2
19853,0
19854,2
19855,1
19856,0
19857,0
19858,0
19859,2
19860,1
19861,2
19862,1
19863,1
19864,0
19865,0
19866,2
19867,2
19868,0
19869,0
19870,1
19871,2
19872,0
19873,2
19874,1
19875,1
19876,1
19877,1
19878,0
19879,0
19880,1
19881,1
19882,2
19883,1
19884,1
19885,2
19886,0
19887,0
19888,2
19889,0
19890,0
19891,2
19892,0
19893,0
19894,2
19895,2
19896,0
19897,1
19898,0
19899,0
19900,1
19901,0
19902,0
19903,0
19904,2
19905,2
19906,0
19907,2
19908,0
19909,0
19910,0
19911,2
19912,2
19913,1
19914,2
19915,0
19916,0
19917,0
19918,2
19919,2
19920,0
19921,2
19922,0
19923,0
19924,0
19925,0
19926,2
19927,0
19928,1
19929,0
19930,0
19931,2
19932,1
19933,1
19934,2
19935,0
19936,0
19937,2
19938,0
19939,1
19940,2
19941,2
19942,2
19943,2
19944,1
19945,2
19946,2
19947,0
19948,2
19949,1
19950,0
19951,1
19952,0
19953,1
19954,0
19955,1
19956,1
19957,2
19958,2
19959,1
19960,2
19961,1
19962,0
19963,1
19964,2
19965,2
19966,1
19967,2
19968,0
19969,2
19970,0
19971,2
19972,0
19973,2
19974,2
19975,1
19976,1
19977,2
19978,2
19979,1
19980,1
19981,0
19982,0
19983,2
19984,0
19985,1
19986,2
19987,0
19988,2
19989,2
19990,2
19991,1
19992,1
19993,1
19994,1
19995,0
19996,1
19997,0
19998,0
19999,1
20000,0
20001,0
20002,2
20003,1
20004,0
20005,2
20006,0
20007,1
20008,0
20009,2
20010,2
20011,1
20012,1
20013,2
20014,1
20015,0
20016,1
20017,1
20018,2
20019,0
20020,2
20021,1
20022,0
20023,1
20024,0
20025,0
20026,0
20027,2
20028,0
20029,1
20030,0
20031,0
20032,1
20033,0
20034,2
20035,0
20036,0
20037,1
20038,2
20039,1
20040,0
20041,0
20042,1
20043,0
20044,0
20045,0
20046,2
20047,1
20048,2
20049,2
20050,0
20051,0
20052,0
20053,1
20054,0
20055,2
20056,1
20057,2
20058,1
20059,2
20060,1
20061,2
20062,0
20063,0
20064,1
20065,1
20066,1
20067,0
20068,0
20069,1
20070,2
20071,1
20072,1
20073,2
20074,1
20075,2
20076,2
20077,1
20078,0
20079,1
20080,2
20081,2
20082,1
20083,1
20084,1
20085,1
20086,1
20087,2
20088,1
20089,0
20090,2
20091,1
20092,2
20093,1
20094,0
20095,1
20096,0
20097,0
20098,0
20099,1
20100,0
20101,0
20102,0
20103,2
20104,2
20105,0
20106,0
20107,0
20108,0
20109,0
20110,1
20111,2
20112,1
20113,1
20114,0
20115,0
20116,0
20117,0
20118,1
20119,0
20120,2
20121,0
20122,2
20123,1
20124,0
20125,0
20126,0
20127,0
20128,1
20129,1
20130,0
20131,1
20132,2
20133,0
20134,0
20135,0
20136,0
20137,2
20138,0
20139,2
20140,1
20141,1
20142,2
20143,2
20144,0
20145,0
20146,1
20147,0
20148,2
20149,1
20150,0
20151,1
20152,0
20153,0
20154,0
20155,1
20156,1
20157,1
20158,0
20159,0
20160,2
20161,2
20162,0
20163,0
20164,0
20165,2
20166,0
20167,0
20168,1
20169,1
20170,2
20171,1
20172,0
20173,2
20174,2
20175,1
20176,1
20177,1
20178,2
20179,0
20180,2
20181,1
20182,0
20183,2
20184,1
20185,2
20186,1
20187,2
20188,2
20189,1
20190,1
20191,2
20192,2
20193,2
20194,0
20195,1
20196,0
20197,0
20198,1
20199,0
20200,1
20201,1
20202,0
20203,1
20204,0
20205,2
20206,1
20207,2
20208,1
20209,1
20210,0
20211,0
20212,0
20213,1
20214,1
20215,0
20216,2
20217,0
20218,2
20219,1
20220,0
20221,1
20222,1
20223,1
20224,2
20225,2
20226,1
20227,2
20228,0
20229,0
20230,2
20231,1
20232,2
20233,2
20234,0
20235,2
20236,0
20237,1
20238,2
20239,0
20240,2
20241,1
20242,2
20243,2
20244,1
20245,0
20246,2
20247,1
20248,0
20249,1
20250,0
20251,1
20252,0
20253,1
20254,1
20255,1
20256,0
20257,1
20258,1
20259,0
20260,0
20261,0
20262,0
20263,0
20264,2
20265,1
20266,0
20267,1
20268,2
20269,2
20270,1
20271,2
20272,1
20273,2
20274,2
20275,0
20276,0
20277,2
20278,0
20279,2
20280,2
20281,1
20282,0
20283,0
20284,1
20285,1
20286,0
20287,2
20288,0
20289,1
20290,1
20291,1
20292,1
20293,0
20294,0
20295,0
20296,1
20297,1
20298,2
20299,0
20300,0
20301,2
20302,1
20303,1
20304,1
20305,1
20306,1
20307,2
20308,1
20309,2
20310,1
20311,0
20312,2
20313,0
20314,1
20315,0
20316,1
20317,0
20318,1
20319,0
20320,0
20321,1
20322,2
20323,2
20324,1
20325,2
20326,1
20327,1
20328,0
20329,0
20330,0
20331,1
20332,2
20333,0
20334,0
20335,0
20336,2
20337,1
20338,2
20339,0
20340,2
20341,0
20342,1
20343,0
20344,0
20345,2
20346,1
20347,1
20348,1
20349,2
20350,0
20351,2
20352,0
20353,2
20354,0
20355,1
20356,0
20357,0
20358,1
20359,0
20360,2
20361,0
20362,2
20363,2
20364,2
20365,0
20366,2
20367,2
20368,1
20369,1
20370,0
20371,1
20372,2
20373,2
20374,0
20375,1
20376,0
20377,1
20378,0
20379,1
20380,1
20381,2
20382,2
20383,2
20384,1
20385,0
20386,2
20387,1
20388,2
20389,0
20390,1
20391,0
20392,2
20393,0
20394,2
20395,0
20396,0
20397,0
20398,2
20399,2
20400,1
20401,0
20402,2
20403,2
20404,1
20405,0
20406,2
20407,1
20408,0
20409,2
20410,0
20411,1
20412,2
20413,2
20414,1
20415,0
20416,0
20417,1
20418,1
20419,0
20420,2
20421,2
20422,2
20423,2
20424,0
20425,1
20426,2
20427,1
20428,0
20429,0
20430,0
20431,0
20432,0
20433,0
20434,0
20435,2
20436,1
20437,1
20438,0
20439,2
20440,0
20441,0
20442,0
20443,1
20444,0
20445,0
20446,0
20447,1
20448,0
20449,0
20450,0
20451,0
20452,1
20453,1
20454,0
20455,0
20456,1
20457,2
20458,2
20459,1
20460,2
20461,1
20462,0
20463,0
20464,0
20465,0
20466,1
20467,1
20468,2
20469,0
20470,0
20471,1
20472,0
20473,2
20474,1
20475,1
20476,1
20477,2
20478,1
20479,2
20480,1
20481,2
20482,0
20483,0
20484,1
20485,1
20486,0
20487,0
20488,1
20489,2
20490,1
20491,1
20492,2
20493,1
20494,0
20495,1
20496,0
20497,1
20498,2
20499,1
20500,1
20501,0
20502,0
20503,0
20504,1
20505,0
20506,2
20507,0
20508,1
20509,0
20510,0
20511,2
20512,2
20513,0
20514,1
20515,1
20516,0
20517,1
20518,0
20519,1
20520,0
20521,1
20522,2
20523,0
20524,2
20525,2
20526,0
20527,0
20528,2
20529,0
20530,1
20531,0
20532,1
20533,2
20534,0
20535,1
20536,0
20537,0
20538,1
20539,0
20540,0
20541,2
20542,2
20543,0
20544,0
20545,1
20546,1
20547,2
20548,2
20549,0
20550,1
20551,2
20552,2
20553,2
20554,0
20555,0
20556,0
20557,2
20558,0
20559,2
20560,0
20561,0
20562,1
20563,0
20564,1
20565,1
20566,0
20567,0
20568,2
20569,2
20570,2
20571,1
20572,1
20573,2
20574,2
20575,2
20576,0
20577,1
20578,1
20579,1
20580,0
20581,2
20582,0
20583,1
20584,1
20585,1
20586,1
20587,2
20588,2
20589,2
20590,2
20591,2
20592,1
20593,1
20594,1
20595,1
20596,0
20597,1
20598,1
20599,0
20600,2
20601,2
20602,1
20603,1
20604,0
20605,2
20606,2
20607,1
20608,1
20609,0
20610,1
20611,1
20612,1
20613,0
20614,1
20615,0
20616,1
20617,1
20618,1
20619,1
20620,2
20621,1
20622,0
20623,2
20624,2
20625,1
20626,0
20627,2
20628,1
20629,0
20630,0
20631,1
20632,2
20633,2
20634,1
20635,1
20636,1
20637,0
20638,1
20639,0
20640,0
20641,1
20642,2
20643,0
20644,1
20645,2
20646,1
20647,1
20648,0
20649,0
20650,2
20651,1
20652,1
20653,1
20654,0
20655,1
20656,1
20657,1
20658,1
20659,1
20660,0
20661,0
20662,1
20663,1
20664,0
20665,0
20666,1
20667,1
20668,0
20669,0
20670,1
20671,1
20672,1
20673,1
20674,0
20675,2
20676,0
20677,2
20678,1
20679,0
20680,0
20681,1
20682,2
20683,1
20684,1
20685,1
20686,2
20687,1
20688,1
20689,0
20690,2
20691,1
20692,2
20693,0
20694,0
20695,0
20696,1
20697,0
20698,1
20699,0
20700,1
20701,2
20702,1
20703,2
20704,0
20705,0
20706,2
20707,0
20708,0
20709,0
20710,2
20711,0
20712,0
20713,2
20714,0
20715,1
20716,1
20717,1
20718,0
20719,0
20720,2
20721,1
20722,2
20723,0
20724,0
20725,2
20726,2
20727,1
20728,0
20729,1
20730,2
20731,0
20732,0
20733,0
20734,1
20735,0
20736,2
20737,1
20738,1
20739,2
20740,0
20741,2
20742,1
20743,1
20744,0
20745,1
20746,2
20747,0
20748,2
20749,1
20750,1
20751,1
20752,1
20753,2
20754,1
20755,2
20756,2
20757,2
20758,2
20759,1
20760,2
20761,2
20762,0
20763,2
20764,1
20765,1
20766,0
20767,1
20768,2
20769,2
20770,0
20771,0
20772,2
20773,0
20774,1
20775,0
20776,1
20777,2
20778,0
20779,0
20780,2
20781,2
20782,1
20783,1
20784,2
20785,1
20786,2
20787,2
20788,1
20789,0
20790,0
20791,0
20792,0
20793,2
20794,1
20795,2
20796,0
20797,2
20798,1
20799,2
20800,1
20801,2
20802,1
20803,0
20804,1
20805,2
20806,2
20807,0
20808,1
20809,0
20810,1
20811,2
20812,2
20813,1
20814,1
20815,1
20816,2
20817,1
20818,1
20819,1
20820,1
20821,0
20822,1
20823,1
20824,1
20825,1
20826,0
20827,0
20828,2
20829,2
20830,2
20831,2
20832,2
20833,2
20834,2
20835,1
20836,2
20837,1
20838,2
20839,2
20840,2
20841,1
20842,0
20843,1
20844,0
20845,1
20846,1
20847,2
20848,0
20849,1
20850,1
20851,0
20852,0
20853,1
20854,0
20855,2
20856,1
20857,0
20858,0
20859,2
20860,0
20861,0
20862,1
20863,0
20864,0
20865,1
20866,2
20867,0
20868,1
20869,2
20870,0
20871,1
20872,0
20873,2
20874,1
20875,2
20876,0
20877,1
20878,1
20879,0
20880,1
20881,1
20882,1
20883,0
20884,1
20885,0
20886,1
20887,0
20888,1
20889,2
20890,1
20891,0
20892,0
20893,2
20894,2
20895,0
20896,0
20897,1
20898,0
20899,0
20900,1
20901,0
20902,2
20903,2
20904,0
20905,1
20906,1
20907,2
20908,2
20909,1
20910,0
20911,2
20912,2
20913,2
20914,0
20915,1
20916,0
20917,2
20918,0
20919,0
20920,1
20921,1
20922,2
20923,2
20924,1
20925,0
20926,0
20927,2
20928,1
20929,1
20930,0
20931,1
20932,2
20933,2
20934,1
20935,1
20936,1
20937,1
20938,0
20939,2
20940,1
20941,2
20942,1
20943,1
20944,1
20945,0
20946,2
20947,0
20948,0
20949,0
20950,0
20951,1
20952,1
20953,0
20954,1
20955,2
20956,1
20957,0
20958,0
20959,0
20960,2
20961,0
20962,1
20963,0
20964,0
20965,1
20966,2
20967,1
20968,2
20969,0
20970,1
20971,1
20972,0
20973,2
20974,1
20975,2
20976,0
20977,0
20978,0
20979,2
20980,2
20981,2
20982,1
20983,0
20984,2
20985,2
20986,1
20987,2
20988,1
20989,0
20990,0
20991,1
20992,1
20993,1
20994,0
20995,1
20996,1
20997,2
20998,1
20999,0
21000,2
21001,1
21002,2
21003,0
21004,1
21005,1
21006,1
21007,2
21008,0
21009,1
21010,0
21011,0
21012,2
21013,1
21014,1
21015,1
21016,1
21017,1
21018,1
21019,0
21020,1
21021,1
21022,2
21023,1
21024,1
21025,2
21026,1
21027,1
21028,1
21029,2
21030,2
21031,1
21032,0
21033,1
21034,0
21035,1
21036,0
21037,1
21038,2
21039,0
21040,2
21041,0
21042,0
21043,2
21044,1
21045,1
21046,2
21047,2
21048,0
21049,0
21050,2
21051,1
21052,0
21053,1
21054,2
21055,0
21056,0
21057,0
21058,0
21059,1
21060,0
21061,2
21062,0
21063,1
21064,2
21065,0
21066,1
21067,0
21068,2
21069,0
21070,2
21071,1
21072,2
21073,0
21074,0
21075,2
21076,0
21077,1
21078,2
21079,2
21080,1
21081,2
21082,1
21083,0
21084,1
21085,2
21086,0
21087,1
21088,1
21089,0
21090,1
21091,0
21092,0
21093,1
21094,1
21095,2
21096,1
21097,0
21098,0
21099,0
21100,1
21101,2
21102,2
21103,1
21104,1
21105,0
21106,2
21107,0
21108,0
21109,0
21110,1
21111,0
21112,2
21113,2
21114,2
21115,2
21116,0
21117,1
21118,0
21119,0
21120,0
21121,0
21122,1
21123,1
21124,2
21125,1
21126,0
21127,1
21128,1
21129,1
21130,1
21131,1
21132,0
21133,2
21134,2
21135,0
21136,0
21137,1
21138,0
21139,2
21140,2
21141,2
21142,2
21143,1
21144,2
21145,1
21146,0
21147,0
21148,1
21149,1
21150,0
21151,0
21152,2
21153,1
21154,0
21155,2
21156,2
21157,0
21158,0
21159,2
21160,0
21161,0
21162,1
21163,2
21164,2
21165,0
21166,0
21167,0
21168,1
21169,1
21170,1
21171,0
21172,2
21173,2
21174,1
21175,1
21176,0
21177,1
21178,2
21179,1
21180,2
21181,0
21182,1
21183,1
21184,0
21185,1
21186,0
21187,0
21188,1
21189,1
21190,0
21191,0
21192,0
21193,0
21194,0
21195,1
21196,1
21197,1
21198,1
21199,0
21200,0
21201,2
21202,1
21203,0
21204,1
21205,1
21206,0
21207,2
21208,1
21209,0
21210,0
21211,0
21212,1
21213,1
21214,0
21215,0
21216,0
21217,1
21218,1
21219,0
21220,2
21221,0
21222,1
21223,2
21224,2
21225,2
21226,2
21227,1
21228,2
21229,1
21230,1
21231,0
21232,1
21233,0
21234,0
21235,2
21236,1
21237,2
21238,1
21239,0
21240,0
21241,0
21242,1
21243,1
21244,0
21245,2
21246,0
21247,1
21248,2
21249,1
21250,1
21251,0
21252,2
21253,2
21254,0
21255,1
21256,2
21257,0
21258,0
21259,0
21260,2
21261,2
21262,0
21263,1
21264,2
21265,2
21266,1
21267,1
21268,0
21269,1
21270,2
21271,1
21272,1
21273,2
21274,1
21275,1
21276,2
21277,1
21278,0
21279,2
21280,1
21281,0
21282,1
21283,0
21284,2
21285,0
21286,0
21287,0
21288,1
21289,0
21290,0
21291,1
21292,0
21293,2
21294,2
21295,2
21296,2
21297,0
21298,2
21299,2
21300,1
21301,0
21302,2
21303,1
21304,1
21305,2
21306,1
21307,0
21308,2
21309,2
21310,1
21311,1
21312,2
21313,2
21314,2
21315,1
21316,0
21317,1
21318,1
21319,2
21320,2
21321,2
21322,0
21323,2
21324,0
21325,1
21326,0
21327,0
21328,1
21329,1
21330,0
21331,1
21332,0
21333,2
21334,1
21335,2
21336,1
21337,1
21338,1
21339,2
21340,0
21341,2
21342,1
21343,1
21344,1
21345,1
21346,2
21347,0
21348,1
21349,0
21350,1
21351,0
21352,1
21353,2
21354,0
21355,2
21356,0
21357,0
21358,1
21359,0
21360,0
21361,1
21362,0
21363,1
21364,2
21365,2
21366,2
21367,0
21368,1
21369,2
21370,0
21371,0
21372,1
21373,2
21374,2
21375,0
21376,1
21377,2
21378,1
21379,0
21380,2
21381,1
21382,1
21383,2
21384,0
21385,2
21386,1
21387,1
21388,2
21389,0
21390,1
21391,1
21392,0
21393,2
21394,2
21395,0
21396,2
21397,2
21398,1
21399,2
21400,1
21401,2
21402,0
21403,0
21404,1
21405,2
21406,0
21407,2
21408,0
21409,2
21410,0
21411,0
21412,2
21413,2
21414,0
21415,0
21416,0
21417,2
21418,0
21419,0
21420,1
21421,1
21422,2
21423,1
21424,2
21425,0
21426,0
21427,2
21428,1
21429,1
21430,0
21431,1
21432,1
21433,2
21434,0
21435,0
21436,2
21437,1
21438,1
21439,2
21440,1
21441,0
21442,0
21443,0
21444,0
21445,0
21446,1
21447,0
21448,0
21449,1
21450,0
21451,1
21452,2
21453,0
21454,2
21455,2
21456,0
21457,0
21458,2
21459,1
21460,1
21461,2
21462,1
21463,1
21464,2
21465,1
21466,2
21467,1
21468,1
21469,2
21470,2
21471,1
21472,1
21473,0
21474,0
21475,0
21476,0
21477,1
21478,0
21479,1
21480,1
21481,1
21482,0
21483,1
21484,2
21485,1
21486,1
21487,1
21488,0
21489,1
21490,0
21491,2
21492,1
21493,1
21494,1
21495,2
21496,0
21497,2
21498,1
21499,1
21500,0
21501,0
21502,0
21503,2
21504,2
21505,1
21506,0
21507,0
21508,2
21509,2
21510,0
21511,2
21512,1
21513,1
21514,1
21515,0
21516,1
21517,1
21518,0
21519,1
21520,1
21521,2
21522,1
21523,1
21524,1
21525,0
21526,1
21527,1
21528,0
21529,0
21530,1
21531,1
21532,1
21533,1
21534,1
21535,0
21536,2
21537,1
21538,0
21539,0
21540,0
21541,1
21542,1
21543,1
21544,1
21545,1
21546,1
21547,1
21548,1
21549,2
21550,0
21551,2
21552,1
21553,0
21554,2
21555,2
21556,2
21557,2
21558,1
21559,1
21560,2
21561,0
21562,1
21563,0
21564,0
21565,2
21566,0
21567,2
21568,0
21569,2
21570,0
21571,1
21572,1
21573,1
21574,0
21575,2
21576,0
21577,2
21578,2
21579,2
21580,0
21581,2
21582,1
21583,1
21584,2
21585,1
21586,0
21587,1
21588,2
21589,1
21590,2
21591,1
21592,1
21593,0
21594,2
21595,2
21596,0
21597,1
21598,0
21599,2
21600,1
21601,1
21602,2
21603,2
21604,0
21605,0
21606,1
21607,1
21608,0
21609,1
21610,1
21611,1
21612,1
21613,1
21614,2
21615,0
21616,1
21617,1
21618,1
21619,1
21620,0
21621,0
21622,0
21623,2
21624,0
21625,1
21626,0
21627,0
21628,1
21629,0
21630,1
21631,2
21632,1
21633,2
21634,1
21635,0
21636,1
21637,1
21638,1
21639,2
21640,1
21641,0
21642,1
21643,1
21644,0
21645,2
21646,2
21647,2
21648,2
21649,0
21650,2
21651,0
21652,2
21653,2
21654,0
21655,2
21656,1
21657,2
21658,2
21659,1
21660,0
21661,0
21662,1
21663,2
21664,1
21665,1
21666,1
21667,1
21668,1
21669,1
21670,1
21671,1
21672,0
21673,0
21674,2
21675,2
21676,0
21677,1
21678,2
21679,1
21680,1
21681,1
21682,2
21683,2
21684,2
21685,2
21686,1
21687,0
21688,2
21689,1
21690,0
21691,2
21692,0
21693,1
21694,1
21695,2
21696,2
21697,2
21698,1
21699,0
21700,2
21701,2
21702,2
21703,1
21704,1
21705,1
21706,0
21707,1
21708,1
21709,2
21710,2
21711,2
21712,2
21713,2
21714,2
21715,0
21716,1
21717,0
21718,1
21719,0
21720,0
21721,2
21722,2
21723,0
21724,2
21725,0
21726,1
21727,0
21728,0
21729,0
21730,0
21731,0
21732,1
21733,2
21734,1
21735,1
21736,0
21737,0
21738,2
21739,2
21740,0
21741,1
21742,2
21743,2
21744,1
21745,1
21746,0
21747,1
21748,2
21749,2
21750,2
21751,0
21752,1
21753,0
21754,2
21755,0
21756,0
21757,1
21758,1
21759,2
21760,1
21761,2
21762,1
21763,0
21764,1
21765,2
21766,2
21767,0
21768,0
21769,0
21770,1
21771,2
21772,1
21773,0
21774,2
21775,2
21776,2
21777,1
21778,0
21779,1
21780,0
21781,2
21782,1
21783,2
21784,0
21785,0
21786,0
21787,1
21788,2
21789,2
21790,1
21791,1
21792,0
21793,0
21794,1
21795,1
21796,2
21797,0
21798,1
21799,1
21800,0
21801,2
21802,0
21803,0
21804,0
21805,2
21806,2
21807,0
21808,0
21809,2
21810,2
21811,0
21812,1
21813,0
21814,0
21815,0
21816,1
21817,0
21818,0
21819,0
21820,2
21821,0
21822,1
21823,2
21824,0
21825,0
21826,0
21827,1
21828,0
21829,0
21830,0
21831,0
21832,2
21833,0
21834,2
21835,1
21836,2
21837,2
21838,1
21839,0
21840,0
21841,2
21842,0
21843,2
21844,0
21845,2
21846,1
21847,0
21848,0
21849,1
21850,0
21851,1
21852,2
21853,1
21854,0
21855,1
21856,1
21857,1
21858,1
21859,1
21860,0
21861,0
21862,1
21863,0
21864,0
21865,1
21866,1
21867,1
21868,1
21869,0
21870,1
21871,2
21872,2
21873,0
21874,2
21875,2
21876,0
21877,0
21878,1
21879,1
21880,0
21881,2
21882,2
21883,0
21884,0
21885,1
21886,0
21887,0
21888,2
21889,1
21890,1
21891,0
21892,1
21893,1
21894,1
21895,0
21896,2
21897,0
21898,2
21899,2
21900,1
21901,2
21902,1
21903,1
21904,2
21905,1
21906,1
21907,0
21908,0
21909,1
21910,1
21911,0
21912,0
21913,0
21914,0
21915,0
21916,1
21917,1
21918,2
21919,1
21920,2
21921,2
21922,1
21923,2
21924,1
21925,0
21926,0
21927,2
21928,1
21929,1
21930,2
21931,1
21932,1
21933,0
21934,2
21935,2
21936,0
21937,1
21938,2
21939,1
21940,0
21941,2
21942,1
21943,2
21944,0
21945,0
21946,2
21947,0
21948,0
21949,2
21950,1
21951,1
21952,0
21953,2
21954,2
21955,2
21956,1
21957,2
21958,2
21959,0
21960,2
21961,1
21962,0
21963,0
21964,1
21965,2
21966,0
21967,0
21968,0
21969,2
21970,1
21971,2
21972,0
21973,1
21974,2
21975,1
21976,2
21977,1
21978,1
21979,0
21980,1
21981,1
21982,2
21983,1
21984,0
21985,0
21986,1
21987,0
21988,1
21989,2
21990,1
21991,1
21992,1
21993,2
21994,0
21995,1
21996,0
21997,0
21998,0
21999,0
22000,0
22001,0
22002,0
22003,1
22004,2
22005,1
22006,0
22007,1
22008,2
22009,2
22010,0
22011,1
22012,2
22013,2
22014,0
22015,0
22016,1
22017,2
22018,1
22019,2
22020,0
22021,1
22022,1
22023,2
22024,0
22025,0
22026,2
22027,2
22028,0
22029,0
22030,2
22031,1
22032,2
22033,0
22034,2
22035,2
22036,0
22037,0
22038,1
22039,1
22040,2
22041,1
22042,1
22043,0
22044,1
22045,1
22046,0
22047,1
22048,0
22049,0
22050,1
22051,2
22052,1
22053,0
22054,0
22055,1
22056,1
22057,1
22058,0
22059,1
22060,2
22061,2
22062,1
22063,0
22064,0
22065,1
22066,0
22067,2
22068,0
22069,1
22070,1
22071,2
22072,1
22073,2
22074,0
22075,1
22076,1
22077,2
22078,2
22079,1
22080,2
22081,0
22082,0
22083,0
22084,2
22085,0
22086,2
22087,2
22088,1
22089,1
22090,1
22091,1
22092,1
22093,1
22094,1
22095,2
22096,2
22097,2
22098,1
22099,1
22100,2
22101,1
22102,1
22103,2
22104,2
22105,0
22106,2
22107,1
22108,1
22109,2
22110,2
22111,0
22112,0
22113,2
22114,1
22115,0
22116,0
22117,1
22118,1
22119,1
22120,1
22121,2
22122,1
22123,0
22124,1
22125,2
22126,1
22127,1
22128,0
22129,1
22130,0
22131,1
22132,2
22133,1
22134,0
22135,0
22136,1
22137,0
22138,0
22139,1
22140,0
22141,1
22142,1
22143,1
22144,1
22145,0
22146,1
22147,1
22148,0
22149,1
22150,1
22151,1
22152,1
22153,1
22154,2
22155,1
22156,1
22157,1
22158,2
22159,0
22160,0
22161,0
22162,1
22163,1
22164,1
22165,1
22166,0
22167,1
22168,2
22169,0
22170,2
22171,1
22172,0
22173,1
22174,1
22175,0
22176,2
22177,2
22178,2
22179,1
22180,2
22181,0
22182,2
22183,2
22184,0
22185,1
22186,2
22187,2
22188,1
22189,0
22190,1
22191,0
22192,1
22193,1
22194,1
22195,0
22196,1
22197,2
22198,1
22199,2
22200,0
22201,2
22202,2
22203,1
22204,0
22205,0
22206,2
22207,2
22208,0
22209,0
22210,1
22211,0
22212,0
22213,2
22214,0
22215,1
22216,0
22217,2
22218,0
22219,0
22220,1
22221,1
22222,2
22223,1
22224,1
22225,0
22226,2
22227,2
22228,0
22229,1
22230,2
22231,0
22232,2
22233,2
22234,0
22235,2
22236,1
22237,1
22238,0
22239,1
22240,0
22241,2
22242,1
22243,0
22244,2
22245,0
22246,2
22247,1
22248,0
22249,1
22250,2
22251,1
22252,2
22253,0
22254,2
22255,1
22256,1
22257,0
22258,0
22259,1
22260,2
22261,2
22262,2
22263,2
22264,2
22265,0
22266,2
22267,1
22268,1
22269,1
22270,1
22271,0
22272,1
22273,1
22274,0
22275,0
22276,2
22277,2
22278,2
22279,2
22280,0
22281,2
22282,0
22283,1
22284,2
22285,0
22286,1
22287,0
22288,1
22289,0
22290,1
22291,0
22292,0
22293,2
22294,2
22295,0
22296,1
22297,0
22298,2
22299,0
22300,2
22301,0
22302,0
22303,2
22304,0
22305,1
22306,2
22307,2
22308,1
22309,0
22310,1
22311,0
22312,0
22313,2
22314,2
22315,0
22316,2
22317,0
22318,0
22319,1
22320,1
22321,1
22322,0
22323,1
22324,1
22325,2
22326,1
22327,2
22328,1
22329,0
22330,0
22331,0
22332,2
22333,1
22334,1
22335,0
22336,0
22337,1
22338,2
22339,1
22340,0
22341,0
22342,0
22343,1
22344,1
22345,1
22346,1
22347,2
22348,2
22349,2
22350,2
22351,2
22352,1
22353,2
22354,2
22355,1
22356,1
22357,1
22358,0
22359,0
22360,1
22361,2
22362,2
22363,1
22364,1
22365,1
22366,2
22367,2
22368,0
22369,1
22370,1
22371,2
22372,0
22373,1
22374,2
22375,1
22376,0
22377,0
22378,0
22379,2
22380,0
22381,0
22382,1
22383,2
22384,1
22385,1
22386,2
22387,1
22388,1
22389,0
22390,1
22391,1
22392,1
22393,0
22394,2
22395,2
22396,0
22397,0
22398,2
22399,2
22400,1
22401,0
22402,0
22403,2
22404,2
22405,1
22406,2
22407,0
22408,1
22409,1
22410,0
22411,1
22412,1
22413,0
22414,1
22415,1
22416,2
22417,1
22418,0
22419,0
22420,1
22421,2
22422,1
22423,1
22424,0
22425,2
22426,0
22427,1
22428,1
22429,0
22430,1
22431,0
22432,2
22433,0
22434,0
22435,1
22436,0
22437,1
22438,2
22439,2
22440,1
22441,1
22442,1
22443,2
22444,0
22445,2
22446,2
22447,0
22448,2
22449,1
22450,2
22451,1
22452,0
22453,2
22454,1
22455,2
22456,0
22457,1
22458,1
22459,1
22460,0
22461,2
22462,2
22463,2
22464,1
22465,0
22466,2
22467,1
22468,0
22469,0
22470,0
22471,1
22472,0
22473,2
22474,2
22475,1
22476,0
22477,2
22478,2
22479,2
22480,2
22481,0
22482,1
22483,1
22484,0
22485,0
22486,1
22487,0
22488,1
22489,0
22490,2
22491,0
22492,1
22493,1
22494,0
22495,1
22496,1
22497,0
22498,1
22499,2
22500,0
22501,0
22502,2
22503,1
22504,1
22505,1
22506,1
22507,1
22508,2
22509,1
22510,2
22511,1
22512,2
22513,1
22514,2
22515,1
22516,1
22517,1
22518,0
22519,0
22520,0
22521,1
22522,0
22523,1
22524,2
22525,1
22526,0
22527,0
22528,2
22529,0
22530,0
22531,1
22532,2
22533,1
22534,1
22535,0
22536,1
22537,2
22538,1
22539,1
22540,0
22541,2
22542,0
22543,0
22544,2
22545,1
22546,1
22547,1
22548,1
22549,2
22550,0
22551,1
22552,1
22553,2
22554,0
22555,0
22556,0
22557,0
22558,1
22559,1
22560,1
22561,0
22562,1
22563,1
22564,0
22565,0
22566,1
22567,0
22568,0
22569,1
22570,1
22571,1
22572,2
22573,1
22574,0
22575,1
22576,2
22577,1
22578,0
22579,2
22580,0
22581,1
22582,2
22583,1
22584,0
22585,1
22586,0
22587,1
22588,1
22589,0
22590,1
22591,1
22592,2
22593,1
22594,0
22595,0
22596,1
22597,1
22598,1
22599,0
22600,2
22601,1
22602,0
22603,2
22604,1
22605,2
22606,1
22607,2
22608,2
22609,0
22610,2
22611,0
22612,2
22613,2
22614,2
22615,0
22616,2
22617,0
22618,0
22619,2
22620,2
22621,0
22622,2
22623,1
22624,0
22625,1
22626,0
22627,0
22628,1
22629,0
22630,0
22631,1
22632,2
22633,0
22634,0
22635,2
22636,2
22637,1
22638,1
22639,1
22640,2
22641,1
22642,0
22643,0
22644,1
22645,2
22646,0
22647,1
22648,1
22649,0
22650,2
22651,2
22652,1
22653,1
22654,1
22655,1
22656,0
22657,2
22658,0
22659,0
22660,1
22661,1
22662,1
22663,2
22664,1
22665,0
22666,1
22667,0
22668,1
22669,2
22670,2
22671,2
22672,1
22673,0
22674,0
22675,0
22676,2
22677,0
22678,2
22679,0
22680,1
22681,1
22682,0
22683,2
22684,0
22685,0
22686,1
22687,2
22688,1
22689,0
22690,0
22691,1
22692,1
22693,2
22694,0
22695,2
22696,1
22697,0
22698,0
22699,1
22700,2
22701,0
22702,1
22703,1
22704,1
22705,1
22706,2
22707,2
22708,2
22709,0
22710,1
22711,0
22712,1
22713,2
22714,0
22715,2
22716,2
22717,0
22718,0
22719,0
22720,2
22721,1
22722,2
22723,1
22724,1
22725,1
22726,1
22727,2
22728,1
22729,2
22730,0
22731,1
22732,1
22733,0
22734,1
22735,0
22736,0
22737,0
22738,0
22739,1
22740,0
22741,1
22742,0
22743,0
22744,2
22745,0
22746,1
22747,0
22748,1
22749,1
22750,1
22751,0
22752,2
22753,1
22754,0
22755,0
22756,0
22757,0
22758,1
22759,1
22760,2
22761,0
22762,1
22763,2
22764,0
22765,0
22766,2
22767,0
22768,1
22769,2
22770,1
22771,0
22772,0
22773,0
22774,1
22775,0
22776,2
22777,0
22778,2
22779,1
22780,2
22781,0
22782,2
22783,2
22784,0
22785,0
22786,0
22787,1
22788,2
22789,0
22790,0
22791,0
22792,0
22793,1
22794,0
22795,1
22796,0
22797,2
22798,1
22799,2
22800,1
22801,1
22802,2
22803,2
22804,1
22805,0
22806,2
22807,1
22808,0
22809,2
22810,0
22811,1
22812,1
22813,1
22814,2
22815,2
22816,2
22817,1
22818,2
22819,0
22820,1
22821,0
22822,0
22823,2
22824,0
22825,2
22826,1
22827,0
22828,0
22829,1
22830,2
22831,1
22832,0
22833,2
22834,2
22835,2
22836,0
22837,2
22838,0
22839,2
22840,1
22841,0
22842,1
22843,0
22844,0
22845,0
22846,0
22847,2
22848,2
22849,1
22850,1
22851,2
22852,1
22853,0
22854,2
22855,0
22856,2
22857,2
22858,0
22859,2
22860,1
22861,2
22862,0
22863,1
22864,1
22865,0
22866,0
22867,0
22868,0
22869,2
22870,1
22871,2
22872,1
22873,2
22874,2
22875,1
22876,1
22877,0
22878,1
22879,1
22880,2
22881,1
22882,0
22883,0
22884,0
22885,0
22886,1
22887,1
22888,0
22889,0
22890,2
22891,1
22892,1
22893,2
22894,1
22895,1
22896,1
22897,0
22898,0
22899,1
22900,1
22901,0
22902,2
22903,0
22904,2
22905,0
22906,1
22907,1
22908,0
22909,1
22910,2
22911,1
22912,0
22913,1
22914,1
22915,1
22916,1
22917,0
22918,2
22919,2
22920,1
22921,1
22922,0
22923,1
22924,0
22925,2
22926,1
22927,0
22928,0
22929,1
22930,0
22931,1
22932,2
22933,0
22934,2
22935,0
22936,0
22937,1
22938,0
22939,1
22940,2
22941,1
22942,2
22943,1
22944,1
22945,1
22946,1
22947,2
22948,2
22949,1
22950,0
22951,1
22952,0
22953,1
22954,1
22955,1
22956,0
22957,0
22958,1
22959,0
22960,0
22961,1
22962,0
22963,0
22964,1
22965,2
22966,1
22967,0
22968,1
22969,1
22970,1
22971,0
22972,2
22973,2
22974,0
22975,1
22976,0
22977,1
22978,0
22979,1
22980,1
22981,2
22982,1
22983,0
22984,1
22985,0
22986,1
22987,1
22988,1
22989,0
22990,1
22991,1
22992,0
22993,1
22994,0
22995,0
22996,0
22997,2
22998,1
22999,1
23000,0
23001,1
23002,1
23003,1
23004,1
23005,2
23006,0
23007,0
23008,1
23009,1
23010,0
23011,0
23012,1
23013,0
23014,1
23015,1
23016,0
23017,2
23018,2
23019,1
23020,0
23021,0
23022,2
23023,2
23024,2
23025,0
23026,0
23027,0
23028,1
23029,2
23030,1
23031,0
23032,1
23033,1
23034,1
23035,0
23036,0
23037,1
23038,1
23039,1
23040,2
23041,0
23042,0
23043,2
23044,0
23045,1
23046,0
23047,2
23048,1
23049,0
23050,1
23051,0
23052,2
23053,2
23054,1
23055,2
23056,1
23057,0
23058,0
23059,0
23060,0
23061,0
23062,0
23063,2
23064,0
23065,1
23066,2
23067,0
23068,2
23069,0
23070,0
23071,0
23072,1
23073,2
23074,1
23075,1
23076,2
23077,1
23078,0
23079,0
23080,2
23081,1
23082,2
23083,1
23084,2
23085,2
23086,2
23087,2
23088,1
23089,0
23090,0
23091,1
23092,0
23093,2
23094,2
23095,1
23096,2
23097,0
23098,0
23099,2
23100,2
23101,1
23102,1
23103,2
23104,1
23105,1
23106,1
23107,1
23108,1
23109,1
23110,2
23111,0
23112,0
23113,1
23114,1
23115,2
23116,1
23117,1
23118,1
23119,1
23120,1
23121,0
23122,0
23123,0
23124,2
23125,1
23126,1
23127,1
23128,2
23129,0
23130,2
23131,0
23132,0
23133,1
23134,2
23135,1
23136,0
23137,1
23138,2
23139,1
23140,0
23141,2
23142,2
23143,0
23144,0
23145,0
23146,2
23147,2
23148,2
23149,1
23150,0
23151,0
23152,0
23153,1
23154,1
23155,0
23156,2
23157,2
23158,1
23159,1
23160,2
23161,0
23162,2
23163,0
23164,1
23165,0
23166,0
23167,1
23168,1
23169,0
23170,0
23171,1
23172,2
23173,2
23174,0
23175,0
23176,1
23177,0
23178,0
23179,1
23180,2
23181,2
23182,1
23183,0
23184,2
23185,0
23186,0
23187,1
23188,0
23189,1
23190,1
23191,1
23192,2
23193,0
23194,1
23195,1
23196,0
23197,2
23198,1
23199,2
23200,1
23201,0
23202,1
23203,1
23204,1
23205,2
23206,1
23207,0
23208,2
23209,0
23210,1
23211,1
23212,1
23213,1
23214,1
23215,0
23216,1
23217,1
23218,2
23219,1
23220,2
23221,2
23222,0
23223,2
23224,0
23225,1
23226,1
23227,2
23228,2
23229,2
23230,0
23231,0
23232,0
23233,2
23234,1
23235,0
23236,1
23237,0
23238,1
23239,0
23240,1
23241,0
23242,0
23243,2
23244,2
23245,1
23246,0
23247,1
23248,2
23249,2
23250,0
23251,0
23252,1
23253,1
23254,2
23255,1
23256,0
23257,0
23258,1
23259,0
23260,2
23261,0
23262,0
23263,2
23264,2
23265,0
23266,1
23267,2
23268,0
23269,2
23270,0
23271,2
23272,1
23273,2
23274,0
23275,0
23276,0
23277,0
23278,0
23279,0
23280,2
23281,0
23282,1
23283,2
23284,2
23285,0
23286,1
23287,0
23288,1
23289,2
23290,0
23291,1
23292,1
23293,0
23294,2
23295,0
23296,1
23297,0
23298,0
23299,0
23300,1
23301,2
23302,1
23303,0
23304,2
23305,1
23306,2
23307,1
23308,2
23309,1
23310,0
23311,1
23312,0
23313,0
23314,1
23315,2
23316,1
23317,0
23318,0
23319,0
23320,0
23321,2
23322,0
23323,0
23324,0
23325,1
23326,0
23327,1
23328,1
23329,1
23330,1
23331,0
23332,2
23333,1
23334,1
23335,2
23336,0
23337,1
23338,1
23339,0
23340,1
23341,0
23342,2
23343,1
23344,2
23345,1
23346,1
23347,0
23348,2
23349,0
23350,1
23351,0
23352,1
23353,0
23354,1
23355,0
23356,0
23357,2
23358,1
23359,0
23360,1
23361,1
23362,1
23363,0
23364,0
23365,1
23366,0
23367,1
23368,0
23369,0
23370,0
23371,2
23372,1
23373,1
23374,1
23375,1
23376,0
23377,0
23378,0
23379,0
23380,1
23381,0
23382,0
23383,1
23384,0
23385,0
23386,1
23387,0
23388,1
23389,1
23390,1
23391,1
23392,1
23393,0
23394,2
23395,0
23396,1
23397,0
23398,0
23399,1
23400,1
23401,2
23402,1
23403,1
23404,2
23405,1
23406,1
23407,2
23408,1
23409,1
23410,1
23411,0
23412,0
23413,1
23414,1
23415,0
23416,0
23417,2
23418,1
23419,2
23420,1
23421,0
23422,0
23423,1
23424,1
23425,0
23426,1
23427,0
23428,0
23429,0
23430,0
23431,0
23432,2
23433,0
23434,0
23435,2
23436,0
23437,1
23438,0
23439,1
23440,2
23441,2
23442,0
23443,0
23444,0
23445,2
23446,1
23447,2
23448,1
23449,0
23450,1
23451,2
23452,0
23453,0
23454,1
23455,2
23456,1
23457,0
23458,1
23459,0
23460,2
23461,2
23462,0
23463,0
23464,1
23465,2
23466,0
23467,1
23468,1
23469,1
23470,1
23471,1
23472,0
23473,2
23474,2
23475,1
23476,1
23477,1
23478,1
