index,Rating Average
0,8.076094363843131
1,7.9706892009168016
2,8.135980801702988
3,8.293959736374225
4,8.034991919018864
5,8.107140152731956
6,8.271348306255453
7,8.162971998706347
8,8.271230268477465
9,8.28347656755103
10,8.400309184044826
11,8.065326735620653
12,8.386365287736913
13,8.130749277269594
14,8.218406410797208
15,8.117968735336326
16,8.018298076814231
17,8.134401178482797
18,7.616485874322217
19,7.94256255892331
20,7.548593600057389
21,7.687776569991813
22,7.563662387176349
23,7.626307922657164
24,7.687828785692607
25,7.63886448636895
26,7.73177456556254
27,7.873252491775218
28,8.038040444819377
29,7.699236403415639
30,7.911728705669665
31,7.893913566555027
32,7.835277113453603
33,7.433593975113516
34,7.587990453852807
35,7.649969029511582
36,7.961813616702078
37,7.481933585276892
38,7.668126440024271
39,7.8136694809009795
40,7.732249993247982
41,7.641074870686292
42,7.686131046923329
43,7.737679410725153
44,7.779806828204393
45,7.80597588847122
46,7.390414398615835
47,7.656119917711144
48,7.767981097816154
49,7.286600033245608
50,7.810633866250865
51,7.4586454384766245
52,7.422924601974039
53,7.509673800542507
54,7.380174561150403
55,7.526551211457027
56,7.537141297285165
57,7.96302117331151
58,7.3475951813017195
59,7.541194870355881
60,7.561062317580169
61,7.591108087345069
62,7.743328671389725
63,7.463374423003844
64,7.593407143470212
65,7.425895529704981
66,7.922228431001052
67,7.729422707057991
68,8.266598311883955
69,7.635070793322339
70,7.918194755823664
71,7.8403221523998825
72,7.431016350955741
73,7.396040298134869
74,7.597494605391001
75,7.639727574339958
76,7.563199545577826
77,7.267973191951072
78,7.511587759850299
79,7.770438301920598
80,7.58841469196175
81,7.420833989012643
82,7.467324358748043
83,7.40766599985081
84,7.278711910819557
85,7.153142132280898
86,8.079267647760991
87,7.6467850717803865
88,7.445404198491643
89,7.591351401208661
90,7.389783949835646
91,7.5835634880096325
92,7.276202265525778
93,7.388688733684426
94,7.275989551147413
95,7.439754419750811
96,7.182690736388261
97,7.439758323307634
98,7.458818468735654
99,7.196001405659396
100,8.053913006698966
101,7.3798994984610795
102,7.278740782173305
103,7.449339858433317
104,7.311218589762998
105,7.277300675280788
106,7.26131965440785
107,7.380925834351531
108,7.657069761509596
109,7.598461612694867
110,7.391253384479074
111,7.266218745681712
112,7.223690751759312
113,7.347253452489903
114,7.493221370380754
115,7.240952692635603
116,7.585195504093793
117,7.281812332668097
118,8.05307104069996
119,7.0997449311718155
120,7.6999075430209905
121,7.79529412077616
122,7.111410738302389
123,7.246133516312796
124,7.041938507610998
125,7.160625058170694
126,7.192489432691661
127,7.176663834544358
128,7.531441762808662
129,7.803233115509453
130,8.032821298909177
131,7.35275726652935
132,7.675516594809346
133,7.285303566194474
134,7.2926594620206115
135,7.486907676487642
136,7.994587078425174
137,7.771788965835132
138,7.247976980374742
139,7.9206068411519865
140,8.097307530404487
141,7.514350967359779
142,7.760672107433099
143,7.344823136401231
144,7.1807566418686894
145,7.819963165275027
146,7.277340466060443
147,7.161138626070973
148,7.4041902058308064
149,7.2073626656546
150,7.938752301027154
151,7.004550057262995
152,7.367309937869259
153,7.296227072174053
154,7.242449984410316
155,7.314149868720981
156,7.083889610555725
157,7.2589542869576755
158,7.6960235178888485
159,6.964978375284707
160,7.2485605340285755
161,6.877845236750776
162,7.39885175083355
163,7.075622602778569
164,7.147754406631179
165,7.050331672303199
166,7.115910226360261
167,7.5502219060106786
168,7.658668803020335
169,7.158688067914952
170,7.769269213138635
171,7.302668506498649
172,7.0996190389906255
173,8.010359782965683
174,7.463894996121825
175,7.4506344062088745
176,7.219521332481337
177,7.434509668379284
178,7.242418077785128
179,7.215774659816265
180,6.943158475729799
181,7.349843002053583
182,7.3829905027297285
183,7.444903676507486
184,7.286969596533673
185,7.20448547692169
186,7.709997877426658
187,7.1479261732650174
188,7.350336762423938
189,6.914672546422862
190,7.1578867243417506
191,7.019775204583206
192,7.197778228783865
193,7.934448330257175
194,6.83608270528842
195,7.035474428715562
196,7.124385514269723
197,7.032527648175738
198,7.0499586142129855
199,6.992852135816004
200,7.108197676253701
201,7.115909466145654
202,7.261621349110083
203,6.774204503976754
204,6.854448212889079
205,7.871383250636146
206,6.868959669861086
207,8.035276949907837
208,7.5943707872201855
209,7.866660543242771
210,7.868316234334062
211,7.302634105677672
212,7.029648217890616
213,7.426726595823751
214,7.422835897075991
215,7.012080771807221
216,7.171746132351142
217,7.164273931616162
218,7.564788488966169
219,7.245853783391525
220,7.224748234037725
221,7.912584713106849
222,7.131563840741112
223,6.915817387658766
224,6.981012034853833
225,7.014352077629183
226,7.3389675419544655
227,6.842921120203044
228,7.989375517411903
229,7.344744275401735
230,7.717239297953472
231,7.246143830770071
232,6.899920331865148
233,7.57115696377631
234,7.808262218713747
235,7.415579769748541
236,7.547294861414445
237,7.883902320523277
238,7.32484944379821
239,6.992771793572626
240,7.389268737579373
241,6.930384241070955
242,7.22120137300657
243,7.269634314509491
244,7.336658007421105
245,6.999083127401501
246,7.326927448808898
247,7.0202595828911685
248,7.705246513099747
249,6.720684152652069
250,6.911143178978219
251,7.346988015690529
252,7.756179541233609
253,6.884446909505753
254,6.923893146098146
255,7.085733352305213
256,7.48303438548436
257,7.771688555370703
258,6.93243561739728
259,7.1215272021990685
260,7.118962879961752
261,7.754925190352598
262,6.887915294263702
263,7.063731164413652
264,7.438002979121029
265,6.779298488811541
266,7.107806891229857
267,7.285268582347488
268,6.851930573201507
269,6.896812303783587
270,7.465515189412903
271,7.768645382381214
272,7.0396260987137875
273,7.894117530521866
274,7.196329761642069
275,6.61676981450597
276,6.789846055129488
277,7.120066582954341
278,7.273255588710046
279,6.671072210385269
280,6.77181725278809
281,7.1879651232444095
282,6.619822734621478
283,7.261002877824271
284,7.361173403360028
285,7.375075767535982
286,6.740907102537817
287,6.966045935501328
288,6.998391840707221
289,6.834838075090425
290,6.787431133834948
291,7.322880561220068
292,6.840038101129963
293,7.271623440396779
294,7.196322105262151
295,8.2323555648698
296,7.899590785830588
297,7.001670338229498
298,7.426381661156182
299,7.248810865814429
300,7.48738015162015
301,8.182634868441516
302,6.776060269006951
303,7.4494724784046165
304,6.746263016054207
305,7.365058255882192
306,7.334816098951744
307,7.087887973673983
308,7.654099078603498
309,7.319161146923704
310,7.376131158977275
311,6.893466285530235
312,7.087239763986246
313,7.0720231682695465
314,8.241436667444502
315,7.261373834063037
316,7.052387235296711
317,7.364251431020205
318,6.826991107767095
319,6.654225556895672
320,6.693983495307439
321,7.073963232057732
322,7.528525393668895
323,7.456254411368521
324,6.893531191487454
325,7.228706116362581
326,6.926614945650734
327,7.054010250280994
328,8.029679082443284
329,6.845876092997643
330,7.145270821682946
331,6.929668479129052
332,6.885518232036779
333,6.660969121200281
334,7.45005553404938
335,6.7995733855648846
336,7.568755917083586
337,6.9338935744160635
338,7.424216459012328
339,6.866386583782681
340,6.993791618678269
341,7.071734109723085
342,7.833540127681715
343,7.337311170888974
344,7.147908725040915
345,6.836708100651785
346,6.8337712540900375
347,6.6649221595081825
348,7.864436798041125
349,7.675836536020596
350,7.286793262479145
351,7.241703931033428
352,6.913440183295974
353,7.117287392452451
354,6.979716110121798
355,6.967123485799641
356,6.6344232617458605
357,7.075231477387389
358,6.886115391615016
359,7.227509880400674
360,6.827901637502362
361,7.468543441121397
362,6.8015079406324555
363,7.646771913965151
364,6.5874730553512935
365,7.665535432674006
366,6.593192500684271
367,6.9627707185611465
368,7.2147373163053885
369,6.838129304872646
370,7.337867496217034
371,7.097856580153233
372,7.044802136221685
373,7.671496892106446
374,7.439102314649774
375,6.62397512452299
376,7.002191172957702
377,6.576267484683087
378,6.679434374136705
379,6.803134347435239
380,6.5891463344197385
381,6.980803906921181
382,6.9194318530656584
383,7.031359559365011
384,6.999951635504618
385,6.831336300062525
386,7.118701866752849
387,7.31949960926273
388,6.782779765237673
389,7.339433946004008
390,7.324846275165864
391,6.725669906346614
392,7.5996886925581775
393,6.755473087336092
394,6.739732669650002
395,7.080155861176149
396,7.010812982784069
397,6.644107267865404
398,7.318727849028755
399,6.886557503279901
400,6.814974165410523
401,8.001968408391757
402,7.106372564728082
403,6.87659833913814
404,6.772404103622654
405,6.660695457480201
406,7.851789153115055
407,6.71942036677035
408,6.6338977907128625
409,7.224993764084952
410,6.533831781780615
411,6.4060379689937825
412,7.090554303014103
413,8.038123006583392
414,6.601177104962189
415,7.056592155185449
416,6.622523726569815
417,6.665267233787183
418,6.9426849067073055
419,7.496382444497224
420,7.993353108246107
421,7.389448762945396
422,6.8530822971134215
423,6.978256976009791
424,6.835419459993977
425,7.0502433023777895
426,7.962909859084966
427,6.544294420196019
428,6.616979843272352
429,7.160589989355813
430,6.58724233165039
431,7.001049072073928
432,6.820073592075022
433,6.682220138204942
434,6.783165445646024
435,6.885356000785413
436,6.574155150528381
437,7.079644127760943
438,7.79078683086093
439,7.192482138660849
440,6.547144376109141
441,6.894973130123815
442,8.271282782498476
443,6.392280973307704
444,6.8110960426084945
445,8.056256452696099
446,6.935666712618272
447,6.718861374132926
448,6.566885223190796
449,7.299572671354449
450,7.865528889644271
451,6.5589460772564
452,6.394527237864147
453,6.714465909007172
454,6.859398366116883
455,6.7782766398600165
456,6.904227513164628
457,6.889579379070868
458,6.766611796309564
459,6.727236400397453
460,6.605751478343015
461,6.985638261825106
462,7.294773805399566
463,6.661881342912408
464,6.423278759961071
465,6.749669920070672
466,6.597566419535486
467,7.190175445349163
468,6.646888042911396
469,7.135627997980797
470,7.310065803565831
471,8.18002302943997
472,7.657125197503354
473,6.7857052429698
474,6.76935234561276
475,7.268842180670595
476,7.11410712711164
477,7.7647267603192605
478,7.336284627402343
479,6.831077851000741
480,7.227764913974784
481,7.044097567258131
482,7.094026933376101
483,6.705701496487348
484,6.723471318674347
485,8.265853098468176
486,7.537106815798362
487,7.960399097588761
488,7.929771550285257
489,7.91339957037833
490,7.200541751125681
491,6.887243678781244
492,7.229924616025921
493,7.109138799967549
494,6.791344617480079
495,7.368664792912494
496,7.365379323109418
497,6.755073186401917
498,7.605430437356805
499,7.073537673026661
500,7.228102388742419
501,6.618365690078023
502,6.373812447099028
503,7.248488029099835
504,7.712613464149042
505,7.206345533039996
506,7.2189908643527625
507,7.928047280041374
508,6.998960430254569
509,6.423848483768663
510,7.832854431484459
511,6.713690302347144
512,6.692272129890968
513,7.217674892962806
514,6.796778536504705
515,6.709744247347413
516,7.159338745176323
517,7.413456663824971
518,7.959434190092888
519,6.5546245989778615
520,6.393776003828929
521,7.72599058930895
522,6.622894701366618
523,6.720072022682748
524,6.702896431135026
525,6.602227842337001
526,8.018694357640257
527,6.76871645531081
528,6.562156472886956
529,6.98562101277188
530,7.377715566717416
531,7.268896723885083
532,6.95029720883678
533,7.551668080933833
534,6.698795305111895
535,6.854759064603932
536,7.102021330040592
537,7.219071630860007
538,6.71027928395722
539,6.352307657334828
540,6.950508459175881
541,8.121751535430162
542,6.3822846136447176
543,6.831747480114813
544,8.123021667546471
545,6.438825837636394
546,7.356485303957155
547,6.6309114995669525
548,7.386007498738753
549,7.545643011234054
550,6.700806425221865
551,6.716093909980588
552,6.514724914347354
553,6.599646972128124
554,6.5121458713801905
555,7.556447692301509
556,6.883087704820889
557,7.346595601389466
558,6.985780219525823
559,7.907028425699604
560,7.170295617734331
561,7.24128170979579
562,6.61387802238014
563,7.023332380526312
564,6.435319833710423
565,7.520653462542275
566,6.434975383990933
567,6.868186098670197
568,6.684793512320552
569,7.3237105909380835
570,6.423072242732448
571,7.201834015237674
572,7.622469693577401
573,7.155956382403887
574,6.551670349920154
575,7.289522789927672
576,6.683672645397252
577,7.047410789669941
578,7.068640695978539
579,7.070728751895748
580,7.764542227045978
581,6.4731286348607915
582,6.659128641819529
583,6.59796644298146
584,6.659265122588827
585,6.56921962064766
586,7.778549628343636
587,6.967732032440447
588,7.509245725599349
589,6.94185060814179
590,6.92166590588578
591,7.039996097480942
592,6.754754962735703
593,7.200366153632126
594,6.720941167194462
595,6.83013896348899
596,7.269749256171753
597,6.904505391912084
598,6.817769943128071
599,6.356416419673942
600,7.8098063926401275
601,6.825490054750344
602,6.3801451728045695
603,7.038789937454908
604,6.6667074447582175
605,7.140877393725855
606,6.676172844386053
607,7.379475717815632
608,6.618292576251954
609,6.599350992031506
610,6.841404973535374
611,6.443283036780868
612,6.3044683953753
613,6.271524631092309
614,7.917237869200643
615,6.550349378795663
616,7.431547559911255
617,6.888060804482882
618,7.750658462863731
619,7.295598996762877
620,7.359690860805542
621,7.372273055951117
622,6.785168737479647
623,7.523261176840242
624,7.302173954702556
625,6.669989054445561
626,7.407242393194473
627,8.099050703594216
628,6.447606025868507
629,6.826288660627534
630,7.864052901406474
631,7.507719875660365
632,7.617333136593118
633,6.861368599321138
634,6.965392456798914
635,6.629011413378434
636,6.797511350842205
637,7.567458435257399
638,6.514767500799853
639,6.7994672482952785
640,6.766343081191118
641,7.346417018673837
642,7.115763317877792
643,6.593700236240758
644,6.535123088541732
645,7.75397506201335
646,6.280489332470337
647,6.6162411873573355
648,6.783935084336457
649,7.277847704480747
650,6.974754253746233
651,6.881493811300126
652,8.009524956549098
653,6.756469415035636
654,6.552897626603031
655,6.531127177974328
656,6.679076112194846
657,6.76579307368253
658,7.021691509210367
659,6.989074015823708
660,6.903166421815034
661,7.490900812530118
662,6.633220408086426
663,6.675712465999588
664,7.304312711938364
665,6.900218725852101
666,6.406159145578353
667,6.2165723701717335
668,6.381848537500862
669,8.181394447772936
670,7.325890817830589
671,6.9607085970417515
672,7.606320452833142
673,7.0529511932435005
674,7.046367110783162
675,6.796952687312039
676,6.8533177463794415
677,7.83846645484702
678,6.442718808360922
679,6.469776598297439
680,8.202305924196729
681,7.145502015576694
682,6.775347645936759
683,6.500343219212543
684,7.915450310652228
685,6.712184976216306
686,6.801176925912162
687,6.383737307189637
688,6.475591094313521
689,6.400178707965283
690,6.3520745368379155
691,6.704723551930603
692,6.887883452229671
693,6.998814989141788
694,6.814200018475837
695,6.378074004948743
696,7.557961382619564
697,6.26289978361732
698,6.35156556779531
699,6.51091830457036
700,6.6293690937129925
701,6.628846942697014
702,6.887068922241384
703,6.680343063653022
704,6.572088009626064
705,6.589548597933268
706,6.587357460685375
707,6.499596343483304
708,7.250023982870989
709,7.195595456515197
710,6.649939090049439
711,7.287028339443679
712,6.481028092464427
713,7.325955612664245
714,6.584039645350987
715,7.050827409349659
716,6.658426279409473
717,6.471960326291557
718,6.725708443046197
719,6.330183107399237
720,6.674932282456036
721,7.271489290459245
722,6.345803693493862
723,7.081723665393588
724,7.658793543140162
725,7.139649301918975
726,7.666945607568956
727,7.580746277120351
728,6.19217610741332
729,7.323255717170453
730,7.1485016654084435
731,7.227826865733675
732,6.65459415258473
733,6.168616399529879
734,6.475215626983866
735,6.896375942708138
736,6.554706092921591
737,6.4553008508858785
738,6.741188026598612
739,6.556493678858706
740,7.676834818917501
741,7.548865321889366
742,7.046729748282549
743,7.060985896706531
744,6.323932790499428
745,7.010505025479009
746,6.341212043720628
747,6.45697654694319
748,7.714983719078173
749,6.842505799736415
750,6.352323010966866
751,6.305232981026199
752,6.498745127690158
753,7.1362735749676505
754,7.349575335537695
755,6.483829958606757
756,7.608621789744932
757,8.36453894139577
758,7.1606884767944985
759,6.17041062924586
760,7.127227817685708
761,6.324620336230727
762,6.826678397407753
763,6.626202704051779
764,7.066782699175925
765,7.468073456932953
766,6.405195082607701
767,7.319469912368875
768,7.158175549991579
769,6.893882341556804
770,6.622765387974293
771,6.987656559886538
772,7.348319074677301
773,6.880033780673533
774,6.536366986949936
775,6.360156741046051
776,6.93086726422571
777,7.424585151837738
778,7.87778895071288
779,6.841996931714839
780,7.549860973867131
781,6.770073038046221
782,6.9908269809977615
783,6.594176078093431
784,6.7374099632332545
785,6.611725101123062
786,8.181468431020567
787,7.053274881596735
788,8.126019043043597
789,6.377285366785001
790,7.322768576896827
791,7.530794571374259
792,7.389060051407613
793,6.422202028616236
794,6.229178863151951
795,6.514380928349676
796,6.623593415050259
797,6.639012031160268
798,7.173757844557362
799,7.102366365730588
800,6.568250688240723
801,7.802845247792322
802,6.977609532292993
803,6.549714054228344
804,7.552667767069549
805,6.402040534159146
806,6.6558997698989115
807,7.2134171185429725
808,7.003564681869494
809,6.78565974132081
810,6.501694077001163
811,7.244493341761133
812,7.395207624439791
813,6.282778774676688
814,6.926307404570513
815,6.754334928378429
816,7.184190400362706
817,6.332062040961459
818,6.7461136980130725
819,6.398497395798709
820,7.431755029561847
821,6.079581838526231
822,6.616926008366386
823,7.220799044257027
824,6.323607329672195
825,8.156396320840889
826,7.072921304403637
827,6.531184147300289
828,6.713562544179356
829,6.692873952516711
830,7.247264879297263
831,7.624514930770685
832,6.530379327272932
833,6.670361720619623
834,7.026748224148986
835,6.431289334972533
836,6.539782496052622
837,7.938888902078925
838,6.967873455170216
839,6.870897926729465
840,7.782448471723254
841,7.234130585852277
842,6.9360625875774975
843,6.530677963397675
844,6.203977821548952
845,7.260755617400489
846,6.944872652738359
847,6.502547201800505
848,6.603431113888989
849,7.901002047610719
850,6.452952377679199
851,7.798728380036069
852,6.88042571179097
853,6.296821268522414
854,6.739547500711445
855,7.034095906797894
856,7.569016528643209
857,6.365952558535032
858,7.1780441697629165
859,7.273256053928476
860,7.632898215557948
861,6.798539584882236
862,6.887930822049966
863,6.34275531357115
864,6.708495833013695
865,6.563339485218385
866,7.054167393864607
867,6.31295271408852
868,6.749551906630187
869,6.611062901022334
870,6.168420355588347
871,7.0683427722478855
872,8.185304681707624
873,7.041096872868553
874,6.216994810207236
875,6.6034915711524595
876,6.607550589096677
877,6.476525016899357
878,7.228456313235503
879,7.321516527533333
880,6.614754991389798
881,7.478556027928882
882,6.642623104312137
883,7.015018380677125
884,7.887211779358428
885,6.628183681973117
886,7.158057153129991
887,7.967258049396243
888,6.913916631293495
889,6.609813788809066
890,6.53728782816296
891,7.590530630140837
892,7.0227600035803945
893,6.4849669281776485
894,6.822946782121814
895,7.74230037945681
896,7.020973248647464
897,6.2670231549028905
898,7.085328863835126
899,6.267263105999693
900,8.09041669197395
901,7.130090080085585
902,7.99776213517539
903,6.259599609151908
904,7.0818960773457205
905,6.25964202834191
906,6.830075542069748
907,6.683637288638066
908,6.9171211235165515
909,6.468566883686436
910,6.616957366205014
911,7.489336336061207
912,6.616366111743436
913,6.550747750242181
914,6.779274856749184
915,6.372480123061451
916,6.794634331486159
917,6.691413621598187
918,7.1030463478018016
919,6.5020252919324895
920,6.517632128052263
921,7.3685756060147165
922,7.480187783311677
923,6.7402173078617755
924,6.782247431241424
925,7.494921838984212
926,6.402607551327566
927,6.340072108439698
928,6.27132383800134
929,6.677545953087245
930,6.9648881640750435
931,6.61802956867086
932,6.640035896300744
933,6.499324196726391
934,7.103602922021035
935,7.304763944988255
936,6.301133732883555
937,7.125219413364618
938,6.388373554730004
939,7.670007393335216
940,6.666938944079802
941,6.884439281415857
942,7.200101253031415
943,6.667561360141239
944,7.405566173330978
945,6.499037307061219
946,6.384788357987031
947,7.478932109659335
948,7.647668857573729
949,7.1735935680057175
950,7.23039233667041
951,6.284431721489433
952,6.398399620286918
953,6.465109428455581
954,6.601104799130127
955,6.152625600839555
956,6.7000003532971935
957,7.609465323658016
958,7.450736296544039
959,7.642532831655721
960,6.117930335368436
961,6.661946797412068
962,7.252649035894415
963,6.400957392781782
964,6.097262874101405
965,6.224098901426443
966,7.758724969748331
967,6.987360457070158
968,6.9357827261571545
969,6.225441452295163
970,7.940401148651544
971,6.268813067285289
972,7.26300426833153
973,6.925079488851851
974,7.420622396972748
975,7.198411794109145
976,7.470929404471154
977,8.090597513495535
978,6.643730770426517
979,6.184964588764516
980,6.472653589643235
981,7.680005134835055
982,8.649404131681832
983,6.923385558242659
984,6.316872517495287
985,7.690272204074804
986,6.537468808934164
987,6.276046180607887
988,6.818638239861322
989,6.405589328303071
990,7.1275839589662215
991,6.810547340812589
992,8.386129906562076
993,6.607109946012248
994,6.6667371059864555
995,7.074549390060075
996,7.026226105870401
997,7.0100139881457455
998,6.841934336291396
999,6.6714793492577105
1000,7.087632208653786
1001,6.209291161746975
1002,6.614205202297519
1003,7.38953476041933
1004,6.899695434598687
1005,7.604468494784228
1006,8.053978550707985
1007,7.377720283196759
1008,6.863870901077813
1009,6.874945751792833
1010,7.202969905474837
1011,6.373147387212225
1012,8.544583869800197
1013,7.5648365271132105
1014,6.796520486689086
1015,7.80385470618568
1016,6.799036842538026
1017,6.808648761234998
1018,7.378009779668241
1019,6.14313725579348
1020,6.366123287148619
1021,7.2794188509340705
1022,6.996354766556483
1023,6.2988740211558145
1024,6.504523541367453
1025,6.1572634127523465
1026,6.499837136665355
1027,6.818349265559636
1028,6.6769848010868245
1029,6.246263504356098
1030,6.818999136942715
1031,7.275081643028249
1032,6.13101032147353
1033,7.225959149978288
1034,6.306698822584642
1035,6.6884806217751525
1036,6.149323188895304
1037,7.241254148870697
1038,8.206445192009179
1039,6.086396297573771
1040,7.484692474854846
1041,6.678305065895075
1042,6.944035371839519
1043,6.318591637945543
1044,6.521565904331913
1045,6.069375501164645
1046,7.345955208088537
1047,6.3330862689529654
1048,6.80736448849697
1049,6.640033854433149
1050,7.927203088598879
1051,7.112241591717128
1052,6.52483086550394
1053,6.097132257175386
1054,7.45170726045016
1055,7.797707208219821
1056,6.859897871246137
1057,7.518353207083468
1058,7.235772050358538
1059,6.671816742374087
1060,8.048423147577235
1061,7.336400334747608
1062,6.440950364350926
1063,7.490278020153776
1064,7.277164665129526
1065,6.735528489030301
1066,6.464307774193503
1067,7.32100193768287
1068,7.236120945794037
1069,7.019199594756793
1070,7.661666386375656
1071,6.835406470441685
1072,7.056350865867538
1073,7.917287187852661
1074,7.849280296418476
1075,6.744938046030459
1076,6.207692823694306
1077,6.8384390345989345
1078,8.04448303298423
1079,6.607591655558937
1080,6.923377402205958
1081,7.097061599557907
1082,6.22827809155028
1083,6.824284808673512
1084,6.271528332513112
1085,6.438490853472351
1086,7.371510459683926
1087,7.091752514169239
1088,6.34929398279532
1089,6.707093113815091
1090,6.469671954297944
1091,6.74477304558251
1092,6.618391611320066
1093,7.736012093198014
1094,6.545976492050262
1095,6.278625572878154
1096,7.347954000702565
1097,6.527120288325034
1098,6.358819669047048
1099,8.34251807136875
1100,6.83803859445145
1101,8.032479008704488
1102,6.4773036204944505
1103,6.528333918992529
1104,6.221781545706746
1105,6.049236842036427
1106,6.8548423999252455
1107,6.306873721747358
1108,6.942372077591931
1109,7.030726569091636
1110,7.427199376395301
1111,6.998615294375531
1112,6.842590028477001
1113,7.615939009925452
1114,6.159399040058096
1115,7.304721704821107
1116,6.425947251455496
1117,8.017426358156666
1118,7.2060540351677735
1119,6.409341130388454
1120,6.778971494461975
1121,6.9274094000529916
1122,7.128206878235449
1123,7.435643075046135
1124,7.628801723372807
1125,6.650645792410736
1126,7.918552977522592
1127,5.938443293356097
1128,8.120973836065277
1129,6.312407947086492
1130,6.265726503384655
1131,8.224729856149292
1132,6.159618694752723
1133,6.571329387774691
1134,6.434420027373573
1135,7.359660535443271
1136,6.587285005634083
1137,6.218609311299111
1138,6.44852596503504
1139,6.093980050584009
1140,7.1512526316133975
1141,6.35528849988062
1142,8.447059918769659
1143,6.135042711739632
1144,6.800823664230299
1145,6.099641056018584
1146,6.348444342290792
1147,6.1951690267751545
1148,7.3078565714255035
1149,6.153956299620122
1150,7.6511503133747345
1151,7.998046884202343
1152,6.685216256494845
1153,6.9111116492631535
1154,6.869176454489539
1155,6.611616692265759
1156,6.602928741349971
1157,7.075044402117109
1158,7.884738939606396
1159,7.233380597177746
1160,8.220277283187475
1161,7.174325926049029
1162,6.513672827985481
1163,6.556108785778529
1164,6.066218690451876
1165,6.421221590819031
1166,6.452194760629194
1167,7.114385582976471
1168,5.96469702123675
1169,6.463138252213164
1170,7.798498653730778
1171,7.59764028391032
1172,6.244079647243083
1173,6.187692590997071
1174,7.719438032879434
1175,7.754285978159765
1176,6.120817246601247
1177,6.556174047894077
1178,6.185900875161614
1179,7.732905842033092
1180,6.92897544953383
1181,7.947487358233898
1182,6.1821336494172865
1183,6.1776216222583376
1184,6.091107529138988
1185,7.011472791116403
1186,7.380120661708756
1187,6.982416845476333
1188,6.3624083240120495
1189,7.898532752454146
1190,7.38727808823338
1191,6.483817289837017
1192,6.375010565657594
1193,7.2828646665664785
1194,6.535384866244778
1195,7.031101792511392
1196,6.468716123150043
1197,6.32734166050957
1198,7.348892766150953
1199,7.24427059544891
1200,6.1785015909871275
1201,6.495072617753147
1202,6.488021254476101
1203,6.943843234026982
1204,6.723637277410729
1205,7.1172649446412235
1206,6.381275257750329
1207,6.236494922209899
1208,8.338145230258556
1209,7.511075022291297
1210,6.961724957177277
1211,6.207988387968332
1212,7.029516351398539
1213,6.53733776438256
1214,5.8647982460624455
1215,6.557628113120924
1216,7.075798760659476
1217,8.030694017709864
1218,6.41827607436771
1219,6.090132576318205
1220,6.683694094703473
1221,7.399829085361144
1222,6.1499602987890825
1223,6.80739987207967
1224,6.762694010806059
1225,6.347944920062734
1226,6.603517804980291
1227,7.570452620998326
1228,6.679909646444767
1229,6.433532247161125
1230,6.560615928171618
1231,7.021165367646653
1232,6.589721535077921
1233,7.130856790987015
1234,6.477940987704275
1235,7.747537726185095
1236,7.594146856316169
1237,7.329899274260148
1238,8.357706790833252
1239,7.737866834011152
1240,8.203915314412388
1241,7.162172630660395
1242,6.727745598728439
1243,6.68872148587261
1244,7.459246705252015
1245,7.329015492140146
1246,7.495656006761668
1247,7.6561381479182335
1248,7.241156495580648
1249,6.19416111270105
1250,6.72331328255688
1251,7.806130926195906
1252,7.673923929799399
1253,6.441383306140688
1254,7.028404315799041
1255,6.580677827456889
1256,6.809546314601184
1257,7.391145637270767
1258,6.1442106079218215
1259,6.185727789573338
1260,6.341700217380901
1261,6.617789505168273
1262,7.157394037768153
1263,7.534727617465217
1264,6.119951183864112
1265,6.239832285962416
1266,6.837032473633038
1267,7.09068095925769
1268,6.618800744136671
1269,6.716574743359865
1270,7.246307195947275
1271,6.5494841934058465
1272,7.385839235876364
1273,7.340801292044312
1274,7.1751590017641345
1275,7.577930372012133
1276,7.338552223544813
1277,6.9395351170165815
1278,6.379347527269081
1279,7.423890696388219
1280,7.107829484593876
1281,6.168283605227066
1282,6.5303188767822915
1283,7.066827358949545
1284,6.206302510235561
1285,6.785810915669062
1286,7.731693656321299
1287,6.2338901699465
1288,6.671095064874415
1289,6.542487800719713
1290,6.489786589176773
1291,7.596772915753373
1292,6.994891400249336
1293,6.946168251077455
1294,6.368115218460486
1295,7.063734109373215
1296,8.145061107795351
1297,6.42571568426748
1298,6.463492751898382
1299,7.049021559598685
1300,6.586152839391308
1301,6.43766268154873
1302,7.553132427431875
1303,6.652766057748797
1304,6.463706644502373
1305,6.953435764919633
1306,6.291908736439397
1307,7.243225418166232
1308,6.001064672641391
1309,6.566849848385433
1310,6.168628691433769
1311,6.179035487394811
1312,6.659760193400738
1313,7.750737495790946
1314,6.9622246460851605
1315,5.982644603606507
1316,8.163894512945925
1317,6.496591997502238
1318,6.557110121222421
1319,6.5982633593733
1320,6.981736306014723
1321,6.925011443541696
1322,6.83423227041118
1323,7.1926424411834295
1324,7.376351693554778
1325,7.419963546869017
1326,6.5690008932659705
1327,6.371676610190769
1328,6.0437195248534525
1329,7.142787922187261
1330,7.9422542256989885
1331,5.93664649056096
1332,6.167404415649231
1333,6.422125032103802
1334,5.875180469070537
1335,6.717810027242726
1336,6.532084246734897
1337,6.306559331761858
1338,6.11085027843664
1339,7.16745213140169
1340,6.916096802519404
1341,6.3598955796132906
1342,7.088369177439862
1343,6.3059842427875825
1344,6.17769393900064
1345,7.820668312350997
1346,7.285570011973534
1347,7.258952292795089
1348,6.13851785300007
1349,7.481258151712846
1350,6.406483920053225
1351,6.059684771960366
1352,8.099968806819579
1353,8.3685242408529
1354,6.747422091755098
1355,6.7062294587279
1356,7.9056831470086175
1357,7.103298903795148
1358,5.848571660427882
1359,7.735093104112508
1360,7.556359024012554
1361,8.023743185989314
1362,8.150388224802434
1363,7.430379387397862
1364,6.069660355760644
1365,6.823395219409294
1366,8.108995231406366
1367,6.461297509633276
1368,7.0708799413910945
1369,6.261405379984437
1370,7.846308956291589
1371,7.212180754165841
1372,6.837516933410146
1373,7.364726998295587
1374,6.804025955556772
1375,6.118880585199786
1376,6.5206887827421
1377,6.6807184443927445
1378,7.493227566938876
1379,6.787652305626237
1380,7.039661648759864
1381,7.448699922653816
1382,6.689129857468278
1383,6.004383429986385
1384,7.016715286437446
1385,7.116373163629506
1386,8.592084916035281
1387,6.771079611183277
1388,7.509906685192577
1389,7.354269911032527
1390,6.889201650994533
1391,6.483291625480861
1392,7.1871892451847454
1393,7.538534988084379
1394,7.205623071482852
1395,6.696650366374383
1396,6.794613847930805
1397,7.14647581251227
1398,7.547549788757671
1399,6.487467178173673
1400,6.582553660728116
1401,6.663144063996429
1402,6.4549549394189984
1403,6.1874833210747715
1404,6.296073940783413
1405,6.485365381900826
1406,8.539946811137249
1407,6.910459967955527
1408,5.819670698070469
1409,8.213801353604536
1410,7.068404417935054
1411,6.567798641228321
1412,6.631730939506858
1413,6.729378431858841
1414,7.901244953997681
1415,6.311867882106693
1416,7.640394236263267
1417,6.634578769722246
1418,6.684806702856554
1419,6.591019658295477
1420,7.830822137131702
1421,6.289832195387909
1422,6.41886600509061
1423,7.1529470355368465
1424,6.563052967884944
1425,7.102495837784296
1426,6.311496624890141
1427,6.207466529393149
1428,7.745114669690624
1429,6.836147204279829
1430,6.2220612314778085
1431,7.271694972037278
1432,6.879053045469661
1433,7.824878467163377
1434,6.903255162074149
1435,6.485188631398284
1436,6.8462547528111
1437,6.39647052861013
1438,6.638423828410687
1439,5.950817993646434
1440,6.956057326501645
1441,6.622719625206851
1442,8.006751493934088
1443,7.674174764864151
1444,6.276899718089485
1445,6.5197839580205565
1446,6.114967372021436
1447,7.042225541653247
1448,6.174078603530038
1449,7.628887747923005
1450,6.812279080044809
1451,7.661490844244997
1452,7.130314025736442
1453,6.4756033460541245
1454,6.931539009009524
1455,6.432478602084625
1456,8.658194147533692
1457,6.351834877157573
1458,8.258714423125104
1459,6.6113714758679345
1460,6.4607959501814785
1461,6.522710991704555
1462,6.6750233437606665
1463,7.539616549242492
1464,6.940215618194625
1465,6.401197315202346
1466,7.396297588934867
1467,6.142909088605713
1468,8.112577500160405
1469,8.101554984692173
1470,7.737860262363189
1471,6.667392051219704
1472,6.34001864569826
1473,6.2071883013115245
1474,6.378062436684289
1475,7.565975275370943
1476,7.988895356539641
1477,8.007331545115031
1478,6.992610595861591
1479,7.379369110406704
1480,5.97927503693481
1481,6.695791837279263
1482,6.496226156420577
1483,6.868648289188536
1484,6.518452422077166
1485,6.433789897621104
1486,6.3337052788182
1487,7.734354267205954
1488,6.806006680988083
1489,6.3042548644240775
1490,6.193006912676866
1491,7.716399119838746
1492,7.433986648881117
1493,6.988901404567329
1494,6.579747497410164
1495,7.185986166476683
1496,6.212886877614326
1497,6.5263575732974894
1498,6.87260250279365
1499,7.582301367504637
1500,6.245389791708903
1501,6.620288202430974
1502,7.712903371073883
1503,6.526665240732001
1504,6.69576552661085
1505,8.546557268793848
1506,6.829192284566472
1507,7.74714087027602
1508,6.421637234427143
1509,7.924222881196626
1510,7.0597373401541725
1511,7.82769050835704
1512,7.720537052748275
1513,7.924675849349485
1514,7.484587534517279
1515,5.98104069641067
1516,7.0146122385841645
1517,7.152492575383719
1518,6.962827872936321
1519,7.15548338381277
1520,6.75068743418011
1521,6.771541963965908
1522,6.503816895833377
1523,7.79479416187144
1524,6.4806321635000685
1525,8.015185847352583
1526,6.601771103675045
1527,8.438836588613826
1528,7.3566085530005045
1529,6.488511285224205
1530,6.715685230726928
1531,6.801520778265016
1532,6.963253932225336
1533,6.998403922206798
1534,6.669776413827207
1535,6.649112918988803
1536,6.0785411954216375
1537,6.196585172333221
1538,6.1770979996377156
1539,6.044704945060635
1540,7.2560294911206515
1541,6.001081902070732
1542,7.1205461792990254
1543,7.17936732005813
1544,6.863392630788989
1545,8.500142937064021
1546,6.4311715697824425
1547,6.618835168827058
1548,6.29988672093591
1549,8.056210668329
1550,6.899838754502632
1551,8.191014845779698
1552,7.079221697264006
1553,7.030881126450474
1554,7.5756141832724255
1555,6.538871904821615
1556,7.466712742210005
1557,7.266323875275613
1558,6.342824443749778
1559,6.242523252494551
1560,7.003790292904752
1561,6.136692728666713
1562,7.223465359247004
1563,6.689769846262358
1564,8.235617371095874
1565,5.921199596382093
1566,7.591155371361606
1567,6.307964840058966
1568,6.815663533880057
1569,7.775153177589973
1570,7.013257700456169
1571,7.110304174348224
1572,6.509858140992781
1573,5.914502853780638
1574,6.305338329894838
1575,6.384774068630274
1576,5.9746987022394
1577,7.896695492653207
1578,7.651246754372099
1579,6.706753108578634
1580,7.551743879899195
1581,6.830266405517793
1582,6.3557486286609794
1583,6.818641503250798
1584,6.551385191472687
1585,6.659012963588322
1586,7.956465723290303
1587,6.589477085605343
1588,6.277647698692192
1589,6.431538188809856
1590,6.786599576866724
1591,6.9948337529404725
1592,5.762166291897102
1593,5.969029359731371
1594,7.675376509058403
1595,6.185221869713605
1596,7.991942634855042
1597,6.954955340720488
1598,6.431527893709256
1599,6.954455325242663
1600,7.348366308290018
1601,6.003525356035987
1602,6.51634173854977
1603,6.982410548838911
1604,6.7039187137908645
1605,6.8428028374780085
1606,6.58518077353785
1607,7.14135139654634
1608,6.18013118879726
1609,8.294528634863838
1610,6.094558363625781
1611,6.387319936370347
1612,8.244702894383357
1613,6.7668633673465735
1614,6.12844268108621
1615,6.084744015738022
1616,6.533119635925608
1617,6.852621292860987
1618,7.565140143084676
1619,6.572993701932363
1620,7.6628944657132445
1621,6.453737818094445
1622,6.924914922360575
1623,6.182774833227824
1624,6.8729065502679765
1625,6.4650740548039485
1626,6.326557236921254
1627,5.7549122576089
1628,7.921897546607579
1629,6.696543986482377
1630,7.948853573806551
1631,7.058837792927179
1632,7.343032739131239
1633,6.258613132358041
1634,6.704132730918264
1635,6.173709647097011
1636,6.29839216948651
1637,7.781780326675828
1638,6.322508051474655
1639,6.557420029658293
1640,8.788229801672266
1641,7.812119133143194
1642,6.216624606765123
1643,6.203329087714754
1644,5.999778558589151
1645,6.232438726925726
1646,6.439653088029629
1647,6.826366590918587
1648,8.023149206563096
1649,6.432238674722103
1650,7.56473775032253
1651,6.316235605805968
1652,6.772466338274211
1653,6.984483483927547
1654,7.665875967632599
1655,7.911565503094035
1656,6.5854173950620725
1657,5.924954850315435
1658,6.19609582322541
1659,7.2745400479200715
1660,6.586138357804587
1661,6.281676315509212
1662,7.497857029408673
1663,6.119695832512112
1664,7.112177319014225
1665,6.99149892750936
1666,6.470035017586525
1667,6.438919439061001
1668,6.182630796351511
1669,6.533995317745226
1670,6.451212965764047
1671,6.710164413581303
1672,6.961467560825274
1673,6.7923539029762035
1674,6.066320011305623
1675,6.275607355413287
1676,6.204045680817649
1677,6.248488781229353
1678,7.0634874599723725
1679,6.54359065151616
1680,6.310334525746428
1681,8.078415943876664
1682,7.721164193191905
1683,6.363496060846885
1684,7.010389723116053
1685,6.869952452346786
1686,6.187117072853526
1687,7.6766156594471875
1688,7.1412612566623155
1689,6.763531230391453
1690,7.613394562633357
1691,6.680652514999338
1692,6.505396958040349
1693,6.8806965656540315
1694,6.381005015996929
1695,6.331657978431109
1696,7.158495540123046
1697,6.418183130445855
1698,6.49234707820981
1699,6.92186277602095
1700,6.712403201560179
1701,5.9919579082663255
1702,6.486360900622381
1703,6.662022500802819
1704,7.199834653679918
1705,8.226960744130906
1706,6.091424344800698
1707,6.719976920597593
1708,6.293681585563372
1709,6.755959219651949
1710,6.740697914299402
1711,6.132783245965228
1712,7.273076348281469
1713,5.831804981042643
1714,7.266534559648486
1715,6.200105228343053
1716,6.21290503603332
1717,7.480292531325524
1718,7.610733240676931
1719,6.40467940169708
1720,6.759632872409921
1721,6.612152317519159
1722,6.379670049894575
1723,6.7054936978846085
1724,7.807225307291497
1725,7.217984300505706
1726,6.094133508567643
1727,6.964278307680633
1728,6.582918886654227
1729,7.10324793470898
1730,6.427735560448162
1731,6.49520829982039
1732,7.3389392411319125
1733,6.425016039606562
1734,6.201152287713784
1735,7.305687661819278
1736,6.68042597253095
1737,8.63300698460235
1738,6.150313523153065
1739,6.635005317231299
1740,6.04449660074589
1741,6.261536550980969
1742,7.386938815562328
1743,7.583529854231558
1744,6.069656121999997
1745,7.191616381468294
1746,7.4565168933233075
1747,6.861995042175391
1748,6.555889307835469
1749,6.235881271914222
1750,6.834015759844526
1751,8.485573618501572
1752,5.858614481555667
1753,5.806655284519356
1754,7.112733448053439
1755,6.362065016567429
1756,5.967654763831313
1757,7.028836170682906
1758,6.673571759532994
1759,6.489030551075002
1760,6.562162551839963
1761,7.511452693374459
1762,6.52529961777029
1763,6.495186372416926
1764,6.350834956259482
1765,6.100514433317665
1766,7.161476084038881
1767,5.982995016675251
1768,6.830062943839984
1769,6.141484437548095
1770,7.0814436927522335
1771,7.08771108640881
1772,6.38477748000528
1773,7.986458077950989
1774,7.981290347138778
1775,6.2462220742335015
1776,7.119532060516494
1777,6.193058733903705
1778,6.838544798169137
1779,6.036582576506278
1780,7.1723585357428945
1781,6.3978981174569896
1782,7.225594964010359
1783,6.708966415694294
1784,6.742218166243677
1785,6.854906380545353
1786,6.2237067760873535
1787,6.003303276159698
1788,6.638048537210361
1789,6.552734975235557
1790,7.862415693136271
1791,6.159161739319914
1792,7.641860461501499
1793,7.703290079507535
1794,6.905346724762794
1795,7.571291425102177
1796,7.757719909736151
1797,6.375978315386384
1798,7.234280883370477
1799,6.291792943913644
1800,6.070235378143692
1801,6.862202683542993
1802,6.134822975519942
1803,7.101773702397915
1804,7.532079136805359
1805,6.06235777489959
1806,6.373939651273094
1807,6.3540433047205
1808,6.81199886695042
1809,6.856599583428355
1810,6.409300101729929
1811,6.952557681901468
1812,6.166075758633242
1813,6.2809565164358725
1814,6.723952276020615
1815,6.46866719180324
1816,8.000238806511181
1817,6.4308078723158975
1818,6.14300271985407
1819,6.366137377932179
1820,5.853799842226643
1821,6.954190164056573
1822,7.907988838854016
1823,6.044169689777077
1824,6.815988864363668
1825,7.51246128417237
1826,8.427224660002773
1827,6.317752181564152
1828,6.510272186449367
1829,6.226586326140135
1830,6.229179557307409
1831,6.801449092393164
1832,6.59076149802979
1833,7.153933407771952
1834,7.103765158661759
1835,6.399595953492314
1836,6.470067396500309
1837,6.541270935901011
1838,7.002840208403026
1839,5.978861733555329
1840,5.958054984916213
1841,6.958535517904737
1842,6.8565377901179065
1843,6.655581461860288
1844,7.0391735655359975
1845,6.8763767390275055
1846,7.0988041823557335
1847,6.82306960919725
1848,7.693697641368843
1849,6.296648394968452
1850,7.165757461346942
1851,5.970403667835152
1852,5.978113545755298
1853,7.316560630873504
1854,6.195491331449838
1855,6.516870237586452
1856,6.11785675677416
1857,5.8054356572889
1858,6.129055376508825
1859,6.842005734895162
1860,6.320415018361497
1861,6.193207422432994
1862,6.481868474576055
1863,7.0905735164784724
1864,7.755017304182464
1865,6.1868571115571855
1866,6.482052588702235
1867,6.924413004698901
1868,6.157055387545719
1869,7.933141358985923
1870,6.66942359542456
1871,5.944953169465378
1872,7.263223771419738
1873,6.9339936657341825
1874,6.718669300706106
1875,7.203476664244496
1876,7.6216497962813765
1877,7.596727893211645
1878,7.110626808270943
1879,5.997666906106526
1880,6.8937938837273975
1881,5.8067747561346215
1882,6.282163817341354
1883,6.2136546610707075
1884,6.72675612357271
1885,7.003017369738857
1886,7.654304490921092
1887,7.6632905963095
1888,6.982449466607609
1889,6.921109259359667
1890,6.583365855520018
1891,6.928881492117705
1892,6.962551424452062
1893,5.845231835375992
1894,8.25149904315648
1895,7.602515403414318
1896,7.140303940605788
1897,7.305848169418623
1898,6.101377516549972
1899,6.440187972570929
1900,7.102805294173995
1901,6.399454601383739
1902,5.996196563965166
1903,6.346748384856525
1904,6.965157231906775
1905,6.441016785219219
1906,7.39512005710924
1907,7.183551851129602
1908,6.61494329763986
1909,7.223350512036971
1910,6.535970162562985
1911,6.424203603160532
1912,8.161305515260752
1913,7.3666576610478955
1914,7.94831597672294
1915,6.009771357557515
1916,6.876059078755103
1917,7.980686058209125
1918,6.289003746484959
1919,6.780898641257907
1920,7.789420224958993
1921,7.158524237771617
1922,5.9610311145821
1923,7.1875547013261665
1924,6.3109998316972264
1925,6.078615420122237
1926,6.4841241333859685
1927,5.865389535659147
1928,6.127536672606284
1929,7.922981007257871
1930,6.205277736459187
1931,6.182836693483768
1932,6.136878360504602
1933,6.802332666171828
1934,7.5103509218801845
1935,6.978933744665296
1936,6.391518829821481
1937,6.0052683391432975
1938,6.603216249474671
1939,6.351877944168847
1940,6.364059400551638
1941,6.629569029965996
1942,6.101256973655067
1943,6.931215292519703
1944,5.878407048232114
1945,6.474510346137345
1946,6.613943688132815
1947,6.163852206207605
1948,6.0513274328024425
1949,6.669303600435663
1950,6.918017259697052
1951,6.33017548156435
1952,7.175950251725338
1953,6.96406007521725
1954,7.04657326265364
1955,7.162306616426021
1956,6.7908058529442865
1957,5.952121216171525
1958,6.955873078892265
1959,8.049945144635048
1960,6.617264527835136
1961,7.145865169078687
1962,6.597936407174141
1963,6.90416232145363
1964,5.853856681474218
1965,6.283684209513549
1966,6.336110824093238
1967,7.154114606141018
1968,8.059273412407732
1969,7.718672922746509
1970,7.843677273437624
1971,7.136356941063025
1972,6.923796256267179
1973,6.714523119795231
1974,8.424012727412137
1975,5.909981116335846
1976,7.6381697729111195
1977,6.922472645835883
1978,6.720201393160742
1979,6.966858226518908
1980,5.912611351030771
1981,6.583874634771723
1982,6.999788443278433
1983,6.542361155489774
1984,5.925635521270022
1985,7.933087101371412
1986,6.50865815203799
1987,6.515282794544045
1988,6.429980109760154
1989,6.670192143915906
1990,8.29602714293638
1991,7.908456504896205
1992,7.304669503820347
1993,6.922262282445806
1994,6.165701318487778
1995,6.925422940106429
1996,6.522013991295215
1997,6.997423836978716
1998,6.3527849548214075
1999,7.188541469806447
2000,6.4658599734275075
2001,6.688756709194314
2002,7.48401277109017
2003,7.547872765505292
2004,6.644880488116676
2005,6.612725226812454
2006,7.568323368769388
2007,7.337820212488176
2008,6.763364513108939
2009,6.324447603043367
2010,7.388769737441629
2011,6.960408766965804
2012,8.019402469603332
2013,6.715438298397808
2014,6.01648099361713
2015,5.841240398829607
2016,7.847518689708957
2017,6.34003735628785
2018,7.055517651326662
2019,6.742115781381717
2020,6.106316997657541
2021,5.79922848838971
2022,7.9554544088291985
2023,6.661712737769068
2024,7.720234264355025
2025,6.766776856870559
2026,6.728358341726465
2027,6.552237192623458
2028,7.2339733629405485
2029,6.234346299836573
2030,7.360509685517687
2031,7.241808667322413
2032,6.779282793467653
2033,5.812816885456915
2034,6.5188762743561695
2035,6.254952930383822
2036,8.270910034990285
2037,6.280049940438715
2038,6.351790737818396
2039,6.304912677223535
2040,6.163175889445851
2041,7.2010511743405
2042,7.556409604701218
2043,6.062163523564773
2044,7.348520268434413
2045,7.246052657345922
2046,5.833834604843246
2047,7.024018782589057
2048,6.0484708113611605
2049,6.433529702484059
2050,7.432442653732583
2051,6.939611385104279
2052,6.817196802159021
2053,6.398117988816077
2054,7.68088231889921
2055,6.848640110936697
2056,6.868987946090419
2057,6.398649252035228
2058,7.592704204776982
2059,6.261111957006449
2060,7.825990394918986
2061,7.653543115046811
2062,7.83486734937199
2063,8.404417838231485
2064,6.417555785495659
2065,6.61557864459597
2066,7.045663300967058
2067,6.217591426411705
2068,6.912482588739604
2069,5.988515485234822
2070,6.49938118176391
2071,8.02504646824116
2072,6.459574654031574
2073,6.271205039791882
2074,7.835456020680625
2075,7.134770265391492
2076,6.5995843507719645
2077,8.050710684209289
2078,5.929391973600157
2079,6.904866473967772
2080,7.52298180573184
2081,7.4286822469883536
2082,6.534481166348692
2083,6.7973745998740265
2084,8.198912166970645
2085,6.604535050187704
2086,8.154367244224723
2087,6.166600516963768
2088,7.2663437348133995
2089,6.426533113576987
2090,5.943281648613033
2091,6.12545704886154
2092,7.220886779200128
2093,7.176297384148892
2094,7.462554266683562
2095,6.609331131779094
2096,7.890765088214202
2097,6.721698963960088
2098,6.192859037986164
2099,6.633246423980857
2100,7.8645227337315795
2101,6.50107374128556
2102,7.302752014193244
2103,7.68710043059041
2104,7.845668611056823
2105,6.739914067052214
2106,6.486581918073551
2107,6.6099192996330265
2108,6.480602751099548
2109,6.415555427649327
2110,6.346145340276763
2111,6.909206750037441
2112,7.042221927746131
2113,7.460945261571026
2114,6.031714642617959
2115,6.700304881863632
2116,6.849377239206078
2117,8.095828540387608
2118,5.818671641231195
2119,6.522793572821649
2120,6.765881678905017
2121,7.803542345929765
2122,7.45890797968215
2123,6.677626580285104
2124,6.356841638721828
2125,7.962034842087938
2126,6.923883751053534
2127,7.657046903959643
2128,6.0531353378778086
2129,6.091713450083495
2130,6.7669820564448715
2131,6.180221460768519
2132,6.0724842003417985
2133,6.218469290761804
2134,7.352692771083981
2135,6.240321366952689
2136,6.100103653382666
2137,6.031344511130148
2138,6.491035289859214
2139,6.80535930877909
2140,7.24385576549411
2141,5.892130520402422
2142,6.036556742967629
2143,6.752127517224793
2144,7.837528013411937
2145,7.7356389138878825
2146,6.735630190387522
2147,6.255559710568836
2148,6.58359746530335
2149,6.591474584495244
2150,7.157154475382714
2151,6.332343361643227
2152,6.018831872186789
2153,6.494770472017672
2154,7.254526470048233
2155,6.503951827481491
2156,5.942919436852012
2157,7.45937548839459
2158,6.811450606819583
2159,7.108251018996844
2160,6.6163350480171665
2161,6.430793720205809
2162,6.749703420563896
2163,7.091292469686219
2164,7.282977776598351
2165,6.299257636410969
2166,6.7209799727531445
2167,6.949794918835257
2168,8.1903029320522
2169,6.0521661290431314
2170,6.452112668530032
2171,5.879787283909276
2172,8.001599523682692
2173,6.8561975041444825
2174,7.839678097846354
2175,7.71705372943089
2176,6.26168468274808
2177,6.558121100444215
2178,7.144848421878268
2179,7.5683656053629536
2180,7.878867999832602
2181,7.602959185331372
2182,7.638940425820847
2183,6.534980265916906
2184,7.386664317026569
2185,8.46962524974561
2186,6.015926748232854
2187,6.168454639500014
2188,7.15004083880164
2189,7.161181310218205
2190,7.14249156755686
2191,6.593153599028869
2192,6.249231957772739
2193,5.885242246912448
2194,6.473100401673385
2195,6.248907371976835
2196,5.686464529626089
2197,6.23261620668177
2198,7.1358966020234655
2199,6.010895012633089
2200,7.384117047963804
2201,7.85998635273233
2202,6.475545901588831
2203,6.520385597952616
2204,6.300177599516472
2205,7.98929504858152
2206,7.174432875825409
2207,7.069829974352479
2208,5.812985202158255
2209,7.054283247567363
2210,7.425733472059084
2211,7.31772783707485
2212,7.265685566452983
2213,7.925221104761165
2214,7.620548008039499
2215,7.0700893808643235
2216,7.154524200572815
2217,6.960156120886699
2218,6.438119544830336
2219,7.682661554259688
2220,7.132367840508278
2221,8.135955385565468
2222,6.789487010609366
2223,7.142101308232073
2224,6.155087622642492
2225,7.093029592306097
2226,5.956452226083953
2227,6.41135724255043
2228,6.466632735630874
2229,7.6395280267276116
2230,6.410524321539986
2231,6.517274209298274
2232,6.329594996055802
2233,7.502735379941215
2234,6.059963829286334
2235,5.969134736107693
2236,7.60283715516193
2237,6.464945346179498
2238,6.555342977502353
2239,6.406835666243572
2240,7.55079497906855
2241,7.732181591652592
2242,6.772373161055408
2243,6.3594237143311805
2244,7.032551772834119
2245,7.999788561996469
2246,6.428780555708326
2247,7.0595332644095095
2248,5.832787096178734
2249,7.476406702632231
2250,6.383746192249295
2251,6.536039057209527
2252,6.793186213991448
2253,6.049134389296444
2254,7.26452399948569
2255,6.175715005683738
2256,7.560502759075153
2257,6.47365932260014
2258,7.576119301616301
2259,5.630209925911042
2260,7.507153565064209
2261,6.310906583076511
2262,5.796759241214766
2263,5.997956657880159
2264,6.697504695708129
2265,8.075170037966743
2266,6.639029559646643
2267,5.830177104444738
2268,6.045559922443841
2269,6.958277391085407
2270,5.808056257045951
2271,6.867208737064559
2272,6.2336211437795574
2273,7.155425047438715
2274,6.3535472295305855
2275,6.732220775000209
2276,7.183601816333198
2277,7.674099025597779
2278,7.168496269790633
2279,5.951031857169043
2280,6.066925229569097
2281,6.687516474007349
2282,7.460177481579556
2283,6.346614790239545
2284,6.646369403305532
2285,7.964900304486324
2286,5.883052459455899
2287,6.558551479538049
2288,7.1143852497626305
2289,6.863872036368708
2290,7.962710823930144
2291,7.114179481901628
2292,6.125047114825702
2293,6.265479008624256
2294,7.049074022881118
2295,7.798785676821228
2296,6.363677559589543
2297,6.2897631594850765
2298,7.393414625401399
2299,6.633261835105838
2300,7.540248766380015
2301,6.069468545978027
2302,7.072638167937375
2303,7.124003473349764
2304,7.9653831351870155
2305,5.783083068643261
2306,6.357590139347108
2307,7.346539987634699
2308,5.852762107336461
2309,6.368709442822331
2310,7.817275292613723
2311,6.381204457656689
2312,6.913626467383557
2313,7.75456580751782
2314,6.450001409684316
2315,7.224834139032357
2316,8.277743290798702
2317,6.296208649912289
2318,8.371648723786366
2319,8.501484677331565
2320,7.283670291971406
2321,7.237605597695327
2322,7.192788506304727
2323,7.6869311455678435
2324,7.153498895217169
2325,6.549392342787599
2326,8.01607408762649
2327,5.8203530359812
2328,6.868034160752761
2329,6.62864677609884
2330,7.198776978413813
2331,6.337214994121504
2332,6.218538355096445
2333,7.7200186883832895
2334,6.154474029596965
2335,7.099594695129683
2336,6.68103609230656
2337,6.533251661529361
2338,7.589987518067807
2339,6.898137382711313
2340,7.325837587286928
2341,7.790620272303154
2342,7.371407720386146
2343,6.441782331972603
2344,6.423303925680833
2345,6.090283167063195
2346,8.241932655802335
2347,6.561476170889964
2348,6.069288414836855
2349,8.000134047748938
2350,6.087458023121381
2351,7.330588458815299
2352,7.223684686001955
2353,6.067964441408276
2354,7.200074684618119
2355,6.579234529254957
2356,7.842014163448154
2357,7.543448155217159
2358,6.557064453605884
2359,5.920416897719074
2360,6.051788678320873
2361,6.283716211975992
2362,6.6646121876937245
2363,7.211562592150651
2364,6.353318392545586
2365,6.267852703457676
2366,7.820902243532148
2367,6.075949450031973
2368,7.448250155213308
2369,6.018869249006367
2370,5.98419710238321
2371,7.313265026018923
2372,6.914482657835338
2373,6.637292115430723
2374,6.530409560922196
2375,8.224963597522342
2376,8.002883568908834
2377,7.883567657915156
2378,6.957553954130569
2379,6.348139986680933
2380,6.781527311830783
2381,6.19590675025944
2382,5.750758835547859
2383,6.167316513440714
2384,7.565909100180341
2385,7.566262255941585
2386,7.740765661504298
2387,7.826335846489226
2388,6.950748714258545
2389,8.520764896874857
2390,6.004991003166978
2391,6.4979341166646085
2392,5.965329917290748
2393,7.731542640130034
2394,7.222694867029177
2395,6.335276517475428
2396,6.10823589124002
2397,5.875025538138317
2398,6.8286962622844944
2399,6.104863655846487
2400,6.419587583985171
2401,7.225015786956893
2402,6.225647838276879
2403,7.28477078162579
2404,7.530068346658064
2405,6.241798007430052
2406,6.908021521995048
2407,6.469417727199302
2408,6.2667837779533375
2409,6.412780123512489
2410,7.307891921803101
2411,7.302206907581888
2412,7.631312570284952
2413,7.386181393836373
2414,6.7308490607063245
2415,6.505354697851084
2416,7.837199743764714
2417,7.575564718138748
2418,6.604262372753941
2419,6.2662405131140515
2420,6.7344742315574795
2421,7.079317836872146
2422,7.2671465682423335
2423,6.086704743704471
2424,6.808817319898962
2425,6.668060302432923
2426,5.856169585037492
2427,5.820306252872939
2428,7.482585900475203
2429,6.735504706237451
2430,6.412993958933928
2431,6.877469863414804
2432,7.076321709605927
2433,6.166008125482435
2434,6.312732563140906
2435,6.5107951016352725
2436,6.141804593520161
2437,5.858960690218602
2438,6.437601319883872
2439,6.415349417927218
2440,6.261202152892463
2441,6.935569096187394
2442,6.390856484855531
2443,7.326926679376813
2444,6.034770091243196
2445,6.046453013405184
2446,6.209740074116112
2447,7.652756060625855
2448,6.767692260678234
2449,6.790045607879114
2450,7.610882452532674
2451,5.937728242384277
2452,8.056919613976119
2453,6.066941771008756
2454,6.525616187388628
2455,6.664983203786042
2456,7.121994594087823
2457,7.796476698221721
2458,6.783157799712679
2459,6.410278640514643
2460,7.681792559723861
2461,5.967770869164829
2462,6.131553419245017
2463,6.442584352745797
2464,7.05047200685537
2465,6.569929661546531
2466,6.6772648941731125
2467,6.467417517633812
2468,6.694116063358364
2469,6.645388159903306
2470,6.541796705275448
2471,7.844232804767438
2472,7.493586375355947
2473,7.095271560054957
2474,5.99483244385095
2475,6.343558325455174
2476,6.226091441939935
2477,6.730992090635268
2478,6.1017798360329385
2479,6.652709583372075
2480,6.971565408542526
2481,7.431955231875873
2482,8.846904004711524
2483,7.512105619766444
2484,6.551653919751413
2485,5.977484009603544
2486,7.692758560702931
2487,7.501027825369199
2488,8.521398917846197
2489,6.621338609261334
2490,6.349332574943247
2491,6.491236209207997
2492,6.909224602464978
2493,6.8774228325214395
2494,8.157623350715692
2495,6.426422352807762
2496,6.638226788618701
2497,6.925674377208132
2498,6.2278063499640135
2499,7.258330582786376
2500,6.459696003091527
2501,5.86329159106997
2502,5.928733157142845
2503,6.533956662343288
2504,6.225260032455436
2505,7.071544423646413
2506,6.122359419860611
2507,6.606169732270652
2508,7.092196567314038
2509,7.0575316697600785
2510,7.44961344195771
2511,6.943904639238461
2512,7.187495612762642
2513,7.914308399153703
2514,6.054320524490554
2515,6.487984715345059
2516,7.490443238384921
2517,6.730655285918383
2518,7.791364608904331
2519,7.074371730201982
2520,7.356922167324126
2521,6.682998427093582
2522,6.511415339220239
2523,6.940573693836823
2524,6.668326785242589
2525,7.207598733528896
2526,7.102880433609807
2527,6.8408304580067565
2528,7.238534271223433
2529,6.966808816156344
2530,5.827357003789556
2531,6.86446030631082
2532,6.274600372260235
2533,7.365360724777318
2534,6.155613591730125
2535,6.362051990152505
2536,6.601551198711392
2537,7.922284574484427
2538,7.421089824756671
2539,6.3270695025740045
2540,7.7096411174019694
2541,7.042485111927898
2542,6.3905627400707665
2543,7.0513870026512135
2544,6.651732227352875
2545,7.001660732230641
2546,5.990193584589122
2547,6.825209263342736
2548,6.756956012874204
2549,7.179867158278278
2550,7.8332468873765135
2551,7.445237906861078
2552,6.339657605026647
2553,7.0437142509611
2554,6.4020245406184575
2555,6.675501633031039
2556,7.078964399027902
2557,6.18079989300002
2558,6.428573203796605
2559,6.331653981964713
2560,6.83931798475856
2561,6.316936390606166
2562,7.437448045318941
2563,6.385260453368509
2564,7.08277594297258
2565,7.774473091753462
2566,6.025488982362681
2567,5.94197094595973
2568,7.788119462214287
2569,6.420716895409774
2570,7.293808628113191
2571,7.1638530282813875
2572,6.249629660265429
2573,7.452761531993097
2574,7.446809199049349
2575,5.784797056210176
2576,5.8233953517051456
2577,7.076534785623492
2578,6.6761572400598075
2579,6.834389306471144
2580,6.37400010785471
2581,6.518483586875002
2582,6.364034264021388
2583,6.530956561888191
2584,7.7054724970997786
2585,8.301693787703334
2586,5.820394999068473
2587,6.805174407004142
2588,5.849113654657471
2589,6.409347408262181
2590,5.947011049229466
2591,6.62545924153082
2592,6.845759805693824
2593,6.476656640182012
2594,6.420133824776162
2595,7.455510918224657
2596,7.514465988640778
2597,6.1435720243398535
2598,7.734792552405166
2599,6.83310043112938
2600,7.204692193294351
2601,6.5792654807852236
2602,7.586155016233031
2603,6.645286451765872
2604,6.947506846703836
2605,7.0204639738902275
2606,6.194314115009324
2607,6.1723713095417745
2608,6.814429354741759
2609,6.846667833095327
2610,7.112526091788633
2611,6.695130123445835
2612,6.653961197632593
2613,6.372043128821624
2614,7.468335386060775
2615,6.1180964701708875
2616,7.900021096924476
2617,6.927069448440379
2618,7.526587712140131
2619,6.609837926812192
2620,7.117254315309069
2621,7.116654223271883
2622,6.106953465799113
2623,6.634558465056622
2624,7.7022718393206695
2625,8.293160063128983
2626,5.888786226189294
2627,8.06477572320311
2628,6.330399733316489
2629,6.752101642344686
2630,7.758007905707879
2631,6.770162798087506
2632,6.989131261145622
2633,6.504528099527405
2634,7.290794423115598
2635,6.740674856396178
2636,6.520180943511987
2637,8.018567830126628
2638,6.520077618120232
2639,5.898347759011756
2640,7.079387709565896
2641,5.881758552570081
2642,6.462125288533776
2643,6.209879817865696
2644,6.537132324568196
2645,7.153948447942715
2646,7.024127575064272
2647,7.670297995565292
2648,7.84907122253303
2649,6.585379093850308
2650,6.613262424285379
2651,8.00337013534504
2652,6.604396264635168
2653,7.166758227295135
2654,7.740037787197518
2655,7.312232937945351
2656,6.805332570386205
2657,6.950370485343781
2658,6.660456653836042
2659,5.908841838466773
2660,7.749894087916752
2661,7.0620835809666795
2662,7.666951492979585
2663,8.246477366842855
2664,7.4477469825998455
2665,6.4821066512135985
2666,6.695756787774547
2667,7.467379403686124
2668,6.77949852837221
2669,7.205811991294488
2670,7.663084912863882
2671,7.223733090599476
2672,6.625757709425553
2673,6.220148753824444
2674,6.2560112122389935
2675,6.272215246541659
2676,6.530240975280695
2677,7.614226352066649
2678,6.266172049293302
2679,6.296033811470739
2680,6.881227295380581
2681,6.991223442109834
2682,6.823125528879102
2683,6.750327692166292
2684,5.80302382398894
2685,6.7904083504774935
2686,6.433777727617487
2687,6.472002573288731
2688,6.41127990191108
2689,7.828242931222358
2690,6.275254611371837
2691,6.0037754457620185
2692,7.223652755672245
2693,7.499206919155416
2694,6.0433517307293005
2695,6.699124669832735
2696,6.828927512662725
2697,7.557803835515076
2698,6.365159677806129
2699,7.201492454301766
2700,5.981310874902215
2701,6.593168755951373
2702,5.783400948211835
2703,5.843823399809551
2704,6.167874478100109
2705,7.240184563446858
2706,6.538391528267889
2707,7.25337742690852
2708,6.813122587850853
2709,6.596861532697509
2710,6.829007635882646
2711,7.01837580184777
2712,6.292405149851615
2713,6.323945729661632
2714,5.909684207748365
2715,6.825526595599026
2716,7.22803077515583
2717,7.7542652963088
2718,6.931882736363738
2719,6.858592775385253
2720,6.049391625431861
2721,7.391436274388221
2722,6.424279962688904
2723,8.143781723085256
2724,6.307925955627918
2725,6.89050928159299
2726,7.060655529762905
2727,6.73437196908489
2728,6.732081338699064
2729,7.943495646939601
2730,5.860549443010807
2731,6.115933855200872
2732,7.113195036905572
2733,7.671633567366533
2734,7.776260069260412
2735,6.319269690807862
2736,6.979738735584483
2737,7.755603753112742
2738,7.434307129769546
2739,7.683879396145044
2740,6.392415007663392
2741,6.534217854714345
2742,7.620921708574858
2743,7.182359305905099
2744,7.027529091114042
2745,6.448556179557096
2746,6.662845725529749
2747,6.826497788618793
2748,6.957716231553036
2749,7.525713120678616
2750,7.690355667950731
2751,6.733878566727577
2752,7.152771212329023
2753,5.617719505178778
2754,7.293022436827415
2755,8.398145990513568
2756,5.942416236501542
2757,6.558314884183221
2758,6.690918656549446
2759,6.947375793124437
2760,6.297017366556329
2761,7.82676920439127
2762,6.044344669743512
2763,5.952029549482603
2764,5.748607252289126
2765,7.1400783775873915
2766,6.760966972163133
2767,6.037846329835086
2768,7.52061770483757
2769,6.599958511450683
2770,7.63465708728836
2771,6.998943872640715
2772,6.791197468936918
2773,6.874169946696202
2774,6.708370161238961
2775,7.487786816087431
2776,6.254406164555339
2777,6.8722658078522265
2778,7.017002048917336
2779,5.804161561236426
2780,6.675790069390469
2781,6.385980070814553
2782,5.823236557399898
2783,6.9288754486964965
2784,6.855563238794959
2785,6.869457390234052
2786,6.259260831340147
2787,7.180340564899348
2788,6.814857537739501
2789,6.285410026300107
2790,6.881725903575017
2791,7.2455176504289724
2792,6.279683624549073
2793,6.345273330277504
2794,5.8034632669488335
2795,7.448064571919336
2796,7.68711465794594
2797,7.027101645472262
2798,6.187997097627926
2799,7.080859485770577
2800,5.937970992065284
2801,6.206072611759785
2802,6.973318744974819
2803,7.502353265948177
2804,6.688811435937414
2805,6.957641742159751
2806,7.561763883827542
2807,7.316536076767412
2808,5.778360919880865
2809,5.690966025236369
2810,7.205332703467541
2811,6.685813233475677
2812,7.46936030448511
2813,6.7968930812399995
2814,7.049177104701405
2815,6.793451069946843
2816,6.7891770188276706
2817,7.663797384333312
2818,7.122533029048893
2819,5.942643280664996
2820,6.349274655875781
2821,5.755725239323937
2822,7.821465371057638
2823,7.127832142492288
2824,6.261582209219483
2825,7.766930501172265
2826,7.075780198435683
2827,6.68330287934428
2828,6.136579185264199
2829,6.631463995914444
2830,6.988189654953763
2831,6.068330225616814
2832,6.606637579283414
2833,6.310737526291966
2834,7.176093181660601
2835,6.008335322430893
2836,6.535962202926889
2837,6.778330551842921
2838,7.411479095905088
2839,6.729607141450824
2840,6.2041507068652555
2841,6.647983388856406
2842,7.042595078641976
2843,7.190826690485565
2844,5.847630483841219
2845,5.774812930915308
2846,7.505831717147962
2847,6.831851122063946
2848,7.908891735863761
2849,7.603594371521218
2850,5.831353615815232
2851,6.563111570607466
2852,7.601015932293487
2853,8.02881512348218
2854,6.972477714670113
2855,6.0120886192680185
2856,5.885843707980814
2857,6.84501904874305
2858,6.5252757842516464
2859,5.924216090196091
2860,6.834617724939703
2861,7.669566833991535
2862,6.845202199193641
2863,6.301952770563974
2864,7.15624955862395
2865,6.233426886785327
2866,6.497757737148563
2867,6.419754045977096
2868,7.800400438696833
2869,7.881969494141961
2870,6.532590715154486
2871,5.758522803248645
2872,7.361643387179909
2873,7.045760367423582
2874,6.730138829744988
2875,6.2023091915865205
2876,7.239705635354087
2877,6.531236988021303
2878,5.852909860127748
2879,6.61034708534523
2880,6.534719113749438
2881,7.071782686011951
2882,6.188666282888191
2883,6.823950152982699
2884,6.864998666658029
2885,7.907581639433151
2886,5.9073824860757655
2887,6.3755059365293825
2888,6.558883035832611
2889,7.273142531248793
2890,7.330623013306943
2891,5.703696187443459
2892,7.561236897669426
2893,6.248040505360496
2894,7.638644931573336
2895,6.666377354524548
2896,7.395997254492409
2897,6.510102860183215
2898,6.4334458781252035
2899,5.926770791699518
2900,7.451349404726263
2901,6.513522549875747
2902,7.023370398439414
2903,7.236955208457863
2904,6.15561822451412
2905,6.6826140420694875
2906,6.957748167092778
2907,6.179063856015373
2908,6.797920571532946
2909,6.468627619530948
2910,8.318995746894952
2911,6.3983920349370695
2912,7.037426655910383
2913,6.507735956079504
2914,6.597518646023378
2915,6.719614794803969
2916,6.721457435901514
2917,6.544306389959106
2918,7.01778416002889
2919,6.820236186005471
2920,5.826967050466418
2921,6.910211545199312
2922,6.224117600862275
2923,5.805084664026035
2924,6.763936900593572
2925,6.239692815316054
2926,7.013995817278373
2927,6.109644830687473
2928,6.365741126584059
2929,6.477491391999782
2930,6.874124615047813
2931,6.2364480145282135
2932,6.004038615801416
2933,6.419011626788129
2934,6.316852902943195
2935,6.540173024604651
2936,5.756440923804431
2937,6.122681164212687
2938,5.980476765186781
2939,6.576381988760274
2940,6.067356918212262
2941,6.461455024514936
2942,7.053535839294314
2943,6.130899264999693
2944,5.733917342565453
2945,7.225272973631812
2946,6.5996862409129236
2947,6.899645963784295
2948,7.955056127906095
2949,6.323876336564933
2950,6.170012359195647
2951,5.9343483942497315
2952,6.767006519849031
2953,5.887909439467157
2954,5.931570624079643
2955,6.314495735467025
2956,6.81890720198823
2957,6.306062493237543
2958,6.477399912263679
2959,5.912212344872626
2960,7.025994357843703
2961,7.253378950710025
2962,5.737222025382232
2963,6.6814592010965175
2964,5.81503869359706
2965,6.145172188432666
2966,6.281911946857375
2967,6.879892892008022
2968,6.635891241520508
2969,5.968640443536807
2970,7.24684110300069
2971,6.2384826458974025
2972,6.557074979914123
2973,8.537235903569695
2974,5.708049674869222
2975,6.6301760191714525
2976,6.9894380259998234
2977,6.783574563530133
2978,6.792394407153756
2979,7.050054592202515
2980,7.840334925166387
2981,6.781391696934897
2982,7.280899385420435
2983,7.35744707650672
2984,6.388303694850804
2985,6.15583678312843
2986,6.511473196884134
2987,6.74386710900248
2988,6.0111822395673835
2989,6.84039120783699
2990,6.220038813795892
2991,6.575565138672078
2992,6.280231020238558
2993,7.1355704367589485
2994,7.270059627634713
2995,7.334906611961921
2996,6.777803253464594
2997,6.910982016293529
2998,5.860571648029964
2999,6.655312983300544
3000,6.896755660105776
3001,5.967956893898922
3002,6.673606602842343
3003,6.718837436627429
3004,6.78120950738234
3005,6.227114838061642
3006,6.776592510503963
3007,5.731999433405682
3008,6.655552209492551
3009,6.087588394547333
3010,6.260590753546815
3011,6.32193864465276
3012,5.882985623807889
3013,5.9333472938114795
3014,7.243410154848647
3015,6.249678891111365
3016,5.799624227952827
3017,6.379735279202208
3018,6.705276727478553
3019,6.199831235719581
3020,6.005120180684347
3021,6.40562400181385
3022,7.878158715492502
3023,7.257157657570037
3024,7.541064293018959
3025,6.8036896536362095
3026,7.179703710616489
3027,6.792328694536849
3028,7.031588593731528
3029,6.387462737322989
3030,6.353526791818329
3031,6.161801966772209
3032,5.645575074049885
3033,6.307472411007091
3034,6.187994006681514
3035,6.0189683657227695
3036,6.035890249947403
3037,6.696835556629796
3038,6.810600009556915
3039,6.824543383463701
3040,7.070980169864045
3041,7.02489669886043
3042,6.12391121525536
3043,6.957380809811292
3044,7.017882291352789
3045,6.505529175380208
3046,6.324795903339671
3047,6.211717256344325
3048,6.961647374443246
3049,6.149260682590494
3050,6.4336439342775344
3051,6.801370324642846
3052,6.415631230788086
3053,6.354613559409298
3054,5.763695315286017
3055,5.832685553725384
3056,6.963979851176634
3057,6.458378034743157
3058,7.379767196329122
3059,6.304983389415792
3060,5.9015691095899765
3061,6.714979274410428
3062,6.332756602571613
3063,6.820713020521295
3064,7.13245291453387
3065,6.15964126680084
3066,5.74807030828152
3067,6.958139246029617
3068,7.162781067776668
3069,6.687656024308421
3070,6.264501738999047
3071,6.1258239821465885
3072,6.987848272811462
3073,5.71642116983105
3074,6.681934356548724
3075,5.991136296236039
3076,5.684400288525228
3077,6.288359423236754
3078,7.090659067368979
3079,5.901912100865918
3080,6.3882222453836714
3081,6.348968912533041
3082,5.926668509364294
3083,6.221115082105242
3084,5.906199025377805
3085,6.2441377531059885
3086,6.361943713315387
3087,6.809590277777629
3088,8.703724054889928
3089,5.996912427563348
3090,6.109230511143372
3091,6.3028122161757505
3092,6.33282568037322
3093,6.395971382407345
3094,6.105708077443005
3095,6.552139604778899
3096,6.920010191773587
3097,6.4611722059535674
3098,7.317797033706463
3099,6.638189712972221
3100,6.466066988412993
3101,6.5236858153155834
3102,6.62612814198186
3103,5.898124272731699
3104,6.819471075017937
3105,6.978618887235475
3106,6.171468679321226
3107,7.085966381031868
3108,6.492328341700188
3109,6.574352588323878
3110,6.742766481123509
3111,6.997291084691179
3112,6.871849328054775
3113,6.788934443093778
3114,6.26131150274507
3115,6.5137323608990085
3116,5.902762892324922
3117,6.0017458135540815
3118,6.380043443715029
3119,6.154143996991574
3120,5.928452703976226
3121,6.583191385842852
3122,6.48144429831088
3123,7.046068161091056
3124,6.645379558547367
3125,6.148830227532044
3126,6.683547612690875
3127,6.958576502719665
3128,6.000387424222874
3129,6.038857739738047
3130,6.780428955867284
3131,7.304973211755507
3132,5.92313619740354
3133,6.864471825334073
3134,5.8311121017438134
3135,6.117950443065184
3136,7.041688395524604
3137,6.639901287238334
3138,6.641548677459126
3139,6.447693240325268
3140,6.1023085256085325
3141,6.750415677246066
3142,6.055113310395055
3143,6.424055737098272
3144,5.819960631074211
3145,5.743774551164122
3146,6.543189373659343
3147,5.796120860745728
3148,7.380636191546196
3149,6.571887519831023
3150,7.063223731450485
3151,6.622915927095405
3152,6.679426563639343
3153,6.444542732975944
3154,5.785607331087129
3155,6.382123003531811
3156,6.929578004854461
3157,7.373262997693621
3158,6.902563642919295
3159,5.873488010397425
3160,6.350726348491851
3161,6.77417340644127
3162,6.282979057644263
3163,5.8150843975847515
3164,6.5048112486379015
3165,5.8068423684872315
3166,5.993691549180185
3167,7.271253824229476
3168,6.990724783339508
3169,6.596685460763456
3170,7.026996798959075
3171,6.205821954233574
3172,6.430555503101957
3173,5.989217006727339
3174,5.911301149212977
3175,6.08876886976653
3176,6.49146495445182
3177,6.8722245762762855
3178,7.865964961742777
3179,7.149911621095253
3180,8.324509560440141
3181,6.654054225031828
3182,7.060849391943117
3183,6.508024157373037
3184,6.742477999981966
3185,7.748437369223849
3186,8.055995656150474
3187,6.174137650215923
3188,6.071783927495037
3189,6.210148698326355
3190,6.504803179687828
3191,6.889687312726348
3192,6.859244696373341
3193,6.47586697481996
3194,6.122733847533643
3195,6.429640142593803
3196,5.808661629845477
3197,6.902550775088604
3198,7.078054870154442
3199,6.219073177874527
3200,6.0767570396812784
3201,6.420367465430108
3202,5.904967354977528
3203,6.010558812337651
3204,6.872363793326591
3205,6.2398083164315885
3206,5.799987214819271
3207,5.840073000747101
3208,6.302091637338884
3209,6.219599289372349
3210,5.732519155431081
3211,6.248262513881707
3212,6.739549441149562
3213,6.381683409468748
3214,5.813079067679343
3215,7.2943578217679095
3216,6.065034365107744
3217,7.005870440294487
3218,6.066291449972611
3219,7.00865414774793
3220,5.805072747313189
3221,5.8690845450503994
3222,6.3203205340103
3223,6.263402146680624
3224,5.737273078406876
3225,7.015075571918535
3226,5.617198116053995
3227,6.679575930709752
3228,6.236378663924139
3229,5.742669170431121
3230,6.271641811289372
3231,6.487786466680904
3232,6.340219450895411
3233,6.430114670168448
3234,5.674894390147491
3235,6.079770701806005
3236,5.839539272616171
3237,6.875491891698708
3238,5.933623811276484
3239,6.019589759276107
3240,6.082525503568906
3241,6.811931637056671
3242,6.985018199649704
3243,6.951090886310219
3244,7.001500179210112
3245,6.375596450457127
3246,6.987556608157186
3247,6.796766343537496
3248,7.136819685695442
3249,6.328991259901341
3250,6.026187717941733
3251,5.7809161135559055
3252,6.886199645669127
3253,6.12748002687997
3254,5.7406097672166405
3255,6.891208173890177
3256,5.922099064000408
3257,6.484557880367543
3258,6.369297251256199
3259,6.335556991847868
3260,6.927260820586282
3261,5.979285942600456
3262,6.256667881087839
3263,6.0547260084237005
3264,5.704605321458588
3265,6.180430600857176
3266,6.308835239935969
3267,6.4550109180351996
3268,6.773581462663843
3269,6.302074919340321
3270,6.196495347621818
3271,6.404006952176991
3272,6.598981562879215
3273,6.5461139395833285
3274,5.919992704927253
3275,6.771153300670958
3276,6.0175179921040725
3277,5.991768899841709
3278,6.4048512852367985
3279,6.526875242043668
3280,6.233869815025294
3281,6.422883766553217
3282,6.579296539323484
3283,6.108366072614356
3284,6.349305268049317
3285,6.18538210935008
3286,6.093318632070017
3287,6.993924211888034
3288,6.7850308822616
3289,6.847167008743726
3290,7.140350655353363
3291,6.354767551742804
3292,7.070563933501278
3293,6.885836431625435
3294,6.24802222197668
3295,6.3067106512178945
3296,6.059110119579612
3297,6.72827025279574
3298,6.203228465446612
3299,6.884965513506313
3300,6.5068896087530534
3301,6.858976146612066
3302,6.368486997101269
3303,5.795718325011872
3304,5.92280833297507
3305,6.035026298133922
3306,6.37720677269061
3307,5.955373825687568
3308,6.018627916756883
3309,5.938297915121913
3310,6.014075339053159
3311,6.59200916913733
3312,6.0007623328482875
3313,6.6098599170968795
3314,6.045029840207463
3315,5.844499534941709
3316,6.984043686389897
3317,7.593688667567594
3318,5.803978999236961
3319,7.005545370218783
3320,7.213462309543306
3321,5.989704879530777
3322,6.016118583162249
3323,6.654451436896907
3324,6.577447668860615
3325,5.876137695598706
3326,6.495835232541256
3327,6.310892363996196
3328,6.645661371820589
3329,6.1251029103918215
3330,6.7762493627822025
3331,6.048687493544962
3332,5.779464136485794
3333,6.291549678739062
3334,6.182589425431353
3335,6.541073982498249
3336,6.952185710451005
3337,6.374161740741379
3338,5.974713803205079
3339,7.68216807313756
3340,6.062928150067833
3341,6.498077141500305
3342,6.064830725319329
3343,6.707007560996659
3344,6.313315191479393
3345,6.09966399074068
3346,6.756639002548844
3347,8.07914250972026
3348,6.096048565720545
3349,6.330969945101179
3350,5.780232925295355
3351,6.604270733601477
3352,6.719541279892678
3353,7.064221800035717
3354,6.14920536773323
3355,5.749114636909485
3356,6.2749359389940995
3357,6.807207890076533
3358,6.617124203843967
3359,6.104850857136398
3360,6.560492602037466
3361,6.491466428121878
3362,5.8234415340699615
3363,6.540516157786576
3364,8.096192152261349
3365,6.355991016520791
3366,6.789503516605502
3367,6.68312210171146
3368,6.224296998554539
3369,6.407873275540762
3370,5.982322587154634
3371,6.223614713727937
3372,6.377632049072272
3373,6.486237629894561
3374,6.5903719962326255
3375,6.604240689067417
3376,6.625694134761495
3377,6.3965789396472825
3378,5.857722082710513
3379,6.695009680914374
3380,5.784700378508457
3381,6.772206868960404
3382,6.238793484865684
3383,6.099215811858622
3384,7.91857017271703
3385,6.410070641141631
3386,6.065589818826519
3387,6.817366286351789
3388,6.486624989296142
3389,6.5469614218533465
3390,6.11031999233626
3391,6.384582927314911
3392,5.923171428318517
3393,6.3057953609804445
3394,6.03443218849493
3395,6.451371000727679
3396,5.932313316325198
3397,6.544439910356978
3398,6.238938618805965
3399,6.473525879267594
3400,6.599904738934769
3401,6.180884702712031
3402,5.825191123469197
3403,6.370147007260548
3404,6.507141294798203
3405,6.388842613404164
3406,6.260299589996772
3407,5.854945846257959
3408,5.770295599625555
3409,5.8743260002706625
3410,5.817681522615282
3411,6.49317052918765
3412,6.764619193492285
3413,6.839996179119128
3414,6.430752818276906
3415,6.2810134736668175
3416,6.501999985180866
3417,6.459467135555925
3418,6.4900376937495325
3419,5.935851215228926
3420,5.99422702609534
3421,6.050805691832676
3422,6.114564337638495
3423,6.450897405661716
3424,6.382976961299361
3425,5.804014793728639
3426,6.370742176243549
3427,5.994027426244457
3428,6.78361262991393
3429,7.1691503768026825
3430,6.668332987210431
3431,6.8138227211579805
3432,5.823608040476561
3433,6.0518013103715695
3434,6.5727516993033825
3435,5.854518062645877
3436,6.392597983262976
3437,5.910356284934766
3438,6.528062694077216
3439,7.373360806560782
3440,6.276678088488427
3441,6.137668126509215
3442,5.807482990071585
3443,5.838038908273649
3444,6.5693787929821825
3445,5.834306748940856
3446,5.942944148928161
3447,6.134364971421637
3448,6.735296923399607
3449,6.58561439203254
3450,6.3575556540638996
3451,6.409692120657061
3452,6.495489851873572
3453,5.929882961077082
3454,6.5275654459141155
3455,6.1875554469165115
3456,6.266705781684596
3457,6.217460636959953
3458,6.831295778726255
3459,5.888936418211029
3460,6.054227049392411
3461,6.888674416176228
3462,6.1407570482637865
3463,6.864006969817387
3464,6.4905892879253555
3465,6.565044034442076
3466,6.036030575618312
3467,5.959282520830624
3468,6.634501588473662
3469,6.371057068888151
3470,6.072658169187969
3471,6.02070007654363
3472,6.498095096928703
3473,6.368884276448898
3474,6.386762823952519
3475,6.471153275374293
3476,5.887495330270968
3477,6.14988646778979
3478,6.784730398160461
3479,6.611177249758857
3480,6.314586073119506
3481,7.129547738344555
3482,6.420340628973417
3483,6.444371727427336
3484,6.447558124168123
3485,5.960253390876154
3486,6.2130042584904315
3487,6.47173147352732
3488,5.978594980486391
3489,6.910536695422076
3490,6.446584606737563
3491,6.3158275203582335
3492,6.327544620660551
3493,6.438447207387072
3494,5.869336037137979
3495,6.971275923923659
3496,6.537582791095417
3497,6.2451247826330665
3498,6.150954943964164
3499,6.378384698549803
3500,5.81416749126975
3501,6.216495209721823
3502,5.8732438553788056
3503,5.790032439392456
3504,6.333525866430137
3505,6.134524204315671
3506,5.7215419902291735
3507,6.428770022671064
3508,6.484483566856403
3509,5.924447689356853
3510,6.5239889356587355
3511,6.439849945689344
3512,6.500266043296285
3513,5.805813226122263
3514,5.9402272690569
3515,6.825479376914277
3516,5.927008608099626
3517,5.671726398742016
3518,5.935591017870578
3519,6.180223676218342
3520,6.319878874724397
3521,6.477155695464991
3522,6.391659822623684
3523,6.340894359214877
3524,5.759161115954546
3525,6.375601978883316
3526,5.777216153536917
3527,5.948346838981771
3528,6.388643350871999
3529,5.956593439494797
3530,5.922901024344185
3531,5.9772656902461065
3532,5.7758986458178745
3533,5.947848889677422
3534,5.776886710542643
3535,5.8539210163103785
3536,6.1877823562410335
3537,6.674779365486329
3538,5.774437669059582
3539,6.3325897668534985
3540,6.024518379987997
3541,5.763999703681851
3542,5.961850927193424
3543,6.165989525722761
3544,5.961358684375577
3545,6.251089989421784
3546,5.784801545333905
3547,6.164812924387158
3548,6.340558304547443
3549,6.22508507925731
3550,6.439980079949033
3551,6.146282401844277
3552,6.269704499866485
3553,5.977482860125716
3554,5.793264717560258
3555,5.663200359054552
3556,6.157308928678676
3557,6.940570965259192
3558,6.4304229523156655
3559,6.226506253465686
3560,6.167676143606427
3561,6.083815694429776
3562,6.020150497552774
3563,6.40015852738279
3564,6.078795851896546
3565,6.14040032052587
3566,5.721376640537228
3567,5.919808656970026
3568,5.73811668771757
3569,6.498229445131205
3570,6.423201527860022
3571,5.829457524896902
3572,5.8758780908887385
3573,5.74859662693455
3574,6.197361899821643
3575,5.885562801528642
3576,5.729121211433473
3577,6.2990914460369485
3578,5.96273924319296
3579,7.992399711336018
3580,6.041816659850929
3581,6.613504220268021
3582,5.862379418723633
3583,5.75991754486221
3584,6.069142582799609
3585,6.4188557029441204
3586,6.265516864277485
3587,6.463601135975093
3588,7.99289211074899
3589,8.250862765644483
3590,6.286679553078686
3591,6.381818410644062
3592,6.199705251144624
3593,5.769562755845534
3594,6.361629471528618
3595,6.307107986378947
3596,6.454375144795401
3597,5.693733948316537
3598,5.990274187327125
3599,6.1160768502453005
3600,6.3061335043672315
3601,5.939126642514241
3602,6.46602443810711
3603,6.297507135252178
3604,6.313891810583538
3605,6.3473001468935415
3606,5.9440169151815425
3607,5.887654527645321
3608,6.379318746587358
3609,6.41290072543549
3610,5.889990519510699
3611,6.408680989597866
3612,6.322006114091052
3613,6.002427860339767
3614,6.434337304570845
3615,5.746116135267454
3616,6.341462128348714
3617,6.331215395637525
3618,5.863822854465472
3619,5.671460032673915
3620,6.266049353327622
3621,6.3210126464277465
3622,6.293332054016833
3623,5.818847252352672
3624,6.526273407161805
3625,5.776662960432152
3626,6.252674306407413
3627,5.956324888706025
3628,6.309968925547144
3629,6.279987547396403
3630,5.809492548845274
3631,6.216741395210665
3632,6.223939481110221
3633,5.808306567090433
3634,6.005360972195976
3635,6.435669316525485
3636,5.823206102969287
3637,6.245905318209
3638,6.4209470332216805
3639,6.2437557359990405
3640,5.691533589076845
3641,6.284135930294328
3642,6.1368103331794055
3643,6.231251513048803
3644,6.269787915109156
3645,6.125492512525021
3646,6.4368956550545064
3647,6.344984354948087
3648,5.744946306959562
3649,6.329458066258578
3650,6.288229921622233
3651,6.283001208082311
3652,5.96985099158671
3653,5.8873503480835065
3654,5.817999394372665
3655,5.973143469232753
3656,6.220117291278236
3657,5.900884836997726
3658,5.922654823356777
3659,6.091820237835002
3660,6.131682895998088
3661,6.245481137891899
3662,6.229945632945106
3663,6.388667563072923
3664,6.663707605604702
3665,6.167171449267068
3666,6.118223772570313
3667,5.984740453807703
3668,6.338957747932344
3669,5.753560576250006
3670,5.835800953961697
3671,6.362067434281886
3672,6.020571089974763
3673,5.893946615622691
3674,5.765013807985655
3675,6.369479179904467
3676,6.366832130367568
3677,5.702250991859566
3678,6.299022129193425
3679,5.9392954774022115
3680,6.267367992742345
3681,6.0669608973067755
3682,5.846068759563876
3683,6.091359030908336
3684,5.92013828931448
3685,5.696033908533841
3686,5.744651615441259
3687,6.274501194726326
3688,6.32104631172626
3689,6.367113425524206
3690,7.558908491619392
3691,6.261829279862561
3692,5.815647470637913
3693,6.154840787709413
3694,5.967431633550072
3695,6.394465922972686
3696,5.766867047538206
3697,5.956805664207359
3698,6.289744762773255
3699,7.1389167662612945
3700,6.581651533266819
3701,5.838409765788296
3702,5.9327127543939655
3703,6.256099205589603
3704,5.811170473541338
3705,6.260065513612115
3706,5.68433215570494
3707,6.278236261185277
3708,5.717956783896962
3709,5.981128266743754
3710,5.924345377690291
3711,5.730016154903863
3712,6.235431910211593
3713,6.810443806225169
3714,5.884693054258827
3715,6.148179935897459
3716,5.737836557301359
3717,5.825486974494411
3718,6.251472081725116
3719,6.08712555579529
3720,6.377053675583775
3721,5.812545080516327
3722,6.170134772409185
3723,6.240716638788007
3724,5.893974413936925
3725,7.909027872839339
3726,6.325486775356762
3727,6.213837904182331
3728,5.7125065813276255
3729,6.336992603230185
3730,6.022183696425578
3731,5.806613658977732
3732,6.325834175984704
3733,5.803610274420007
3734,6.155759353242994
3735,5.828056024099343
3736,6.5783474489595655
3737,6.119532748881959
3738,5.833562870815863
3739,5.870264627793099
3740,6.028773005652405
3741,5.818895548708038
3742,5.886098704536342
3743,6.139559173637165
3744,5.690923588368052
3745,5.724962492167962
3746,6.147992155141099
3747,6.134556480861238
3748,6.078216757487644
3749,5.911274084999874
3750,5.856468544253132
3751,6.0700164935785095
3752,6.253016524050996
3753,5.863262788053679
3754,6.41820316376351
3755,5.785967159819331
3756,6.181174241564871
3757,5.801939251846731
3758,6.251302262141707
3759,5.852277912250341
3760,5.721975999051664
3761,5.730602630160007
3762,5.807580650968414
3763,5.946378223902325
3764,5.862267944207246
3765,5.720401077674773
3766,6.325554813671882
3767,5.797282019454079
3768,5.985495807032681
3769,5.9544993986103885
3770,5.88813391907502
3771,7.818819292841328
3772,6.096431612724681
3773,5.993191835390404
3774,6.078272726950287
3775,6.204397650802181
3776,5.815359195545274
3777,5.943746588876883
3778,6.05535232970211
3779,5.904304632244872
3780,7.087970734950694
3781,5.783539851768852
3782,5.784249235740203
3783,5.833943690762657
3784,5.873004343752183
3785,5.712797229157317
3786,5.661728160321823
3787,5.984858718953553
3788,5.7989657794477445
3789,6.090029520969114
3790,5.6445511715914805
3791,5.79327854929806
3792,6.07975939947
3793,6.023906457151907
3794,6.4513730234648845
3795,5.793435336483387
3796,6.4182994320769025
3797,6.125774574873827
3798,6.023497647865766
3799,5.7629649942707815
3800,6.159120321989563
3801,5.911475864603726
3802,5.789977994164645
3803,6.113414838462195
3804,6.167808735350941
3805,6.076292369765191
3806,5.789190621770001
3807,5.753020464909091
3808,6.143951825049603
3809,6.329147967883806
3810,5.894038132126294
3811,6.250287327507902
3812,6.872841052041029
3813,6.139570849593709
3814,6.063572119784364
3815,5.684948640080411
3816,6.056776265227841
3817,6.062196042758224
3818,6.037498277024541
3819,6.145119737856728
3820,5.9238235586018355
3821,6.1983960726605005
3822,6.060684685024024
3823,6.111908305197695
3824,6.582898329163309
3825,5.738353701105254
3826,5.763738236975047
3827,5.7173459129368025
3828,5.701749535026469
3829,5.649778807053575
3830,6.065098359023138
3831,5.680528569001427
3832,5.931699734595026
3833,5.849254696708726
3834,6.254401988565155
3835,5.967957945898258
3836,5.719644950192447
3837,5.7596891065584215
3838,6.174524313671052
3839,5.749397984823651
3840,6.079649833004515
3841,6.024482083397926
3842,5.784925829250853
3843,5.964197956779344
3844,5.851101006984571
3845,5.992668512401762
3846,5.759903746937098
3847,5.763632859761641
3848,5.820958242002717
3849,6.004907840771876
3850,5.70712293319096
3851,5.920595842927884
3852,5.721497275381212
3853,5.9227395190883225
3854,5.919046492040638
3855,6.857667143606952
3856,6.415982255432087
3857,5.793734029920604
3858,5.816792923075205
3859,6.000524096072788
3860,5.74087018819192
3861,5.978605958479119
3862,5.634343006638776
3863,5.996302815369129
3864,5.903595721005679
3865,6.213631612463153
3866,5.703791594755344
3867,5.833296593222199
3868,5.93439059504182
3869,6.064763796453083
3870,5.976874221426382
3871,5.68978586407105
3872,5.951791258356297
3873,5.972290296912109
3874,5.92249706844591
3875,5.821759467705223
3876,6.0526133240639215
3877,6.023208177027162
3878,6.042217473747458
3879,5.7053891937228345
3880,5.835807795986144
3881,5.88289618928781
3882,5.702393429567958
3883,5.907266052405433
3884,6.098227250262182
3885,5.894838391221775
3886,5.8627725532818
3887,5.980183630745931
3888,5.739184357851089
3889,6.242876863727346
3890,5.87663574375785
3891,6.283792746649237
3892,6.3701414791787405
3893,5.706254759325338
3894,5.659717650989428
3895,6.275816881699395
3896,5.829983086671572
3897,5.796198764655382
3898,5.92095182923307
3899,5.999013035405626
3900,6.0453358541398465
3901,5.723905461303479
3902,5.86111393416109
3903,5.924847626762136
3904,5.702389112558993
3905,5.874513987614686
3906,6.020544638363227
3907,5.867613201331378
3908,5.975038685601285
3909,5.943704984404897
3910,5.974522083560219
3911,5.847675403249007
3912,5.763848796202988
3913,5.6364640786696265
3914,5.657959524538116
3915,5.856373258699529
3916,5.744170817048841
3917,5.858465571753062
3918,5.799152676630834
3919,5.893599235669554
3920,5.968936946073855
3921,6.10039731642615
3922,5.695877254652407
3923,5.973901185107231
3924,5.701261771189407
3925,5.738784078773704
3926,5.923964867283325
3927,6.13682887083499
3928,5.791359841956149
3929,5.7668434439496545
3930,5.873984209601238
3931,5.841444403340901
3932,5.816470737112494
3933,5.936134932954516
3934,5.986436084946756
3935,5.78811683114783
3936,5.600905978182855
3937,5.951419053040479
3938,6.2940539974285095
3939,5.6873264869601075
3940,5.922356544576336
3941,5.932971896974069
3942,5.688846377421665
3943,5.733205682396937
3944,5.945641722523426
3945,5.966072054114584
3946,5.706483443311706
3947,5.694696508742718
3948,6.024084948189644
3949,5.904694966738871
3950,5.8725714711150685
3951,5.727229014644737
3952,5.867356894055359
3953,5.813611779494683
3954,5.718413425446583
3955,5.906944408581782
3956,5.990210227571956
3957,6.222731185530654
3958,5.76846927507007
3959,6.378886063301045
3960,5.728904878711894
3961,6.229482953545555
3962,5.6363005515485565
3963,5.7357449557410956
3964,5.8547149935287095
3965,5.7444677739078465
3966,5.663949106233433
3967,5.6670147490517575
3968,5.838828024201145
3969,5.68059545276178
3970,5.8192055854541005
3971,5.949349287283388
3972,5.908724058249328
3973,5.838588812664873
3974,5.828336033732346
3975,5.844373397595562
3976,5.8496841806804
3977,5.819958168655476
3978,5.74092833748086
3979,5.856809625443203
3980,5.83074609007728
3981,5.900407459201635
3982,5.65015221587963
3983,6.0540620011083535
3984,5.852873057402682
3985,5.772654141467831
3986,5.695851470175422
3987,5.56953772937441
3988,5.803675820116585
3989,5.834588911280607
3990,5.874148985366604
3991,5.645362766858078
3992,5.774923563243743
3993,5.7417990009578395
3994,5.8450228259513795
3995,6.049079580611367
3996,5.740292342895455
3997,5.716674548620597
3998,5.895854175948894
3999,5.8448967093152895
4000,5.80030875311794
4001,5.999063395538526
4002,6.464169278488456
4003,5.697930360733368
4004,5.780892628627329
4005,5.852434598321396
4006,5.74037838069184
4007,5.569435432141289
4008,5.727969747936743
4009,5.776100707728467
4010,5.712295712128656
4011,5.783454697783604
4012,5.776079864401516
4013,5.665035842177067
4014,5.794742759809262
4015,5.715729064247737
4016,5.646481382423456
4017,5.7543790955620375
4018,5.830298924732764
4019,5.6546161011349
4020,5.768906102439273
4021,5.700814882028857
4022,5.678956008273029
4023,5.709185040422981
4024,5.6862256947147065
4025,5.716784814826328
4026,5.734735165631866
4027,5.676326968225695
4028,5.70548073625196
4029,5.730333885434895
4030,5.767640512637369
4031,5.653909063085339
4032,5.701844911769033
4033,5.6863900632496165
4034,5.795423720485051
4035,5.722502029693388
4036,5.725093648171965
4037,5.692729385623059
4038,5.793163978870082
4039,5.682974961108857
4040,5.864649700692179
4041,5.73343881700531
4042,5.730441996721451
4043,5.7716948159057155
4044,5.976387964068128
4045,5.795041312589736
4046,5.855858441117139
4047,5.70858622116334
4048,5.542553580966917
4049,5.7665507661127045
4050,5.96589841933788
4051,5.676873952630041
4052,5.665395805458479
4053,5.820232946291289
4054,5.711353425830959
4055,5.701353436079649
4056,5.71980628568477
4057,5.877782996776276
4058,5.779212825153734
4059,5.701390593721796
4060,5.6778005811293655
4061,5.810178955083156
4062,5.737963173417753
4063,5.834509461680222
4064,5.670492457075732
4065,5.8055589709045865
4066,5.763490784689894
4067,5.856813838396819
4068,5.800482069555907
4069,5.785269286534854
4070,5.652683400921088
4071,5.715924496180288
4072,5.728019624657008
4073,5.664935730720726
4074,5.7112722953358555
4075,5.684801863811977
4076,5.635649835119711
4077,5.666106059684867
4078,5.8358426730895525
4079,5.834819342917985
4080,5.704413274330349
4081,6.1354264943892405
4082,5.832183581453492
4083,5.741051529106092
4084,5.803114488584585
4085,5.7175134236800815
4086,5.719064268094428
4087,5.775985819256123
4088,5.738175697316932
4089,5.749508531929628
4090,5.735141835188486
4091,6.190960858638404
4092,5.765552914330689
4093,5.697596946310285
4094,5.6629448691996345
4095,5.674638619191287
4096,5.671099520828125
4097,5.744677462003438
4098,7.574335975364567
4099,5.766700649679567
4100,5.773891998796913
4101,5.711233903520626
4102,5.726713184604469
4103,5.664597968286177
4104,5.734276865782648
4105,5.736389099011344
4106,5.702043819909552
4107,5.5936243820297715
4108,5.681998116220497
4109,5.6203683111578515
4110,5.61920825370102
4111,7.05612032252584
4112,5.552937224756468
4113,5.640615656071094
4114,5.647617667250318
4115,5.678995481116652
4116,5.668667742097839
4117,5.690151779541254
4118,5.682440915730086
4119,5.657861390443107
4120,5.646909699657355
4121,5.703172020874461
4122,5.638261541894602
4123,5.599079964175484
4124,5.60361289076786
4125,5.678519171562875
4126,5.8307856933620545
4127,5.605815194645675
4128,5.667977931677902
4129,5.690528510350798
4130,5.525541366374095
4131,5.73171235458383
4132,5.9027098551229695
4133,5.619238258267844
4134,5.656329688965568
4135,5.620716851314839
4136,5.577908723321554
4137,5.988458976799908
4138,5.665241843527105
4139,5.6829465252052564
4140,5.648342281518938
4141,5.687382157388489
4142,5.734841620407512
4143,5.618398773423753
4144,5.628962391217089
4145,6.000384298904335
4146,5.606609216491829
4147,5.682414871995073
4148,5.5868775992254145
4149,5.620135659045537
4150,5.959010825489728
4151,5.717344652073412
4152,5.611887972646104
4153,6.0066065748641355
4154,5.662012304497453
4155,5.62013841614598
4156,5.627432398596934
4157,6.028554745002125
4158,5.565528026172422
4159,5.5917874501245795
4160,5.617483190416562
4161,5.651870616956227
4162,5.656287159912683
4163,5.627038755476318
4164,5.716981881868751
4165,5.615014178019578
4166,5.5970120377261035
4167,5.602074758808719
4168,5.756558096229625
4169,5.586218473886519
4170,5.906978890778485
4171,5.583617166579876
4172,5.645536794123753
4173,5.617341589402942
4174,5.583747092131957
4175,5.601074878567798
4176,5.635281486330963
4177,5.608021752636166
4178,5.65317711022916
4179,5.577444836146918
4180,5.58454877743466
4181,5.608875790047562
4182,5.607006545561646
4183,5.592740275657206
4184,5.669866200600613
4185,5.544329510746042
4186,5.729847295441698
4187,5.5861491053551795
4188,5.570646377448026
4189,5.573578694474797
4190,5.527272580109182
4191,5.529680397767259
4192,5.825306956764265
4193,5.588971554575538
4194,5.5891381740633745
4195,5.709057589448335
4196,5.600673986993222
4197,5.5735658816928595
4198,5.517419569351689
4199,5.532926528040753
4200,5.547492306513974
4201,5.558095687910499
4202,5.564987253564007
4203,5.5386667597056825
4204,5.56773729473929
4205,5.555725089379308
4206,5.561465970234658
4207,5.550484829366602
4208,5.564641272887485
4209,5.5683013202872935
4210,5.552649488267884
4211,5.520191220477813
4212,5.625262053790288
4213,5.600277111141303
4214,5.547240226835078
4215,5.538101160474849
4216,5.540759620972233
4217,5.522507095600545
4218,5.522314120109694
4219,5.573453073510418
4220,5.542250406667371
4221,5.520322293216561
4222,5.534007680458368
4223,5.527318213828635
4224,5.716532497226334
4225,5.545145211266186
4226,5.515537355247154
4227,5.5168670615840725
4228,5.5237325070708225
4229,5.509444836667343
4230,5.7286005298099045
4231,5.483015376314149
4232,5.4935021277339295
4233,5.558417674257462
4234,5.516298830841677
4235,5.7647293035910145
4236,5.549286197876748
4237,5.624474159766906
4238,5.509608204103051
4239,5.565025770588448
4240,5.540182064549403
4241,5.615601525194282
4242,5.740593198722176
4243,5.566887960754304
4244,5.657437712956135
4245,5.5410994975852255
4246,5.5923620013629565
4247,5.547478434266177
4248,5.681250322723556
4249,5.572664449749762
4250,5.526177960268417
4251,5.559836648262149
4252,5.549615804982513
4253,5.56734137334433
4254,5.53500203852699
4255,5.508971272809313
4256,5.5313941365745345
4257,5.577059485976405
4258,5.550004791634334
4259,5.547849237737959
4260,5.564697594912245
4261,5.448530434159502
4262,5.62419516027336
4263,6.01545570479827
4264,5.539335157265009
4265,5.495379212964061
4266,5.484164279735293
4267,5.526945811291009
4268,5.504493505631149
4269,5.490124533449892
4270,5.591479252864477
4271,5.605792837898174
4272,5.489079702534311
4273,5.532372667988332
4274,5.523412377723409
4275,5.481096884820729
4276,5.471815730358444
4277,5.489208169088344
4278,5.50193113759065
4279,5.513153247487939
4280,5.512221644464566
4281,5.472435796497011
4282,5.494537385428946
4283,5.485641176272151
4284,5.470168604637086
4285,5.546741710598422
4286,5.542708615226898
4287,5.574567240586107
4288,5.460182161372937
4289,5.567007631446231
4290,5.513719582239892
4291,5.50070157666822
4292,5.51284029779581
4293,5.47842576262925
4294,5.490243267153954
4295,5.486189843464978
4296,5.4930772773181005
4297,5.439034725290189
4298,5.485527016225534
4299,5.673532246235815
4300,5.5762268386877585
4301,5.472439261281452
4302,5.478926282128433
4303,5.491056718980326
4304,5.573267375650379
4305,5.511949592460678
4306,5.487808872274628
4307,5.505262638255005
4308,5.667825210823693
4309,5.454791475767732
4310,5.481326306165582
4311,5.523491843868939
4312,5.4410742732161825
4313,5.508216069221643
4314,5.506531183457796
4315,5.483423188340699
4316,5.508672950800835
4317,5.438000795447324
4318,5.538667531014349
4319,5.5679919536508224
4320,5.498592983318823
4321,5.427118562347678
4322,5.46229918712288
4323,5.392239089698305
4324,5.486107156123071
4325,5.447035830259783
4326,5.777434924392037
4327,5.480620647876467
4328,5.5157298772532375
4329,5.4631780236852645
4330,5.418115415191233
4331,5.466092592471733
4332,5.408195673861653
4333,5.593924740744129
4334,5.395255676393622
4335,5.435172604609725
4336,5.525963818923354
4337,5.393003274695077
4338,5.420669280638259
4339,5.35341814500423
4340,5.331543354099442
4341,5.3496409261322375
4342,5.388069052283839
4343,5.428237207356942
4344,5.426368890944625
4345,5.500490573251719
4346,5.362120533782453
4347,5.332259143196877
4348,5.413758686578121
4349,5.456299384613553
4350,5.455201063068995
4351,5.400292713600416
4352,5.389083392947312
4353,5.4157354045671795
4354,5.364700649041182
4355,5.468567349031588
4356,5.340514255142225
4357,5.531958914718641
4358,5.585858410686438
4359,5.349844218764683
4360,5.39489976511852
4361,5.501467988332196
4362,5.40417461963172
4363,5.382777502771747
4364,5.4169562281665105
4365,5.407641201021353
4366,5.46612631583871
4367,5.346797484754374
4368,5.31205564759842
4369,5.357501973910343
4370,5.395864799725734
4371,5.40674742754921
4372,5.344353022085269
4373,5.474195782368958
4374,5.296221276404789
4375,5.300109244685964
4376,5.280093856089027
4377,5.40055145188014
4378,5.359405587228761
4379,5.285089371398504
4380,5.406537718939306
4381,5.299602606654557
4382,5.445410619428671
4383,5.364791217568283
4384,5.479575265329028
4385,5.408247320383749
4386,5.36428339573124
4387,5.207904649929282
4388,5.285855439002655
4389,5.364260171290446
4390,5.33148479962515
4391,5.4318360789594955
4392,5.441096656463926
4393,5.340319161725895
4394,5.271746307076019
4395,5.411366713130006
4396,5.4232503864232235
4397,5.332980953564479
4398,5.427910740119671
4399,5.429009733004083
4400,5.330626580770143
4401,5.399475271785638
4402,5.368781197725916
4403,5.460878184422875
4404,5.222400969056789
4405,5.419256211769706
4406,5.1652646296977665
4407,5.350963656910719
4408,5.3126140955255465
4409,5.318626040206189
4410,5.43937715383365
4411,5.493763948449792
4412,5.357865327788838
4413,5.431918168918221
4414,5.295830614984786
4415,5.577232078497002
4416,5.5753289678050955
4417,5.455878448271727
4418,5.236713777694659
4419,5.329606404946019
4420,5.2406433726231825
4421,5.332077736638446
4422,5.420988959145414
4423,5.2587556822251775
4424,5.456215377662081
4425,5.317748655365443
4426,5.383075807767822
4427,5.326886274313664
4428,5.194666736306285
4429,5.554000198521117
4430,5.344272932384958
4431,5.260506572414888
4432,5.264560223528492
4433,5.213418117672682
4434,5.176103391022659
4435,5.44617864793281
4436,5.403007567957268
4437,5.167703218709194
4438,5.377466399905979
4439,5.176454690043489
4440,5.386469654499923
4441,5.370215300839667
4442,5.254017837484553
4443,5.358733760729518
4444,5.325741543850679
4445,5.203672995261611
4446,5.2489864933973
4447,5.437488175968335
4448,5.157931619653757
4449,5.14559784711425
4450,5.324391274452482
4451,5.307321803823818
4452,5.2179986881232185
4453,5.177932971200323
4454,5.363632372777149
4455,5.376554463655327
4456,5.3822262390490465
4457,5.3111253054465974
4458,5.4947068866285145
4459,5.220670150573527
4460,5.550824588898655
4461,5.27924107012949
4462,5.441399130765713
4463,5.336469134580554
4464,5.400735899468072
4465,5.201329193192126
4466,5.157430776073196
4467,5.267642027762141
4468,5.3032727133125555
4469,5.2962726893951615
4470,5.4363024746126
4471,5.346060438649216
4472,5.118125232170738
4473,5.3536794847078
4474,5.323175226902014
4475,5.067476567093121
4476,5.348563908008395
4477,5.303195938746916
4478,5.36196385031592
4479,5.521454267500789
4480,5.134582291799538
4481,5.297976700197249
4482,5.395721553433713
4483,5.324416118568507
4484,5.317902773841601
4485,5.403491528997726
4486,5.500842783826824
4487,5.378903207075595
4488,5.192323407797803
4489,5.486009827985925
4490,5.057988636325192
4491,5.1910608151553435
4492,5.506847618132219
4493,5.454826365695284
4494,5.300575639619344
4495,5.344109167293974
4496,5.47817774824042
4497,5.0520898119882505
4498,5.474170663021006
4499,5.313788731736995
4500,5.0377551246586725
4501,5.239563579927452
4502,5.052429831190767
4503,5.278134588575
4504,5.16841532610755
4505,5.396985891263629
4506,5.45873634586361
4507,5.202228974390283
4508,5.284615702894611
4509,5.369553364145973
4510,5.436753069327906
4511,5.3048314782282375
4512,5.076274824380459
4513,4.92064363578868
4514,5.275630334410032
4515,5.291404103374239
4516,5.1864828540938115
4517,5.0293488594101285
4518,5.405892884490367
4519,5.5476130371652825
4520,5.427234805033466
4521,5.028106862800532
4522,5.377813351868947
4523,5.352753880855072
4524,5.138525891167506
4525,5.490329438800126
4526,5.084119837328311
4527,5.417110012044367
4528,5.254076013046075
4529,5.290581279424796
4530,5.132047949105344
4531,5.343608150678332
4532,5.48232384675708
4533,5.058323209463488
4534,5.377776248003484
4535,5.282463317240197
4536,5.070843291077015
4537,5.33985642447506
4538,5.303468903319134
4539,5.06296173345399
4540,5.272030492760903
4541,5.270578680036769
4542,5.416935147234377
4543,5.4053407199093195
4544,4.961473282511665
4545,4.891911256285209
4546,5.133934064851734
4547,5.044914140809022
4548,5.4853742833613675
4549,5.304352498329516
4550,5.26291209489438
4551,5.331555442951364
4552,5.267663500079658
4553,5.306688568302574
4554,5.466792899473086
4555,5.044051584038583
4556,5.05699297472428
4557,5.06394630238975
4558,5.461025802345247
4559,5.216758790365625
4560,5.2784904800704595
4561,5.242789470576588
4562,5.033868454809159
4563,5.053135544414269
4564,5.122667942349837
4565,5.022929565527814
4566,5.545561679544177
4567,5.227203064408295
4568,5.026357904145397
4569,4.999203029799526
4570,4.887289294387996
4571,5.396506624450262
4572,5.037463853323799
4573,5.254377493239811
4574,5.450890817364921
4575,4.858807129625173
4576,5.360653705384328
4577,5.30235200481157
4578,5.320252386931815
4579,5.041425243439675
4580,5.341184552682982
4581,5.201247194897353
4582,5.544535477237668
4583,5.3562200462160865
4584,4.947180501304011
4585,4.972705180588389
4586,5.312083108361978
4587,4.933448294499907
4588,4.818658074978499
4589,4.807108856692963
4590,5.309504710418156
4591,5.394054673684105
4592,5.420869109054223
4593,4.953292884505599
4594,5.142768459056224
4595,5.266135629364727
4596,5.249479000699428
4597,5.236491619159434
4598,5.337359004411658
4599,4.9119940566166
4600,5.415590698093194
4601,5.30418385768678
4602,4.741241547684756
4603,5.101255714753477
4604,5.181302028585966
4605,5.030025640187083
4606,5.267564623990868
4607,4.926924183546692
4608,4.925530178556446
4609,4.796637212213474
4610,5.2091565002323135
4611,4.855192925688841
4612,5.197122938531321
4613,5.213905674553873
4614,5.189951943906851
4615,5.257843673030184
4616,5.1058772230218805
4617,5.195086137717101
4618,4.741100635354116
4619,4.770922857107087
4620,4.710727068510983
4621,5.173123610475428
4622,5.453582743457994
4623,5.002818526121164
4624,4.976126044856604
4625,4.96571798558969
4626,4.889496393269086
4627,4.830862667393756
4628,4.818123083611339
4629,5.3481141848723555
4630,5.320943742815403
4631,4.755496479647402
4632,5.316749433629576
4633,5.0653158383287735
4634,4.814326050858503
4635,5.348139272076308
4636,5.049945644431861
4637,4.98513216486491
4638,5.299545053532234
4639,5.239595263354465
4640,5.337921898746395
4641,5.047069309819841
4642,5.495942395102646
4643,4.8930488571524515
4644,4.611325753768303
4645,5.071663247908443
4646,4.770224944183232
4647,5.271949803604464
4648,4.631374092380132
4649,5.356675961491412
4650,4.697905457709323
4651,4.7174277077543865
4652,5.024277109149909
4653,4.87618255412162
4654,5.128818267957222
4655,5.5234157783246
4656,5.284706975089241
4657,5.395349300715292
4658,4.860036880702363
4659,4.840543240699233
4660,5.4559034080851845
4661,4.911511306020411
4662,5.212471491849375
4663,5.138424624951471
4664,5.213857979732579
4665,5.4104197233002695
4666,5.403440505884212
4667,4.505223749965296
4668,5.406447188803093
4669,4.941236517320062
4670,5.094576259736228
4671,4.56395950356951
4672,5.1102142704512
4673,4.835132446908952
4674,4.69882096689026
4675,4.684355385368671
4676,4.987581198738614
4677,5.310485176644444
4678,4.861618239081813
4679,5.023277957065305
4680,5.077472951024623
4681,4.820995057737681
4682,5.173334013537753
4683,5.214510041342023
4684,4.935390605076269
4685,4.529267638041304
4686,5.271756893670953
4687,4.7132686142764975
4688,5.108819139990856
4689,5.030396115959455
4690,4.916765097528974
4691,4.872394900567349
4692,5.1302050903621454
4693,4.665546357412955
4694,4.910250471435474
4695,5.139223753195247
4696,5.325744548132907
4697,4.670788032114744
4698,5.047356839917034
4699,5.278363104435856
4700,5.170388820086549
4701,4.827025293500434
4702,4.4089127838244
4703,4.681055785987217
4704,5.312406479406457
4705,5.140998584983854
4706,5.292961910471709
4707,4.276446583117644
4708,5.301031812882636
4709,4.464367116518716
4710,5.18751290982194
4711,4.296920616683935
4712,4.826523343288665
4713,4.371065172484155
4714,5.027565201533192
4715,5.182215387928123
4716,4.637569474841557
4717,5.273504496492377
4718,4.288049328018206
4719,4.396652901271462
4720,5.056414204305818
4721,4.298680074453599
4722,4.746638570155848
4723,4.602695709423506
4724,4.315758610795344
4725,4.990255701678219
4726,5.204552809306803
4727,4.54500059998889
4728,5.340856678832584
4729,4.570061576388728
4730,4.594699003567267
4731,4.499286968122566
4732,5.349938914915407
4733,4.4329414005318375
4734,5.285350389385061
4735,4.687957936386774
4736,5.281262098936596
4737,4.557148542836779
4738,4.730437316966096
4739,5.06036367358858
4740,4.804172034195303
4741,4.434089844684249
4742,4.455759843266113
4743,5.196275653049247
4744,4.783058408093544
4745,5.277830534172806
4746,4.290182922265085
4747,5.111654830122464
4748,5.138960923695206
4749,5.024300985608571
4750,5.001587737383172
4751,4.682916030996814
4752,4.964176467928147
4753,4.896462612937838
4754,5.135890787631433
4755,4.268909184040983
4756,4.317859710242649
4757,5.283508708858072
4758,4.982945415450261
4759,4.733827988577346
4760,4.596557338054037
4761,4.384054324119541
4762,5.136569735152044
4763,4.388110885111874
4764,4.655618975963956
4765,4.394313359017946
4766,4.929847745363555
4767,4.228823029675546
4768,4.524476109482896
4769,5.2797247658599105
4770,4.160637993259855
4771,4.66250962488095
4772,4.352459554283646
4773,5.03878325026655
4774,4.846652651671308
4775,5.245113936584
4776,4.147664068496888
4777,4.64278223608878
4778,4.811745397055943
4779,4.3690161429030985
4780,4.345199441740728
4781,4.466331842702654
4782,5.218804148661738
4783,4.240944552940827
4784,5.252389069146343
4785,5.192293510779933
4786,4.402784012827272
4787,5.060165244686244
4788,5.240343552353667
4789,4.162829222912578
4790,4.318527308105043
4791,4.518772082208251
4792,4.473411456671226
4793,5.129863944981859
4794,5.215179684815793
4795,4.985740635237418
4796,4.481742244877368
4797,4.127110614025039
4798,4.930795684213285
4799,4.596939164037803
4800,4.445393160251558
4801,4.487140368540768
4802,4.3259707853449205
4803,5.1206200024949435
4804,4.450051592610065
4805,4.732285528265325
4806,5.279346065715186
4807,5.264646744244736
4808,5.037158719441438
4809,5.301012126184076
4810,4.571809319714801
4811,4.593232088825319
4812,5.238084034297588
4813,4.145115170529463
4814,4.661432188641473
4815,4.31125648694551
4816,3.924099083682742
4817,4.376435438161386
4818,5.240488277542664
4819,4.616307840198873
4820,4.6944351674107905
4821,5.195117197895757
4822,5.039798568655714
4823,4.9645474523144735
4824,4.744817770090952
4825,5.022373134091506
4826,5.037930099635111
4827,5.217074796357084
4828,4.723052187449811
4829,5.079605358302838
4830,4.263337671460963
4831,3.955110966963412
4832,4.4530945998944995
4833,4.96161461169294
4834,4.426394807863171
4835,4.742668267299343
4836,4.039161992281597
4837,5.100251310675713
4838,4.920131961724338
4839,4.8949539047684505
4840,4.634966807712292
4841,3.989213489692948
4842,4.344685026447379
4843,4.800914758223418
4844,4.260997528718705
4845,4.789445555676048
4846,4.789923026692434
4847,4.807169988067169
4848,4.3137289435210056
4849,4.541645368264709
4850,5.3051614778905964
4851,4.281169718007766
4852,4.219553764517202
4853,5.184732381212882
4854,4.816690996497628
4855,4.5066516235309075
4856,4.220048948444892
4857,4.95452195275576
4858,5.257691672434604
4859,4.573594840186787
4860,3.656994187658018
4861,5.480155262312448
4862,4.592854525708284
4863,4.5402667339239
4864,4.728906124240019
4865,4.0350826136863205
4866,5.409305614494413
4867,4.650702886903582
4868,4.668718786358689
4869,4.483835068372982
4870,5.144498874172915
4871,4.526012860656479
4872,4.423018598484044
4873,4.554035106889481
4874,4.930169763035477
4875,4.299843039555288
4876,4.831549334641844
4877,4.926300530211652
4878,4.567981698539389
4879,4.228516226225277
4880,3.856667271289505
4881,3.9045636502227334
4882,5.300589379768946
4883,3.5831697009960393
4884,4.136529829682357
4885,4.43227130192644
4886,4.297748047400706
4887,4.794155011365745
4888,4.715889203914281
4889,4.403770513662309
4890,4.136095767346727
4891,4.550539861700201
4892,5.162027665802665
4893,4.985877911184856
4894,5.183492654035582
4895,4.034519115515293
4896,4.39355880726341
4897,5.135336406353983
4898,4.9469586640623575
4899,4.84158172077754
4900,4.727193737577477
4901,4.359161068724026
4902,5.290139563903096
4903,3.48265780861656
4904,3.3337989813642266
4905,4.450995259931544
4906,4.66043292780057
4907,3.8064121462488414
4908,4.766441247088907
4909,5.077510267957049
4910,5.2033153156228185
4911,5.312396534402069
4912,4.714455990559914
4913,3.7632792568408604
4914,5.0629754682555115
4915,3.440730101108908
4916,4.7900366912004655
4917,5.320376369844537
4918,4.665323348850661
4919,5.147684589546738
4920,3.157115050462629
4921,3.87113601348398
4922,4.5504568860907115
4923,4.346843707300044
4924,3.9931267556186887
4925,4.729913928766072
4926,3.532789801489672
4927,4.243997406200061
4928,4.626642302535698
4929,4.964939706777175
4930,4.863910999584233
4931,4.1737982233062985
4932,4.963240277373972
4933,4.838227223778768
4934,5.277008800470876
4935,5.260419186971122
4936,4.413990108935272
4937,4.050024198240425
4938,4.473587439700728
4939,5.2631920479696666
4940,4.788497799647703
4941,5.0953594932426745
4942,4.7394754376215715
4943,4.640090297285576
4944,4.98818174279521
4945,5.219172706580477
4946,4.99528977304722
4947,4.982674532604628
4948,4.429544342787598
4949,4.5811781153831745
4950,5.107466671011888
4951,2.5891598762433645
4952,3.881622098332472
4953,4.809039344687573
4954,4.920619474809886
4955,4.572056048055474
4956,3.413496273180674
4957,4.6721128175104205
4958,5.36071461255454
4959,5.28814664172699
4960,4.86510783785833
4961,4.572334489644215
4962,4.311850448051762
4963,4.379824343671213
4964,2.914033019826592
4965,5.271695743380695
4966,4.03078052303575
4967,4.988925001685282
4968,4.954326079791859
4969,4.530186308376362
4970,4.797215755931397
4971,4.716953887760097
4972,4.702868619105248
4973,5.473629413449473
4974,5.272853692254794
4975,4.396088121388655
4976,3.374882427838433
4977,5.205091426773962
4978,5.2040536018432135
4979,4.988801930828419
4980,4.947553889029946
4981,4.197944153915763
4982,4.996298721553304
4983,4.490536118744298
4984,4.416146297208831
4985,5.024287154397967
4986,3.362439518348224
4987,5.29383146561498
4988,4.891282406407956
4989,4.876355640508861
4990,4.77938265264583
4991,5.367592049765542
4992,5.113664139997666
4993,4.3002877368749735
4994,4.31127379713411
4995,3.780805350354795
4996,4.526200889204501
4997,5.374109094218868
4998,4.810790037313556
4999,4.805014627638851
5000,4.862091900736521
5001,4.797092302585623
5002,4.471481482561809
5003,5.249622561197548
5004,4.9149885084381575
5005,4.506927003144173
5006,4.980465699902486
5007,4.0472092216029445
5008,4.3555641745697145
5009,4.968595051144838
5010,4.318467517414667
5011,5.067062779297889
5012,4.727609278534598
5013,4.627152540490851
5014,3.058037873909103
5015,5.009893723101247
5016,4.504677435733749
5017,5.174945989474173
5018,4.448176072192111
5019,5.1667849620194355
5020,3.8678531000143246
5021,4.720554638690153
5022,5.041801931755121
5023,4.327092109712763
5024,2.1792276163751794
5025,4.766286543009613
5026,5.055463759369075
5027,4.724528785969333
5028,5.16174673704081
5029,4.824536213310539
5030,4.80082742082204
5031,4.203207045216325
5032,4.093246074626529
5033,4.533333951475904
5034,4.82400572839552
5035,5.13552471219916
5036,5.102289225195852
5037,3.9726064915484383
5038,4.93424256859301
5039,3.8720895926248162
5040,4.926512579322502
5041,3.8113845717771415
5042,4.871643977615521
5043,5.061335357052322
5044,3.71193395620557
5045,3.3694869241116536
5046,5.111357460326922
5047,5.074758032738074
5048,4.676182252434874
5049,4.880843767291213
5050,4.898993747107667
5051,4.590205137371118
5052,5.026407767343803
5053,3.662525151229614
5054,4.706774505756818
5055,5.103404225095276
5056,4.360042151256524
5057,4.5845448403735745
5058,5.052924899057471
5059,4.405619265343015
5060,4.184025815566569
5061,4.781066304795904
5062,4.662020900528863
5063,4.8479289464698185
5064,3.884620231962692
5065,3.5263689177429947
5066,4.721399817771826
5067,3.175241446507004
5068,4.4950152176458875
5069,4.5927412837602475
5070,4.643871283752851
5071,4.344705297749035
5072,4.207873847410233
5073,3.6740433366102865
5074,4.588224305143835
5075,4.155145398535731
5076,4.2683766782461126
5077,4.448046701375716
5078,4.664989158545214
5079,3.915266616431363
5080,4.166651269804108
5081,4.258195265519752
5082,4.3308445135987945
5083,4.209317543549921
5084,4.384965272132047
5085,4.169664793806585
